player_id,plate_appearances,on_base,hits,walks,strikeouts,woba,xwoba,age,stand,hist_rate,hist_hit_rate,hist_walk_rate,hist_strikeout_rate,recent_50_obp,recent_100_obp,hist_whiff_rate,hist_chase_rate,fastball_whiff_rate,breaking_whiff_rate,offspeed_whiff_rate,other_whiff_rate,player_name
405395,680,216,158,43,106,0.34875,0.34641242408252254,42,R,0.31794871794871793,0.23076923076923078,0.06602564102564103,0.16474358974358974,0.36,0.336,0.09540441176470588,0.1801470588235294,0.06247401247401248,0.13361981799797776,0.13003597122302157,0.105,Albert Pujols
408234,1371,431,320,101,300,0.3055069292487236,0.29851743470399994,40,R,0.31475186947654654,0.23249490142760026,0.07443915703602991,0.21923861318830729,0.3466666666666667,0.328,0.11749764816556914,0.15428033866415805,0.09357559030972094,0.15863286264441592,0.14639917695473254,0.105,Miguel Cabrera
425772,9,0,0,0,5,0.0,0.06333333333333334,38,R,0.29357798165137616,0.2018348623853211,0.0779816513761468,0.25229357798165136,0.23529411764705882,0.23529411764705882,0.1455223880597015,0.23880597014925373,0.18454545454545454,0.11857142857142858,0.12205882352941178,0.105,Jeff Mathis
425784,75,22,16,4,29,0.29133333333333333,0.2655222361904762,38,R,0.30857142857142855,0.21714285714285714,0.07142857142857142,0.29428571428571426,0.29333333333333333,0.3,0.1645077720207254,0.17875647668393782,0.14973404255319148,0.1638211382113821,0.21769230769230768,0.105,René Rivera
425794,64,10,7,3,27,0.1703125,0.1671934937614469,42,R,0.25609756097560976,0.17682926829268292,0.0701219512195122,0.3018292682926829,0.24,0.20224719101123595,0.15891472868217055,0.2351421188630491,0.12575,0.2200729927007299,0.12875,0.105,Adam Wainwright
425844,5,2,2,0,1,0.36,0.2564,38,R,0.3238095238095238,0.22857142857142856,0.08095238095238096,0.22380952380952382,0.3333333333333333,0.3333333333333333,0.10550458715596331,0.26605504587155965,0.11527777777777778,0.09545454545454546,0.105,0.105,Zack Greinke
425877,764,208,172,29,123,0.2819371727748691,0.291741566687437,40,R,0.2777777777777778,0.22453703703703703,0.043402777777777776,0.1684027777777778,0.21333333333333335,0.24,0.12255425115617218,0.20135183208822482,0.113996138996139,0.13045501551189245,0.14339285714285713,0.105,Yadier Molina
429664,131,30,24,6,27,0.24083969465648855,0.27815807002950305,40,L,0.2683982683982684,0.19913419913419914,0.06277056277056277,0.21428571428571427,0.18666666666666668,0.192,0.11238938053097346,0.22831858407079647,0.07467741935483871,0.1588815789473684,0.1629032258064516,0.105,Robinson Canó
431148,3,0,0,0,2,0.0,0.018333333333333333,37,L,0.3106796116504854,0.21359223300970873,0.0825242718446602,0.23786407766990292,0.2857142857142857,0.2857142857142857,0.11946902654867257,0.2831858407079646,0.15000000000000002,0.0984375,0.105,0.105,Scott Kazmir
435559,413,116,75,28,74,0.2767554479418886,0.2676727956584041,39,R,0.2884990253411306,0.18908382066276802,0.07115009746588694,0.1881091617933723,0.26666666666666666,0.264,0.09422958870472682,0.14917127071823205,0.04726177437020811,0.1493137254901961,0.1691326530612245,0.105,Kurt Suzuki
443558,1313,412,289,110,311,0.32452399086062456,0.3325513526761374,43,R,0.31422505307855625,0.22009907997169142,0.08386411889596602,0.23602264685067234,0.30666666666666664,0.288,0.1491862567811935,0.17038376532047417,0.10553105475927967,0.19721526908635792,0.21473765432098765,0.105,Nelson Cruz
444482,1796,574,425,136,349,0.32973273942093545,0.3155664980192742,37,L,0.31962025316455694,0.23575949367088608,0.07621308016877637,0.19593881856540085,0.3333333333333333,0.328,0.11036567384252433,0.15968740784429372,0.0710505319148936,0.1584921066956995,0.16097872340425531,0.105,David Peralta
444489,255,72,41,24,48,0.2984313725490196,0.3198824788495315,36,R,0.29295774647887324,0.17746478873239438,0.09154929577464789,0.19859154929577466,0.25333333333333335,0.312,0.09663461538461539,0.14326923076923076,0.05857632933104631,0.15721003134796238,0.118359375,0.105,Manny Piña
444876,510,159,124,24,92,0.30911764705882355,0.28570481233400163,36,R,0.31311475409836065,0.23934426229508196,0.05327868852459016,0.18770491803278688,0.28,0.28,0.10638820638820638,0.18132678132678132,0.07079606440071556,0.14546142208774585,0.16321138211382114,0.105,Alcides Escobar
445055,14,5,5,0,2,0.32142857142857145,0.1867142857142857,36,L,0.32456140350877194,0.23684210526315788,0.07456140350877193,0.2149122807017544,0.3333333333333333,0.3333333333333333,0.08766233766233766,0.2727272727272727,0.07573529411764707,0.09431818181818183,0.0984375,0.105,Jon Jay
445276,1,0,0,0,1,0.0,0.0,34,L,0.31683168316831684,0.21782178217821782,0.08415841584158416,0.23267326732673269,0.3076923076923077,0.3076923076923077,0.12980769230769232,0.27884615384615385,0.1808823529411765,0.105,0.105,0.105,Kenley Jansen
445926,3,0,0,0,3,0.0,0.0,38,R,0.3106796116504854,0.21359223300970873,0.0825242718446602,0.24757281553398058,0.2857142857142857,0.2857142857142857,0.10267857142857142,0.25892857142857145,0.07682926829268293,0.1338709677419355,0.105,0.105,Jesse Chavez
446321,3,1,1,0,2,0.3,0.13433333333333333,35,R,0.32038834951456313,0.22330097087378642,0.0825242718446602,0.23786407766990292,0.32142857142857145,0.32142857142857145,0.10869565217391304,0.26086956521739135,0.09651162790697675,0.1296875,0.105,0.105,Ross Detwiler
446334,909,286,192,90,252,0.33476347634763476,0.33412194838498077,38,R,0.3151635282457879,0.21209117938553024,0.09762140733399405,0.2720515361744301,0.25333333333333335,0.264,0.11367313915857605,0.1297195253505933,0.08288910042836745,0.16111584327086884,0.1351063829787234,0.105,Evan Longoria
446372,2,0,0,0,1,0.0,0.039,35,R,0.3137254901960784,0.21568627450980393,0.08333333333333333,0.23039215686274508,0.2962962962962963,0.2962962962962963,0.09722222222222222,0.2592592592592593,0.0875,0.0984375,0.105,0.105,Corey Kluber
446653,13,2,0,2,5,0.10769230769230768,0.2087256923076923,37,S,0.3008849557522124,0.19469026548672566,0.09292035398230089,0.24336283185840707,0.2631578947368421,0.2631578947368421,0.14968152866242038,0.21656050955414013,0.13863636363636364,0.17023809523809524,0.15769230769230771,0.105,Jose Lobatón
448179,24,3,3,0,10,0.1125,0.088375,41,L,0.28225806451612906,0.20161290322580644,0.06854838709677419,0.2620967741935484,0.22448979591836735,0.22448979591836735,0.16414141414141414,0.23737373737373738,0.18333333333333332,0.13369565217391305,0.16627906976744186,0.105,Rich Hill
448855,2,0,0,0,1,0.0,0.077,36,R,0.3137254901960784,0.21568627450980393,0.08333333333333333,0.23039215686274508,0.2962962962962963,0.2962962962962963,0.12385321100917432,0.26605504587155965,0.1296875,0.1391891891891892,0.105,0.105,Junior Guerra
450203,60,7,7,0,34,0.11083333333333334,0.12712604166666666,38,R,0.24375,0.18125,0.053125,0.353125,0.18666666666666668,0.17647058823529413,0.14954682779456194,0.18126888217522658,0.10598086124401913,0.26866666666666666,0.16621621621621624,0.105,Charlie Morton
451594,21,6,5,1,6,0.24761904761904763,0.2691016031746032,35,S,0.3140495867768595,0.2231404958677686,0.07851239669421488,0.23553719008264462,0.30434782608695654,0.30434782608695654,0.1327683615819209,0.22033898305084745,0.08541666666666667,0.14300000000000002,0.20333333333333334,0.105,Dexter Fowler
452657,50,10,8,2,24,0.20800000000000002,0.2189268197849462,37,L,0.28,0.2,0.07,0.31,0.24,0.24,0.11624203821656051,0.14012738853503184,0.12897435897435897,0.050806451612903224,0.15212765957446808,0.105,Jon Lester
452678,352,110,71,36,80,0.30610795454545453,0.2886760246358612,36,S,0.3141592920353982,0.20575221238938052,0.09845132743362832,0.22676991150442477,0.24,0.248,0.11289222373806275,0.15006821282401092,0.0841127098321343,0.17284382284382285,0.1044041450777202,0.105,Asdrúbal Cabrera
453265,1,0,0,0,1,0.0,0.0,36,L,0.31683168316831684,0.21782178217821782,0.08415841584158416,0.23267326732673269,0.3076923076923077,0.3076923076923077,0.09905660377358491,0.26415094339622647,0.0875,0.105,0.105,0.105,Tony Watson
453268,1,1,1,0,0,0.9,0.821,36,R,0.32673267326732675,0.22772277227722773,0.08415841584158416,0.22277227722772278,0.34615384615384615,0.34615384615384615,0.10294117647058823,0.2843137254901961,0.0984375,0.105,0.105,0.105,Daniel Bard
453281,11,0,0,0,3,0.0,0.09772727272727272,37,L,0.2882882882882883,0.1981981981981982,0.07657657657657657,0.22972972972972974,0.2222222222222222,0.2222222222222222,0.09328358208955224,0.2537313432835821,0.08728813559322035,0.09264705882352942,0.10161290322580645,0.105,Wade LeBlanc
453286,63,0,0,0,29,0.0,0.0786984126984127,37,R,0.19631901840490798,0.13496932515337423,0.05214723926380368,0.3159509202453988,0.10666666666666667,0.09090909090909091,0.14305555555555555,0.1527777777777778,0.12680180180180178,0.19269662921348313,0.13205128205128205,0.105,Max Scherzer
453527,2,0,0,0,0,0.0,0.127,37,R,0.3137254901960784,0.21568627450980393,0.08333333333333333,0.22058823529411764,0.2962962962962963,0.2962962962962963,0.09722222222222222,0.2777777777777778,0.09,0.09545454545454546,0.105,0.105,Sean Kazmar Jr.
453562,26,6,3,2,16,0.1846153846153846,0.15301407692307692,35,R,0.30158730158730157,0.1984126984126984,0.08333333333333333,0.3055555555555556,0.27450980392156865,0.27450980392156865,0.13288288288288289,0.17567567567567569,0.1551282051282051,0.1211864406779661,0.0875,0.105,Jake Arrieta
453568,2141,733,520,174,353,0.3455161139654367,0.3336404529877803,38,L,0.3413654618473896,0.24185631414547076,0.08143685854529228,0.1675591253904507,0.38666666666666666,0.36,0.08749843417261681,0.14518351496930978,0.0636521207177814,0.12890707497360085,0.1201276595744681,0.105,Charlie Blackmon
453943,40,8,3,3,6,0.20875,0.26796049404761907,35,R,0.2857142857142857,0.17857142857142858,0.08214285714285714,0.20357142857142857,0.24615384615384617,0.24615384615384617,0.08653846153846154,0.19615384615384615,0.07956521739130436,0.09588235294117647,0.083,0.105,Todd Frazier
455117,1495,376,233,121,485,0.25418060200668896,0.25861362017371775,38,R,0.25579937304075234,0.15987460815047022,0.08119122257053292,0.3181818181818182,0.28,0.232,0.14362850971922247,0.14603754776540953,0.11304410492937446,0.18987248651299657,0.16863727454909822,0.0984375,Martín Maldonado
455139,348,100,60,31,110,0.3004310344827586,0.2694567897493123,38,R,0.29464285714285715,0.18303571428571427,0.08816964285714286,0.29575892857142855,0.30666666666666664,0.304,0.15403170227429358,0.1633356305995865,0.12052868391451069,0.20764248704663213,0.21174698795180721,0.105,Robinson Chirinos
456034,16,4,4,0,3,0.246875,0.19625,36,L,0.3103448275862069,0.22413793103448276,0.07327586206896551,0.21982758620689655,0.2926829268292683,0.2926829268292683,0.11666666666666667,0.22,0.11730769230769231,0.10161290322580645,0.1338709677419355,0.105,David Price
456501,32,5,2,3,9,0.121875,0.16466096875,35,R,0.2803030303030303,0.18181818181818182,0.08712121212121213,0.23863636363636365,0.22807017543859648,0.22807017543859648,0.10089686098654709,0.18385650224215247,0.06271929824561404,0.17421875,0.09,0.105,Johnny Cueto
456715,475,140,98,38,91,0.30063157894736847,0.28801813153909156,36,R,0.2991304347826087,0.20869565217391303,0.0808695652173913,0.1973913043478261,0.22666666666666666,0.248,0.1,0.13577023498694518,0.0752085264133457,0.1352991452991453,0.12510373443983402,0.105,Lorenzo Cain
456781,1479,509,368,110,297,0.3378634212305612,0.3313533768927965,37,R,0.34262191260291325,0.24699176694110198,0.07504749841671944,0.20234325522482585,0.26666666666666666,0.272,0.09923339011925042,0.15195911413969335,0.06883782201405153,0.1470761802575107,0.12439655172413794,0.105,Donovan Solano
457705,2199,750,448,281,502,0.33860845839017734,0.3374127288694488,38,R,0.34014789038712484,0.2044367116137451,0.12592431491953024,0.2281426707264028,0.29333333333333333,0.32,0.10421713279013434,0.095023122660207,0.08417610308473253,0.1258470311975847,0.14360165118679052,0.105,Andrew McCutchen
457708,437,131,78,48,131,0.3170480549199085,0.31902696525812907,35,R,0.30353817504655495,0.186219739292365,0.10521415270018622,0.28584729981378026,0.28,0.28,0.13302752293577982,0.13113869400971398,0.10571017274472169,0.16280918727915195,0.18361702127659574,0.105,Justin Upton
457727,33,6,1,3,12,0.15454545454545454,0.18912166666666666,34,R,0.2857142857142857,0.17293233082706766,0.08646616541353383,0.2593984962406015,0.2413793103448276,0.2413793103448276,0.13876651982378854,0.21145374449339208,0.064375,0.16453488372093023,0.21862745098039216,0.105,Cameron Maybin
457759,2435,846,570,232,415,0.3503696098562628,0.3410800765455382,40,R,0.3463510848126233,0.23353057199211044,0.09487179487179487,0.17258382642998027,0.37333333333333335,0.384,0.07519880715705765,0.12852882703777335,0.06508251348778166,0.09274929775280898,0.09026696329254728,0.10161290322580645,Justin Turner
457763,474,183,126,56,93,0.3866033755274262,0.35828346992932575,34,R,0.37456445993031356,0.2578397212543554,0.11236933797909408,0.20121951219512196,0.3466666666666667,0.344,0.10005197505197505,0.12474012474012475,0.06897705544933079,0.11769983686786298,0.18490196078431373,0.105,Buster Posey
457803,39,9,4,5,13,0.2192307692307692,0.230015,34,L,0.2949640287769784,0.18705035971223022,0.09712230215827339,0.25539568345323743,0.265625,0.265625,0.13345864661654136,0.16917293233082706,0.09962121212121212,0.18785714285714286,0.15092592592592594,0.105,Jay Bruce
457915,1,0,0,0,1,0.0,0.0,36,R,0.31683168316831684,0.21782178217821782,0.08415841584158416,0.23267326732673269,0.3076923076923077,0.3076923076923077,0.10747663551401869,0.26168224299065423,0.12205882352941178,0.09545454545454546,0.105,0.105,Javy Guerra
457918,15,1,0,1,5,0.04666666666666666,0.12124779999999999,39,L,0.28695652173913044,0.19130434782608696,0.08260869565217391,0.2391304347826087,0.225,0.225,0.09748427672955975,0.22012578616352202,0.07152777777777779,0.11704545454545455,0.12575757575757576,0.105,J.A. Happ
458015,1214,418,243,154,295,0.3602141680395387,0.35816552374196353,41,L,0.3424657534246575,0.20167427701674276,0.12366818873668188,0.24162861491628615,0.3466666666666667,0.328,0.12332635983263598,0.1202928870292887,0.09664622460712917,0.16041198501872658,0.1478813559322034,0.105,Joey Votto
458676,1,0,0,0,1,0.0,0.0,34,R,0.31683168316831684,0.21782178217821782,0.08415841584158416,0.23267326732673269,0.3076923076923077,0.3076923076923077,0.11057692307692307,0.2692307692307693,0.12205882352941178,0.105,0.105,0.105,Josh Lindblom
458681,5,1,1,0,3,0.18,0.20259999999999997,34,R,0.3142857142857143,0.21904761904761905,0.08095238095238096,0.24285714285714285,0.3,0.3,0.13865546218487396,0.2605042016806723,0.13977272727272727,0.12575757575757576,0.1609375,0.105,Lance Lynn
458708,4,2,1,1,1,0.4,0.19117925000000002,37,R,0.3269230769230769,0.22115384615384615,0.09134615384615384,0.22596153846153846,0.3448275862068966,0.3448275862068966,0.10775862068965517,0.25000000000000006,0.09651162790697675,0.12575757575757576,0.105,0.105,Josh Tomlin
458731,459,149,86,60,103,0.31241830065359477,0.2983442533790435,38,L,0.32379248658318427,0.19320214669051877,0.12254025044722719,0.22450805008944544,0.28,0.312,0.06461187214611872,0.09360730593607305,0.05387096774193549,0.08725296442687747,0.07580645161290323,0.105,Brett Gardner
459964,69,18,5,12,16,0.2253623188405797,0.28374939248938685,37,L,0.2958579881656805,0.15976331360946747,0.12130177514792899,0.22781065088757396,0.24,0.2765957446808511,0.12231182795698925,0.15591397849462366,0.09073033707865168,0.10463917525773196,0.2086206896551724,0.105,Matt Joyce
460077,33,3,3,0,16,0.09242424242424242,0.15020454545454548,38,R,0.2631578947368421,0.18796992481203006,0.06390977443609022,0.2894736842105263,0.1896551724137931,0.1896551724137931,0.1290983606557377,0.19262295081967212,0.11504065040650407,0.1471014492753623,0.14642857142857144,0.105,Drew Butera
461865,64,15,11,4,24,0.240625,0.21711903125,36,S,0.2865853658536585,0.20121951219512196,0.07621951219512195,0.28353658536585363,0.22666666666666666,0.25842696629213485,0.1273972602739726,0.2136986301369863,0.10902061855670102,0.16313131313131313,0.13145161290322582,0.105,Andrew Romine
462101,1590,471,361,97,262,0.30100628930817613,0.2926692563109359,36,R,0.29763313609467457,0.22662721893491125,0.06242603550295858,0.1683431952662722,0.25333333333333335,0.296,0.08672109296901033,0.1522825724758414,0.060811227637260955,0.1147552783109405,0.12484984984984986,0.105,Elvis Andrus
467055,99,31,18,11,29,0.31616161616161614,0.31907754630409707,38,S,0.3165829145728643,0.20100502512562815,0.09798994974874371,0.25879396984924624,0.26666666666666666,0.31451612903225806,0.13366336633663367,0.19801980198019803,0.13590225563909775,0.11293706293706293,0.16453488372093023,0.105,Pablo Sandoval
467092,161,40,31,9,36,0.28354037267080745,0.30745175462602825,34,R,0.27586206896551724,0.20306513409961685,0.06704980842911877,0.22413793103448276,0.28,0.24,0.13053435114503817,0.17251908396946564,0.08230994152046783,0.17609649122807017,0.21533333333333332,0.105,Wilson Ramos
467793,2486,800,490,299,415,0.3207160096540627,0.3306787210275101,38,S,0.3217324052590874,0.19798917246713071,0.11890951276102088,0.16918020108275328,0.32,0.336,0.09085025886101154,0.12166467542811629,0.076135094901377,0.11037023044956554,0.10444831013916502,0.10161290322580645,Carlos Santana
467827,122,38,27,9,34,0.310655737704918,0.28050749748205295,35,L,0.3153153153153153,0.22072072072072071,0.07882882882882883,0.2545045045045045,0.3333333333333333,0.32,0.12197392923649907,0.17318435754189945,0.10121527777777778,0.16428571428571428,0.12119565217391305,0.105,Gerardo Parra
468504,6,0,0,0,2,0.0,0.163,33,R,0.3018867924528302,0.20754716981132076,0.08018867924528301,0.23113207547169812,0.25806451612903225,0.25806451612903225,0.1016260162601626,0.24390243902439027,0.07325581395348837,0.12875,0.105,0.105,Jhoulys Chacín
471911,15,0,0,0,10,0.12000000000000001,0.06373333333333334,34,R,0.2782608695652174,0.19130434782608696,0.07391304347826087,0.2826086956521739,0.2,0.2,0.1467065868263473,0.20958083832335328,0.114375,0.2423913043478261,0.10161290322580645,0.105,Carlos Carrasco
474463,32,4,0,4,14,0.0875,0.151339625,33,L,0.2727272727272727,0.16666666666666666,0.0946969696969697,0.2765151515151515,0.21052631578947367,0.21052631578947367,0.10515021459227468,0.1630901287553648,0.07631578947368421,0.15673076923076923,0.1355263157894737,0.105,Brett Anderson
474568,127,39,30,9,34,0.31299212598425197,0.286406526996728,35,R,0.31277533039647576,0.2290748898678414,0.07709251101321586,0.2488986784140969,0.32,0.304,0.09296875,0.1515625,0.06652298850574712,0.13207070707070706,0.10892857142857143,0.105,Jordy Mercer
474832,1119,394,233,146,341,0.3637622877569258,0.3387066307694458,35,L,0.3494667760459393,0.20918785890073832,0.12674323215750616,0.2981952420016407,0.29333333333333333,0.336,0.1242955541640576,0.10561469421832603,0.12135750962772784,0.13033018867924528,0.12917355371900827,0.105,Brandon Belt
475582,273,78,62,16,77,0.3413919413919414,0.297872846491461,37,R,0.2949061662198391,0.225201072386059,0.06568364611260054,0.2667560321715818,0.3333333333333333,0.312,0.11873459326211996,0.18323746918652423,0.10450236966824646,0.15329411764705883,0.08154362416107383,0.105,Ryan Zimmerman
476594,4,0,0,0,2,0.0,0.2717678571428571,32,L,0.3076923076923077,0.21153846153846154,0.08173076923076923,0.23557692307692307,0.27586206896551724,0.27586206896551724,0.125,0.25000000000000006,0.12560975609756098,0.12575757575757576,0.1296875,0.105,Robert Stock
476704,708,214,147,65,149,0.30098870056497173,0.32159514841581943,38,S,0.30445544554455445,0.20915841584158415,0.09096534653465346,0.21225247524752475,0.17333333333333334,0.192,0.10402097902097902,0.11293706293706293,0.08372727272727273,0.14209459459459461,0.11554347826086957,0.105,Jed Lowrie
477132,37,9,8,1,11,0.23783783783783785,0.21531667567567567,33,L,0.29927007299270075,0.21897810218978103,0.06934306569343066,0.24452554744525548,0.27419354838709675,0.27419354838709675,0.11478599221789883,0.1828793774319066,0.11305970149253732,0.11730769230769231,0.11857142857142858,0.105,Clayton Kershaw
488671,110,38,17,19,37,0.315,0.2973369639249639,34,L,0.3333333333333333,0.18571428571428572,0.13095238095238096,0.2833333333333333,0.3466666666666667,0.344,0.1324561403508772,0.10350877192982456,0.127992277992278,0.14289473684210527,0.12747747747747748,0.105,Alex Avila
488726,972,344,263,74,111,0.35051440329218103,0.35345724366387243,36,L,0.35074626865671643,0.2658582089552239,0.07695895522388059,0.12453358208955224,0.29333333333333333,0.296,0.05108785458551363,0.11759845772514459,0.03378752886836028,0.07540509259259259,0.07795608108108108,0.105,Michael Brantley
488771,283,88,49,35,99,0.3107773851590106,0.3328136112654976,35,L,0.3133159268929504,0.185378590078329,0.11357702349869452,0.31723237597911225,0.22666666666666666,0.232,0.14488854727132974,0.11760184473481937,0.1384973404255319,0.14116766467065867,0.17720588235294116,0.10161290322580645,Jason Castro
488984,1,1,1,0,0,0.9,0.666,35,R,0.32673267326732675,0.22772277227722773,0.08415841584158416,0.22277227722772278,0.34615384615384615,0.34615384615384615,0.10396039603960396,0.27722772277227725,0.10161290322580645,0.105,0.105,0.105,Tommy Hunter
489119,57,13,10,3,13,0.2131578947368421,0.2384835572755418,35,L,0.28662420382165604,0.20382165605095542,0.0732484076433121,0.22611464968152867,0.26666666666666666,0.25609756097560976,0.12641509433962264,0.2339622641509434,0.08678571428571429,0.19121621621621623,0.15000000000000002,0.105,Wade Miley
489334,5,1,1,0,3,0.36,0.1698,37,R,0.3142857142857143,0.21904761904761905,0.08095238095238096,0.24285714285714285,0.3,0.3,0.12184873949579832,0.2857142857142857,0.1430232558139535,0.11527777777777778,0.105,0.105,Craig Stammen
492802,20,6,6,0,3,0.2875,0.2875,33,R,0.31666666666666665,0.23333333333333334,0.07083333333333333,0.2125,0.3111111111111111,0.3111111111111111,0.11,0.26666666666666666,0.07803030303030303,0.1430232558139535,0.1338709677419355,0.105,Juan Graterol
493329,1765,586,439,135,217,0.3281303116147309,0.2987280957709033,40,R,0.33136729222520106,0.24718498659517427,0.07694369973190349,0.1284182305630027,0.26666666666666666,0.296,0.06120716270453844,0.16054337758567458,0.04541094114596837,0.08777073428420497,0.07541782729805013,0.105,Yuli Gurriel
493472,12,4,3,1,1,0.2833333333333333,0.3092055833333333,34,R,0.32142857142857145,0.22321428571428573,0.08482142857142858,0.20982142857142858,0.32432432432432434,0.32432432432432434,0.1099290780141844,0.24113475177304963,0.1060344827586207,0.08076923076923077,0.15147058823529413,0.105,Eric Campbell
500743,1874,572,434,119,220,0.3052828175026681,0.29141587705183764,35,R,0.3059777102330294,0.23100303951367782,0.06458966565349544,0.12284701114488349,0.36,0.344,0.07296105804555474,0.1509184423218222,0.030187484165188752,0.12961363636363635,0.14088098918083464,0.10161290322580645,Miguel Rojas
500779,2,2,1,1,0,0.8,0.4158585,32,R,0.3333333333333333,0.22549019607843138,0.09313725490196079,0.22058823529411764,0.37037037037037035,0.37037037037037035,0.0945945945945946,0.2612612612612613,0.08076923076923077,0.0984375,0.105,0.105,Jose Quintana
500871,1529,455,340,113,350,0.32148463047743625,0.30755914862970657,35,S,0.29895641497851444,0.2222222222222222,0.07458563535911603,0.22866789441375077,0.26666666666666666,0.256,0.1242200328407225,0.17520525451559935,0.11603502727533735,0.1545924574209246,0.10194123819517314,0.105,Eduardo Escobar
501303,419,122,76,42,97,0.28066825775656323,0.2869144986723513,35,S,0.29672447013487474,0.18882466281310212,0.09730250481695568,0.2302504816955684,0.28,0.272,0.09371257485029941,0.1317365269461078,0.07577209797657082,0.13079710144927537,0.09852941176470588,0.10161290322580645,Ehire Adrianza
501381,3,0,0,0,1,0.0,0.073,32,R,0.3106796116504854,0.21359223300970873,0.0825242718446602,0.22815533980582525,0.2857142857142857,0.2857142857142857,0.11261261261261261,0.2522522522522523,0.10641025641025642,0.1296875,0.105,0.105,Michael Pineda
501571,385,99,84,14,91,0.26857142857142857,0.2782033853452331,33,R,0.27010309278350514,0.21855670103092784,0.04639175257731959,0.23402061855670103,0.24,0.256,0.11438529784537389,0.18377693282636248,0.07700564971751413,0.14347368421052634,0.20745192307692306,0.105,Juan Lagares
501625,4,2,0,2,2,0.35,0.3458585,32,L,0.3269230769230769,0.21153846153846154,0.10096153846153846,0.23557692307692307,0.3448275862068966,0.3448275862068966,0.084,0.23200000000000004,0.063,0.09,0.105,0.105,Jose Alvarez
501659,231,72,42,29,59,0.3097402597402597,0.2945799622867018,34,S,0.31419939577039274,0.1933534743202417,0.11329305135951662,0.24622356495468278,0.26666666666666666,0.264,0.10018467220683287,0.13850415512465375,0.06546822742474916,0.15634057971014492,0.12638190954773867,0.105,Abraham Almonte
501981,114,31,21,10,31,0.2776315789473684,0.3136480038971003,34,R,0.29439252336448596,0.20093457943925233,0.08644859813084112,0.25,0.28,0.28,0.15517241379310345,0.14156079854809436,0.12552083333333333,0.19413793103448274,0.18657407407407406,0.105,Khris Davis
501985,7,0,0,0,4,0.0,0.16428571428571428,34,R,0.29906542056074764,0.205607476635514,0.0794392523364486,0.24766355140186916,0.25,0.25,0.13306451612903225,0.28225806451612906,0.11195652173913044,0.19324324324324324,0.10161290322580645,0.105,Mike Minor
502043,29,4,4,0,10,0.19310344827586207,0.134784107946027,34,R,0.27906976744186046,0.20155038759689922,0.06589147286821706,0.25193798449612403,0.2222222222222222,0.2222222222222222,0.11025641025641025,0.18974358974358974,0.041919191919191925,0.24351851851851852,0.0984375,0.105,Kyle Gibson
502054,2261,723,488,220,541,0.3218266253869969,0.3327764769278236,36,R,0.3197797543413808,0.21601016518424396,0.09678102498941127,0.23867005506141464,0.24,0.256,0.089588772845953,0.09573542210617929,0.061940011536243025,0.11337268128161888,0.16156496062992126,0.105,Tommy Pham
502085,1,0,0,0,1,0.0,0.0,37,R,0.31683168316831684,0.21782178217821782,0.08415841584158416,0.23267326732673269,0.3076923076923077,0.3076923076923077,0.12735849056603774,0.28301886792452835,0.105,0.105,0.17083333333333334,0.105,David Robertson
502110,2337,785,561,207,626,0.3583226358579375,0.3613581003097353,37,R,0.3352482560525236,0.23922855970455478,0.0884283955683217,0.26610586787033236,0.3333333333333333,0.28,0.1512664420045657,0.16795303837373626,0.10904537418974661,0.20900285805017466,0.18667017913593256,0.105,J.D. Martinez
502171,1,0,0,0,0,0.0,0.057,34,R,0.31683168316831684,0.21782178217821782,0.08415841584158416,0.22277227722772278,0.3076923076923077,0.3076923076923077,0.10849056603773585,0.26415094339622647,0.12205882352941178,0.0984375,0.105,0.105,Alex Cobb
502179,30,5,5,0,15,0.18000000000000002,0.18110133333333334,34,S,0.2846153846153846,0.2076923076923077,0.06538461538461539,0.28846153846153844,0.23636363636363636,0.23636363636363636,0.13926940639269406,0.2009132420091324,0.14658119658119656,0.14758064516129032,0.105,0.105,Paolo Espino
502210,158,45,39,6,31,0.2984177215189873,0.2923582293414905,34,L,0.29844961240310075,0.2364341085271318,0.0562015503875969,0.20736434108527133,0.29333333333333333,0.256,0.102322206095791,0.17706821480406387,0.07810880829015544,0.11132596685082873,0.17098214285714283,0.105,Josh Reddick
502239,9,1,1,0,4,0.1,0.101,33,R,0.30275229357798167,0.21100917431192662,0.0779816513761468,0.24311926605504589,0.2647058823529412,0.2647058823529412,0.13257575757575757,0.25757575757575757,0.10098039215686275,0.20375000000000001,0.10161290322580645,0.105,Trevor Cahill
502273,65,17,11,5,20,0.2230769230769231,0.2347353846153846,34,L,0.296969696969697,0.2,0.08181818181818182,0.25757575757575757,0.26666666666666666,0.2777777777777778,0.13456090651558072,0.17847025495750707,0.14289772727272726,0.1389908256880734,0.1060344827586207,0.105,Mike Freeman
502285,1,0,0,0,0,0.0,0.077,33,R,0.31683168316831684,0.21782178217821782,0.08415841584158416,0.22277227722772278,0.3076923076923077,0.3076923076923077,0.10849056603773585,0.2735849056603774,0.12575757575757576,0.10161290322580645,0.0984375,0.105,Tyler Ladendorf
502481,146,38,28,10,33,0.25924657534246576,0.25252020178958534,37,L,0.2845528455284553,0.2032520325203252,0.07520325203252033,0.22560975609756098,0.25333333333333335,0.24,0.10378787878787879,0.14393939393939395,0.07330729166666666,0.16355421686746988,0.1215,0.105,Jarrod Dyson
502624,11,0,0,0,6,0.06363636363636363,0.12945454545454546,34,R,0.2882882882882883,0.1981981981981982,0.07657657657657657,0.25675675675675674,0.2222222222222222,0.2222222222222222,0.15734265734265734,0.25874125874125875,0.10423728813559323,0.2654761904761905,0.1296875,0.105,Chase Anderson
502671,2734,976,675,286,632,0.3748536942209217,0.3653000052468634,37,R,0.35568101623147497,0.2459421312632322,0.10391672547635851,0.2309456598447424,0.29333333333333333,0.312,0.10764560971317966,0.13557979940172443,0.0952689010132502,0.12141563146997929,0.1319870009285051,0.105,Paul Goldschmidt
503449,2,1,0,1,0,0.35,0.4188585,32,R,0.3235294117647059,0.21568627450980393,0.09313725490196079,0.22058823529411764,0.3333333333333333,0.3333333333333333,0.09905660377358491,0.26415094339622647,0.0875,0.105,0.105,0.105,Wily Peralta
503556,540,147,99,35,142,0.27666666666666667,0.2904236447639215,33,S,0.2796875,0.1890625,0.06796875,0.25703125,0.21333333333333335,0.224,0.10796972395369546,0.18432769367764915,0.05592850915431561,0.15985342019543974,0.16663157894736844,0.105,Marwin Gonzalez
506433,54,6,5,0,25,0.10925925925925926,0.15171038095238096,35,R,0.24675324675324675,0.17532467532467533,0.05519480519480519,0.30844155844155846,0.18666666666666668,0.17721518987341772,0.11829652996845426,0.1829652996845426,0.0747159090909091,0.20157894736842102,0.11527777777777778,0.105,Yu Darvish
506702,377,92,59,28,122,0.2273209549071618,0.22268411589063902,35,S,0.259958071278826,0.16981132075471697,0.07651991614255765,0.3029350104821803,0.22666666666666666,0.248,0.10446373217606944,0.14507129572225666,0.08883547008547009,0.11666666666666667,0.1403225806451613,0.10161290322580645,Sandy León
506703,42,12,9,3,6,0.2523809523809524,0.23115319047619048,32,R,0.30985915492957744,0.21830985915492956,0.08098591549295775,0.2007042253521127,0.29850746268656714,0.29850746268656714,0.08295964125560538,0.20179372197309417,0.07625,0.09035087719298246,0.0875,0.105,Adrián Sanchez
514888,2613,942,673,242,415,0.37380405663987754,0.33467131170205083,34,R,0.3590121636564689,0.2561739771470697,0.09233321046811648,0.1612605971249539,0.26666666666666666,0.336,0.0812306101344364,0.17993795243019647,0.05462405284631824,0.11129739893450329,0.11206505295007564,0.105,Jose Altuve
514917,1317,407,284,111,263,0.3034168564920274,0.3011839860948044,33,S,0.30980945659844744,0.21594918842625266,0.08433309809456599,0.20148200423429782,0.25333333333333335,0.304,0.09269885239414326,0.13197467352592007,0.06356268607343699,0.13359962406015038,0.13927824267782427,0.10161290322580645,César Hernández
516416,1398,450,338,93,203,0.31995708154506436,0.3052152061712123,33,R,0.32176234979973295,0.24032042723631508,0.06775700934579439,0.15053404539385848,0.28,0.32,0.08469387755102041,0.17272727272727273,0.06408934707903781,0.12071773220747889,0.09625719769673705,0.105,Jean Segura
516472,4,3,1,1,1,0.575,0.575,34,L,0.33653846153846156,0.22115384615384615,0.09134615384615384,0.22596153846153846,0.3793103448275862,0.3793103448275862,0.105,0.28,0.105,0.105,0.105,0.105,Francisco Arcia
516770,345,115,89,26,62,0.32434782608695656,0.32894090850836316,31,R,0.3303370786516854,0.24943820224719102,0.07752808988764046,0.1898876404494382,0.4533333333333333,0.408,0.09375,0.14511494252873564,0.0739821882951654,0.12761363636363637,0.09711538461538462,0.105,Starlin Castro
516782,1876,648,484,123,371,0.34701492537313433,0.3406519497166311,36,R,0.3441295546558704,0.2560728744939271,0.06654858299595141,0.19913967611336034,0.3466666666666667,0.368,0.11831318604974295,0.16715298040850354,0.08044012785837226,0.16283549783549783,0.18166666666666667,0.105,Starling Marte
518516,50,14,4,9,29,0.21899999999999997,0.21740414444444447,32,R,0.30666666666666664,0.17333333333333334,0.11666666666666667,0.3433333333333333,0.29333333333333333,0.29333333333333333,0.18567251461988304,0.17251461988304093,0.1770440251572327,0.22254098360655736,0.14019607843137255,0.105,Madison Bumgarner
518542,8,3,3,0,2,0.38125,0.38125,34,L,0.32407407407407407,0.23148148148148148,0.0787037037037037,0.22685185185185186,0.3333333333333333,0.3333333333333333,0.09504132231404959,0.23966942148760334,0.09431818181818183,0.08513513513513513,0.105,0.105,Juan Centeno
518586,417,120,96,22,101,0.29784172661870506,0.2625936674241027,34,R,0.2940038684719536,0.22823984526112184,0.05899419729206963,0.23887814313346228,0.28,0.28,0.15710643722115997,0.20076481835564053,0.11102015113350126,0.21804435483870968,0.18271375464684014,0.105,Charlie Culberson
518595,1426,431,316,91,340,0.32422861150070126,0.3200756999304514,35,R,0.30340760157273916,0.2214941022280472,0.06520314547837483,0.2375491480996068,0.28,0.28,0.13581708872290035,0.15066496629622883,0.11405716060888474,0.17035876993166285,0.1550595238095238,0.105,Travis d'Arnaud
518617,1,0,0,0,1,0.0,0.0,34,R,0.31683168316831684,0.21782178217821782,0.08415841584158416,0.23267326732673269,0.3076923076923077,0.3076923076923077,0.1201923076923077,0.27884615384615385,0.12575757575757576,0.1338709677419355,0.105,0.105,Jake Diekman
518626,1376,442,266,163,337,0.3347020348837209,0.34467563268355267,38,R,0.32113821138211385,0.1951219512195122,0.11619241192411923,0.24356368563685638,0.28,0.296,0.1304860355458832,0.1378309756982227,0.1203182579564489,0.13731382978723403,0.15854231974921631,0.10161290322580645,Josh Donaldson
518692,2981,1180,794,346,469,0.39880912445488087,0.3986532391430579,35,L,0.3933787731256086,0.26484907497565724,0.11506004543979227,0.15952612788055825,0.29333333333333333,0.328,0.09279021343050495,0.13751518306437618,0.07606366928183464,0.1245754716981132,0.09856389214536929,0.0984375,Freddie Freeman
518735,1468,487,278,199,310,0.3238760217983651,0.32210866643762553,36,S,0.3309948979591837,0.1913265306122449,0.13233418367346939,0.21205357142857142,0.44,0.408,0.08347148541114058,0.11306366047745359,0.06085248763456503,0.12054930509596294,0.10349162011173185,0.105,Yasmani Grandal
518774,5,0,0,0,3,0.0,0.028200000000000003,32,R,0.3047619047619048,0.20952380952380953,0.08095238095238096,0.24285714285714285,0.26666666666666666,0.26666666666666666,0.12184873949579832,0.2773109243697479,0.13977272727272727,0.11857142857142858,0.105,0.105,Matt Harvey
518792,1199,355,244,98,242,0.30817347789824856,0.2948240716577087,35,L,0.2979214780600462,0.20477290223248654,0.08198614318706697,0.20361816782140107,0.29333333333333333,0.28,0.1030323151837096,0.15670650730411687,0.060165389269866885,0.15058777429467085,0.16354581673306773,0.105,Jason Heyward
518858,1,0,0,0,0,0.0,0.767,35,R,0.31683168316831684,0.21782178217821782,0.08415841584158416,0.22277227722772278,0.3076923076923077,0.3076923076923077,0.10294117647058823,0.27450980392156865,0.0984375,0.105,0.105,0.105,Nate Jones
518876,51,7,3,4,27,0.11470588235294117,0.11284054901960784,33,R,0.2582781456953642,0.16556291390728478,0.08278145695364239,0.32781456953642385,0.2,0.19736842105263158,0.137987012987013,0.19155844155844157,0.07690058479532164,0.23160919540229882,0.20375000000000001,0.105,Merrill Kelly
518886,1,0,0,0,1,0.0,0.0,33,R,0.31683168316831684,0.21782178217821782,0.08415841584158416,0.23267326732673269,0.3076923076923077,0.3076923076923077,0.09905660377358491,0.26415094339622647,0.09,0.10161290322580645,0.105,0.105,Craig Kimbrel
518902,12,2,1,1,4,0.20833333333333334,0.19680975,33,R,0.30357142857142855,0.20535714285714285,0.08482142857142858,0.23660714285714285,0.2702702702702703,0.2702702702702703,0.10333333333333333,0.23333333333333334,0.06384615384615386,0.1430232558139535,0.1296875,0.105,Pete Kozma
518934,2067,696,461,223,331,0.3223996129656507,0.33441588428183994,36,R,0.3359483156437471,0.222888786340563,0.1068297185048454,0.16312874942316566,0.28,0.256,0.0583394294074616,0.11570348695440137,0.03985327743902439,0.09515388148828663,0.07972620599739244,0.105,DJ LeMahieu
518960,22,9,6,3,4,0.3568181818181818,0.2881497207792208,35,R,0.3360655737704918,0.22950819672131148,0.0942622950819672,0.21721311475409835,0.3617021276595745,0.3617021276595745,0.09016393442622951,0.2185792349726776,0.10517241379310345,0.058333333333333334,0.0984375,0.105,Jonathan Lucroy
519043,19,0,0,0,13,0.0,0.041315789473684215,32,L,0.2689075630252101,0.18487394957983194,0.07142857142857142,0.29831932773109243,0.18181818181818182,0.18181818181818182,0.1298342541436464,0.2154696132596685,0.11861702127659575,0.1811111111111111,0.0984375,0.105,Matt Moore
519048,252,72,52,18,58,0.30654761904761907,0.295247787498862,36,L,0.29545454545454547,0.21022727272727273,0.07528409090909091,0.22869318181818182,0.26666666666666666,0.28,0.13213627992633517,0.143646408839779,0.09954873646209386,0.16921875,0.1641089108910891,0.105,Mitch Moreland
519058,948,280,198,68,233,0.30216244725738395,0.28167309330932694,36,L,0.29770992366412213,0.2099236641221374,0.07299618320610687,0.24379770992366412,0.25333333333333335,0.208,0.13811771238200998,0.18212104386451972,0.1164030612244898,0.1604126679462572,0.1714406779661017,0.105,Mike Moustakas
519076,3,0,0,0,3,0.0,0.0,32,R,0.3106796116504854,0.21359223300970873,0.0825242718446602,0.24757281553398058,0.2857142857142857,0.2857142857142857,0.11261261261261261,0.2702702702702703,0.08289473684210526,0.15606060606060607,0.105,0.105,Jimmy Nelson
519203,2073,691,425,190,384,0.3356246985045827,0.3335412766501856,35,L,0.33271974229176254,0.20570639668660837,0.09134836631385182,0.18706856879889552,0.4266666666666667,0.376,0.09682773884175581,0.16291651297184312,0.07150868704640422,0.13815144766146992,0.11356123215627348,0.105,Anthony Rizzo
519222,213,47,36,10,70,0.22558685446009388,0.20709728510005398,34,R,0.2523961661341853,0.1853035143769968,0.05910543130990415,0.2955271565495208,0.22666666666666666,0.2,0.16390532544378697,0.20591715976331362,0.13226804123711342,0.21484962406015037,0.19226190476190474,0.105,Austin Romine
519242,1,0,0,0,1,0.0,0.0,32,L,0.31683168316831684,0.21782178217821782,0.08415841584158416,0.23267326732673269,0.3076923076923077,0.3076923076923077,0.11165048543689321,0.2718446601941748,0.0984375,0.1338709677419355,0.105,0.105,Chris Sale
519299,180,51,42,9,30,0.265,0.23236080616517138,35,L,0.29642857142857143,0.22857142857142856,0.0625,0.1875,0.29333333333333333,0.28,0.04942233632862644,0.12066752246469833,0.019593147751605998,0.0974431818181818,0.0884920634920635,0.105,Eric Sogard
519303,13,6,5,1,3,0.5076923076923077,0.5076923076923077,34,R,0.336283185840708,0.23893805309734514,0.084070796460177,0.22566371681415928,0.3684210526315789,0.3684210526315789,0.11490683229813664,0.2111801242236025,0.10833333333333334,0.12058823529411765,0.12205882352941178,0.105,Elliot Soto
519306,88,20,15,4,32,0.2590909090909091,0.2543646432072829,33,R,0.2765957446808511,0.19680851063829788,0.06648936170212766,0.2898936170212766,0.25333333333333335,0.24778761061946902,0.11033519553072625,0.16759776536312848,0.07363636363636364,0.12716535433070866,0.18125,0.105,Steven Souza Jr.
519317,2081,650,436,207,597,0.3492071119654013,0.3558230265837088,35,R,0.31270059605685463,0.2099954149472719,0.09880788629069234,0.2840440165061898,0.3333333333333333,0.328,0.13880107715724155,0.15080201381571245,0.10674928308070462,0.18711870635795663,0.16610991379310344,0.105,Giancarlo Stanton
519326,2,0,0,0,1,0.0,0.324375,33,R,0.3137254901960784,0.21568627450980393,0.08333333333333333,0.23039215686274508,0.2962962962962963,0.2962962962962963,0.10747663551401869,0.26168224299065423,0.11216216216216217,0.105,0.105,0.105,Hunter Strickland
519346,26,9,5,4,7,0.33653846153846156,0.33653846153846156,36,L,0.3253968253968254,0.21428571428571427,0.0992063492063492,0.23412698412698413,0.3333333333333333,0.3333333333333333,0.105,0.28,0.105,0.105,0.105,0.105,Eric Thames
519390,442,116,70,44,106,0.27171945701357464,0.28993829675144733,38,L,0.2730627306273063,0.16974169741697417,0.09686346863468635,0.2370848708487085,0.22666666666666666,0.272,0.11399671951886277,0.15910333515582287,0.08195380173243504,0.14881188118811883,0.17145454545454544,0.105,Stephen Vogt
519455,1,0,0,0,1,0.0,0.0,35,R,0.31683168316831684,0.21782178217821782,0.08415841584158416,0.23267326732673269,0.3076923076923077,0.3076923076923077,0.10952380952380952,0.2666666666666667,0.12205882352941178,0.10161290322580645,0.105,0.105,Jordan Zimmermann
520471,391,118,86,27,77,0.3136828644501279,0.2818774298814976,32,S,0.3054989816700611,0.219959266802444,0.07230142566191446,0.20264765784114053,0.28,0.304,0.08601823708206686,0.17386018237082068,0.06331578947368421,0.149585635359116,0.0812111801242236,0.10161290322580645,Freddy Galvis
521692,2449,757,600,112,561,0.341751735402205,0.3474226758720841,34,R,0.30953315025500194,0.24401726167124363,0.047273440564927424,0.22891329933307178,0.28,0.312,0.1689516129032258,0.25587557603686634,0.13203178991015893,0.20392066420664207,0.2127669452181987,0.105,Salvador Perez
523260,3,0,0,0,0,0.0,0.20933333333333337,33,R,0.3106796116504854,0.21359223300970873,0.0825242718446602,0.21844660194174756,0.2857142857142857,0.2857142857142857,0.12053571428571429,0.2767857142857143,0.15769230769230771,0.0984375,0.10161290322580645,0.105,Joe Kelly
527038,1814,591,400,168,269,0.335832414553473,0.3181521992503968,33,R,0.32549634273772204,0.22048066875653083,0.09221525600835946,0.15229885057471265,0.25333333333333335,0.272,0.0714882361130447,0.14255881943477655,0.046473801837596224,0.10080330004342163,0.1104982206405694,0.105,Wilmer Flores
527048,3,0,0,0,3,0.0,0.0,30,L,0.3106796116504854,0.21359223300970873,0.0825242718446602,0.24757281553398058,0.2857142857142857,0.2857142857142857,0.11363636363636363,0.27272727272727276,0.0875,0.15606060606060607,0.10161290322580645,0.105,Martín Pérez
528748,7,3,3,0,1,0.5428571428571428,0.30700571428571427,23,R,0.32710280373831774,0.2336448598130841,0.0794392523364486,0.21962616822429906,0.34375,0.34375,0.10267857142857142,0.2678571428571429,0.08289473684210526,0.12575757575757576,0.10161290322580645,0.105,Humberto Castellanos
534606,51,12,7,4,20,0.2529411764705882,0.21620833620277377,35,R,0.2913907284768212,0.19205298013245034,0.08278145695364239,0.2814569536423841,0.26666666666666666,0.2631578947368421,0.1480836236933798,0.17770034843205576,0.14291044776119402,0.13206521739130436,0.19901960784313727,0.105,Ryan LaMarre
541600,12,3,2,1,4,0.20833333333333334,0.23839308333333334,30,R,0.3125,0.21428571428571427,0.08482142857142858,0.23660714285714285,0.2972972972972973,0.2972972972972973,0.11824324324324324,0.23648648648648649,0.1160377358490566,0.10098039215686275,0.15147058823529413,0.105,Wilfredo Tovar
541645,1151,332,245,68,317,0.30560382276281495,0.3186082950229105,33,S,0.29096722621902477,0.21342925659472423,0.06115107913669065,0.271382893685052,0.28,0.264,0.19432471264367815,0.20617816091954022,0.16809329710144927,0.2167437252311757,0.25033783783783786,0.105,Avisaíl García
541650,29,7,4,3,12,0.27241379310344827,0.3227333563218391,33,R,0.3023255813953488,0.20155038759689922,0.08914728682170543,0.26744186046511625,0.2777777777777778,0.2777777777777778,0.15594059405940594,0.24752475247524752,0.16264367816091954,0.18692307692307694,0.10375000000000001,0.105,Hernán Pérez
542194,872,234,197,34,217,0.2996559633027523,0.294125910158501,33,R,0.2736625514403292,0.22530864197530864,0.04372427983539095,0.2463991769547325,0.29333333333333333,0.304,0.1935,0.244,0.15738983050847458,0.2316999132697311,0.22140883977900555,0.105,Christian Bethancourt
542208,227,66,47,14,45,0.3033039647577092,0.3124416363923335,34,R,0.2996941896024465,0.21100917431192662,0.06880733944954129,0.20642201834862386,0.26666666666666666,0.272,0.09017278617710583,0.16846652267818574,0.06941056910569106,0.1123728813559322,0.11744186046511629,0.105,Carlos Pérez
542255,123,32,22,10,25,0.24715447154471543,0.22906098930067223,32,L,0.28699551569506726,0.19730941704035873,0.08295964125560538,0.21300448430493274,0.28,0.256,0.08277591973244147,0.1705685618729097,0.0688034188034188,0.084375,0.13064516129032258,0.105,Ender Inciarte
542303,2110,692,495,188,501,0.3545734597156398,0.3716858389715896,34,R,0.32760180995475113,0.2339366515837104,0.08891402714932127,0.23687782805429863,0.32,0.352,0.1300720288115246,0.1595438175270108,0.08962988038817422,0.1758756868131868,0.1775897435897436,0.0984375,Marcell Ozuna
542340,742,222,157,62,194,0.3109838274932615,0.2867888468939386,31,S,0.3016627078384798,0.21258907363420426,0.083729216152019,0.25712589073634207,0.25333333333333335,0.248,0.14118246687054026,0.15426435609921849,0.13623826291079813,0.14837037037037037,0.14828519855595668,0.105,Jonathan Villar
542364,925,310,199,106,203,0.32064864864864867,0.3048855424373287,33,L,0.3336585365853659,0.21560975609756097,0.11170731707317073,0.22,0.29333333333333333,0.336,0.08821940016211835,0.13428803026209132,0.07009132420091324,0.11454954954954956,0.09860655737704918,0.105,Rafael Ortega
542419,1,0,0,0,0,0.0,0.0,33,R,0.31683168316831684,0.21782178217821782,0.08415841584158416,0.22277227722772278,0.3076923076923077,0.3076923076923077,0.10194174757281553,0.2718446601941748,0.0984375,0.105,0.10161290322580645,0.105,Ali Castillo
542454,130,32,21,10,33,0.2715384615384615,0.2670712072014857,31,S,0.2782608695652174,0.18695652173913044,0.08043478260869565,0.24130434782608695,0.29333333333333333,0.256,0.16929133858267717,0.16850393700787403,0.1548780487804878,0.20413533834586464,0.1800813008130081,0.105,Danny Santana
542513,11,4,3,1,0,0.4090909090909091,0.4090909090909091,31,S,0.32432432432432434,0.22522522522522523,0.08558558558558559,0.20270270270270271,0.3333333333333333,0.3333333333333333,0.105,0.28,0.105,0.105,0.105,0.105,Tomás Telis
542583,1173,357,262,87,251,0.3170929241261722,0.315238718707029,33,R,0.30557737627651216,0.22309505106048705,0.07501963864886096,0.21484681853888452,0.28,0.288,0.11435950413223141,0.16859504132231404,0.0660268356317555,0.16830550401978972,0.19499054820415881,0.10161290322580645,Jesús Aguilar
542881,41,5,4,1,30,0.13170731707317074,0.10910996747967479,33,L,0.2624113475177305,0.18439716312056736,0.0673758865248227,0.3723404255319149,0.19696969696969696,0.19696969696969696,0.238,0.22,0.23678571428571427,0.23983050847457626,0.27195121951219514,0.105,Tyler Anderson
542921,35,7,6,1,10,0.2414285714285714,0.2965542857142857,32,R,0.28888888888888886,0.2074074074074074,0.07037037037037037,0.24074074074074073,0.25,0.25,0.13701923076923078,0.21153846153846154,0.10054945054945055,0.17983870967741936,0.15888888888888889,0.105,Tim Beckham
542932,1243,414,282,121,260,0.3265084473049075,0.31941045890267566,34,R,0.3320923306031273,0.22635889798957556,0.0964259121370067,0.2103499627699181,0.32,0.32,0.08668572595466612,0.10659587502552584,0.06771465049473348,0.11211566617862373,0.14987113402061855,0.105,Jon Berti
542963,61,16,13,2,10,0.26147540983606554,0.30029314754098363,35,L,0.2981366459627329,0.21739130434782608,0.06521739130434782,0.20186335403726707,0.30666666666666664,0.27906976744186046,0.11698717948717949,0.23076923076923078,0.07147887323943662,0.18244680851063827,0.12348484848484849,0.105,Rob Brantly
542992,35,13,6,5,9,0.36714285714285716,0.3851738,32,R,0.3333333333333333,0.2074074074074074,0.1,0.23333333333333334,0.35,0.35,0.09065934065934066,0.17032967032967036,0.08956043956043956,0.09222222222222223,0.0875,0.105,Andy Burns
543022,1,0,0,0,1,0.0,0.0,32,R,0.31683168316831684,0.21782178217821782,0.08415841584158416,0.23267326732673269,0.3076923076923077,0.3076923076923077,0.10952380952380952,0.2761904761904762,0.09545454545454546,0.1296875,0.105,0.105,Tyler Chatwood
543056,1,0,0,0,1,0.0,0.0,32,L,0.31683168316831684,0.21782178217821782,0.08415841584158416,0.23267326732673269,0.3076923076923077,0.3076923076923077,0.12980769230769232,0.27884615384615385,0.1808823529411765,0.105,0.105,0.105,Danny Coulombe
543063,1470,474,319,135,323,0.32653061224489793,0.31729950939128804,37,L,0.32229299363057323,0.21719745222929937,0.09140127388535031,0.22006369426751593,0.30666666666666664,0.272,0.14797925608011445,0.14699570815450644,0.11720876203119814,0.18275295663600524,0.1863896848137536,0.105,Brandon Crawford
543068,1507,507,359,124,359,0.3579296615792966,0.34209491294363614,34,R,0.33540759178593654,0.2370877411325451,0.08245177349097697,0.2373988799004356,0.28,0.304,0.11441171575969379,0.1669162922283242,0.07923959827833572,0.16837121212121212,0.14887387387387388,0.105,C.J. Cron
543089,21,6,3,3,2,0.22857142857142856,0.20612938095238095,33,R,0.3140495867768595,0.2066115702479339,0.09504132231404959,0.2024793388429752,0.30434782608695654,0.30434782608695654,0.07795698924731183,0.1827956989247312,0.06776315789473684,0.07980769230769232,0.08645833333333335,0.105,Taylor Davis
543101,55,6,2,4,33,0.10636363636363635,0.12147105454545455,31,R,0.24516129032258063,0.15483870967741936,0.08064516129032258,0.3580645161290323,0.18666666666666668,0.175,0.13704819277108435,0.16566265060240964,0.10718085106382978,0.19343434343434343,0.14714285714285716,0.105,Anthony DeSclafani
543105,382,112,73,33,94,0.30850785340314135,0.32835089894689584,32,L,0.2987551867219917,0.1970954356846473,0.08609958506224066,0.241701244813278,0.25333333333333335,0.264,0.12418513689700131,0.16036505867014342,0.1121824480369515,0.11120689655172414,0.1871031746031746,0.105,Alex Dickerson
543135,3,1,0,1,1,0.2333333333333333,0.25390566666666664,31,R,0.32038834951456313,0.21359223300970873,0.09223300970873786,0.22815533980582525,0.32142857142857145,0.32142857142857145,0.09829059829059829,0.2478632478632479,0.09021739130434783,0.105,0.10161290322580645,0.105,Nathan Eovaldi
543228,1237,356,286,51,254,0.30727566693613584,0.31847178035873414,37,R,0.29020194465220644,0.23036649214659685,0.04450261780104712,0.20680628272251309,0.21333333333333335,0.2,0.11265223274695535,0.18967072620658548,0.087877052310042,0.14442419825072886,0.16238425925925928,0.10161290322580645,Yan Gomes
543243,42,7,6,1,10,0.14523809523809522,0.17032659523809524,32,R,0.2746478873239437,0.19718309859154928,0.06690140845070422,0.22887323943661972,0.22388059701492538,0.22388059701492538,0.11228813559322035,0.2288135593220339,0.09598540145985401,0.1481818181818182,0.12205882352941178,0.105,Sonny Gray
543257,1900,636,365,254,467,0.3231578947368421,0.31151348950509306,35,S,0.334,0.1935,0.13125,0.24475,0.28,0.312,0.07922110871495623,0.08841811493086388,0.055179727617771825,0.10702637889688249,0.11699770817417876,0.105,Robbie Grossman
543281,1150,370,272,59,175,0.312,0.3078642421989635,36,R,0.3216,0.2352,0.054,0.158,0.30666666666666664,0.272,0.10002516356316055,0.1738802214393558,0.08253865979381443,0.12411433172302738,0.12760814249363867,0.10161290322580645,Josh Harrison
543294,54,8,6,2,26,0.13240740740740742,0.12785988888888888,32,R,0.2597402597402597,0.18181818181818182,0.06818181818181818,0.31493506493506496,0.21333333333333335,0.20253164556962025,0.08745874587458746,0.1551155115511551,0.07690217391304348,0.1147887323943662,0.08289473684210526,0.105,Kyle Hendricks
543302,12,4,3,1,1,0.2833333333333333,0.2833333333333333,35,L,0.32142857142857145,0.22321428571428573,0.08482142857142858,0.20982142857142858,0.32432432432432434,0.32432432432432434,0.1036036036036036,0.2522522522522523,0.09,0.10161290322580645,0.11857142857142858,0.105,Chris Herrmann
543305,1054,347,202,139,251,0.306404174573055,0.3000545424871012,35,S,0.32842287694974004,0.19410745233968804,0.1278162911611785,0.23700173310225303,0.26666666666666666,0.28,0.09954308093994778,0.1122715404699739,0.07102247686205378,0.12077677224736048,0.1363773965691221,0.105,Aaron Hicks
543308,70,21,14,7,19,0.3435714285714286,0.33076967620199926,34,S,0.31176470588235294,0.21176470588235294,0.09117647058823529,0.24411764705882352,0.29333333333333333,0.30526315789473685,0.18683274021352314,0.21708185053380782,0.17579365079365078,0.18779069767441858,0.2228813559322034,0.105,John Hicks
543309,1051,282,218,63,279,0.31303520456707895,0.32646979467817344,34,R,0.2728062554300608,0.20851433536055602,0.06211989574283232,0.2619461337966985,0.25333333333333335,0.272,0.12518142235123367,0.1456216739235607,0.08551312649164679,0.15569661458333334,0.1990872210953347,0.105,Kyle Higashioka
543333,1138,375,272,97,197,0.32697715289982426,0.3107473903328523,34,L,0.3287560581583199,0.23747980613893377,0.08521809369951534,0.1773021001615509,0.28,0.288,0.09586031452358927,0.1790009250693802,0.07405984634047716,0.12912431587177484,0.1159252669039146,0.105,Eric Hosmer
543351,1,0,0,0,0,0.0,0.175,34,R,0.31683168316831684,0.21782178217821782,0.08415841584158416,0.22277227722772278,0.3076923076923077,0.3076923076923077,0.10294117647058823,0.2843137254901961,0.0984375,0.105,0.105,0.105,Jay Jackson
543432,44,10,9,1,14,0.2318181818181818,0.22760345221183684,35,R,0.2916666666666667,0.2152777777777778,0.06597222222222222,0.2534722222222222,0.2608695652173913,0.2608695652173913,0.13372093023255813,0.21705426356589147,0.13458333333333333,0.13597560975609757,0.13369565217391305,0.105,Ryan Lavarnway
543475,6,0,0,0,5,0.0,0.034999999999999996,31,R,0.3018867924528302,0.20754716981132076,0.08018867924528301,0.25943396226415094,0.25806451612903225,0.25806451612903225,0.108,0.24800000000000003,0.10300000000000001,0.12205882352941178,0.10161290322580645,0.105,Jordan Lyles
543482,32,11,7,1,11,0.3296875,0.34038508064516126,34,R,0.32575757575757575,0.2196969696969697,0.07196969696969698,0.2537878787878788,0.3333333333333333,0.3333333333333333,0.1548223350253807,0.20304568527918782,0.1296511627906977,0.1780701754385965,0.18522727272727274,0.105,Drew Maggi
543510,1094,302,223,66,284,0.28893967093235834,0.29968127561341706,34,R,0.2797319932998325,0.2051926298157454,0.062395309882747066,0.2567001675041876,0.29333333333333333,0.312,0.13996687174633224,0.18078561287269285,0.09986027944111776,0.20262951334379903,0.18798627002288332,0.105,James McCann
543518,1,0,0,0,1,0.0,0.0,35,R,0.31683168316831684,0.21782178217821782,0.08415841584158416,0.23267326732673269,0.3076923076923077,0.3076923076923077,0.10096153846153846,0.2692307692307693,0.09264705882352942,0.105,0.105,0.105,Scott McGough
543543,741,225,151,73,216,0.3169365721997301,0.31964734208304924,34,L,0.3055885850178359,0.2057074910820452,0.09690844233055886,0.2835909631391201,0.3333333333333333,0.304,0.13907400911960716,0.13679410733076114,0.12493464052287583,0.16361985472154963,0.14257731958762887,0.105,Brad Miller
543592,834,265,171,80,128,0.2991007194244604,0.3060386747586119,35,R,0.31798715203426126,0.20663811563169165,0.09475374732334046,0.16113490364025695,0.28,0.28,0.059286632390745504,0.1018637532133676,0.05137305699481866,0.07664277180406213,0.06014925373134328,0.105,Austin Nola
543594,5,0,0,0,3,0.0,0.041400000000000006,32,L,0.3047619047619048,0.20952380952380953,0.08095238095238096,0.24285714285714285,0.26666666666666666,0.26666666666666666,0.11693548387096774,0.25000000000000006,0.14300000000000002,0.09545454545454546,0.10161290322580645,0.105,Sean Nolin
543606,1,0,0,0,0,0.0,0.229,31,R,0.31683168316831684,0.21782178217821782,0.08415841584158416,0.22277227722772278,0.3076923076923077,0.3076923076923077,0.10396039603960396,0.28712871287128716,0.10161290322580645,0.105,0.105,0.105,Jake Odorizzi
543685,937,312,193,105,151,0.3173959445037353,0.32659735685559577,34,S,0.3317261330761813,0.2073288331726133,0.109450337512054,0.16730954676952747,0.30666666666666664,0.328,0.06275303643724696,0.09743589743589744,0.05620190131281123,0.06779437609841828,0.08688760806916426,0.10161290322580645,Anthony Rendon
543760,3091,992,709,268,505,0.34556777741831124,0.3232259687118812,34,R,0.32090253838921967,0.22908179254152303,0.08664995299279223,0.16530868066436855,0.32,0.32,0.08776848097990167,0.11886483222634349,0.06166429587482219,0.11863905325443787,0.1206355003652301,0.105,Marcus Semien
543768,300,80,49,27,86,0.2753333333333333,0.27673311230656783,32,L,0.28,0.1775,0.08875,0.27125,0.21333333333333335,0.256,0.11456692913385827,0.13858267716535433,0.10115961800818554,0.12182080924855491,0.15552486187845302,0.105,Travis Shaw
543807,2300,766,525,217,428,0.3482173913043478,0.3428229492980251,35,R,0.3325,0.22791666666666666,0.09395833333333334,0.18770833333333334,0.29333333333333333,0.312,0.11250429405702508,0.12000458032749342,0.09069838676740861,0.14059459459459459,0.14014285714285715,0.10161290322580645,George Springer
543829,92,33,33,0,12,0.35923913043478256,0.31220048309178744,34,L,0.3385416666666667,0.2864583333333333,0.044270833333333336,0.1796875,0.3333333333333333,0.3504273504273504,0.09752321981424149,0.23219814241486067,0.07781065088757397,0.1461111111111111,0.07685185185185185,0.105,Dee Strange-Gordon
543877,1695,488,386,94,329,0.28876106194690265,0.2735814622963977,34,R,0.28969359331476324,0.22729805013927576,0.057103064066852366,0.1958217270194986,0.25333333333333335,0.288,0.08891832917705736,0.16458852867830423,0.0676929175475687,0.12277694982613016,0.10862068965517242,0.105,Christian Vázquez
543939,1326,428,288,105,245,0.3260558069381599,0.30392756963706585,34,L,0.3225806451612903,0.21739130434782608,0.07959326788218794,0.1875876577840112,0.3333333333333333,0.304,0.08754709498314496,0.12829664882014674,0.05917022792022792,0.12277851458885942,0.12433751743375175,0.105,Kolten Wong
544369,679,183,130,40,107,0.27864506627393226,0.28167046450428457,32,L,0.27599486521181,0.1951219512195122,0.06225930680359435,0.1662387676508344,0.2,0.208,0.12466793168880455,0.18140417457305502,0.0938688524590164,0.17545317220543807,0.15559360730593608,0.105,Didi Gregorius
544725,839,250,190,53,179,0.2954112038140644,0.2868026527126785,33,S,0.3003194888178914,0.22577209797657083,0.06549520766773163,0.21458998935037274,0.26666666666666666,0.264,0.12119708994708994,0.17096560846560846,0.08676031081888823,0.17424065420560747,0.14670103092783507,0.105,Leury García
544931,6,2,1,1,2,0.325,0.4016195,33,R,0.32075471698113206,0.2169811320754717,0.08962264150943396,0.23113207547169812,0.3225806451612903,0.3225806451612903,0.09259259259259259,0.20740740740740743,0.08583333333333334,0.09,0.105,0.105,Stephen Strasburg
545121,961,285,222,56,100,0.29656607700312176,0.28820495929450507,33,S,0.2987747408105561,0.2299717247879359,0.06079170593779453,0.11545711592836946,0.25333333333333335,0.264,0.058709291903196896,0.15147893636092022,0.034846912298910224,0.09921497584541064,0.0792955326460481,0.105,Ildemaro Vargas
545333,31,2,1,1,11,0.05161290322580645,0.14986183870967743,30,R,0.2595419847328244,0.17557251908396945,0.07251908396946564,0.25572519083969464,0.17857142857142858,0.17857142857142858,0.11228813559322035,0.18220338983050846,0.11618705035971222,0.10789473684210527,0.105,0.105,Trevor Bauer
545341,1861,574,453,103,387,0.3343363782912413,0.31370027371018827,33,R,0.3090260071392147,0.2422233554309026,0.05685874553799082,0.20882202957674656,0.4,0.36,0.11148600143575017,0.16927494615936828,0.066773613963039,0.16807417336907954,0.1694884287454324,0.105,Randal Grichuk
545350,417,113,82,21,129,0.29580335731414864,0.26427515081266384,33,R,0.2804642166344294,0.2011605415860735,0.05705996131528046,0.293036750483559,0.29333333333333333,0.272,0.15715268225584594,0.1781292984869326,0.11254681647940076,0.212582056892779,0.21586021505376343,0.105,Jake Marisnick
545358,724,210,133,67,224,0.29523480662983426,0.2872266895717287,33,R,0.2936893203883495,0.18810679611650485,0.09162621359223301,0.2991504854368932,0.22666666666666666,0.192,0.13173758865248228,0.11063829787234042,0.1060036945812808,0.17073544433094995,0.1504830917874396,0.105,Max Stassi
545361,1191,446,278,152,326,0.40285474391267845,0.39482872084744525,33,S,0.37025561580170413,0.23237800154918667,0.12432223082881487,0.2699457784663052,0.28,0.32,0.1074470192117251,0.10675381263616558,0.0870933734939759,0.14416920731707317,0.15515970515970515,0.105,Mike Trout
546318,687,207,161,40,119,0.324745269286754,0.29623088207210346,31,L,0.3036848792884371,0.23252858958068615,0.06162642947903431,0.1797966963151207,0.29333333333333333,0.28,0.09636167146974063,0.1819164265129683,0.06083281152160301,0.15821744627054363,0.11679894179894179,0.105,Odúbel Herrera
546990,168,49,33,13,71,0.3136904761904762,0.2747026494267333,30,R,0.30223880597014924,0.20522388059701493,0.08022388059701492,0.34888059701492535,0.28,0.32,0.16176470588235295,0.1722689075630252,0.1486180904522613,0.18121951219512195,0.1797029702970297,0.105,Anthony Alford
546991,302,82,60,21,64,0.27847682119205297,0.26361690889500494,30,R,0.2835820895522388,0.20398009950248755,0.07338308457711443,0.21517412935323382,0.3466666666666667,0.312,0.11949956859361519,0.2088006902502157,0.07752365930599368,0.17560646900269544,0.16076388888888887,0.105,Albert Almora Jr.
546994,38,8,5,3,9,0.2157894736842105,0.2157894736842105,30,R,0.2898550724637681,0.1956521739130435,0.08333333333333333,0.22826086956521738,0.25396825396825395,0.25396825396825395,0.10074626865671642,0.2537313432835821,0.09021739130434783,0.10729166666666667,0.105,0.105,C.J. Hinojosa
547001,10,1,1,0,3,0.09,0.1377,27,R,0.3,0.20909090909090908,0.07727272727272727,0.2318181818181818,0.2571428571428571,0.2571428571428571,0.12867647058823528,0.23529411764705882,0.12543859649122807,0.1618421052631579,0.10161290322580645,0.105,Cody Poteet
547004,140,34,21,12,38,0.2335714285714286,0.24703153321378157,27,L,0.275,0.17916666666666667,0.08541666666666667,0.2520833333333333,0.26666666666666666,0.256,0.13828125,0.1828125,0.10894428152492668,0.19,0.14567307692307693,0.105,Rio Ruiz
547172,56,14,7,6,20,0.23482142857142857,0.23793901785714283,31,L,0.2948717948717949,0.1858974358974359,0.09294871794871795,0.2724358974358974,0.26666666666666666,0.2716049382716049,0.10178571428571428,0.18214285714285713,0.05620689655172414,0.151875,0.15888888888888889,0.105,Tony Wolters
547173,40,12,9,1,13,0.3,0.3391686,30,R,0.3142857142857143,0.22142857142857142,0.06785714285714285,0.25357142857142856,0.3076923076923077,0.3076923076923077,0.1054421768707483,0.2585034013605442,0.09179104477611941,0.10921052631578948,0.1296875,0.105,Christian Lopes
547176,3,1,1,0,2,0.6666666666666666,0.49174853801169577,29,L,0.32038834951456313,0.22330097087378642,0.0825242718446602,0.23786407766990292,0.32142857142857145,0.32142857142857145,0.11739130434782609,0.2695652173913044,0.15000000000000002,0.09545454545454546,0.10161290322580645,0.105,Daniel Camarena
547179,1,0,0,0,1,0.0,0.0,29,R,0.31683168316831684,0.21782178217821782,0.08415841584158416,0.23267326732673269,0.3076923076923077,0.3076923076923077,0.11904761904761904,0.2666666666666667,0.15147058823529413,0.10161290322580645,0.105,0.105,Michael Lorenzen
547180,2386,945,600,329,524,0.40750209555741823,0.402374235710239,32,L,0.3930008045052293,0.250201126307321,0.13576025744167336,0.21983105390185037,0.37333333333333335,0.384,0.14738365858889127,0.17960540424619345,0.10838795575583776,0.20447168508287292,0.16394668400520157,0.105,Bryce Harper
547379,288,77,45,31,101,0.2670138888888889,0.2872332087945345,36,S,0.2809278350515464,0.17268041237113402,0.1018041237113402,0.31829896907216493,0.28,0.304,0.1408179012345679,0.11651234567901235,0.13235694822888283,0.13352803738317756,0.2189516129032258,0.105,Roberto Pérez
547942,27,4,3,0,9,0.20555555555555555,0.14344192592592592,33,L,0.28346456692913385,0.1968503937007874,0.06692913385826772,0.24803149606299213,0.23076923076923078,0.23076923076923078,0.08620689655172414,0.19704433497536947,0.07150000000000001,0.07980769230769232,0.12560975609756098,0.105,Kwang Hyun Kim
547943,4,0,0,0,2,0.0,0.11549999999999999,34,R,0.3076923076923077,0.21153846153846154,0.08173076923076923,0.23557692307692307,0.27586206896551724,0.27586206896551724,0.12053571428571429,0.2767857142857143,0.08513513513513513,0.1757142857142857,0.105,0.105,Hyun Jin Ryu
547982,4,2,2,0,1,0.45,0.45,35,L,0.3269230769230769,0.23076923076923078,0.08173076923076923,0.22596153846153846,0.3448275862068966,0.3448275862068966,0.105,0.28,0.105,0.105,0.105,0.105,Leonys Martin
547989,2197,745,513,187,432,0.34697314519799727,0.3452335387201525,37,R,0.33826730518067044,0.2329124945581193,0.08511101436656508,0.1978667827601219,0.24,0.192,0.1146279365814142,0.17116074528411063,0.09232521291344821,0.1504423213021939,0.12982804232804235,0.105,José Abreu
548389,5,0,0,0,2,0.0,0.1056,32,R,0.3047619047619048,0.20952380952380953,0.08095238095238096,0.23333333333333334,0.26666666666666666,0.26666666666666666,0.09504132231404959,0.2479338842975207,0.09222222222222223,0.0875,0.105,0.105,Ross Stripling
552662,14,3,2,1,4,0.26785714285714285,0.26785714285714285,34,R,0.30701754385964913,0.21052631578947367,0.08333333333333333,0.2324561403508772,0.28205128205128205,0.28205128205128205,0.10176991150442478,0.26548672566371684,0.08513513513513513,0.12205882352941178,0.0984375,0.105,Stefen Romero
553869,1698,515,392,113,346,0.3173733804475854,0.29059392112726523,34,R,0.3042269187986652,0.23025583982202447,0.06757508342602891,0.20494994438264738,0.29333333333333333,0.256,0.12838158519221643,0.17655434266729947,0.08253709198813056,0.18444080486663547,0.17204234122042342,0.10161290322580645,Elias Díaz
553882,1019,316,213,92,191,0.29681059862610404,0.2914918062895477,32,L,0.3109919571045576,0.21000893655049152,0.08981233243967829,0.19079535299374442,0.2,0.272,0.09849857623608595,0.14858917939425317,0.09060356652949246,0.11691380908248379,0.09411262798634812,0.10161290322580645,Omar Narváez
553902,287,76,66,4,15,0.2817073170731707,0.27940947013402134,31,R,0.27906976744186046,0.22739018087855298,0.03229974160206718,0.09689922480620156,0.26666666666666666,0.256,0.06560088202866593,0.2414553472987872,0.059409190371991244,0.0795886075949367,0.04959677419354839,0.105,Willians Astudillo
553988,45,15,10,4,10,0.31333333333333335,0.3278879333333334,31,R,0.32413793103448274,0.2206896551724138,0.08620689655172414,0.22413793103448276,0.32857142857142857,0.32857142857142857,0.11809045226130653,0.18592964824120603,0.07295918367346939,0.15673076923076923,0.18333333333333335,0.105,Dixon Machado
553993,2626,830,531,259,781,0.33124523990860627,0.33086290731824,33,R,0.3162142333088775,0.2028613352898019,0.09812912692589876,0.29475421863536316,0.29333333333333333,0.36,0.12816086591396847,0.12307548754315574,0.10020528822466743,0.1685858585858586,0.15450997398091934,0.105,Eugenio Suárez
554430,68,11,11,0,39,0.15588235294117647,0.11808823529411763,31,L,0.25595238095238093,0.19642857142857142,0.050595238095238096,0.36607142857142855,0.21333333333333335,0.20430107526881722,0.15951742627345844,0.21983914209115282,0.15861244019138757,0.18244680851063827,0.13583333333333333,0.105,Zack Wheeler
570256,382,108,70,36,104,0.28167539267015707,0.3170771677447471,30,L,0.29045643153526973,0.1908713692946058,0.09232365145228216,0.262448132780083,0.30666666666666664,0.28,0.12931556632344035,0.16474863718958208,0.10435016111707841,0.16183628318584073,0.1633720930232558,0.105,Gregory Polanco
570481,318,86,72,14,62,0.26666666666666666,0.29184694742370554,33,R,0.2822966507177033,0.22488038277511962,0.05382775119617225,0.2021531100478469,0.32,0.304,0.13996399639963997,0.19441944194419442,0.11414590747330962,0.16458333333333336,0.17671755725190838,0.105,Erik González
570482,1769,551,449,97,330,0.3194742792538157,0.30959452628881057,33,R,0.3119315141787052,0.2520064205457464,0.05644729802033173,0.18860353130016053,0.3333333333333333,0.272,0.10541894353369763,0.18639951426836673,0.09249657064471879,0.11865061335756473,0.1299863387978142,0.105,Gio Urshela
570560,88,25,17,7,19,0.28238636363636366,0.28469,32,S,0.30319148936170215,0.2074468085106383,0.08244680851063829,0.22074468085106383,0.22666666666666666,0.2920353982300885,0.09636871508379888,0.18994413407821228,0.09075,0.13181818181818183,0.07253521126760563,0.105,Yolmer Sánchez
570632,1,0,0,0,1,0.0,0.0,30,R,0.31683168316831684,0.21782178217821782,0.08415841584158416,0.23267326732673269,0.3076923076923077,0.3076923076923077,0.1201923076923077,0.2884615384615385,0.0984375,0.1609375,0.105,0.105,José Ureña
570731,1392,398,311,74,292,0.29533045977011496,0.293841877901532,32,R,0.28820375335120646,0.22319034852546918,0.05529490616621984,0.21079088471849866,0.29333333333333333,0.28,0.13069363069363069,0.1837081837081837,0.0921026490066225,0.1756845238095238,0.20163511187607575,0.105,Jonathan Schoop
571431,54,17,13,4,12,0.28611111111111115,0.2691982062361507,35,L,0.3181818181818182,0.22727272727272727,0.08116883116883117,0.22402597402597402,0.3333333333333333,0.31645569620253167,0.11466165413533834,0.2518796992481203,0.0740909090909091,0.1698019801980198,0.09222222222222223,0.105,Matt Adams
571448,2584,844,636,190,376,0.3466911764705882,0.31993902261037477,33,R,0.3263785394932936,0.2451564828614009,0.07395678092399403,0.14847242921013412,0.37333333333333335,0.336,0.0833757767138637,0.16766833044718346,0.05649671052631579,0.1159131736526946,0.12175879396984925,0.105,Nolan Arenado
571466,971,288,192,85,254,0.27760041194644697,0.24941116924515092,33,S,0.2987861811391223,0.19981325863678806,0.0873015873015873,0.2581699346405229,0.26666666666666666,0.296,0.10637460650577125,0.1379853095487933,0.0760223953261928,0.1482127659574468,0.1294066317626527,0.105,Tucker Barnhart
571510,4,2,1,1,1,0.4,0.61242925,30,L,0.3269230769230769,0.22115384615384615,0.09134615384615384,0.22596153846153846,0.3448275862068966,0.3448275862068966,0.09583333333333334,0.25000000000000006,0.065625,0.105,0.1296875,0.105,Matthew Boyd
571521,2,0,0,0,2,0.0,0.0,34,L,0.3137254901960784,0.21568627450980393,0.08333333333333333,0.24019607843137256,0.2962962962962963,0.2962962962962963,0.10747663551401869,0.2710280373831776,0.09,0.1338709677419355,0.10161290322580645,0.105,Rex Brothers
571578,56,10,7,3,24,0.1660714285714286,0.161574125,32,L,0.2692307692307692,0.1858974358974359,0.07371794871794872,0.2980769230769231,0.2,0.2222222222222222,0.1453125,0.178125,0.13619791666666667,0.20873015873015874,0.11181818181818183,0.105,Patrick Corbin
571602,70,14,10,4,23,0.26142857142857145,0.2859849232083531,31,R,0.27058823529411763,0.18823529411764706,0.07352941176470588,0.2676470588235294,0.25333333333333335,0.23157894736842105,0.13843648208469056,0.1986970684039088,0.13523489932885904,0.15833333333333333,0.11195652173913044,0.105,Matt Davidson
571657,1804,564,415,99,345,0.3218680709534368,0.31137234207722003,34,R,0.3130252100840336,0.22951680672268907,0.056460084033613446,0.19301470588235295,0.3333333333333333,0.296,0.0931995711441262,0.1759840710675448,0.05731220031965903,0.14434229137199434,0.13398133748055988,0.10161290322580645,Kyle Farmer
571676,4,1,0,1,2,0.175,0.22667925,33,R,0.3173076923076923,0.21153846153846154,0.09134615384615384,0.23557692307692307,0.3103448275862069,0.3103448275862069,0.1115702479338843,0.2727272727272727,0.07325581395348837,0.1618421052631579,0.105,0.105,Seth Frankoff
571679,19,10,9,1,4,0.5578947368421052,0.5578947368421052,34,R,0.35294117647058826,0.2605042016806723,0.07983193277310924,0.22268907563025211,0.4090909090909091,0.4090909090909091,0.103125,0.2375,0.07573529411764707,0.10510204081632654,0.15606060606060607,0.105,David Freitas
571718,270,86,52,33,58,0.31296296296296294,0.32565807529570145,31,L,0.31891891891891894,0.2,0.11216216216216217,0.21756756756756757,0.32,0.312,0.09890539483971852,0.1235340109460516,0.07547033285094067,0.12062841530054644,0.13749999999999998,0.105,Brian Goodwin
571740,188,39,32,7,69,0.22367021276595744,0.20609621985815602,33,S,0.2465277777777778,0.1875,0.05381944444444445,0.3177083333333333,0.17333333333333334,0.2,0.1767537826685007,0.19257221458046767,0.13737980769230768,0.2428251121076233,0.20705128205128204,0.105,Billy Hamilton
571745,1670,503,352,134,442,0.3240119760479042,0.32683421893510434,34,R,0.3022598870056497,0.21129943502824858,0.08050847457627118,0.26242937853107345,0.28,0.28,0.12928582123072316,0.1375954484204222,0.10018335684062059,0.14873474920921825,0.19576923076923078,0.10161290322580645,Mitch Haniger
571760,4,2,1,1,2,0.4,0.33017925000000004,30,L,0.3269230769230769,0.22115384615384615,0.09134615384615384,0.23557692307692307,0.3448275862068966,0.3448275862068966,0.09913793103448276,0.24137931034482762,0.08289473684210526,0.10921052631578948,0.105,0.105,Andrew Heaney
571771,2058,631,449,164,382,0.3161078717201166,0.30875076244905963,33,R,0.3072289156626506,0.21825764596848934,0.07993512511584801,0.18744207599629287,0.3466666666666667,0.344,0.10367101560501407,0.13827065745715017,0.06958541005890348,0.14951787866613098,0.1438121546961326,0.105,Enrique Hernández
571788,269,78,52,24,50,0.2773234200743494,0.284608773566754,34,L,0.2981029810298103,0.2005420054200542,0.08807588075880758,0.19647696476964768,0.3333333333333333,0.28,0.07784697508896797,0.13523131672597866,0.07177293934681182,0.07274368231046931,0.10386597938144329,0.105,Brock Holt
571800,1,0,0,0,0,0.0,0.062,31,L,0.31683168316831684,0.21782178217821782,0.08415841584158416,0.22277227722772278,0.3076923076923077,0.3076923076923077,0.10096153846153846,0.2692307692307693,0.09264705882352942,0.105,0.105,0.105,Drew Hutchison
571841,3,2,1,0,1,0.5333333333333333,0.5333333333333333,34,S,0.3300970873786408,0.22330097087378642,0.0825242718446602,0.22815533980582525,0.35714285714285715,0.35714285714285715,0.105,0.28,0.105,0.105,0.105,0.105,Ty Kelly
571875,393,122,76,40,115,0.3286259541984733,0.3216629610359919,34,L,0.31237322515212984,0.19878296146044624,0.09837728194726167,0.2789046653144016,0.26666666666666666,0.288,0.11373946856772521,0.12832145171743356,0.09004550625711036,0.13257211538461539,0.16869747899159662,0.105,Jake Lamb
571912,628,189,123,53,174,0.2990445859872612,0.28232676569107035,33,R,0.30357142857142855,0.19917582417582416,0.08447802197802198,0.2699175824175824,0.22666666666666666,0.296,0.11330935251798561,0.14028776978417265,0.09649180327868853,0.14600000000000002,0.11536458333333333,0.105,Luke Maile
571918,25,6,3,3,9,0.23600000000000002,0.16163603999999998,32,R,0.304,0.2,0.092,0.252,0.28,0.28,0.12085308056872038,0.1895734597156398,0.11989247311827958,0.10833333333333334,0.14642857142857144,0.105,Deven Marrero
571927,2,0,0,0,1,0.0,0.048,30,R,0.3137254901960784,0.21568627450980393,0.08333333333333333,0.23039215686274508,0.2962962962962963,0.2962962962962963,0.0963302752293578,0.26605504587155965,0.0875,0.0984375,0.10161290322580645,0.105,Steven Matz
571945,9,1,0,1,5,0.07777777777777778,0.21496855555555555,33,R,0.30275229357798167,0.2018348623853211,0.0871559633027523,0.25229357798165136,0.2647058823529412,0.2647058823529412,0.14625850340136054,0.25170068027210885,0.15273972602739727,0.18636363636363637,0.10161290322580645,0.105,Miles Mikolas
571946,2,0,0,0,0,0.0,0.056,33,R,0.3137254901960784,0.21568627450980393,0.08333333333333333,0.22058823529411764,0.2962962962962963,0.2962962962962963,0.09813084112149532,0.2710280373831776,0.09264705882352942,0.105,0.09545454545454546,0.105,Shelby Miller
571948,2,1,0,1,1,0.35,0.3458585,30,L,0.3235294117647059,0.21568627450980393,0.09313725490196079,0.23039215686274508,0.3333333333333333,0.3333333333333333,0.10550458715596331,0.25688073394495414,0.08513513513513513,0.1296875,0.105,0.105,Hoby Milner
571970,2192,765,401,334,544,0.3560675182481752,0.36920288709197496,34,L,0.34773123909249565,0.18455497382198952,0.1494328097731239,0.24716404886561955,0.4,0.384,0.10126237893133094,0.10044618565676353,0.06721049264235444,0.13121617319325055,0.1498517420311342,0.105,Max Muncy
571976,1017,310,217,92,313,0.31066863323500493,0.2834139206762907,33,R,0.306177260519248,0.21396598030438674,0.08997314234556848,0.30035810205908686,0.24,0.248,0.13911392405063291,0.15012658227848102,0.09910194174757282,0.17965702757229318,0.19631043256997457,0.105,Wil Myers
571980,848,261,194,58,218,0.33237028301886795,0.32875514920345006,32,L,0.3090717299578059,0.22784810126582278,0.07014767932489452,0.25369198312236285,0.21333333333333335,0.24,0.13903659680950892,0.20269002189552707,0.126536312849162,0.1645385587863464,0.15023419203747074,0.105,Tyler Naquin
572008,190,56,33,22,65,0.28526315789473683,0.26047174992590844,32,R,0.30344827586206896,0.1896551724137931,0.10517241379310345,0.3017241379310345,0.25333333333333335,0.256,0.15287049399198932,0.17089452603471295,0.13878281622911695,0.16123853211009173,0.19754901960784313,0.105,Chris Owings
572039,352,98,68,26,100,0.28551136363636365,0.29173875678801925,33,R,0.28761061946902655,0.19911504424778761,0.07632743362831858,0.27101769911504425,0.26666666666666666,0.24,0.1680451127819549,0.19022556390977444,0.1440883190883191,0.17640845070422537,0.24036458333333333,0.105,Stephen Piscotty
572041,1180,362,276,77,233,0.3311864406779661,0.32843857167120266,36,R,0.3078125,0.2328125,0.066796875,0.199609375,0.22666666666666666,0.248,0.12189478811495373,0.1768144179249878,0.0925934803451582,0.16021394064872327,0.132174688057041,0.105,AJ Pollock
572070,5,1,1,0,2,0.25,0.1718,33,R,0.3142857142857143,0.21904761904761905,0.08095238095238096,0.23333333333333334,0.3,0.3,0.12601626016260162,0.2520325203252033,0.10957446808510639,0.1757142857142857,0.10161290322580645,0.105,Garrett Richards
572122,670,191,128,59,161,0.3169402985074627,0.31982922610257375,34,L,0.2896103896103896,0.19480519480519481,0.08766233766233766,0.2383116883116883,0.26666666666666666,0.28,0.136586284853052,0.15900527505651846,0.07900398406374502,0.19971815107102595,0.16962151394422312,0.105,Kyle Seager
572125,1,0,0,0,1,0.0,0.0,31,R,0.31683168316831684,0.21782178217821782,0.08415841584158416,0.23267326732673269,0.3076923076923077,0.3076923076923077,0.10194174757281553,0.2718446601941748,0.09545454545454546,0.105,0.105,0.105,Sam Selman
572138,547,170,104,66,142,0.3087751371115174,0.3119007951312162,33,L,0.312210200927357,0.1947449768160742,0.1151468315301391,0.2542503863987635,0.3333333333333333,0.336,0.11077981651376147,0.12706422018348623,0.06473451327433628,0.16017080745341616,0.1619949494949495,0.105,Jon Singleton
572191,1740,504,369,123,506,0.29968390804597705,0.2966281107419945,33,R,0.29130434782608694,0.2125,0.07146739130434783,0.2872282608695652,0.24,0.264,0.1552205882352941,0.16205882352941176,0.11901165871754106,0.19874449339207048,0.20663538873994639,0.105,Michael A. Taylor
572204,542,174,95,74,211,0.3229704797047971,0.32557534784831493,33,R,0.32087227414330216,0.1822429906542056,0.12850467289719625,0.3637071651090343,0.29333333333333333,0.272,0.14759427828348504,0.12136974425661032,0.1290234375,0.15695945945945947,0.209927797833935,0.105,Trayce Thompson
572228,947,294,192,85,304,0.3204857444561774,0.3329867697162094,33,R,0.3113658070678128,0.2043935052531041,0.08930276981852914,0.3118433619866285,0.29333333333333333,0.296,0.19149229074889867,0.1665748898678414,0.15815582959641256,0.22422720247295208,0.2245404411764706,0.105,Luke Voit
572233,2476,820,546,243,523,0.3473747980613893,0.3495764469526381,33,R,0.3307453416149068,0.2204968944099379,0.09763198757763975,0.21176242236024845,0.26666666666666666,0.312,0.11658448223810003,0.12971721847640133,0.0921796256299496,0.1453086034912718,0.1541738382099828,0.10161290322580645,Christian Walker
572287,689,186,119,57,265,0.31502177068214804,0.3102654463463684,32,R,0.27629911280101394,0.17870722433460076,0.08301647655259822,0.3643852978453739,0.25333333333333335,0.224,0.17863490934944898,0.16530394596516174,0.14760071090047394,0.21844602609727165,0.2505514705882353,0.105,Mike Zunino
572365,22,9,3,6,7,0.32954545454545453,0.32954545454545453,34,L,0.3360655737704918,0.20491803278688525,0.11885245901639344,0.24180327868852458,0.3617021276595745,0.3617021276595745,0.10150375939849623,0.2330827067669173,0.11195652173913044,0.10121951219512196,0.0875,0.105,Ryan Goins
572761,862,285,156,114,247,0.32592807424593967,0.3214850966243279,39,L,0.3295218295218295,0.18503118503118504,0.12733887733887733,0.2801455301455301,0.30666666666666664,0.328,0.10215343203230148,0.09609690444145357,0.0796671490593343,0.13232758620689655,0.1278061224489796,0.105,Matt Carpenter
572816,869,268,214,49,151,0.3100690448791715,0.29595145355557506,34,L,0.30959752321981426,0.2435500515995872,0.05933952528379773,0.17905056759545923,0.30666666666666664,0.28,0.1178517397881997,0.20302571860816945,0.09893194237456533,0.14470672389127326,0.1512006861063465,0.105,Corey Dickerson
572863,100,27,21,4,26,0.34,0.3201511499353057,35,R,0.295,0.215,0.0625,0.2425,0.28,0.28,0.12523540489642185,0.15819209039548024,0.1194055944055944,0.1403030303030303,0.11642857142857144,0.105,Dustin Garneau
572971,2,0,0,0,1,0.0,0.022,33,L,0.3137254901960784,0.21568627450980393,0.08333333333333333,0.23039215686274508,0.2962962962962963,0.2962962962962963,0.10550458715596331,0.25688073394495414,0.0875,0.12575757575757576,0.105,0.105,Dallas Keuchel
573131,817,273,158,105,225,0.3364137086903305,0.3409974255552762,37,R,0.3326063249727372,0.19629225736095965,0.123773173391494,0.26990185387131954,0.32,0.32,0.09419039401783147,0.11504170261719873,0.07511950286806883,0.12090818363273453,0.12908847184986594,0.105,Darin Ruf
573186,55,9,5,4,24,0.1781818181818182,0.15645214545454544,30,R,0.2645161290322581,0.17419354838709677,0.08064516129032258,0.3,0.21333333333333335,0.2125,0.16366906474820145,0.19784172661870503,0.1194078947368421,0.2548192771084337,0.15606060606060607,0.105,Marcus Stroman
573262,2007,623,396,203,513,0.32498754359740906,0.3156786470925297,34,L,0.31086853345989557,0.19838633127669672,0.1003796867584243,0.2541528239202658,0.26666666666666666,0.296,0.09615384615384616,0.11317276972229048,0.08165147339410642,0.12086785870039249,0.1065742397137746,0.105,Mike Yastrzemski
573669,11,1,1,0,5,0.14545454545454548,0.14545454545454548,31,R,0.2972972972972973,0.2072072072072072,0.07657657657657657,0.24774774774774774,0.25,0.25,0.105,0.28,0.105,0.105,0.105,0.105,Aderlin Rodríguez
575929,1893,678,410,204,468,0.36806656101426305,0.3663307708665092,32,R,0.3562468640240843,0.21675865529352734,0.10662318113396889,0.24611138986452585,0.36,0.352,0.14475839475839475,0.16093366093366093,0.10729191943702984,0.18635764499121266,0.2101741022850925,0.105,Willson Contreras
578428,1380,454,376,55,189,0.32565217391304346,0.2949387799672528,34,R,0.32837837837837835,0.2689189189189189,0.042905405405405404,0.14290540540540542,0.28,0.344,0.08162267839687194,0.2172043010752688,0.04724692202462381,0.12368913857677903,0.13842832469775476,0.105,Jose Iglesias
578570,37,7,5,2,9,0.16891891891891891,0.21843500831600832,31,S,0.2846715328467153,0.19708029197080293,0.07664233576642336,0.22992700729927007,0.24193548387096775,0.24193548387096775,0.10681818181818181,0.20454545454545456,0.07912621359223301,0.16339285714285715,0.10098039215686275,0.105,Juniel Querecuto
579328,2,0,0,0,2,0.0,0.0,30,L,0.3137254901960784,0.21568627450980393,0.08333333333333333,0.24019607843137256,0.2962962962962963,0.2962962962962963,0.10454545454545454,0.26363636363636367,0.10641025641025642,0.10161290322580645,0.105,0.105,Yusei Kikuchi
588751,1,0,0,0,0,0.0,0.0,34,R,0.31683168316831684,0.21782178217821782,0.08415841584158416,0.22277227722772278,0.3076923076923077,0.3076923076923077,0.105,0.28,0.105,0.105,0.105,0.105,Adeiny Hechavarría
591720,354,101,80,20,44,0.2879943502824859,0.25858923571631715,30,R,0.29295154185022027,0.22466960352422907,0.06277533039647577,0.14647577092511013,0.28,0.248,0.07308845577211394,0.1671664167916042,0.0644167758846658,0.07930622009569378,0.09895104895104895,0.105,Ronald Torreyes
591971,96,30,22,8,12,0.29791666666666666,0.2844301617063492,29,S,0.3163265306122449,0.22448979591836735,0.08418367346938775,0.1760204081632653,0.3466666666666667,0.3140495867768595,0.040117416829745595,0.12524461839530332,0.023366013071895425,0.0684873949579832,0.05460526315789474,0.105,Breyvic Valera
592144,64,17,15,2,14,0.2578125,0.2156875,33,R,0.29878048780487804,0.22560975609756098,0.06402439024390244,0.2225609756097561,0.29333333333333333,0.2808988764044944,0.12385321100917432,0.1834862385321101,0.1285234899328859,0.1125,0.13583333333333333,0.105,Wynton Bernard
592178,1340,463,308,128,299,0.35492537313432837,0.33569309214998,32,R,0.34375,0.22916666666666666,0.09479166666666666,0.2232638888888889,0.3466666666666667,0.344,0.12068634969325154,0.1411042944785276,0.0754982206405694,0.1675766871165644,0.1868798955613577,0.105,Kris Bryant
592192,2239,787,471,229,419,0.3398838767306833,0.3184607962356101,35,R,0.35014963659683623,0.21077383497221033,0.10153911928174433,0.18875587858059,0.36,0.36,0.08033432708688246,0.11797274275979557,0.07570951585976628,0.08316623544631306,0.09805339265850946,0.105,Mark Canha
592200,656,204,116,78,166,0.2947408536585366,0.2880367786935662,36,R,0.31216931216931215,0.18253968253968253,0.11441798941798942,0.24933862433862433,0.28,0.272,0.11100676183320811,0.10969196093163035,0.08829715061058345,0.1371628910463862,0.14800796812749004,0.105,Curt Casali
592205,20,4,2,2,7,0.16,0.16,33,R,0.3,0.2,0.0875,0.24583333333333332,0.26666666666666666,0.26666666666666666,0.15185185185185185,0.25925925925925924,0.15980392156862747,0.13205128205128205,0.1757142857142857,0.105,Ryan Casteel
592206,2691,859,675,160,627,0.3450947603121516,0.33481461843178484,32,R,0.319240415621641,0.2497312791114296,0.06037262629881763,0.23271228950197062,0.4266666666666667,0.376,0.17144448946515398,0.20897487844408427,0.09931922915793882,0.23962339743589742,0.2382068452380952,0.105,Nick Castellanos
592254,4,1,1,0,2,0.225,0.20675000000000002,29,R,0.3173076923076923,0.22115384615384615,0.08173076923076923,0.23557692307692307,0.3103448275862069,0.3103448275862069,0.1134453781512605,0.2521008403361345,0.10121951219512196,0.1355263157894737,0.105,0.105,José De León
592256,8,4,3,1,3,0.5125,0.5125,30,L,0.3333333333333333,0.23148148148148148,0.08796296296296297,0.2361111111111111,0.36363636363636365,0.36363636363636365,0.13414634146341464,0.23577235772357727,0.18522727272727274,0.1338709677419355,0.08289473684210526,0.105,Kellin Deglan
592261,70,26,16,10,15,0.3771428571428571,0.3287242773651753,31,R,0.3411764705882353,0.2235294117647059,0.10882352941176471,0.22058823529411764,0.38666666666666666,0.35789473684210527,0.09274193548387097,0.12096774193548387,0.0661214953271028,0.12272727272727273,0.14591836734693878,0.105,Delino DeShields
592273,1641,495,372,100,398,0.32989031078610603,0.30844487708141827,32,R,0.30269959793222284,0.22630672027570362,0.06232050545663412,0.2415278575531304,0.24,0.24,0.11312181122448979,0.1602359693877551,0.09573307218802461,0.13619704902427415,0.13654173764906305,0.105,Brandon Drury
592314,2,0,0,0,2,0.0,0.0,30,R,0.3137254901960784,0.21568627450980393,0.08333333333333333,0.24019607843137256,0.2962962962962963,0.2962962962962963,0.14351851851851852,0.2777777777777778,0.19861111111111113,0.1296875,0.105,0.105,Mike Foltynewicz
592325,978,328,203,119,242,0.32407975460122695,0.31981587445283016,32,L,0.3339517625231911,0.20871985157699444,0.11827458256029684,0.2453617810760668,0.3333333333333333,0.368,0.10427199191102124,0.12007077856420627,0.053591033851784084,0.15070859167404785,0.1967511885895404,0.105,Ben Gamel
592332,59,12,10,2,33,0.19152542372881357,0.11739718644067795,30,L,0.27672955974842767,0.20125786163522014,0.0660377358490566,0.3490566037735849,0.26666666666666666,0.23809523809523808,0.1618075801749271,0.18658892128279883,0.1232142857142857,0.248876404494382,0.16979166666666667,0.105,Kevin Gausman
592346,32,6,5,1,16,0.2015625,0.16088238221153844,29,R,0.2878787878787879,0.20454545454545456,0.07196969696969698,0.2916666666666667,0.24561403508771928,0.24561403508771928,0.1359447004608295,0.20276497695852536,0.09867256637168142,0.2246031746031746,0.10161290322580645,0.105,Chi Chi González
592348,449,121,77,40,165,0.27216035634743874,0.2870887058072542,32,S,0.2786885245901639,0.18032786885245902,0.0883424408014572,0.34153005464480873,0.28,0.24,0.16560678325384207,0.1489136195018548,0.13766430738119312,0.19346076458752517,0.2024296675191816,0.105,Niko Goodrum
592351,47,5,5,0,32,0.09574468085106383,0.09625531914893617,30,R,0.25170068027210885,0.1836734693877551,0.05782312925170068,0.3707482993197279,0.18055555555555555,0.18055555555555555,0.16385135135135134,0.18243243243243243,0.14018987341772152,0.2331578947368421,0.09545454545454546,0.105,Jon Gray
592387,9,2,1,1,3,0.21666666666666667,0.21666666666666667,30,R,0.3119266055045872,0.21100917431192662,0.0871559633027523,0.23394495412844038,0.29411764705882354,0.29411764705882354,0.13551401869158877,0.308411214953271,0.1296875,0.1757142857142857,0.105,0.105,Ryon Healy
592390,1,0,0,0,1,0.0,0.0,32,R,0.31683168316831684,0.21782178217821782,0.08415841584158416,0.23267326732673269,0.3076923076923077,0.3076923076923077,0.11165048543689321,0.2718446601941748,0.0984375,0.1338709677419355,0.105,0.105,Heath Hembree
592407,34,9,6,1,15,0.24117647058823527,0.1939918781512605,34,R,0.30597014925373134,0.208955223880597,0.0708955223880597,0.2798507462686567,0.288135593220339,0.288135593220339,0.16735537190082644,0.19421487603305784,0.17076271186440678,0.15486111111111112,0.19404761904761905,0.105,Bryan Holaday
592419,3,0,0,0,1,0.0,0.044000000000000004,32,L,0.3106796116504854,0.21359223300970873,0.0825242718446602,0.22815533980582525,0.2857142857142857,0.2857142857142857,0.11261261261261261,0.2792792792792793,0.13205128205128205,0.10161290322580645,0.10161290322580645,0.105,Jared Hoying
592444,128,29,22,6,48,0.24375,0.25449216158128296,30,R,0.2675438596491228,0.19298245614035087,0.06359649122807018,0.3092105263157895,0.29333333333333333,0.256,0.1613861386138614,0.19405940594059407,0.1476890756302521,0.18559782608695652,0.15273972602739727,0.105,JaCoby Jones
592450,2670,1101,652,427,686,0.43803370786516854,0.4540382914996793,32,R,0.4090252707581227,0.24332129963898916,0.1572202166064982,0.2557761732851986,0.3466666666666667,0.384,0.12405913978494623,0.11774193548387096,0.08988439306358381,0.15331477061787324,0.17494011976047902,0.105,Aaron Judge
592518,2653,894,660,228,502,0.359310214851112,0.3487439422462666,32,R,0.33636033418089356,0.24772974936432982,0.08590628405375954,0.19051943334544133,0.26666666666666666,0.28,0.11331895666461286,0.15639761758061205,0.08059558951206806,0.16558463630183548,0.14717624148003897,0.105,Manny Machado
592530,122,32,17,15,39,0.26639344262295084,0.2844384124751175,28,L,0.2882882882882883,0.17567567567567569,0.10585585585585586,0.27702702702702703,0.26666666666666666,0.264,0.12262658227848101,0.16455696202531644,0.09952076677316293,0.15292397660818713,0.13876811594202898,0.105,José Marmolejos
592567,537,171,114,54,131,0.3128491620111732,0.31198438470663126,31,L,0.31868131868131866,0.21350078492935637,0.09811616954474098,0.24097331240188383,0.32,0.32,0.11722606120434353,0.17472852912142153,0.10038560411311054,0.15441729323308273,0.11719242902208202,0.105,Colin Moran
592622,65,15,9,6,14,0.2169230769230769,0.22085246153846155,33,L,0.28484848484848485,0.18787878787878787,0.08787878787878788,0.22121212121212122,0.26666666666666666,0.25555555555555554,0.09878419452887538,0.2006079027355623,0.084375,0.10210084033613445,0.12767857142857145,0.105,Mark Payton
592626,1883,650,410,197,440,0.3544078597981944,0.3536446824219463,32,L,0.34392334846192635,0.2178517397881997,0.10363086232980333,0.23323247604639435,0.3333333333333333,0.368,0.10727587124235169,0.16254322958233572,0.08434484509903503,0.13616294947655894,0.12683903860160234,0.105,Joc Pederson
592637,5,3,2,1,1,0.79,0.79,31,R,0.3333333333333333,0.22857142857142856,0.09047619047619047,0.22380952380952382,0.36666666666666664,0.36666666666666664,0.0942622950819672,0.26229508196721313,0.0715909090909091,0.10921052631578948,0.105,0.105,D.J. Peterson
592656,156,49,33,15,34,0.29903846153846153,0.30089978555398084,31,S,0.31640625,0.21484375,0.091796875,0.220703125,0.32,0.336,0.11292834890965732,0.1822429906542056,0.08941717791411043,0.12803468208092486,0.15150375939849622,0.105,Henry Ramos
592660,12,2,1,1,3,0.1625,0.1625,31,R,0.30357142857142855,0.20535714285714285,0.08482142857142858,0.22767857142857142,0.2702702702702703,0.2702702702702703,0.1,0.2666666666666667,0.09545454545454546,0.10161290322580645,0.10161290322580645,0.105,Rangel Ravelo
592662,4,0,0,0,1,0.0,0.10149999999999999,30,L,0.3076923076923077,0.21153846153846154,0.08173076923076923,0.22596153846153846,0.27586206896551724,0.27586206896551724,0.13636363636363635,0.25619834710743805,0.17340425531914894,0.12205882352941178,0.105,0.105,Robbie Ray
592663,2259,742,535,165,547,0.34763169544046035,0.33789232204107333,33,R,0.3281051292920729,0.23611699872827469,0.07354811360746079,0.2414158541754981,0.32,0.328,0.11971040520821641,0.15501178583454933,0.10130646141381405,0.13347093791281373,0.1725374732334047,0.105,J.T. Realmuto
592669,2185,671,482,179,489,0.3323340961098398,0.31489971721883,32,R,0.30765864332603937,0.22056892778993437,0.08205689277899343,0.22385120350109408,0.21333333333333335,0.248,0.11362002874940105,0.16339242932438908,0.0715919384057971,0.1680472388556221,0.1377183406113537,0.105,Hunter Renfroe
592696,1659,469,360,107,358,0.3022302591922845,0.30012923389047086,33,L,0.2848209209778283,0.21716884593519045,0.0656623081296191,0.21631608868675384,0.2,0.208,0.13535637506201423,0.20820241442037374,0.11651569071497897,0.15735373054213633,0.1517097966728281,0.10161290322580645,Eddie Rosario
592714,5,2,2,0,3,0.43,0.43,31,L,0.3238095238095238,0.22857142857142856,0.08095238095238096,0.24285714285714285,0.3333333333333333,0.3333333333333333,0.105,0.28,0.105,0.105,0.105,0.105,Josh Sale
592716,7,0,0,0,7,0.0,0.0,30,R,0.29906542056074764,0.205607476635514,0.0794392523364486,0.2757009345794392,0.25,0.25,0.13028169014084506,0.2535211267605634,0.14296875,0.11527777777777778,0.1296875,0.105,Adrian Sampson
592717,10,0,0,0,7,0.0,0.0546,29,R,0.2909090909090909,0.2,0.07727272727272727,0.2681818181818182,0.22857142857142856,0.22857142857142856,0.15579710144927536,0.2173913043478261,0.15377358490566037,0.17439024390243904,0.15147058823529413,0.105,Aaron Sanchez
592743,532,148,106,39,75,0.2544172932330827,0.25710248613335923,33,R,0.2848101265822785,0.20253164556962025,0.07515822784810126,0.15427215189873417,0.26666666666666666,0.264,0.07321253672869736,0.15621939275220373,0.04368888888888889,0.11561538461538462,0.09396887159533074,0.105,Andrelton Simmons
592761,24,4,2,1,14,0.14791666666666667,0.1527527361111111,30,R,0.2903225806451613,0.1935483870967742,0.07661290322580645,0.29435483870967744,0.24489795918367346,0.24489795918367346,0.1096938775510204,0.1989795918367347,0.050490196078431374,0.183,0.1808823529411765,0.105,Caleb Smith
592767,42,3,3,0,19,0.0642857142857143,0.08561904761904762,32,L,0.24647887323943662,0.176056338028169,0.05985915492957746,0.29225352112676056,0.16417910447761194,0.16417910447761194,0.1279527559055118,0.1968503937007874,0.11510067114093958,0.14051724137931035,0.16621621621621624,0.105,Drew Smyly
592791,2,1,0,1,0,0.35,0.36385850000000003,30,R,0.3235294117647059,0.21568627450980393,0.09313725490196079,0.22058823529411764,0.3333333333333333,0.3333333333333333,0.09813084112149532,0.26168224299065423,0.08513513513513513,0.105,0.105,0.105,Jameson Taillon
592826,25,4,2,2,9,0.128,0.23635958222222223,29,R,0.288,0.192,0.084,0.252,0.24,0.24,0.11597938144329897,0.23195876288659795,0.11404494382022472,0.11721311475409836,0.12205882352941178,0.105,Vince Velasquez
592836,49,7,5,1,29,0.12040816326530612,0.1340744693877551,29,S,0.26174496644295303,0.18120805369127516,0.06375838926174497,0.34563758389261745,0.20270270270270271,0.20270270270270271,0.1523972602739726,0.18493150684931506,0.13644067796610168,0.21824324324324323,0.10161290322580645,0.105,Taijuan Walker
592859,76,16,12,3,30,0.19276315789473686,0.18707508390293914,29,S,0.2727272727272727,0.19318181818181818,0.06534090909090909,0.29829545454545453,0.21333333333333335,0.2376237623762376,0.14267352185089974,0.17994858611825193,0.09341463414634146,0.21839622641509432,0.1786764705882353,0.105,Stevie Wilkerson
592863,37,11,7,4,9,0.27702702702702703,0.25695466097131614,30,L,0.31386861313868614,0.2116788321167883,0.09124087591240876,0.22992700729927007,0.3064516129032258,0.3064516129032258,0.1206140350877193,0.19736842105263158,0.12863636363636363,0.13656716417910447,0.07682926829268293,0.105,Mason Williams
592866,26,6,5,1,9,0.2,0.12660449999999998,29,R,0.30158730158730157,0.21428571428571427,0.07539682539682539,0.25,0.27450980392156865,0.27450980392156865,0.07894736842105263,0.1674641148325359,0.060294117647058824,0.09461538461538462,0.0984375,0.105,Trevor Williams
592885,2190,806,507,286,498,0.3555022831050228,0.3483531741057793,33,L,0.36593886462882097,0.23100436681222708,0.12860262008733625,0.22729257641921397,0.37333333333333335,0.392,0.10062217194570136,0.12183257918552036,0.06957598573409945,0.14416003033750474,0.13712914485165795,0.105,Christian Yelich
593160,2271,716,549,156,352,0.31516952884191984,0.2997601824919768,35,R,0.3154787009700548,0.24082665541965415,0.06938000843525939,0.15795023196963306,0.29333333333333333,0.328,0.08709791863765373,0.14936140018921476,0.06096130094689172,0.1191277596815056,0.13367718446601942,0.10161290322580645,Whit Merrifield
593334,2,0,0,0,2,0.0,0.0,29,R,0.3137254901960784,0.21568627450980393,0.08333333333333333,0.24019607843137256,0.2962962962962963,0.2962962962962963,0.11467889908256881,0.26605504587155965,0.1391891891891892,0.0984375,0.105,0.105,Domingo Germán
593372,24,2,2,0,15,0.08958333333333333,0.10754166666666666,30,R,0.27419354838709675,0.1935483870967742,0.06854838709677419,0.3024193548387097,0.20408163265306123,0.20408163265306123,0.1484375,0.25,0.06688311688311689,0.2659722222222222,0.09545454545454546,0.105,Carlos Martinez
593423,4,0,0,0,3,0.0,0.027,28,R,0.3076923076923077,0.21153846153846154,0.08173076923076923,0.24519230769230768,0.27586206896551724,0.27586206896551724,0.11739130434782609,0.26086956521739135,0.13977272727272727,0.10161290322580645,0.105,0.105,Frankie Montas
593428,2487,872,635,212,443,0.35474467229593887,0.3267368686709978,32,R,0.34943950521839967,0.25396211828372633,0.08523386161577116,0.17993815229996135,0.29333333333333333,0.272,0.09051898222940226,0.14287156704361875,0.05598796937659496,0.12500784929356357,0.15547833197056418,0.105,Xander Bogaerts
593528,20,3,1,2,9,0.11499999999999999,0.11866585,30,R,0.2916666666666667,0.19166666666666668,0.0875,0.2625,0.24444444444444444,0.24444444444444444,0.1525974025974026,0.2597402597402597,0.11181818181818183,0.203,0.15769230769230771,0.105,Jorge Bonifacio
593576,1,0,0,0,1,0.0,0.0,32,R,0.31683168316831684,0.21782178217821782,0.08415841584158416,0.23267326732673269,0.3076923076923077,0.3076923076923077,0.11165048543689321,0.2718446601941748,0.12575757575757576,0.105,0.105,0.105,Héctor Neris
593590,80,24,16,8,16,0.2975,0.25383502154088056,32,R,0.3111111111111111,0.2111111111111111,0.09166666666666666,0.21388888888888888,0.30666666666666664,0.3047619047619048,0.09740259740259741,0.2,0.06352657004830918,0.14291666666666666,0.12812500000000002,0.105,Webster Rivas
593643,547,157,136,12,69,0.30923217550274223,0.28578632202809695,31,R,0.2921174652241113,0.24420401854714066,0.03168469860896445,0.14142194744976816,0.26666666666666666,0.296,0.1163915765509391,0.25156516789982925,0.06910046728971962,0.1773510971786834,0.12312252964426877,0.105,Hanser Alberto
593833,1,0,0,0,0,0.0,0.042,30,R,0.31683168316831684,0.21782178217821782,0.08415841584158416,0.22277227722772278,0.3076923076923077,0.3076923076923077,0.10294117647058823,0.27450980392156865,0.0984375,0.105,0.105,0.105,Wander Suero
593871,1988,643,428,201,462,0.3362424547283702,0.34138009721834467,31,S,0.3232758620689655,0.21551724137931033,0.1003352490421456,0.23204022988505746,0.3333333333333333,0.28,0.10211790933861778,0.14057468417141442,0.07707122093023255,0.12484622144112477,0.13322289156626507,0.105,Jorge Polanco
593934,762,231,140,85,266,0.32316272965879267,0.32669021329040654,31,R,0.3051044083526682,0.18793503480278423,0.10846867749419954,0.33468677494199534,0.25333333333333335,0.296,0.1531062756228319,0.1390728476821192,0.09211656441717792,0.2203996282527881,0.21351648351648353,0.105,Miguel Sanó
593958,6,0,0,0,3,0.0,0.02716666666666667,28,L,0.3018867924528302,0.20754716981132076,0.08018867924528301,0.24056603773584906,0.25806451612903225,0.25806451612903225,0.13478260869565217,0.28695652173913044,0.10375000000000001,0.2042857142857143,0.105,0.105,Eduardo Rodriguez
593993,11,4,2,1,2,0.40454545454545454,0.40454545454545454,31,R,0.32432432432432434,0.21621621621621623,0.08558558558558559,0.22072072072072071,0.3333333333333333,0.3333333333333333,0.0963302752293578,0.25688073394495414,0.09264705882352942,0.09,0.105,0.105,José Briceño
594311,2,0,0,0,2,0.0,0.0,29,R,0.3137254901960784,0.21568627450980393,0.08333333333333333,0.24019607843137256,0.2962962962962963,0.2962962962962963,0.0963302752293578,0.25688073394495414,0.09,0.09264705882352942,0.105,0.105,Jandel Gustave
594694,260,83,62,21,60,0.32019230769230766,0.2759356209526316,31,S,0.3194444444444444,0.23333333333333334,0.08194444444444444,0.22916666666666666,0.26666666666666666,0.32,0.13239308462238397,0.1483166515013649,0.11439522998296424,0.14517684887459806,0.16832460732984292,0.105,Wilmer Difo
594777,824,226,156,61,227,0.2819781553398058,0.2984393001861833,36,L,0.2792207792207792,0.19264069264069264,0.07521645021645022,0.270021645021645,0.22666666666666666,0.248,0.15925239419215323,0.16249613839975285,0.10037463976945245,0.21255081300813009,0.2586785009861933,0.10161290322580645,Kole Calhoun
594798,33,12,12,0,9,0.3378787878787879,0.27254545454545454,33,L,0.3308270676691729,0.2556390977443609,0.06390977443609022,0.23684210526315788,0.3448275862068966,0.3448275862068966,0.16584158415841585,0.22277227722772278,0.19742268041237113,0.13583333333333333,0.14714285714285716,0.105,Jacob deGrom
594807,1684,473,345,107,517,0.3201009501187648,0.3114581053695072,36,R,0.2830717488789238,0.20571748878923768,0.06474215246636772,0.3024103139013453,0.25333333333333335,0.256,0.134090187361067,0.17719911082883455,0.09503330437300897,0.19131336405529953,0.15060150375939851,0.105,Adam Duvall
594809,284,80,51,22,71,0.2830985915492958,0.27756996323040944,33,L,0.2916666666666667,0.19010416666666666,0.07942708333333333,0.24348958333333334,0.24,0.264,0.1070859872611465,0.16401273885350318,0.0759810554803789,0.17213855421686747,0.11514285714285713,0.105,Adam Eaton
594835,4,0,0,0,2,0.0,0.18625,29,L,0.3076923076923077,0.21153846153846154,0.08173076923076923,0.23557692307692307,0.27586206896551724,0.27586206896551724,0.09829059829059829,0.2478632478632479,0.07875,0.11527777777777778,0.10161290322580645,0.105,Marco Gonzales
594838,458,132,102,26,107,0.2851528384279476,0.27402642558867263,34,R,0.2939068100358423,0.2222222222222222,0.06182795698924731,0.23207885304659498,0.18666666666666668,0.208,0.09294181034482758,0.17456896551724138,0.06288022813688214,0.13900900900900903,0.11778242677824267,0.105,Phil Gosselin
594953,48,17,9,7,9,0.3333333333333333,0.3333333333333333,32,L,0.3310810810810811,0.20945945945945946,0.10472972972972973,0.21283783783783783,0.3424657534246575,0.3424657534246575,0.09898477157360407,0.20812182741116753,0.09157303370786517,0.11181818181818183,0.09651162790697675,0.105,Daniel Palka
594965,5,0,0,0,5,0.0,0.0,29,R,0.3047619047619048,0.20952380952380953,0.08095238095238096,0.2619047619047619,0.26666666666666666,0.26666666666666666,0.12083333333333333,0.2416666666666667,0.1366666666666667,0.11857142857142858,0.105,0.105,Daniel Ponce de Leon
594986,2,0,0,0,0,0.0,0.2015,30,L,0.3137254901960784,0.21568627450980393,0.08333333333333333,0.22058823529411764,0.2962962962962963,0.2962962962962963,0.10964912280701754,0.2543859649122807,0.12261904761904763,0.105,0.0984375,0.105,Kyle Ryan
594988,55,10,9,0,24,0.18545454545454546,0.1842137529137529,32,L,0.2709677419354839,0.2,0.054838709677419356,0.3,0.21333333333333335,0.225,0.1956521739130435,0.21739130434782608,0.1926086956521739,0.25187499999999996,0.12812500000000002,0.105,Scott Schebler
595191,5,2,2,0,0,0.36,0.1986,31,R,0.3238095238095238,0.22857142857142856,0.08095238095238096,0.21428571428571427,0.3333333333333333,0.3333333333333333,0.10869565217391304,0.24347826086956526,0.07875,0.14714285714285716,0.105,0.105,Jerad Eickhoff
595281,1370,409,302,95,356,0.31120437956204383,0.28513599505605547,34,S,0.3,0.22040816326530613,0.07040816326530612,0.2574829931972789,0.26666666666666666,0.264,0.15186108979278587,0.15061396776669225,0.11965088143795367,0.21073619631901838,0.16051068883610453,0.105,Kevin Kiermaier
595284,242,56,35,18,84,0.22004132231404958,0.25146427881828914,33,S,0.2573099415204678,0.16666666666666666,0.07748538011695906,0.31140350877192985,0.29333333333333333,0.264,0.17601246105919002,0.19730010384215993,0.18518850987432675,0.1608225108225108,0.1706060606060606,0.105,Andrew Knapp
595345,2,0,0,0,1,0.0,0.126,30,L,0.3137254901960784,0.21568627450980393,0.08333333333333333,0.23039215686274508,0.2962962962962963,0.2962962962962963,0.125,0.2592592592592593,0.1618421052631579,0.105,0.105,0.105,Steven Okert
595375,11,3,3,0,2,0.24545454545454548,0.2515454545454545,31,L,0.3153153153153153,0.22522522522522523,0.07657657657657657,0.22072072072072071,0.3055555555555556,0.3055555555555556,0.11397058823529412,0.25,0.12551020408163266,0.09880952380952382,0.11857142857142858,0.105,JT Riddle
595453,303,77,51,25,107,0.264026402640264,0.2660764560050894,33,R,0.2704714640198511,0.18114143920595532,0.08312655086848635,0.3213399503722084,0.24,0.216,0.16060371517027863,0.163312693498452,0.14221374045801527,0.16031578947368422,0.2444078947368421,0.105,Chad Wallach
595465,1,0,0,0,0,0.0,0.267,31,R,0.31683168316831684,0.21782178217821782,0.08415841584158416,0.22277227722772278,0.3076923076923077,0.3076923076923077,0.10396039603960396,0.28712871287128716,0.10161290322580645,0.105,0.105,0.105,Dan Winkler
595751,683,196,158,25,228,0.3055636896046852,0.3082393999165014,31,R,0.29118773946360155,0.22988505747126436,0.042784163473818644,0.31992337164750956,0.28,0.248,0.19553644553644553,0.24078624078624078,0.15407774390243903,0.2519230769230769,0.22279693486590038,0.10161290322580645,Jorge Alfaro
595777,2369,811,512,265,374,0.33161671591388775,0.32472757652597684,31,S,0.34143377885783716,0.21628189550425272,0.11077359254759012,0.16059133252328878,0.28,0.336,0.07636492794804141,0.1177186929165821,0.05361690838344534,0.110003885003885,0.10219678217821783,0.105,Jurickson Profar
595798,1,0,0,0,1,0.0,0.0,30,R,0.31683168316831684,0.21782178217821782,0.08415841584158416,0.23267326732673269,0.3076923076923077,0.3076923076923077,0.1,0.2666666666666667,0.09,0.105,0.105,0.105,R.J. Alaniz
595879,2051,566,444,90,537,0.3035592393954169,0.2897725144727413,32,S,0.2780102278010228,0.21664342166434217,0.04579265457926546,0.2601115760111576,0.29333333333333333,0.256,0.1825132978723404,0.2634308510638298,0.12851551956815113,0.24464410327983252,0.20676251331203407,0.105,Javier Báez
595885,28,11,6,5,5,0.4089285714285714,0.4089285714285714,30,L,0.3359375,0.21875,0.10546875,0.21484375,0.3584905660377358,0.3584905660377358,0.11141304347826086,0.19021739130434784,0.10866666666666668,0.10081967213114755,0.1355263157894737,0.105,Greg Bird
595909,981,275,212,58,290,0.29811416921508666,0.2898515158129178,32,L,0.2839962997224792,0.21646623496762257,0.061517113783533764,0.28908418131359853,0.25333333333333335,0.288,0.1346252566735113,0.15143737166324436,0.09711305191654537,0.16122704507512522,0.20757575757575758,0.105,Jake Cave
595928,5,0,0,0,3,0.0,0.0502,28,R,0.3047619047619048,0.20952380952380953,0.08095238095238096,0.24285714285714285,0.26666666666666666,0.26666666666666666,0.15086206896551724,0.29310344827586204,0.20333333333333334,0.1338709677419355,0.105,0.105,John Curtiss
595943,293,90,55,29,59,0.30000000000000004,0.31738030957798363,32,R,0.3104325699745547,0.19592875318066158,0.09541984732824428,0.20737913486005088,0.30666666666666664,0.336,0.10009057971014493,0.15489130434782608,0.07413793103448275,0.13232189973614775,0.13349056603773585,0.105,Phillip Evans
595956,360,84,66,17,88,0.2351388888888889,0.2316259073661451,32,R,0.25217391304347825,0.19130434782608696,0.05543478260869565,0.24021739130434783,0.18666666666666668,0.192,0.09143075745983167,0.15608263198163733,0.07503225806451613,0.1181704260651629,0.10691056910569106,0.105,Cam Gallagher
595978,1063,245,166,67,288,0.22751646284101598,0.23336552268155236,32,R,0.23817712811693895,0.16165090283748926,0.0649183147033534,0.26698194325021496,0.24,0.248,0.1405864958107442,0.15845243962543124,0.11392857142857142,0.18349550898203593,0.16009036144578312,0.105,Austin Hedges
595981,34,7,3,3,15,0.2264705882352941,0.19861222229822165,29,R,0.291044776119403,0.1865671641791045,0.08582089552238806,0.2798507462686567,0.2542372881355932,0.2542372881355932,0.1524390243902439,0.21951219512195122,0.07616822429906542,0.21987179487179484,0.21862745098039216,0.105,Scott Heineman
596001,1,0,0,0,1,0.0,0.0,29,R,0.31683168316831684,0.21782178217821782,0.08415841584158416,0.23267326732673269,0.3076923076923077,0.3076923076923077,0.10849056603773585,0.2735849056603774,0.09264705882352942,0.105,0.1296875,0.105,Jakob Junis
596019,2758,927,630,256,520,0.3527012327773749,0.35316046965036546,31,S,0.3355493351994402,0.22813156053184044,0.09254723582925123,0.1898180545836249,0.36,0.384,0.10334332697374399,0.14363586808394657,0.07709609803289261,0.15382033248081842,0.10633253301320529,0.10161290322580645,Francisco Lindor
596049,2,0,0,0,1,0.0,0.045,29,L,0.3137254901960784,0.21568627450980393,0.08333333333333333,0.23039215686274508,0.2962962962962963,0.2962962962962963,0.09722222222222222,0.26851851851851855,0.08513513513513513,0.10161290322580645,0.105,0.105,Shawn Morimando
596056,163,51,35,15,26,0.29141104294478526,0.2898297027948194,29,R,0.3155893536121673,0.21673003802281368,0.08935361216730038,0.1844106463878327,0.26666666666666666,0.272,0.05982274741506647,0.08862629246676514,0.05595238095238095,0.048930481283422464,0.08970588235294118,0.105,John Nogowski
596057,2,0,0,0,0,0.0,0.108,28,L,0.3137254901960784,0.21568627450980393,0.08333333333333333,0.22058823529411764,0.2962962962962963,0.2962962962962963,0.10648148148148148,0.26851851851851855,0.11216216216216217,0.10161290322580645,0.105,0.105,Daniel Norris
596059,1039,295,192,79,259,0.29148219441770934,0.2874272199053892,29,L,0.2870939420544337,0.18788410886742757,0.07682177348551361,0.24714661984196665,0.30666666666666664,0.336,0.12798634812286688,0.1601470202152796,0.09690997566909976,0.15839964633068082,0.17642740619902123,0.105,Rougned Odor
596071,6,1,0,1,4,0.11666666666666665,0.14145283333333333,29,L,0.3113207547169811,0.20754716981132076,0.08962264150943396,0.25,0.2903225806451613,0.2903225806451613,0.08914728682170543,0.22480620155038764,0.057272727272727274,0.12205882352941178,0.105,0.105,Dillon Peters
596082,1,0,0,0,0,0.9,0.078,29,R,0.31683168316831684,0.21782178217821782,0.08415841584158416,0.22277227722772278,0.3076923076923077,0.3076923076923077,0.11274509803921569,0.2843137254901961,0.105,0.1296875,0.105,0.105,Jake Reed
596103,1099,373,239,117,306,0.33034576888080075,0.33214829610583513,32,R,0.3377814845704754,0.2176814011676397,0.10467055879899917,0.27397831526271893,0.28,0.312,0.12428144401011727,0.12048746838353644,0.10265195509097948,0.15784228769497402,0.1530730897009967,0.105,Austin Slater
596105,19,7,3,4,4,0.34736842105263155,0.34736842105263155,30,L,0.3277310924369748,0.21008403361344538,0.10504201680672269,0.22268907563025211,0.3409090909090909,0.3409090909090909,0.09905660377358491,0.26415094339622647,0.09264705882352942,0.10161290322580645,0.10161290322580645,0.105,Dwight Smith Jr.
596115,1304,409,284,109,359,0.3375383435582822,0.31318108125128735,32,R,0.3141025641025641,0.21794871794871795,0.08368945868945869,0.27172364672364674,0.37333333333333335,0.336,0.134742790335152,0.16796570537802027,0.10608536178726241,0.1810883944678292,0.15467391304347827,0.105,Trevor Story
596117,508,150,98,46,127,0.28523622047244096,0.2422248895196372,31,L,0.2993421052631579,0.19736842105263158,0.08963815789473684,0.24588815789473684,0.30666666666666664,0.328,0.10248447204968944,0.16149068322981366,0.06886252045826514,0.15121753246753247,0.14755102040816326,0.105,Garrett Stubbs
596129,1200,408,229,176,286,0.33308333333333334,0.3381611823426431,32,L,0.3384615384615385,0.1930769230769231,0.14192307692307693,0.2373076923076923,0.29333333333333333,0.32,0.06137418755803157,0.1052924791086351,0.03979960578186597,0.08851632047477745,0.09156346749226006,0.105,Daniel Vogelbach
596133,20,3,2,1,12,0.16999999999999998,0.12258585,28,R,0.2916666666666667,0.2,0.07916666666666666,0.2875,0.24444444444444444,0.24444444444444444,0.18,0.2571428571428571,0.11319444444444444,0.30396825396825394,0.105,0.105,Luke Weaver
596142,1527,450,286,143,420,0.3141453831041257,0.3267149625840148,32,R,0.2962507682851875,0.18930547019053473,0.09311616472034419,0.27197295636140134,0.28,0.312,0.1173378618793466,0.14119359534206696,0.08227409638554216,0.1469230769230769,0.19230225988700567,0.105,Gary Sánchez
596146,1913,599,406,173,375,0.32535284892838473,0.3353414958535303,31,L,0.3134624937903626,0.21261798310978638,0.09016393442622951,0.19746646795827125,0.24,0.264,0.09599617381798306,0.12708390270565728,0.07479234835137176,0.13096109839816933,0.10273913043478261,0.105,Max Kepler
596295,33,4,3,1,13,0.1303030303030303,0.1276277878787879,28,L,0.2706766917293233,0.18796992481203006,0.07142857142857142,0.2669172932330827,0.20689655172413793,0.20689655172413793,0.11697247706422019,0.24770642201834864,0.08394495412844037,0.18984375,0.09,0.105,Austin Gomber
596451,175,53,31,15,62,0.2877142857142857,0.28247447694486794,30,S,0.3090909090909091,0.19272727272727272,0.08545454545454545,0.30727272727272725,0.3333333333333333,0.304,0.13373655913978494,0.12096774193548387,0.10451388888888889,0.18262032085561497,0.16652173913043478,0.105,Roman Quinn
596748,825,211,173,33,149,0.27515151515151515,0.27359929884126505,30,R,0.2627027027027027,0.21081081081081082,0.044864864864864865,0.1854054054054054,0.22666666666666666,0.224,0.12450527704485488,0.1883245382585752,0.06214142761841228,0.18413063477460903,0.19071100917431194,0.105,Maikel Franco
596825,118,27,17,9,42,0.21483050847457627,0.23363022383642723,29,S,0.2706422018348624,0.17889908256880735,0.08027522935779817,0.2958715596330275,0.24,0.24,0.17269439421338156,0.16998191681735986,0.13838582677165354,0.19970760233918128,0.21313559322033898,0.105,Robel García
596847,922,303,170,128,266,0.3233188720173536,0.33607473963053347,33,L,0.32778864970645794,0.18786692759295498,0.13356164383561644,0.28228962818003916,0.25333333333333335,0.28,0.12614562118126274,0.1125254582484725,0.1099910992434357,0.14919436052366566,0.1464549483013294,0.10161290322580645,Ji Man Choi
598265,961,233,161,59,253,0.2479188345473465,0.26756849626975027,33,L,0.24976437323279924,0.17247879359095195,0.06361922714420358,0.2596606974552309,0.17333333333333334,0.192,0.1473436635307139,0.14305478693967902,0.11698262243285941,0.18915391539153917,0.16691919191919194,0.105,Jackie Bradley Jr.
598286,3,0,0,0,1,0.0,0.36333333333333334,32,L,0.3106796116504854,0.21359223300970873,0.0825242718446602,0.22815533980582525,0.2857142857142857,0.2857142857142857,0.12857142857142856,0.2761904761904762,0.0984375,0.18636363636363637,0.105,0.105,Nick Ramirez
600301,146,38,24,13,50,0.25068493150684934,0.26247327388262814,34,R,0.2845528455284553,0.18699186991869918,0.08739837398373984,0.29471544715447157,0.24,0.272,0.1327893175074184,0.1661721068249258,0.11850393700787401,0.13574999999999998,0.19457831325301203,0.105,Taylor Motter
600303,492,149,112,35,64,0.304979674796748,0.31137522136432066,34,L,0.30574324324324326,0.22635135135135134,0.07347972972972973,0.14611486486486486,0.29333333333333333,0.28,0.05536912751677853,0.12128475551294343,0.04489395129615082,0.0683,0.07640264026402639,0.105,Tommy La Stella
600474,474,152,112,39,123,0.32584388185654006,0.3209622595639339,30,R,0.3205574912891986,0.23344947735191637,0.08275261324041812,0.2534843205574913,0.38666666666666666,0.384,0.1298941798941799,0.15079365079365079,0.09268656716417911,0.16691419141914193,0.18643122676579926,0.105,Pedro Severino
600524,55,12,10,1,16,0.28818181818181815,0.2142250154882155,27,R,0.2838709677419355,0.2064516129032258,0.06129032258064516,0.24838709677419354,0.24,0.25,0.1323529411764706,0.2222222222222222,0.14925925925925926,0.12064220183486239,0.11826923076923078,0.105,Renato Núñez
600858,4,0,0,0,0,0.0,0.12225000000000001,27,R,0.3076923076923077,0.21153846153846154,0.08173076923076923,0.21634615384615385,0.27586206896551724,0.27586206896551724,0.09545454545454546,0.27272727272727276,0.09264705882352942,0.09,0.10161290322580645,0.105,Humberto Arteaga
600869,2216,698,491,178,506,0.3334160649819495,0.31879058082817596,31,S,0.31519861830742657,0.22150259067357514,0.08052677029360968,0.22819516407599308,0.28,0.248,0.11417824074074075,0.16435185185185186,0.08482690622261174,0.16055169753086418,0.12382732834806255,0.09545454545454546,Jeimer Candelario
600902,1,0,0,0,0,0.0,0.0,29,L,0.31683168316831684,0.21782178217821782,0.08415841584158416,0.22277227722772278,0.3076923076923077,0.3076923076923077,0.105,0.28,0.105,0.105,0.105,0.105,Wilson Garcia
601713,2,0,0,0,2,0.0,0.0,28,R,0.3137254901960784,0.21568627450980393,0.08333333333333333,0.24019607843137256,0.2962962962962963,0.2962962962962963,0.11739130434782609,0.26086956521739135,0.10641025641025642,0.14305555555555557,0.105,0.105,Nick Pivetta
602074,877,303,240,56,137,0.3355188141391106,0.30657258616749083,29,R,0.3428863868986694,0.26816786079836236,0.06601842374616172,0.1632548618219038,0.3333333333333333,0.304,0.091792656587473,0.18296821968528232,0.06536297129994373,0.13328677839851025,0.09776315789473684,0.105,Yonathan Daza
602080,11,4,2,1,1,0.29090909090909095,0.22151972727272726,29,R,0.32432432432432434,0.21621621621621623,0.08558558558558559,0.21171171171171171,0.3333333333333333,0.3333333333333333,0.10820895522388059,0.26119402985074625,0.083,0.15000000000000002,0.09545454545454546,0.105,Erick Castillo
602104,1505,498,357,117,344,0.3382059800664452,0.32143003995763075,30,R,0.3302180685358255,0.23613707165109035,0.07819314641744549,0.22834890965732088,0.3333333333333333,0.344,0.11736306179775281,0.1329002808988764,0.10034534534534534,0.12882552230378316,0.17974358974358975,0.105,Ramón Urías
602922,90,29,21,8,17,0.3205555555555556,0.2979066801410311,27,R,0.32105263157894737,0.22631578947368422,0.0868421052631579,0.20789473684210527,0.3466666666666667,0.3217391304347826,0.09958071278825996,0.16771488469601678,0.08895582329317268,0.11535714285714285,0.10448717948717949,0.105,José Rondon
605113,1011,273,208,62,234,0.27542037586547974,0.260343319072321,34,R,0.2745274527452745,0.207020702070207,0.06345634563456345,0.23087308730873088,0.25333333333333335,0.264,0.12444386286312484,0.163569746139754,0.09435630099728015,0.17168103448275862,0.1508988764044944,0.105,Nick Ahmed
605119,1074,336,217,103,295,0.31094040968342646,0.3085724872354926,31,R,0.313458262350937,0.20357751277683134,0.09497444633730835,0.270442930153322,0.25333333333333335,0.264,0.14111084737716592,0.14478993591265132,0.10543941979522184,0.17748470948012232,0.20754545454545456,0.10161290322580645,Brian Anderson
605131,828,248,158,80,184,0.28695652173913044,0.27980723804225205,35,R,0.3017241379310345,0.1939655172413793,0.09536637931034483,0.22252155172413793,0.30666666666666664,0.344,0.0867655966081163,0.09357964869775894,0.061573849878934626,0.13095991561181436,0.12240143369175627,0.105,Austin Barnes
605135,2,0,0,0,2,0.0,0.0,32,R,0.3137254901960784,0.21568627450980393,0.08333333333333333,0.24019607843137256,0.2962962962962963,0.2962962962962963,0.12272727272727273,0.26363636363636367,0.1618421052631579,0.0984375,0.105,0.105,Chris Bassitt
605137,2553,858,573,270,488,0.3461613787700744,0.3389511293367367,32,S,0.33546928006030907,0.22427440633245382,0.10497549943460234,0.1924236713154919,0.36,0.36,0.10434827197210543,0.139677981745462,0.07999045801526718,0.12288024475524474,0.14286037053773157,0.105,Josh Bell
605141,2594,957,629,300,380,0.38776021588280646,0.36722888299367296,32,R,0.36711210096510766,0.24164810690423164,0.11451373422420193,0.14940608760207869,0.38666666666666666,0.344,0.06062830299471521,0.10217263652378156,0.03298994560738421,0.09891760904684975,0.10742337164750958,0.0984375,Mookie Betts
605151,1,0,0,0,1,0.0,0.0,29,R,0.31683168316831684,0.21782178217821782,0.08415841584158416,0.23267326732673269,0.3076923076923077,0.3076923076923077,0.10096153846153846,0.2692307692307693,0.105,0.09264705882352942,0.105,0.105,Archie Bradley
605154,1,0,0,0,1,0.0,0.0,31,L,0.31683168316831684,0.21782178217821782,0.08415841584158416,0.23267326732673269,0.3076923076923077,0.3076923076923077,0.10952380952380952,0.2761904761904762,0.11857142857142858,0.105,0.105,0.105,John Brebbia
605164,4,1,1,0,3,0.225,0.02625,29,S,0.3173076923076923,0.22115384615384615,0.08173076923076923,0.24519230769230768,0.3103448275862069,0.3103448275862069,0.1016260162601626,0.22764227642276424,0.09222222222222223,0.09264705882352942,0.12205882352941178,0.105,Dylan Bundy
605170,1225,391,255,113,253,0.31310204081632653,0.3135792222166819,31,S,0.3192452830188679,0.2090566037735849,0.09169811320754717,0.2079245283018868,0.30666666666666664,0.336,0.09471947194719472,0.1265126512651265,0.06664624183006536,0.11846703733121526,0.14148550724637682,0.105,Victor Caratini
605200,34,6,6,0,8,0.15882352941176472,0.1585,28,R,0.2835820895522388,0.208955223880597,0.06343283582089553,0.22761194029850745,0.23728813559322035,0.23728813559322035,0.05731225296442688,0.13438735177865613,0.0347972972972973,0.08442622950819673,0.09264705882352942,0.105,Zach Davies
605204,1351,454,298,131,397,0.334159881569208,0.3288581520658348,31,R,0.3349414197105445,0.22053756030323915,0.09614059269469331,0.28911095796002756,0.36,0.32,0.17474900549346467,0.1297594241333586,0.15894785560012342,0.19517310252996004,0.21511406844106465,0.105,J.D. Davis
605233,22,5,5,0,2,0.3022727272727273,0.24613636363636363,29,L,0.30327868852459017,0.22131147540983606,0.06967213114754098,0.20081967213114754,0.2765957446808511,0.2765957446808511,0.10443037974683544,0.19620253164556964,0.08306451612903226,0.12300000000000001,0.11527777777777778,0.105,Derek Fisher
605242,1,0,0,0,1,0.0,0.0,30,R,0.31683168316831684,0.21782178217821782,0.08415841584158416,0.23267326732673269,0.3076923076923077,0.3076923076923077,0.10952380952380952,0.2761904761904762,0.12205882352941178,0.10161290322580645,0.105,0.105,Michael Fulmer
605244,258,63,50,8,78,0.265891472868217,0.26643096078727474,31,R,0.26536312849162014,0.2011173184357542,0.046089385474860335,0.2807262569832402,0.29333333333333333,0.256,0.140715667311412,0.17311411992263057,0.11831597222222223,0.14564516129032257,0.2257246376811594,0.105,Aramis Garcia
605253,7,1,1,0,3,0.1285714285714286,0.12842857142857142,31,R,0.308411214953271,0.21495327102803738,0.0794392523364486,0.2383177570093458,0.28125,0.28125,0.11153846153846154,0.22307692307692312,0.10423728813559323,0.1338709677419355,0.105,0.105,Terrance Gore
605276,4,0,0,0,3,0.0,0.016,28,R,0.3076923076923077,0.21153846153846154,0.08173076923076923,0.24519230769230768,0.27586206896551724,0.27586206896551724,0.10087719298245613,0.2543859649122807,0.07682926829268293,0.0984375,0.1338709677419355,0.105,David Hess
605280,1,0,0,0,1,0.0,0.0,28,R,0.31683168316831684,0.21782178217821782,0.08415841584158416,0.23267326732673269,0.3076923076923077,0.3076923076923077,0.09905660377358491,0.26415094339622647,0.09264705882352942,0.0984375,0.105,0.105,Clay Holmes
605288,44,5,3,2,30,0.1431818181818182,0.15313630925193966,28,R,0.2569444444444444,0.1736111111111111,0.07291666666666667,0.3645833333333333,0.18840579710144928,0.18840579710144928,0.18971631205673758,0.1773049645390071,0.19433333333333333,0.22640449438202245,0.09545454545454546,0.105,Adrian Houser
605346,118,37,30,6,37,0.3355932203389831,0.2645161604299655,32,R,0.3165137614678899,0.23853211009174313,0.06651376146788991,0.27293577981651373,0.36,0.312,0.1663306451612903,0.2217741935483871,0.1333984375,0.23514285714285713,0.11181818181818183,0.105,Jack López
605347,2,0,0,0,1,0.0,0.0285,28,R,0.3137254901960784,0.21568627450980393,0.08333333333333333,0.23039215686274508,0.2962962962962963,0.2962962962962963,0.11682242990654206,0.28037383177570097,0.11527777777777778,0.1338709677419355,0.105,0.105,Jorge López
605353,296,86,54,30,58,0.2668918918918919,0.2929472014357947,30,L,0.29797979797979796,0.1919191919191919,0.09722222222222222,0.2032828282828283,0.30666666666666664,0.336,0.08333333333333333,0.14895330112721417,0.06244573082489146,0.10129682997118156,0.12448453608247421,0.105,Vimael Machín
605361,310,93,64,21,70,0.3238709677419355,0.30811417515387485,34,L,0.3048780487804878,0.2097560975609756,0.07195121951219512,0.22560975609756098,0.3466666666666667,0.304,0.09380032206119163,0.14170692431561996,0.06996124031007751,0.13882978723404255,0.12657142857142856,0.10161290322580645,Nick Martini
605397,53,8,7,1,23,0.14528301886792452,0.11337201886792453,29,R,0.26143790849673204,0.1895424836601307,0.06209150326797386,0.2973856209150327,0.21333333333333335,0.20512820512820512,0.17353951890034364,0.19243986254295534,0.14745222929936305,0.248876404494382,0.11857142857142858,0.105,Joe Musgrove
605400,56,13,7,6,29,0.21607142857142855,0.17702043045112784,28,R,0.28846153846153844,0.1858974358974359,0.09294871794871795,0.3301282051282051,0.28,0.25925925925925924,0.06940509915014165,0.11614730878186968,0.06059907834101383,0.07944444444444444,0.0875,0.105,Aaron Nola
605412,256,68,49,17,34,0.2587890625,0.2775113857600733,31,L,0.2808988764044944,0.199438202247191,0.07162921348314606,0.15870786516853932,0.26666666666666666,0.248,0.059748427672955975,0.1096136567834681,0.046562032884902835,0.07309160305343511,0.08859649122807017,0.10161290322580645,Joe Panik
605421,408,97,58,36,112,0.25441176470588234,0.2680134757447689,32,L,0.25393700787401574,0.15748031496062992,0.08759842519685039,0.26476377952755903,0.37333333333333335,0.304,0.11477892186553604,0.15081768625075712,0.08673120728929386,0.13008948545861299,0.17136075949367088,0.105,Michael Pérez
605452,34,10,8,1,14,0.27941176470588236,0.21034261764705883,28,R,0.31343283582089554,0.22388059701492538,0.0708955223880597,0.27238805970149255,0.3050847457627119,0.3050847457627119,0.10119047619047619,0.1746031746031746,0.08446969696969697,0.12200000000000001,0.11857142857142858,0.105,Joe Ross
605480,14,2,1,1,7,0.20357142857142854,0.20357142857142854,29,L,0.2982456140350877,0.20175438596491227,0.08333333333333333,0.25877192982456143,0.2564102564102564,0.2564102564102564,0.17132867132867133,0.24475524475524477,0.1956140350877193,0.17023809523809524,0.15147058823529413,0.105,Mallex Smith
605483,34,4,4,0,17,0.10588235294117647,0.1283529411764706,29,L,0.26865671641791045,0.19402985074626866,0.06343283582089553,0.2947761194029851,0.2033898305084746,0.2033898305084746,0.14516129032258066,0.18433179723502305,0.15443548387096773,0.15377358490566037,0.105,0.105,Blake Snell
605486,9,5,4,1,2,0.5944444444444444,0.5944444444444444,31,L,0.3394495412844037,0.23853211009174313,0.0871559633027523,0.22477064220183487,0.38235294117647056,0.38235294117647056,0.125,0.24193548387096778,0.15543478260869567,0.09545454545454546,0.11857142857142858,0.105,Cory Spangenberg
605504,40,11,5,5,18,0.23500000000000001,0.235417525,30,L,0.30714285714285716,0.19285714285714287,0.09642857142857143,0.2892857142857143,0.2923076923076923,0.2923076923076923,0.16581632653061223,0.21428571428571427,0.09407894736842105,0.25220588235294117,0.17023809523809524,0.105,Dillon Thomas
605507,15,2,2,0,9,0.14333333333333334,0.0626,28,R,0.2956521739130435,0.20869565217391303,0.07391304347826087,0.27391304347826084,0.25,0.25,0.1407185628742515,0.2275449101796407,0.14097222222222222,0.15980392156862747,0.12205882352941178,0.105,Zach Thompson
605512,4,1,1,0,2,0.225,0.225,33,L,0.3173076923076923,0.22115384615384615,0.08173076923076923,0.23557692307692307,0.3103448275862069,0.3103448275862069,0.12272727272727273,0.26363636363636367,0.16621621621621624,0.09545454545454546,0.105,0.105,Preston Tucker
605538,1,0,0,0,1,0.0,0.0,29,R,0.31683168316831684,0.21782178217821782,0.08415841584158416,0.23267326732673269,0.3076923076923077,0.3076923076923077,0.10096153846153846,0.2692307692307693,0.09264705882352942,0.105,0.105,0.105,Matt Wisler
605540,56,9,6,3,28,0.13392857142857142,0.14075269642857144,28,L,0.26282051282051283,0.1794871794871795,0.07371794871794872,0.32371794871794873,0.22666666666666666,0.20987654320987653,0.16066066066066065,0.17417417417417416,0.12258883248730963,0.21824324324324323,0.23365384615384616,0.105,Brandon Woodruff
605548,525,153,92,38,196,0.28704761904761905,0.2953942383980673,32,L,0.296,0.1824,0.0744,0.3496,0.28,0.28,0.1554364471669219,0.13731495661051557,0.13005489478499543,0.18543771043771046,0.19522900763358778,0.105,Bradley Zimmer
605612,1104,326,283,41,233,0.29506340579710144,0.29943168098900447,30,L,0.2973421926910299,0.25332225913621265,0.04111295681063123,0.21220930232558138,0.24,0.264,0.12641555883801084,0.22033481043820777,0.10935070873342478,0.15942477876106195,0.12673469387755104,0.105,Harold Castro
606019,62,24,13,8,12,0.3185483870967742,0.31058399539170506,32,S,0.345679012345679,0.21604938271604937,0.10185185185185185,0.21296296296296297,0.37333333333333335,0.367816091954023,0.10383386581469649,0.17252396166134185,0.08594771241830065,0.13064516129032258,0.10789473684210527,0.105,Esteban Quiroz
606115,1578,474,347,119,323,0.3127376425855513,0.2978039770822024,30,R,0.30154946364719903,0.2199046483909416,0.07598331346841478,0.20589988081048868,0.26666666666666666,0.256,0.11163366336633664,0.14075907590759076,0.09230198754078908,0.13518078020932445,0.13890814558058925,0.105,Orlando Arcia
606132,1173,364,285,75,199,0.3081415174765558,0.28347700692238287,29,L,0.3110761979575805,0.24116260801256872,0.06559308719560095,0.1739984289080911,0.36,0.32,0.09356525693497045,0.19622555707139608,0.06178451178451179,0.1576421248835042,0.11879875195007801,0.10161290322580645,Raimel Tapia
606157,514,142,91,49,186,0.2970817120622568,0.27951952859834717,28,R,0.28338762214983715,0.18403908794788273,0.09364820846905537,0.33957654723127034,0.24,0.296,0.181884765625,0.18798828125,0.1453199617956065,0.22762390670553936,0.20704918032786884,0.105,Aristides Aquino
606162,1,0,0,0,0,0.0,0.061,28,R,0.31683168316831684,0.21782178217821782,0.08415841584158416,0.22277227722772278,0.3076923076923077,0.3076923076923077,0.10396039603960396,0.28712871287128716,0.10161290322580645,0.105,0.105,0.105,Yefry Ramírez
606192,2600,845,643,175,738,0.35815384615384616,0.3494855262989524,32,R,0.32481481481481483,0.2462962962962963,0.06796296296296296,0.2816666666666667,0.32,0.368,0.1624288238759081,0.1626742587865698,0.12776958525345622,0.19562789430672842,0.22421296296296298,0.105,Teoscar Hernández
606213,354,116,85,29,63,0.3426553672316384,0.3205678023059562,29,R,0.32599118942731276,0.2356828193832599,0.08259911894273128,0.1883259911894273,0.29333333333333333,0.336,0.10935483870967742,0.2167741935483871,0.08880239520958084,0.13596654275092937,0.12664670658682634,0.105,Yermín Mercedes
606299,186,53,38,12,31,0.2994623655913979,0.2845241462019099,29,R,0.2972027972027972,0.2097902097902098,0.07167832167832168,0.18706293706293706,0.3333333333333333,0.296,0.08585858585858586,0.1774891774891775,0.06778975741239891,0.10364806866952789,0.11582278481012659,0.105,José Peraza
606336,7,2,1,1,2,0.2285714285714286,0.22853099999999998,28,R,0.3177570093457944,0.21495327102803738,0.08878504672897196,0.22897196261682243,0.3125,0.3125,0.09765625,0.25,0.063,0.1355263157894737,0.105,0.105,Luis Marté
606424,2,0,0,0,2,0.0,0.0,28,L,0.3137254901960784,0.21568627450980393,0.08333333333333333,0.24019607843137256,0.2962962962962963,0.2962962962962963,0.1261682242990654,0.2710280373831776,0.14714285714285716,0.1296875,0.105,0.105,Jarlín García
606466,2319,819,570,230,406,0.3691677447175507,0.35289131615602953,31,S,0.35179826374534934,0.24472922695328647,0.09859446052087639,0.17713931376601902,0.4,0.384,0.08586608775137111,0.13608318098720293,0.05526429341963322,0.12098005939753924,0.11958261863922241,0.10161290322580645,Ketel Marte
606988,98,30,18,12,36,0.276530612244898,0.22123900018488846,31,R,0.31313131313131315,0.20202020202020202,0.10353535353535354,0.29545454545454547,0.3466666666666667,0.3089430894308943,0.16257668711656442,0.15950920245398773,0.1440573770491803,0.1821875,0.18866666666666668,0.105,Grayson Greiner
606992,1159,332,254,75,341,0.31924072476272647,0.3061082236076955,32,R,0.2891183478951549,0.2192216044479746,0.06632247815726768,0.2887212073073868,0.28,0.328,0.16098567086409032,0.1739036039947894,0.1304968944099379,0.1891002415458937,0.21361904761904763,0.105,Eric Haase
606993,140,37,23,13,50,0.24071428571428574,0.23391543722943722,30,R,0.2875,0.1875,0.08958333333333333,0.3020833333333333,0.30666666666666664,0.288,0.13202725724020442,0.17546848381601363,0.08993610223642172,0.161,0.2118421052631579,0.105,Jake Hager
607043,2539,910,571,294,529,0.35494289090192993,0.3411008281567174,31,S,0.35695339143615007,0.224706328154604,0.11462675255778704,0.20898067449791588,0.32,0.28,0.08473534971644613,0.10274102079395085,0.06184735985800917,0.12722543352601154,0.12121087314662274,0.105,Brandon Nimmo
607054,1153,371,229,131,275,0.30251517779705117,0.30617817080096804,34,L,0.3216280925778133,0.20031923383878691,0.11133280127693536,0.23743016759776536,0.26666666666666666,0.264,0.09818220249418727,0.11350665821179455,0.05878990934174222,0.1388569374550683,0.15277427490542245,0.105,Jace Peterson
607067,2,0,0,0,2,0.0,0.0,31,R,0.3137254901960784,0.21568627450980393,0.08333333333333333,0.24019607843137256,0.2962962962962963,0.2962962962962963,0.09722222222222222,0.2592592592592593,0.09,0.09545454545454546,0.105,0.105,Colin Rea
607074,3,0,0,0,1,0.0,0.13799999999999998,29,L,0.3106796116504854,0.21359223300970873,0.0825242718446602,0.22815533980582525,0.2857142857142857,0.2857142857142857,0.13063063063063063,0.2882882882882883,0.11527777777777778,0.15147058823529413,0.1338709677419355,0.105,Carlos Rodón
607111,21,4,3,1,3,0.2119047619047619,0.2321752993197279,31,R,0.2975206611570248,0.2066115702479339,0.07851239669421488,0.21074380165289255,0.2608695652173913,0.2608695652173913,0.08378378378378379,0.16756756756756758,0.045,0.1211864406779661,0.09021739130434783,0.105,Jacob Wilson
607188,3,1,1,0,1,0.4166666666666667,0.23333333333333336,28,R,0.32038834951456313,0.22330097087378642,0.0825242718446602,0.22815533980582525,0.32142857142857145,0.32142857142857145,0.10087719298245613,0.2543859649122807,0.075,0.1296875,0.105,0.105,Jake Faria
607192,2,0,0,0,2,0.0,0.0,28,L,0.3137254901960784,0.21568627450980393,0.08333333333333333,0.24019607843137256,0.2962962962962963,0.2962962962962963,0.09545454545454546,0.2545454545454546,0.07875,0.105,0.105,0.105,Tyler Glasnow
607200,38,1,0,1,14,0.06578947368421052,0.09617676315789474,28,R,0.2391304347826087,0.15942028985507245,0.06884057971014493,0.2644927536231884,0.14285714285714285,0.14285714285714285,0.11174242424242424,0.19696969696969696,0.06464968152866242,0.24435483870967742,0.09,0.105,Erick Fedde
607208,2793,960,767,171,530,0.3638560687432868,0.34126106872337875,31,R,0.34289664707915657,0.2727272727272727,0.0620463187003111,0.19097822329761494,0.28,0.304,0.12912395153774464,0.17148182665424044,0.08179789323335118,0.17730524642289347,0.1911895910780669,0.105,Trea Turner
607219,2,0,0,0,1,0.0,0.045,28,L,0.3137254901960784,0.21568627450980393,0.08333333333333333,0.23039215686274508,0.2962962962962963,0.2962962962962963,0.1261682242990654,0.28971962616822433,0.18636363636363637,0.09545454545454546,0.10161290322580645,0.105,Sal Romano
607229,6,1,0,1,4,0.11666666666666665,0.1351195,28,R,0.3113207547169811,0.20754716981132076,0.08962264150943396,0.25,0.2903225806451613,0.2903225806451613,0.10714285714285714,0.23015873015873017,0.10510204081632654,0.11216216216216217,0.105,0.105,Robert Gsellman
607231,13,0,0,0,8,0.0,0.12476923076923076,29,R,0.2831858407079646,0.19469026548672566,0.0752212389380531,0.26991150442477874,0.21052631578947367,0.21052631578947367,0.1291390728476821,0.23841059602649006,0.10362318840579711,0.15769230769230771,0.15606060606060607,0.105,John Gant
607249,34,11,9,2,9,0.28970588235294115,0.2957790588235294,33,L,0.3208955223880597,0.23134328358208955,0.07835820895522388,0.23507462686567165,0.3220338983050847,0.3220338983050847,0.08865248226950355,0.23404255319148937,0.057272727272727274,0.11704545454545455,0.0984375,0.105,Jason Krizan
607333,14,3,1,2,2,0.16428571428571428,0.16428571428571428,32,L,0.30701754385964913,0.20175438596491227,0.09210526315789473,0.2149122807017544,0.28205128205128205,0.28205128205128205,0.0992063492063492,0.24603174603174607,0.08645833333333335,0.0875,0.1296875,0.105,Beau Taylor
607345,105,26,16,10,31,0.20523809523809525,0.2264087126984127,33,R,0.28292682926829266,0.18536585365853658,0.09024390243902439,0.26097560975609757,0.24,0.256,0.12003968253968254,0.20238095238095238,0.10051724137931034,0.15709219858156026,0.12936507936507938,0.105,Kevan Smith
607374,1,0,0,0,1,0.0,0.0,31,R,0.31683168316831684,0.21782178217821782,0.08415841584158416,0.23267326732673269,0.3076923076923077,0.3076923076923077,0.12135922330097088,0.29126213592233013,0.15606060606060607,0.105,0.105,0.105,Nick Tropeano
607430,14,4,2,2,6,0.25357142857142856,0.2840512142857143,32,R,0.3157894736842105,0.21052631578947367,0.09210526315789473,0.25,0.3076923076923077,0.3076923076923077,0.10509554140127389,0.19745222929936307,0.10833333333333334,0.11195652173913044,0.09,0.105,John Andreoli
607455,1,0,0,0,0,0.0,0.276,28,L,0.31683168316831684,0.21782178217821782,0.08415841584158416,0.22277227722772278,0.3076923076923077,0.3076923076923077,0.11057692307692307,0.2692307692307693,0.105,0.12205882352941178,0.105,0.105,Anthony Banda
607461,406,132,82,28,74,0.31810344827586207,0.29048470722382663,30,L,0.3241106719367589,0.20553359683794467,0.07213438735177866,0.1907114624505929,0.3466666666666667,0.32,0.08433333333333333,0.14666666666666667,0.05151315789473684,0.1247737556561086,0.10853658536585366,0.10161290322580645,Matt Beaty
607468,104,36,23,9,31,0.33653846153846156,0.3158196324786325,30,R,0.3333333333333333,0.22058823529411764,0.0857843137254902,0.2622549019607843,0.30666666666666664,0.344,0.10043196544276457,0.12958963282937366,0.08562753036437247,0.1194078947368421,0.1138888888888889,0.105,Alex Blandino
607536,36,8,6,2,17,0.22361111111111112,0.1532342777777778,28,L,0.29411764705882354,0.20588235294117646,0.07720588235294118,0.29044117647058826,0.26229508196721313,0.26229508196721313,0.16891891891891891,0.1891891891891892,0.1273109243697479,0.26203703703703707,0.18333333333333335,0.105,Kyle Freeland
607560,1,0,0,0,1,0.0,0.0,32,R,0.31683168316831684,0.21782178217821782,0.08415841584158416,0.23267326732673269,0.3076923076923077,0.3076923076923077,0.11057692307692307,0.2692307692307693,0.09545454545454546,0.1338709677419355,0.105,0.105,Ryne Harper
607625,1,0,0,0,0,0.0,0.169,32,R,0.31683168316831684,0.21782178217821782,0.08415841584158416,0.22277227722772278,0.3076923076923077,0.3076923076923077,0.10194174757281553,0.28155339805825247,0.09545454545454546,0.105,0.105,0.105,Seth Lugo
607644,5,1,1,0,2,0.25,0.3013698113207548,28,L,0.3142857142857143,0.21904761904761905,0.08095238095238096,0.23333333333333334,0.3,0.3,0.12053571428571429,0.25000000000000006,0.15000000000000002,0.105,0.10161290322580645,0.105,John Means
607680,941,253,194,39,218,0.2950584484590861,0.28011513732834803,35,R,0.2737752161383285,0.207492795389049,0.04562920268972142,0.23102785782901056,0.21333333333333335,0.24,0.123642081189251,0.19811320754716982,0.08644023170089521,0.16815718157181572,0.16871101871101873,0.10161290322580645,Kevin Pillar
607732,1413,445,291,134,310,0.30318471337579617,0.2933223805236413,35,R,0.3152676801057502,0.20687376074025116,0.09418374091209518,0.21976206212822208,0.3333333333333333,0.344,0.09583483591777858,0.1272989542012261,0.0648463644660785,0.14294425087108015,0.13500948766603416,0.105,Jacob Stallings
608070,2860,996,700,279,353,0.3669405594405595,0.34713196628724097,32,S,0.3472972972972973,0.24391891891891893,0.09712837837837837,0.1268581081081081,0.3466666666666667,0.368,0.06584012174380091,0.1512845761346343,0.04438012112575704,0.08700592885375494,0.08817783094098884,0.09545454545454546,José Ramírez
608324,2672,937,614,292,343,0.3533869760479042,0.34414841668240653,30,R,0.3495670995670996,0.22943722943722944,0.10840548340548341,0.13185425685425686,0.36,0.328,0.05346990786120369,0.10145069594197216,0.04003866845998655,0.07076502732240438,0.07603706972639011,0.105,Alex Bregman
608328,12,1,1,0,5,0.17916666666666667,0.12633333333333333,28,L,0.29464285714285715,0.20535714285714285,0.07589285714285714,0.24553571428571427,0.24324324324324326,0.24324324324324326,0.11785714285714285,0.2357142857142857,0.1153225806451613,0.1355263157894737,0.105,0.105,Chase De Jong
608331,64,19,15,4,23,0.28515625,0.24813088706140352,27,L,0.31097560975609756,0.22560975609756098,0.07621951219512195,0.2774390243902439,0.28,0.30337078651685395,0.12967914438502673,0.14171122994652408,0.13958333333333334,0.11032608695652174,0.12767857142857145,0.105,Max Fried
608334,2,0,0,0,0,0.0,0.1295,28,R,0.3137254901960784,0.21568627450980393,0.08333333333333333,0.22058823529411764,0.2962962962962963,0.2962962962962963,0.10096153846153846,0.2692307692307693,0.09264705882352942,0.105,0.105,0.105,Carson Fulmer
608336,1699,523,253,255,648,0.31559741024131843,0.31365517934571807,31,L,0.3085047248471373,0.1528627015008338,0.14647026125625348,0.3727070594774875,0.25333333333333335,0.28,0.1696973903387007,0.12270960577456969,0.14954966546577456,0.18112974839664528,0.213231850117096,0.105,Joey Gallo
608337,4,1,1,0,3,0.225,0.10825,27,R,0.3173076923076923,0.22115384615384615,0.08173076923076923,0.24519230769230768,0.3103448275862069,0.3103448275862069,0.1336206896551724,0.26724137931034486,0.10641025641025642,0.15147058823529413,0.15606060606060607,0.105,Lucas Giolito
608339,1,0,0,0,1,0.0,0.0,28,R,0.31683168316831684,0.21782178217821782,0.08415841584158416,0.23267326732673269,0.3076923076923077,0.3076923076923077,0.105,0.28,0.105,0.105,0.105,0.105,Zach Green
608344,5,1,1,0,2,0.36,0.2752,27,L,0.3142857142857143,0.21904761904761905,0.08095238095238096,0.23333333333333334,0.3,0.3,0.124,0.256,0.13085106382978723,0.1355263157894737,0.105,0.105,Cole Irvin
608348,1234,384,248,118,247,0.30530794165316044,0.3126303531306336,30,R,0.3118440779610195,0.20239880059970014,0.09482758620689655,0.202023988005997,0.25333333333333335,0.304,0.09518442622950819,0.12315573770491803,0.05438871473354232,0.14332682291666668,0.18822894168466525,0.105,Carson Kelly
608349,2,0,0,0,0,0.0,0.0555,30,R,0.3137254901960784,0.21568627450980393,0.08333333333333333,0.22058823529411764,0.2962962962962963,0.2962962962962963,0.10952380952380952,0.2666666666666667,0.11857142857142858,0.105,0.105,0.105,Corey Knebel
608360,18,4,3,0,7,0.25,0.2578451666666666,29,R,0.3050847457627119,0.211864406779661,0.07203389830508475,0.25,0.27906976744186046,0.27906976744186046,0.11363636363636363,0.2597402597402597,0.06916666666666667,0.17596153846153847,0.0984375,0.105,Chris Okey
608369,2348,839,588,231,392,0.3772146507666099,0.39022280598346193,30,L,0.35580065359477125,0.24918300653594772,0.09783496732026144,0.1693218954248366,0.3333333333333333,0.336,0.12923596348630736,0.1500562711016631,0.09705577172503242,0.17082692307692307,0.1399673202614379,0.0984375,Corey Seager
608371,2,0,0,0,1,0.0,0.0875,27,R,0.3137254901960784,0.21568627450980393,0.08333333333333333,0.23039215686274508,0.2962962962962963,0.2962962962962963,0.12162162162162163,0.2522522522522523,0.15375,0.10161290322580645,0.105,0.105,Lucas Sims
608379,3,0,0,0,3,0.0,0.0,30,R,0.3106796116504854,0.21359223300970873,0.0825242718446602,0.24757281553398058,0.2857142857142857,0.2857142857142857,0.11061946902654868,0.25663716814159293,0.11216216216216217,0.11527777777777778,0.105,0.105,Michael Wacha
608384,13,3,0,1,4,0.23076923076923078,0.2661216153846154,28,L,0.30973451327433627,0.19469026548672566,0.084070796460177,0.2345132743362832,0.2894736842105263,0.2894736842105263,0.11986301369863013,0.2328767123287671,0.13145161290322582,0.12875,0.09264705882352942,0.105,Nick Williams
608385,1846,668,390,246,356,0.349566630552546,0.34882968754584287,31,L,0.3597122302158273,0.2117163412127441,0.13078108941418293,0.19450154162384378,0.38666666666666666,0.368,0.08205584451136053,0.10511908020804818,0.07958343139562249,0.08381773399014779,0.08864306784660768,0.105,Jesse Winker
608422,74,17,11,6,24,0.20472972972972975,0.2151018317800559,30,L,0.28160919540229884,0.1896551724137931,0.08333333333333333,0.2672413793103448,0.24,0.25252525252525254,0.12872628726287264,0.2032520325203252,0.08859649122807017,0.17409090909090907,0.15576923076923077,0.105,José Godoy
608566,53,14,14,0,13,0.3084905660377359,0.2853414195867026,26,R,0.3006535947712418,0.23529411764705882,0.05555555555555555,0.23202614379084968,0.29333333333333333,0.28205128205128205,0.14864864864864866,0.2972972972972973,0.10801526717557253,0.23988095238095236,0.09264705882352942,0.105,Germán Márquez
608577,406,123,88,32,93,0.30086206896551726,0.2930657571467088,28,L,0.30632411067193677,0.21739130434782608,0.0800395256916996,0.22826086956521738,0.28,0.312,0.11011166253101737,0.16377171215880892,0.0852486187845304,0.15509164969450104,0.11348039215686274,0.0984375,Nomar Mazara
608596,623,199,127,69,192,0.32865168539325845,0.321279702309921,33,R,0.31950207468879666,0.20608575380359612,0.10719225449515905,0.2966804979253112,0.3466666666666667,0.344,0.14216512215669755,0.13689974726200504,0.11271653543307088,0.1588919288645691,0.212534435261708,0.105,Tom Murphy
608597,34,7,5,2,14,0.21617647058823528,0.24628906209150325,28,L,0.291044776119403,0.20149253731343283,0.07835820895522388,0.27238805970149255,0.2542372881355932,0.2542372881355932,0.14081632653061224,0.19183673469387755,0.1357142857142857,0.14926470588235294,0.14895833333333333,0.105,Ronald Guzmán
608665,1,0,0,0,1,0.0,0.0,31,R,0.31683168316831684,0.21782178217821782,0.08415841584158416,0.23267326732673269,0.3076923076923077,0.3076923076923077,0.09905660377358491,0.26415094339622647,0.09,0.10161290322580645,0.105,0.105,Kendall Graveman
608671,775,253,157,86,137,0.3038709677419355,0.28203836685738193,33,L,0.32571428571428573,0.20457142857142857,0.108,0.18228571428571427,0.30666666666666664,0.256,0.06254169446297532,0.09006004002668445,0.03697687224669604,0.08440789473684211,0.13385922330097086,0.105,Travis Jankowski
608686,396,106,79,23,91,0.2924242424242424,0.2543715917448422,32,R,0.2782258064516129,0.20362903225806453,0.06350806451612903,0.2288306451612903,0.21333333333333335,0.264,0.11673280423280423,0.18253968253968253,0.09668275030156816,0.13150537634408602,0.1641826923076923,0.105,Jack Mayfield
608700,396,125,91,29,62,0.3003787878787879,0.30432414783608924,32,R,0.3165322580645161,0.22782258064516128,0.07560483870967742,0.17036290322580644,0.38666666666666666,0.312,0.08057990559676331,0.14025623735670936,0.05892857142857143,0.10168918918918919,0.1375776397515528,0.105,Kevin Plawecki
608701,938,337,220,98,228,0.3456289978678038,0.343790151079814,33,R,0.3554913294797688,0.23314065510597304,0.10260115606936417,0.24132947976878613,0.29333333333333333,0.312,0.1011251004553978,0.11224216447897134,0.08194444444444444,0.11386701662292215,0.14801136363636364,0.105,Rob Refsnyder
608703,296,93,65,27,86,0.2952702702702703,0.2817549081748824,33,R,0.31565656565656564,0.2196969696969697,0.08964646464646464,0.273989898989899,0.32,0.288,0.10796387520525452,0.14614121510673234,0.05520984081041968,0.18500000000000003,0.15866141732283465,0.105,Matt Reynolds
608715,5,2,0,2,3,0.27999999999999997,0.27999999999999997,31,R,0.3238095238095238,0.20952380952380953,0.1,0.24285714285714285,0.3333333333333333,0.3333333333333333,0.1377952755905512,0.25984251968503935,0.17717391304347826,0.12875,0.10161290322580645,0.105,Eric Stamets
608717,2,0,0,0,2,0.0,0.0,31,R,0.3137254901960784,0.21568627450980393,0.08333333333333333,0.24019607843137256,0.2962962962962963,0.2962962962962963,0.10550458715596331,0.25688073394495414,0.11216216216216217,0.0984375,0.105,0.105,Chris Stratton
608718,4,0,0,0,3,0.0,0.055,32,L,0.3076923076923077,0.21153846153846154,0.08173076923076923,0.24519230769230768,0.27586206896551724,0.27586206896551724,0.11637931034482758,0.28448275862068967,0.10121951219512196,0.14714285714285716,0.105,0.105,Brent Suter
608723,3,2,1,0,1,0.5333333333333333,0.281644,29,R,0.3300970873786408,0.22330097087378642,0.0825242718446602,0.22815533980582525,0.35714285714285715,0.35714285714285715,0.09210526315789473,0.2543859649122807,0.07875,0.09264705882352942,0.105,0.105,Austin Voth
608841,1252,402,315,76,251,0.3311102236421725,0.2990089204691343,32,R,0.3210059171597633,0.2492603550295858,0.0625,0.20229289940828402,0.26666666666666666,0.28,0.10353163758671431,0.16375867143157452,0.07937381404174573,0.13167293233082708,0.13982558139534884,0.105,Joey Meneses
609274,49,11,9,2,17,0.2479591836734694,0.2450432448979592,30,R,0.28859060402684567,0.2080536912751678,0.07046979865771812,0.2651006711409396,0.25675675675675674,0.25675675675675674,0.16804979253112035,0.23651452282157676,0.19563106796116503,0.1506756756756757,0.15092592592592594,0.105,Elier Hernandez
609275,216,55,42,12,74,0.2796296296296296,0.2985271497388162,27,S,0.27531645569620256,0.20253164556962025,0.06487341772151899,0.30537974683544306,0.25333333333333335,0.24,0.19055944055944055,0.18414918414918416,0.1354265402843602,0.2582692307692308,0.22981927710843372,0.105,Adalberto Mondesi
609280,767,228,191,34,118,0.31349413298565837,0.2973812861853083,29,R,0.29988465974625145,0.24567474048442905,0.049019607843137254,0.16205305651672433,0.32,0.32,0.08987386124737211,0.19621583742116327,0.05173267326732674,0.13941005802707931,0.09658227848101265,0.10161290322580645,Miguel Andujar
613546,4,0,0,0,1,0.0,0.0,29,R,0.3076923076923077,0.21153846153846154,0.08173076923076923,0.22596153846153846,0.27586206896551724,0.27586206896551724,0.105,0.28,0.105,0.105,0.105,0.105,Angelo Castellano
613564,328,92,64,25,96,0.294359756097561,0.2876081694221203,31,L,0.2897196261682243,0.20093457943925233,0.07827102803738317,0.27686915887850466,0.25333333333333335,0.248,0.13586530931871574,0.15426781519185592,0.08507575757575757,0.2045774647887324,0.16104972375690607,0.105,Jason Vosler
614173,527,150,109,39,179,0.30351043643263753,0.30244430618338414,29,L,0.2902711323763955,0.20893141945773525,0.07575757575757576,0.32137161084529503,0.2,0.256,0.1753152279340446,0.16488845780795344,0.14556798623063683,0.21776699029126215,0.21106666666666668,0.105,Franchy Cordero
614177,1064,319,232,83,349,0.32161654135338347,0.31744054456793896,28,R,0.3015463917525773,0.218213058419244,0.07860824742268041,0.31915807560137455,0.25333333333333335,0.288,0.1524731684554363,0.1451236584227718,0.11652802101576182,0.1988102893890675,0.1765446224256293,0.105,Franmil Reyes
614179,1,0,0,0,0,0.0,0.104,27,R,0.31683168316831684,0.21782178217821782,0.08415841584158416,0.22277227722772278,0.3076923076923077,0.3076923076923077,0.11057692307692307,0.29807692307692313,0.12575757575757576,0.10161290322580645,0.105,0.105,José Ruiz
615698,2,1,1,0,0,0.45,0.07450000000000001,26,L,0.3235294117647059,0.22549019607843138,0.08333333333333333,0.22058823529411764,0.3333333333333333,0.3333333333333333,0.09292035398230089,0.25663716814159293,0.075,0.10161290322580645,0.105,0.105,Cal Quantrill
615699,16,3,1,2,6,0.14375,0.2,28,L,0.3017241379310345,0.19827586206896552,0.09051724137931035,0.24568965517241378,0.2682926829268293,0.2682926829268293,0.1305732484076433,0.21656050955414013,0.15149253731343285,0.1430232558139535,0.08513513513513513,0.105,Jacob Robson
620439,6,2,2,0,0,0.6333333333333333,0.6333333333333333,27,R,0.32075471698113206,0.22641509433962265,0.08018867924528301,0.21226415094339623,0.3225806451612903,0.3225806451612903,0.10176991150442478,0.25663716814159293,0.10121951219512196,0.10161290322580645,0.10161290322580645,0.105,Franklin Barreto
620442,8,3,2,1,1,0.3125,0.3125,28,R,0.32407407407407407,0.2222222222222222,0.08796296296296297,0.2175925925925926,0.3333333333333333,0.3333333333333333,0.09504132231404959,0.23966942148760334,0.07875,0.10921052631578948,0.09545454545454546,0.105,Wendell Rijo
620443,770,227,168,52,203,0.30253246753246754,0.3096711514809218,28,R,0.29770114942528736,0.21839080459770116,0.06954022988505747,0.2591954022988506,0.25333333333333335,0.272,0.11261408083441982,0.13233376792698825,0.08112244897959184,0.15443587270973963,0.1384507042253521,0.105,Luis Torrens
620446,14,4,4,0,2,0.3321428571428572,0.3321428571428572,26,S,0.3157894736842105,0.22807017543859648,0.07456140350877193,0.2149122807017544,0.3076923076923077,0.3076923076923077,0.10267857142857142,0.2857142857142857,0.09,0.09264705882352942,0.12575757575757576,0.105,Richard Urena
621002,125,38,16,18,40,0.262,0.2699752974160463,29,R,0.3111111111111111,0.1688888888888889,0.11777777777777777,0.2777777777777778,0.32,0.336,0.11538461538461539,0.14188034188034188,0.07419871794871795,0.1701058201058201,0.1506756756756757,0.105,Daniel Robertson
621005,56,12,9,3,13,0.21071428571428572,0.23503958928571428,29,R,0.28205128205128205,0.1987179487179487,0.07371794871794872,0.22756410256410256,0.24,0.24691358024691357,0.08168316831683169,0.17326732673267325,0.05722222222222222,0.10671641791044777,0.09,0.105,Tim Lopes
621006,162,48,37,10,43,0.29475308641975306,0.2795201189674523,28,R,0.3053435114503817,0.22519083969465647,0.07061068702290077,0.25,0.30666666666666664,0.304,0.1343612334801762,0.1527165932452276,0.1101219512195122,0.166580310880829,0.19338235294117648,0.105,Richie Martin Jr.
621008,28,8,6,2,9,0.2553571428571429,0.23548989285714286,30,R,0.3125,0.21875,0.08203125,0.24609375,0.3018867924528302,0.3018867924528302,0.10802469135802469,0.22839506172839505,0.13656716417910447,0.059433962264150944,0.1296875,0.105,Alex De Goti
621011,193,68,55,13,35,0.36580310880829014,0.3241931775121537,29,L,0.3412969283276451,0.2627986348122867,0.07337883959044368,0.1962457337883959,0.3466666666666667,0.344,0.0907202216066482,0.21745152354570638,0.05093085106382978,0.13371559633027522,0.136864406779661,0.105,Max Schrock
621020,2734,865,618,232,689,0.32772494513533285,0.3316800518195135,30,R,0.3165137614678899,0.22582921665490474,0.08486238532110092,0.25105857445306984,0.3466666666666667,0.328,0.13284978942442677,0.12381843706130088,0.11456387665198238,0.14083244111349036,0.19203013481363998,0.09545454545454546,Dansby Swanson
621028,1470,437,350,79,180,0.29744897959183675,0.2893748382763978,31,R,0.2987261146496815,0.23694267515923567,0.05573248407643312,0.12898089171974522,0.30666666666666664,0.32,0.06356991729178688,0.13964223889209462,0.031632313829787234,0.11073361395069152,0.09700193423597679,0.10161290322580645,Kevin Newman
621035,1809,584,370,194,575,0.32797125483692646,0.31308833536080016,34,R,0.322682032477737,0.20534311157674176,0.10607647983237296,0.31299109481403875,0.3466666666666667,0.336,0.15904585701070437,0.10770450640940928,0.12288174512055108,0.19997817546922741,0.229582875960483,0.105,Chris Taylor
621043,2324,827,565,245,460,0.36443631669535287,0.3541256184273287,30,R,0.3543729372937294,0.24216171617161716,0.10457920792079207,0.19905115511551155,0.41333333333333333,0.392,0.0901524914089347,0.13713487972508592,0.05596321577550246,0.14617064158548873,0.10290199809705043,0.105,Carlos Correa
621052,1,0,0,0,0,0.0,0.406,27,R,0.31683168316831684,0.21782178217821782,0.08415841584158416,0.22277227722772278,0.3076923076923077,0.3076923076923077,0.1,0.2761904761904762,0.09,0.105,0.105,0.105,Alex Reyes
621074,1,0,0,0,1,0.0,0.0,27,R,0.31683168316831684,0.21782178217821782,0.08415841584158416,0.23267326732673269,0.3076923076923077,0.3076923076923077,0.12135922330097088,0.2718446601941748,0.15606060606060607,0.105,0.105,0.105,Michael Rucker
621076,3,1,1,0,2,0.3,0.3106666666666667,27,R,0.32038834951456313,0.22330097087378642,0.0825242718446602,0.23786407766990292,0.32142857142857145,0.32142857142857145,0.09913793103448276,0.25862068965517243,0.075,0.10161290322580645,0.12575757575757576,0.105,James Kaprielian
621107,31,2,0,1,15,0.04516129032258064,0.10353706451612904,27,R,0.2595419847328244,0.16793893129770993,0.07251908396946564,0.2862595419847328,0.17857142857142858,0.17857142857142858,0.16447368421052633,0.21052631578947367,0.12289719626168225,0.20472972972972975,0.22027027027027027,0.105,Zach Eflin
621111,80,12,7,5,49,0.16499999999999998,0.1176729375,27,R,0.24444444444444444,0.16111111111111112,0.075,0.3972222222222222,0.2,0.19047619047619047,0.1178343949044586,0.11464968152866242,0.08672413793103448,0.17579365079365078,0.15888888888888889,0.105,Walker Buehler
621121,4,0,0,0,3,0.0,0.018,28,L,0.3076923076923077,0.21153846153846154,0.08173076923076923,0.24519230769230768,0.27586206896551724,0.27586206896551724,0.12393162393162394,0.25641025641025644,0.14642857142857144,0.09264705882352942,0.1338709677419355,0.105,Lance McCullers Jr.
621219,32,1,1,0,26,0.0390625,0.036625,30,R,0.25,0.17424242424242425,0.06439393939393939,0.36742424242424243,0.15789473684210525,0.15789473684210525,0.12650602409638553,0.15261044176706828,0.12019867549668874,0.15092592592592594,0.12205882352941178,0.105,Alec Mills
621237,1,0,0,0,1,0.0,0.0,27,L,0.31683168316831684,0.21782178217821782,0.08415841584158416,0.23267326732673269,0.3076923076923077,0.3076923076923077,0.1,0.2666666666666667,0.09,0.105,0.105,0.105,José Alvarado
621244,3,0,0,0,2,0.0,0.06233333333333333,27,R,0.3106796116504854,0.21359223300970873,0.0825242718446602,0.23786407766990292,0.2857142857142857,0.2857142857142857,0.10267857142857142,0.25000000000000006,0.07682926829268293,0.1338709677419355,0.105,0.105,José Berríos
621249,4,0,0,0,4,0.0,0.0,27,R,0.3076923076923077,0.21153846153846154,0.08173076923076923,0.2548076923076923,0.27586206896551724,0.27586206896551724,0.125,0.26724137931034486,0.09880952380952382,0.1808823529411765,0.105,0.105,Duane Underwood Jr.
621311,343,86,68,17,99,0.2739067055393586,0.2993779556846442,30,L,0.26636568848758463,0.20316027088036118,0.05756207674943566,0.2742663656884876,0.24,0.256,0.1403861625100563,0.19388576025744167,0.12565146579804562,0.1532171581769437,0.15914634146341464,0.105,David Dahl
621345,2,0,0,0,1,0.0,0.0085,28,L,0.3137254901960784,0.21568627450980393,0.08333333333333333,0.23039215686274508,0.2962962962962963,0.2962962962962963,0.10849056603773585,0.26415094339622647,0.11527777777777778,0.105,0.105,0.105,A.J. Minter
621348,2,0,0,0,1,0.0,0.068,28,L,0.3137254901960784,0.21568627450980393,0.08333333333333333,0.23039215686274508,0.2962962962962963,0.2962962962962963,0.09905660377358491,0.26415094339622647,0.0875,0.105,0.105,0.105,Sam Clay
621433,649,173,102,66,268,0.2783513097072419,0.2578130530690647,30,L,0.27369826435246997,0.16555407209612816,0.09946595460614152,0.3878504672897196,0.24,0.272,0.1520848845867461,0.0975428145941921,0.14344888366627498,0.14566993464052289,0.20483425414364642,0.105,Brett Phillips
621438,1372,406,303,78,320,0.3256924198250729,0.3146998815733296,30,R,0.297554347826087,0.22078804347826086,0.058763586956521736,0.23267663043478262,0.30666666666666664,0.336,0.11478109259976753,0.1687330492057342,0.0766981474754813,0.14566521264994547,0.20097690941385435,0.0984375,Tyrone Taylor
621439,1429,464,331,103,402,0.3713435969209237,0.3628315324343134,31,R,0.3243950294310007,0.23086984957488554,0.07292347939829955,0.2776324395029431,0.3333333333333333,0.336,0.14983683828861494,0.1492023205221175,0.12027796383121232,0.18653734800231614,0.18177805800756622,0.105,Byron Buxton
621446,343,90,73,15,91,0.2935860058309038,0.2857545305202018,28,R,0.27539503386004516,0.2144469525959368,0.05304740406320542,0.2562076749435666,0.26666666666666666,0.264,0.15327695560253699,0.23114869626497533,0.1373323397913562,0.17971962616822432,0.13866995073891625,0.105,Lewis Brinson
621450,222,51,33,16,54,0.22995495495495494,0.2555515629980945,30,S,0.2577639751552795,0.17080745341614906,0.07608695652173914,0.2375776397515528,0.30666666666666664,0.304,0.1167929292929293,0.1590909090909091,0.08557692307692308,0.1598148148148148,0.11587837837837837,0.105,Skye Bolt
621453,432,130,87,41,149,0.30023148148148143,0.27901831411520234,30,S,0.30451127819548873,0.20488721804511278,0.09304511278195489,0.3223684210526316,0.25333333333333335,0.264,0.12455410225921522,0.13079667063020214,0.08369565217391305,0.15550098231827114,0.19429065743944637,0.105,Steven Duggar
621458,249,72,41,25,88,0.30662650602409636,0.3265237978033257,30,L,0.2979942693409742,0.18051575931232092,0.09598853868194843,0.3166189111747851,0.26666666666666666,0.296,0.16092572658772875,0.15931108719052745,0.13257211538461539,0.20048387096774192,0.16139896373056994,0.105,Edwin Rios
621466,754,248,133,98,210,0.3275862068965517,0.3269688961145219,31,L,0.32786885245901637,0.18149882903981265,0.12470725995316159,0.272248243559719,0.29333333333333333,0.28,0.13829442282749677,0.11413748378728923,0.12333869239013934,0.1487400530503979,0.18314977973568283,0.105,DJ Stewart
621493,1961,659,446,188,432,0.3490311065782764,0.34955260326930704,31,R,0.33527413876758855,0.22707423580786026,0.09534206695778748,0.2205240174672489,0.32,0.36,0.09310389950274797,0.11057314839047369,0.07162947466294746,0.1187073540561031,0.12882947976878614,0.105,Taylor Ward
621500,60,16,8,5,24,0.2825,0.3092060993734336,29,R,0.3,0.1875,0.084375,0.290625,0.29333333333333333,0.2823529411764706,0.15472312703583063,0.1791530944625407,0.12872340425531914,0.1756880733944954,0.1946808510638298,0.105,Wyatt Mathisen
621512,713,184,150,29,186,0.26591865357643757,0.2833470223350665,30,R,0.2656826568265683,0.2115621156211562,0.046125461254612546,0.2564575645756458,0.2,0.232,0.19971785570334544,0.237807335751713,0.1461972891566265,0.25140243902439025,0.2914860681114551,0.105,Tomás Nido
621514,15,3,1,2,7,0.15333333333333332,0.15333333333333332,29,L,0.30434782608695654,0.2,0.09130434782608696,0.2565217391304348,0.275,0.275,0.08974358974358974,0.264957264957265,0.08289473684210526,0.0875,0.09545454545454546,0.105,Christin Stewart
621520,3,0,0,0,2,0.3,0.3,29,R,0.3106796116504854,0.21359223300970873,0.0825242718446602,0.23786407766990292,0.2857142857142857,0.2857142857142857,0.09905660377358491,0.26415094339622647,0.09545454545454546,0.09545454545454546,0.105,0.105,Clint Coulter
621529,31,15,12,3,8,0.45161290322580644,0.45161290322580644,33,R,0.35877862595419846,0.2595419847328244,0.08778625954198473,0.23282442748091603,0.4107142857142857,0.4107142857142857,0.10087719298245613,0.2543859649122807,0.08289473684210526,0.09264705882352942,0.1296875,0.105,Joe Hudson
621532,132,34,20,14,35,0.25037878787878787,0.2633242123316498,34,L,0.28448275862068967,0.1810344827586207,0.09698275862068965,0.2478448275862069,0.26666666666666666,0.256,0.1068904593639576,0.15724381625441697,0.08573770491803279,0.14477124183006534,0.11377551020408164,0.105,Anthony Bemboom
621545,245,73,55,16,77,0.3051020408163265,0.26064385018400804,30,R,0.30434782608695654,0.22318840579710145,0.07101449275362319,0.28840579710144926,0.32,0.288,0.12797619047619047,0.1392857142857143,0.10165198237885462,0.15410714285714286,0.18052631578947367,0.10161290322580645,Zach Remillard
621550,1440,425,271,135,525,0.3310763888888889,0.3155926138380275,33,R,0.29675324675324677,0.19025974025974027,0.09318181818181819,0.3555194805194805,0.21333333333333335,0.216,0.1629524128686327,0.13957774798927614,0.13897520167314012,0.1855276639344262,0.21874051593323218,0.105,Patrick Wisdom
621559,16,1,1,0,10,0.05625,0.1353221153846154,28,S,0.28448275862068967,0.19827586206896552,0.07327586206896551,0.2801724137931034,0.21951219512195122,0.21951219512195122,0.15088757396449703,0.21893491124260356,0.1537878787878788,0.19901960784313727,0.09880952380952382,0.105,Max Moroff
621563,1290,381,303,60,256,0.30213178294573645,0.28142702019548554,34,L,0.2971223021582734,0.23381294964028776,0.04928057553956835,0.20035971223021581,0.32,0.256,0.10310467799454584,0.1814558422487938,0.06031062874251497,0.15496712929145362,0.16407563025210084,0.0984375,Joey Wendle
621566,2914,1040,653,360,644,0.3771791352093342,0.36751493841669947,30,L,0.35567352355673526,0.22395487723954877,0.12226277372262774,0.22113470471134705,0.37333333333333335,0.424,0.11569801280452316,0.1433441423463873,0.10800998573466476,0.13220264317180616,0.11439725171767645,0.10161290322580645,Matt Olson
621573,57,22,12,9,13,0.3982456140350877,0.35284876023391815,29,R,0.34394904458598724,0.21656050955414013,0.11146496815286625,0.22611464968152867,0.4,0.36585365853658536,0.09394904458598727,0.17834394904458598,0.058653846153846154,0.1265625,0.1375,0.105,Austin Dean
622046,3,1,0,1,1,0.2333333333333333,0.2333333333333333,30,L,0.32038834951456313,0.21359223300970873,0.09223300970873786,0.22815533980582525,0.32142857142857145,0.32142857142857145,0.105,0.28,0.105,0.105,0.105,0.105,Chris Shaw
622053,1,0,0,0,1,0.0,0.0,29,L,0.31683168316831684,0.21782178217821782,0.08415841584158416,0.23267326732673269,0.3076923076923077,0.3076923076923077,0.105,0.28,0.105,0.105,0.105,0.105,Jameson Fisher
622065,4,0,0,0,4,0.0,0.0,28,L,0.3076923076923077,0.21153846153846154,0.08173076923076923,0.2548076923076923,0.27586206896551724,0.27586206896551724,0.10964912280701754,0.2543859649122807,0.07875,0.15147058823529413,0.105,0.105,Alex Young
622072,45,5,0,5,26,0.07777777777777778,0.1079018888888889,30,R,0.25517241379310346,0.15172413793103448,0.09310344827586207,0.33448275862068966,0.18571428571428572,0.18571428571428572,0.12457337883959044,0.15699658703071673,0.08922651933701657,0.22279411764705884,0.12205882352941178,0.105,Alex Wood
622075,3,0,0,0,2,0.0,0.023333333333333334,27,R,0.3106796116504854,0.21359223300970873,0.0825242718446602,0.23786407766990292,0.2857142857142857,0.2857142857142857,0.12272727272727273,0.3,0.13205128205128205,0.1338709677419355,0.105,0.105,Yency Almonte
622088,4,1,0,1,3,0.175,0.17292925,28,R,0.3173076923076923,0.21153846153846154,0.09134615384615384,0.24519230769230768,0.3103448275862069,0.3103448275862069,0.13306451612903225,0.27419354838709675,0.1663265306122449,0.0984375,0.12575757575757576,0.105,Tejay Antone
622098,1,0,0,0,0,0.0,0.044,28,R,0.31683168316831684,0.21782178217821782,0.08415841584158416,0.22277227722772278,0.3076923076923077,0.3076923076923077,0.09813084112149532,0.26168224299065423,0.0875,0.10161290322580645,0.105,0.105,Drew Smith
622100,131,36,28,8,38,0.2786259541984733,0.24348627930295147,30,R,0.2943722943722944,0.21645021645021645,0.07142857142857142,0.2619047619047619,0.32,0.296,0.14194139194139194,0.1794871794871795,0.10631399317406143,0.1558064516129032,0.24034090909090908,0.105,Taylor Jones
622110,846,280,204,62,161,0.31359338061465725,0.30926891276904844,33,R,0.3298097251585624,0.23890063424947147,0.07452431289640592,0.19397463002114165,0.3333333333333333,0.312,0.08055290753098189,0.12170320940578329,0.04257665411511566,0.13687982359426681,0.1324797843665768,0.105,Matt Duffy
622168,92,21,17,4,16,0.2597826086956522,0.24014639727943046,28,R,0.2760416666666667,0.203125,0.06510416666666667,0.20052083333333334,0.28,0.24786324786324787,0.14268585131894485,0.21342925659472423,0.10846153846153846,0.18928571428571428,0.14051724137931035,0.105,Yairo Muñoz
622250,2,0,0,0,2,0.0,0.0,30,R,0.3137254901960784,0.21568627450980393,0.08333333333333333,0.24019607843137256,0.2962962962962963,0.2962962962962963,0.09722222222222222,0.2592592592592593,0.09264705882352942,0.105,0.09264705882352942,0.105,Josh Sborz
622268,197,46,32,12,40,0.250507614213198,0.2568854504326935,30,L,0.26262626262626265,0.18181818181818182,0.06902356902356903,0.21043771043771045,0.26666666666666666,0.232,0.10466666666666667,0.17466666666666666,0.0644,0.13484848484848483,0.16529850746268657,0.105,Donovan Walton
622446,2,0,0,0,1,0.0,0.229,28,R,0.3137254901960784,0.21568627450980393,0.08333333333333333,0.23039215686274508,0.2962962962962963,0.2962962962962963,0.1201923076923077,0.2692307692307693,0.0984375,0.1609375,0.105,0.105,Jefry Rodriguez
622491,51,9,8,1,24,0.16862745098039214,0.14630409150326798,32,R,0.271523178807947,0.1986754966887417,0.06291390728476821,0.3079470198675497,0.22666666666666666,0.2236842105263158,0.1813186813186813,0.2454212454212454,0.16993243243243242,0.22272727272727272,0.1618421052631579,0.105,Luis Castillo
622503,10,0,0,0,6,0.0,0.0485,27,R,0.2909090909090909,0.2,0.07727272727272727,0.2590909090909091,0.22857142857142856,0.22857142857142856,0.14122137404580154,0.26717557251908397,0.1138888888888889,0.19861111111111113,0.1338709677419355,0.105,Nabil Crismatt
622534,1585,488,372,105,261,0.3053312302839117,0.30694370281220973,30,R,0.3086053412462908,0.2338278931750742,0.06735905044510386,0.1682492581602374,0.28,0.272,0.10244107744107744,0.15808080808080807,0.07649220817406645,0.14453000531067445,0.11651162790697675,0.10161290322580645,Manuel Margot
622569,412,132,95,36,62,0.3131067961165049,0.2943651683123882,31,R,0.3203125,0.228515625,0.0869140625,0.1650390625,0.25333333333333335,0.296,0.06544165054803353,0.1218568665377176,0.06563205417607224,0.049793814432989685,0.10676470588235293,0.105,Pablo Reyes
622608,39,2,2,0,19,0.046153846153846156,0.08469230769230769,26,R,0.2446043165467626,0.17266187050359713,0.06115107913669065,0.29856115107913667,0.15625,0.15625,0.1525096525096525,0.25096525096525096,0.12077464788732394,0.19929577464788734,0.19861111111111113,0.105,Antonio Senzatela
622666,244,67,48,17,54,0.27151639344262296,0.2783425592399404,30,S,0.2877906976744186,0.20348837209302326,0.07412790697674419,0.22238372093023256,0.28,0.312,0.11275831087151841,0.1940700808625337,0.09025,0.13810408921933084,0.14166666666666666,0.105,Johan Camargo
622668,16,6,4,2,3,0.38125,0.3568573125,27,S,0.3275862068965517,0.22413793103448276,0.09051724137931035,0.21982758620689655,0.34146341463414637,0.34146341463414637,0.0942622950819672,0.23770491803278693,0.075,0.10375000000000001,0.105,0.105,Ivan Castillo
622682,595,174,144,25,141,0.3094957983193277,0.3018849639826997,29,S,0.29640287769784174,0.23884892086330936,0.04820143884892086,0.23525179856115108,0.28,0.264,0.13193562049978821,0.21939855993223212,0.11771623672230654,0.13907956318252732,0.16875,0.105,Victor Reyes
622694,14,1,1,0,7,0.0642857142857143,0.15071428571428572,26,R,0.2894736842105263,0.20175438596491227,0.07456140350877193,0.25877192982456143,0.23076923076923078,0.23076923076923078,0.14144736842105263,0.26973684210526316,0.09461538461538462,0.22065217391304348,0.1338709677419355,0.105,Elieser Hernández
622700,17,5,1,4,5,0.2176470588235294,0.2176470588235294,28,R,0.3162393162393162,0.19658119658119658,0.10683760683760683,0.23504273504273504,0.30952380952380953,0.30952380952380953,0.09887005649717515,0.21468926553672316,0.07152777777777779,0.11721311475409836,0.12205882352941178,0.105,Santiago Chávez
622761,1352,379,294,73,342,0.2988165680473373,0.2912891157980113,29,R,0.2830578512396694,0.21763085399449036,0.05612947658402204,0.2510330578512397,0.26666666666666666,0.248,0.13877991369164377,0.18183601412318556,0.08903332112779203,0.18503959276018098,0.2311544991511036,0.105,Jorge Mateo
622766,3,0,0,0,1,0.0,0.123,27,R,0.3106796116504854,0.21359223300970873,0.0825242718446602,0.22815533980582525,0.2857142857142857,0.2857142857142857,0.13963963963963963,0.2612612612612613,0.19878048780487806,0.105,0.105,0.105,Miguel Díaz
623167,3,0,0,0,0,0.0,0.09966666666666667,27,R,0.3106796116504854,0.21359223300970873,0.0825242718446602,0.21844660194174756,0.2857142857142857,0.2857142857142857,0.10849056603773585,0.26415094339622647,0.11527777777777778,0.105,0.105,0.105,Chris Flexen
623168,260,81,53,19,33,0.2790384615384615,0.29223314120879124,33,S,0.3138888888888889,0.20833333333333334,0.0763888888888889,0.15416666666666667,0.37333333333333335,0.344,0.08341559723593288,0.17966436327739388,0.0572986577181208,0.10454545454545454,0.14289772727272726,0.105,Tyler Heineman
623182,13,6,1,4,6,0.3384615384615384,0.33102815384615386,33,R,0.336283185840708,0.20353982300884957,0.11061946902654868,0.252212389380531,0.3684210526315789,0.3684210526315789,0.1267123287671233,0.22602739726027396,0.10510204081632654,0.15212765957446808,0.12875,0.105,Patrick Kivlehan
623205,546,132,101,28,189,0.2600732600732601,0.2546455050839487,30,S,0.25386996904024767,0.19040247678018576,0.0565015479876161,0.32739938080495357,0.25333333333333335,0.272,0.16779990286546867,0.1437591063623118,0.14121287128712873,0.17535211267605635,0.2533823529411765,0.105,Andrew Velazquez
623323,28,7,6,1,10,0.2625,0.2522142857142857,29,R,0.3046875,0.21875,0.07421875,0.25390625,0.2830188679245283,0.2830188679245283,0.13087248322147652,0.2550335570469799,0.11181818181818183,0.14300000000000002,0.15147058823529413,0.105,Braden Bishop
623437,1,0,0,0,1,0.0,0.0,30,R,0.31683168316831684,0.21782178217821782,0.08415841584158416,0.23267326732673269,0.3076923076923077,0.3076923076923077,0.1,0.2666666666666667,0.09,0.105,0.105,0.105,Justin Topa
623465,4,1,0,1,3,0.175,0.172186,28,R,0.3173076923076923,0.21153846153846154,0.09134615384615384,0.24519230769230768,0.3103448275862069,0.3103448275862069,0.10330578512396695,0.2479338842975207,0.10510204081632654,0.10161290322580645,0.10161290322580645,0.105,Evan Phillips
623485,6,1,1,0,4,0.15,0.13783333333333334,29,R,0.3113207547169811,0.2169811320754717,0.08018867924528301,0.25,0.2903225806451613,0.2903225806451613,0.12083333333333333,0.25833333333333336,0.13369565217391305,0.12205882352941178,0.105,0.105,Ashton Goudeau
623507,67,13,9,4,21,0.1947761194029851,0.2047000447761194,30,L,0.2694610778443114,0.18562874251497005,0.0748502994011976,0.26047904191616766,0.25333333333333335,0.22826086956521738,0.15015479876160992,0.19504643962848298,0.10669014084507042,0.21238532110091743,0.14758064516129032,0.105,Josh Lester
623508,21,4,3,1,9,0.1619047619047619,0.14685714285714285,29,R,0.2975206611570248,0.2066115702479339,0.07851239669421488,0.2603305785123967,0.2608695652173913,0.2608695652173913,0.12251655629139073,0.2251655629139073,0.09363636363636364,0.1663265306122449,0.11216216216216217,0.105,Trent Giambrone
623515,36,15,10,4,8,0.35694444444444445,0.36177777777777775,29,R,0.34558823529411764,0.23529411764705882,0.09191176470588236,0.22426470588235295,0.3770491803278688,0.3770491803278688,0.11467889908256881,0.26605504587155965,0.11527777777777778,0.12575757575757576,0.105,0.105,Drew Jackson
623520,524,149,104,36,136,0.28988549618320614,0.2903286525623839,31,R,0.2900641025641026,0.20192307692307693,0.07131410256410256,0.25400641025641024,0.32,0.296,0.12550301810865191,0.1488933601609658,0.08888380603842636,0.1702143950995406,0.1738095238095238,0.10161290322580645,David Bote
623912,1546,505,414,64,272,0.3348641655886158,0.30641035468424344,30,R,0.32624544349939244,0.2648845686512758,0.04404617253948967,0.17891859052247874,0.29333333333333333,0.288,0.14146906756997682,0.23141379925120342,0.11036313806097978,0.1786630488406512,0.16562021439509955,0.105,Harold Ramírez
623993,2487,771,547,194,522,0.3395858464012867,0.3336822387253635,30,S,0.31039814456899883,0.21994588326246617,0.0782759953614225,0.21047545419404715,0.29333333333333333,0.28,0.09924376350422313,0.18090748379493224,0.09032946398088085,0.11687550525464833,0.10394235997824905,0.10161290322580645,Anthony Santander
624133,18,5,3,1,5,0.26666666666666666,0.25181383333333335,26,L,0.3135593220338983,0.211864406779661,0.08050847457627118,0.2330508474576271,0.3023255813953488,0.3023255813953488,0.10755813953488372,0.23837209302325582,0.09702380952380953,0.12812500000000002,0.105,0.105,Ranger Suarez
624408,1,0,0,0,0,0.0,0.0,27,L,0.31683168316831684,0.21782178217821782,0.08415841584158416,0.22277227722772278,0.3076923076923077,0.3076923076923077,0.105,0.28,0.105,0.105,0.105,0.105,Willie Abreu
624413,2821,957,614,284,607,0.36440978376462246,0.36424502368450545,30,R,0.33858267716535434,0.21773365285861007,0.10013693940431359,0.2155083875385142,0.38666666666666666,0.368,0.1058282208588957,0.15727830451756833,0.07378524772980723,0.15051468362095063,0.15166952054794522,0.105,Pete Alonso
624414,783,241,196,32,150,0.31596424010217117,0.30433247633125077,29,R,0.3091732729331823,0.24688561721404303,0.045866364665911666,0.19535673839184597,0.28,0.264,0.12307410124724871,0.20799706529713866,0.0954635761589404,0.15963455149501662,0.15231023102310232,0.105,Christian Arroyo
624415,1237,401,224,155,349,0.3029911075181892,0.2909114000459942,29,L,0.3238593866866118,0.18399401645474944,0.12228870605833957,0.27786088257292446,0.32,0.296,0.09016708277318994,0.08642212406376032,0.0726217718208565,0.08999244712990936,0.15620393120393122,0.105,Cavan Biggio
624416,10,3,2,1,4,0.25,0.25,28,L,0.3181818181818182,0.21818181818181817,0.08636363636363636,0.2409090909090909,0.3142857142857143,0.3142857142857143,0.0945945945945946,0.2522522522522523,0.09264705882352942,0.09,0.0984375,0.105,Ryan Boldt
624417,11,1,1,0,5,0.08181818181818182,0.08181818181818182,28,R,0.2972972972972973,0.2072072072072072,0.07657657657657657,0.24774774774774774,0.25,0.25,0.11153846153846154,0.25384615384615383,0.13085106382978723,0.07875,0.12575757575757576,0.105,Bryson Brigman
624418,1,0,0,0,0,0.0,0.128,25,R,0.31683168316831684,0.21782178217821782,0.08415841584158416,0.22277227722772278,0.3076923076923077,0.3076923076923077,0.10194174757281553,0.28155339805825247,0.10161290322580645,0.0984375,0.105,0.105,Ryan Castellani
624419,19,7,5,2,5,0.36578947368421055,0.3499587894736842,27,L,0.3277310924369748,0.226890756302521,0.08823529411764706,0.23109243697478993,0.3409090909090909,0.3409090909090909,0.11328125,0.28125,0.1366666666666667,0.07875,0.12575757575757576,0.105,Nick Ciuffo
624424,1488,483,302,157,341,0.3240927419354839,0.3383759657433107,31,L,0.3243073047858942,0.2040302267002519,0.1042191435768262,0.22890428211586902,0.32,0.296,0.10108514190317196,0.12654424040066778,0.07761847268336854,0.12229280096793708,0.14314595660749507,0.105,Michael Conforto
624428,2079,665,481,158,283,0.3081048581048581,0.30736377098364354,33,L,0.31987150068838915,0.23083983478659936,0.07641119779715466,0.14020192748967417,0.25333333333333335,0.28,0.07090322580645161,0.13625806451612904,0.052744969378827646,0.1018791627021884,0.08738273921200751,0.105,Adam Frazier
624431,1128,305,241,58,193,0.282313829787234,0.2756612457023535,32,R,0.2744299674267101,0.21416938110749187,0.05415309446254072,0.1754885993485342,0.24,0.256,0.08870180575890678,0.18545632015617375,0.04696902654867257,0.14422092172640819,0.12830802603036875,0.105,Jose Trevino
624503,1086,310,249,45,253,0.30179558011049723,0.3105062766584077,29,L,0.28836424957841483,0.22849915682967958,0.045109612141652614,0.23229342327150085,0.29333333333333333,0.272,0.1548197391971363,0.20046024034773716,0.13504631671812967,0.20242165242165241,0.14655765920826164,0.105,Nick Gordon
624507,4,0,0,0,3,0.0,0.0,28,L,0.3076923076923077,0.21153846153846154,0.08173076923076923,0.24519230769230768,0.27586206896551724,0.27586206896551724,0.105,0.28,0.105,0.105,0.105,0.105,Ryder Jones
624512,900,269,204,56,204,0.29200000000000004,0.2675782886139862,29,L,0.301,0.226,0.0645,0.2265,0.28,0.256,0.10198257735055573,0.18113547611895464,0.07640291806958474,0.139815712900097,0.1149209486166008,0.105,Reese McGuire
624513,342,103,59,44,109,0.2976608187134503,0.27737508373044145,29,L,0.3054298642533937,0.1832579185520362,0.11877828054298642,0.29751131221719457,0.30666666666666664,0.336,0.11448598130841121,0.130173564753004,0.07767605633802817,0.1592555331991952,0.12864768683274022,0.105,Dom Nuñez
624522,6,1,1,0,3,0.15,0.17566666666666667,26,R,0.3113207547169811,0.2169811320754717,0.08018867924528301,0.24056603773584906,0.2903225806451613,0.2903225806451613,0.12992125984251968,0.2677165354330709,0.12058823529411765,0.17083333333333334,0.105,0.105,Keegan Thompson
624523,3,2,2,0,1,0.7166666666666667,0.7166666666666667,27,S,0.3300970873786408,0.23300970873786409,0.0825242718446602,0.22815533980582525,0.35714285714285715,0.35714285714285715,0.105,0.28,0.105,0.105,0.105,0.105,Riley Unroe
624585,2170,711,443,247,549,0.3459216589861751,0.35679660369720756,32,R,0.3273127753303965,0.20484581497797358,0.11255506607929515,0.25176211453744496,0.36,0.36,0.12198013095506886,0.13727703770602845,0.08382449967011216,0.16159747292418772,0.1651127049180328,0.10161290322580645,Jorge Soler
624641,1170,362,271,48,281,0.3217094017094017,0.3011814499751206,28,R,0.3102362204724409,0.23070866141732282,0.044488188976377956,0.2389763779527559,0.28,0.288,0.15646952186721053,0.2114208021753909,0.11978044739022368,0.20161069225496914,0.20028301886792454,0.105,Edmundo Sosa
625510,1,0,0,0,0,0.0,0.0,28,L,0.31683168316831684,0.21782178217821782,0.08415841584158416,0.22277227722772278,0.3076923076923077,0.3076923076923077,0.11057692307692307,0.27884615384615385,0.12575757575757576,0.10161290322580645,0.105,0.105,Erick Mejia
628317,3,1,1,0,1,0.3,0.158,33,R,0.32038834951456313,0.22330097087378642,0.0825242718446602,0.22815533980582525,0.32142857142857145,0.32142857142857145,0.09545454545454546,0.2545454545454546,0.0875,0.09264705882352942,0.105,0.105,Kenta Maeda
628338,456,135,85,38,117,0.2990131578947368,0.28623002106354983,31,R,0.30035971223021585,0.19244604316546762,0.08363309352517985,0.25089928057553956,0.26666666666666666,0.264,0.1319672131147541,0.14863387978142076,0.08143004115226338,0.18813694267515924,0.19613636363636364,0.105,Guillermo Heredia
628450,640,206,159,45,140,0.33203125,0.3129589653540699,35,L,0.3216216216216216,0.2445945945945946,0.0722972972972973,0.2195945945945946,0.32,0.304,0.13471202164669502,0.15771163509856978,0.12221820809248556,0.13483660130718955,0.17558411214953273,0.105,Yadiel Hernandez
628451,1097,336,261,67,200,0.31536007292616225,0.3074406816484835,31,R,0.30743525480367584,0.23642439431913115,0.06307435254803676,0.1858813700918964,0.26666666666666666,0.256,0.11188722377444756,0.16586233172466344,0.0834708948740226,0.1475,0.1631958762886598,0.105,Andy Ibáñez
628711,64,14,13,0,23,0.2046875,0.16070269254032257,25,L,0.2804878048780488,0.21341463414634146,0.051829268292682924,0.2774390243902439,0.28,0.24719101123595505,0.1338235294117647,0.2647058823529412,0.09281609195402298,0.2395238095238095,0.06176470588235294,0.105,Julio Urías
630105,2614,855,563,241,470,0.33140780413159904,0.32401499628829733,30,L,0.3268238761974945,0.21554900515843772,0.091930729550479,0.18146647015475315,0.28,0.296,0.06532882011605416,0.11586073500967117,0.040724769254047506,0.11560444078947367,0.09638975155279504,0.10161290322580645,Jake Cronenworth
640444,37,4,2,1,14,0.09594594594594594,0.16097549849849851,27,R,0.26277372262773724,0.17518248175182483,0.06934306569343066,0.2664233576642336,0.1935483870967742,0.1935483870967742,0.13598326359832635,0.2301255230125523,0.075,0.20507246376811594,0.21447368421052632,0.105,Wil Crowe
640449,394,128,66,58,115,0.3041878172588832,0.3120525806549488,29,R,0.32388663967611336,0.17813765182186234,0.1346153846153846,0.2783400809716599,0.28,0.304,0.10739779364049319,0.09604153147306943,0.07407621247113165,0.11852272727272727,0.214,0.105,Clint Frazier
640455,4,2,2,0,1,0.5375,0.191,29,R,0.3269230769230769,0.23076923076923078,0.08173076923076923,0.22596153846153846,0.3448275862068966,0.3448275862068966,0.08898305084745763,0.25423728813559326,0.07682926829268293,0.0875,0.10161290322580645,0.105,Sean Manaea
640457,814,258,170,79,152,0.32825552825552823,0.33180380652962566,28,L,0.3172866520787746,0.2100656455142232,0.09573304157549234,0.19091903719912473,0.32,0.288,0.09423843089181734,0.1357646337726019,0.07046561992420142,0.1070267131242741,0.1546875,0.10161290322580645,Austin Meadows
640458,457,128,96,28,92,0.31072210065645517,0.27918047489208564,29,R,0.2872531418312388,0.2118491921005386,0.06552962298025135,0.20556552962298025,0.30666666666666664,0.288,0.13123123123123123,0.14354354354354354,0.09679860302677533,0.1683533447684391,0.16971830985915493,0.105,Óscar Mercado
640459,12,3,1,1,3,0.19166666666666665,0.19166666666666665,29,R,0.3125,0.20535714285714285,0.08482142857142858,0.22767857142857142,0.2972972972972973,0.2972972972972973,0.105,0.28,0.105,0.105,0.105,0.105,Brian Navarreto
640460,5,1,1,0,2,0.4,0.4,30,R,0.3142857142857143,0.21904761904761905,0.08095238095238096,0.23333333333333334,0.3,0.3,0.10775862068965517,0.25862068965517243,0.13205128205128205,0.08513513513513513,0.105,0.105,Dustin Peterson
640461,656,182,147,33,188,0.2996189024390244,0.30697770813281877,31,R,0.2830687830687831,0.22354497354497355,0.05489417989417989,0.27843915343915343,0.25333333333333335,0.264,0.14756446991404013,0.14285714285714285,0.13850446428571428,0.16088977423638778,0.15520833333333334,0.105,Chad Pinder
640464,3,1,1,0,1,0.3,0.19000000000000003,27,R,0.32038834951456313,0.22330097087378642,0.0825242718446602,0.22815533980582525,0.32142857142857145,0.32142857142857145,0.10454545454545454,0.26363636363636367,0.08289473684210526,0.1296875,0.105,0.105,Kohl Stewart
640470,32,3,2,1,13,0.0890625,0.08233490625,26,R,0.26515151515151514,0.18181818181818182,0.07196969696969698,0.2689393939393939,0.19298245614035087,0.19298245614035087,0.13316582914572864,0.23115577889447236,0.10721153846153847,0.2064814814814815,0.10161290322580645,0.105,Adbert Alzolay
640492,442,130,103,24,101,0.29389140271493214,0.2894430355526257,28,S,0.2988929889298893,0.23062730627306274,0.05996309963099631,0.22785977859778597,0.25333333333333335,0.28,0.1281127129750983,0.23328964613368283,0.10444312796208531,0.166629711751663,0.1409502262443439,0.105,José Azócar
640902,52,14,11,2,15,0.24807692307692308,0.2580548534107402,28,R,0.3026315789473684,0.21710526315789475,0.06907894736842106,0.24671052631578946,0.28,0.2857142857142857,0.11346153846153846,0.2,0.1294871794871795,0.10187500000000001,0.09716981132075472,0.105,Jhonny Pereda
641154,33,2,2,0,17,0.10303030303030303,0.13618181818181818,25,L,0.2556390977443609,0.18045112781954886,0.06390977443609022,0.29699248120300753,0.1724137931034483,0.1724137931034483,0.18,0.20444444444444446,0.16092436974789914,0.20272727272727273,0.22317073170731708,0.105,Pablo López
641302,2,0,0,0,1,0.0,0.0,27,R,0.3137254901960784,0.21568627450980393,0.08333333333333333,0.23039215686274508,0.2962962962962963,0.2962962962962963,0.10849056603773585,0.2735849056603774,0.09264705882352942,0.1296875,0.105,0.105,Tyler Alexander
641313,1746,544,465,69,382,0.30959335624284073,0.3055595784826869,31,R,0.3120260021668472,0.2638136511375948,0.04198266522210184,0.21912242686890573,0.24,0.248,0.13484314980793854,0.19126120358514725,0.11728090539756239,0.15139943074003795,0.17298682284040998,0.10161290322580645,Tim Anderson
641323,4,1,1,0,1,0.225,0.225,28,R,0.3173076923076923,0.22115384615384615,0.08173076923076923,0.22596153846153846,0.3103448275862069,0.3103448275862069,0.13551401869158877,0.2710280373831776,0.1808823529411765,0.12575757575757576,0.105,0.105,Luis Aviles Jr.
641343,994,302,189,104,307,0.30306841046277666,0.3231353199628174,29,L,0.3053016453382084,0.19287020109689215,0.10283363802559416,0.30118829981718465,0.29333333333333333,0.264,0.12441545655919271,0.1151858232832882,0.10210736468500443,0.16219946571682992,0.1363165680473373,0.105,Jake Bauers
641355,2155,654,476,167,460,0.32234338747099767,0.3019285355051933,29,L,0.3042128603104213,0.22084257206208427,0.0778270509977827,0.2139689578713969,0.28,0.336,0.11322224886118437,0.1591944377847039,0.10174695058920818,0.13236057068741894,0.12290431837425911,0.10161290322580645,Cody Bellinger
641360,3,1,1,0,2,0.3,0.049999999999999996,26,R,0.32038834951456313,0.22330097087378642,0.0825242718446602,0.23786407766990292,0.32142857142857145,0.32142857142857145,0.11574074074074074,0.2777777777777778,0.0875,0.1609375,0.105,0.105,Phil Bickford
641385,26,9,6,2,8,0.3576923076923077,0.3576923076923077,29,L,0.3253968253968254,0.2222222222222222,0.08333333333333333,0.24206349206349206,0.3333333333333333,0.3333333333333333,0.10818713450292397,0.21052631578947367,0.09662162162162162,0.10957446808510639,0.12875,0.105,Bret Boswell
641394,1,1,0,1,0,0.7,0.691717,27,L,0.32673267326732675,0.21782178217821782,0.09405940594059406,0.22277227722772278,0.34615384615384615,0.34615384615384615,0.09722222222222222,0.2592592592592593,0.08289473684210526,0.105,0.105,0.105,Jake Brentz
641431,4,2,2,0,1,0.45,0.45,27,R,0.3269230769230769,0.23076923076923078,0.08173076923076923,0.22596153846153846,0.3448275862068966,0.3448275862068966,0.10683760683760683,0.2478632478632479,0.11976744186046512,0.09545454545454546,0.10161290322580645,0.105,Edgar Cabral
641432,826,258,179,74,102,0.3068401937046005,0.31643667281912796,30,L,0.31317494600431967,0.21706263498920086,0.08909287257019438,0.13444924406047515,0.28,0.304,0.05965909090909091,0.12098930481283422,0.04722929936305733,0.08341040462427746,0.05694698354661791,0.105,Willie Calhoun
641447,4,0,0,0,2,0.0,0.074,27,L,0.3076923076923077,0.21153846153846154,0.08173076923076923,0.23557692307692307,0.27586206896551724,0.27586206896551724,0.11061946902654868,0.2831858407079646,0.12261904761904763,0.105,0.10161290322580645,0.105,Daniel Castano
641453,9,2,2,0,1,0.2777777777777778,0.2777777777777778,28,R,0.3119266055045872,0.22018348623853212,0.0779816513761468,0.21559633027522937,0.29411764705882354,0.29411764705882354,0.08823529411764706,0.2689075630252101,0.07325581395348837,0.0875,0.105,0.105,C.J. Chatham
641468,10,1,1,0,3,0.09,0.09,28,R,0.3,0.20909090909090908,0.07727272727272727,0.2318181818181818,0.2571428571428571,0.2571428571428571,0.1220472440944882,0.25196850393700787,0.08829787234042553,0.11216216216216217,0.18636363636363637,0.105,Gavin Collins
641470,371,112,62,48,121,0.28369272237196763,0.3005752560831306,28,L,0.3057324840764331,0.17834394904458598,0.11995753715498939,0.3046709129511677,0.25333333333333335,0.248,0.12332695984703633,0.10962396430847673,0.11422811059907835,0.12900677200902935,0.14576612903225805,0.105,Zack Collins
641482,1,0,0,0,0,0.0,0.156,27,R,0.31683168316831684,0.21782178217821782,0.08415841584158416,0.22277227722772278,0.3076923076923077,0.3076923076923077,0.10396039603960396,0.27722772277227725,0.10161290322580645,0.105,0.105,0.105,Nestor Cortes
641487,2458,841,534,281,431,0.32772579332790885,0.31772579728700295,29,L,0.34128225175918686,0.21735731039874903,0.11317435496481626,0.1772869429241595,0.32,0.312,0.06143667296786389,0.09839816933638444,0.044421690694626474,0.09169201520912548,0.0798696319018405,0.09545454545454546,J.P. Crawford
641505,332,95,52,37,98,0.2608433734939759,0.27311169705992944,32,R,0.29398148148148145,0.1712962962962963,0.10532407407407407,0.2789351851851852,0.28,0.288,0.09830866807610994,0.11346018322762509,0.08027912621359223,0.11670258620689655,0.15,0.105,Jonathan Davis
641511,393,117,83,27,98,0.2812977099236641,0.254625952046343,29,R,0.3022312373225152,0.2129817444219067,0.0720081135902637,0.24442190669371197,0.36,0.336,0.1306709265175719,0.1546325878594249,0.099393605292172,0.1634533898305085,0.20539772727272726,0.105,Jason Delay
641512,30,8,4,3,7,0.255,0.29118150000000004,29,R,0.3076923076923077,0.2,0.08846153846153847,0.22692307692307692,0.2909090909090909,0.2909090909090909,0.13970588235294118,0.22549019607843138,0.15898876404494383,0.10833333333333334,0.15769230769230771,0.105,Ben DeLuzio
641513,113,29,22,7,38,0.26017699115044246,0.25447072484921773,28,R,0.2863849765258216,0.20657276995305165,0.07276995305164319,0.284037558685446,0.24,0.264,0.13617463617463618,0.15176715176715178,0.13714859437751004,0.121,0.16875,0.105,Travis Demeritte
641521,3,1,1,0,1,0.4166666666666667,0.4166666666666667,28,R,0.32038834951456313,0.22330097087378642,0.0825242718446602,0.22815533980582525,0.32142857142857145,0.32142857142857145,0.105,0.28,0.105,0.105,0.105,0.105,Edwin Díaz
641525,119,30,23,3,46,0.24831932773109244,0.24070161975815668,31,R,0.2831050228310502,0.2054794520547945,0.05251141552511415,0.3127853881278539,0.24,0.272,0.13229166666666667,0.18333333333333332,0.10702127659574467,0.16208053691275168,0.15290697674418605,0.105,Brandon Dixon
641531,1191,345,248,87,322,0.306255247691016,0.302714547413473,32,R,0.29202168861347794,0.209140201394268,0.07397366382649109,0.266847405112316,0.32,0.272,0.14395457581830326,0.17034068136272545,0.08874777183600713,0.19892441860465115,0.20184108527131783,0.10161290322580645,Hunter Dozier
641540,3,1,1,0,1,0.3,0.08066666666666666,27,R,0.32038834951456313,0.22330097087378642,0.0825242718446602,0.22815533980582525,0.32142857142857145,0.32142857142857145,0.11682242990654206,0.26168224299065423,0.09,0.1609375,0.105,0.105,Dane Dunning
641541,3,1,0,0,2,0.2333333333333333,0.240644,27,L,0.32038834951456313,0.21359223300970873,0.0825242718446602,0.23786407766990292,0.32142857142857145,0.32142857142857145,0.13963963963963963,0.2792792792792793,0.15769230769230771,0.1338709677419355,0.1338709677419355,0.105,Jon Duplantier
641552,2,1,1,0,0,0.625,0.625,28,R,0.3235294117647059,0.22549019607843138,0.08333333333333333,0.22058823529411764,0.3333333333333333,0.3333333333333333,0.10096153846153846,0.2692307692307693,0.09264705882352942,0.105,0.105,0.105,Karl Ellison
641553,444,126,91,26,119,0.28862612612612615,0.27732378587893086,32,R,0.29044117647058826,0.20772058823529413,0.06341911764705882,0.2601102941176471,0.25333333333333335,0.224,0.13822829964328182,0.1539833531510107,0.11038283062645013,0.1577217125382263,0.2125,0.105,Adam Engel
641555,7,4,1,3,1,0.5857142857142856,0.5857142857142856,29,S,0.3364485981308411,0.21495327102803738,0.10747663551401869,0.21962616822429906,0.375,0.375,0.1125,0.2416666666666667,0.10641025641025642,0.0875,0.14714285714285716,0.105,J.C. Escarra
641561,53,14,13,1,15,0.280188679245283,0.20494015303983226,27,R,0.3006535947712418,0.22875816993464052,0.06209150326797386,0.24509803921568626,0.28,0.28205128205128205,0.13321799307958476,0.23875432525951557,0.12234848484848483,0.14464285714285716,0.14523809523809525,0.105,Johneshwy Fargas
641569,8,3,3,0,0,0.6125,0.6125,28,R,0.32407407407407407,0.23148148148148148,0.0787037037037037,0.20833333333333334,0.3333333333333333,0.3333333333333333,0.105,0.28,0.105,0.105,0.105,0.105,Xavier Fernández
641583,46,11,7,3,20,0.20543478260869563,0.1866974565217391,27,L,0.2945205479452055,0.19863013698630136,0.07876712328767123,0.2910958904109589,0.2676056338028169,0.2676056338028169,0.13949275362318841,0.18478260869565216,0.12817460317460316,0.12530864197530864,0.18898305084745765,0.105,Dustin Fowler
641584,1344,457,300,142,281,0.33954613095238095,0.32201911619779305,29,S,0.3386426592797784,0.22299168975069253,0.10422437673130194,0.21018005540166204,0.32,0.32,0.11203278033180092,0.13771736957825303,0.07418032786885247,0.1485681989449887,0.17945285215366708,0.10161290322580645,Jake Fraley
641598,1371,442,261,165,370,0.3339533187454413,0.32896386069090644,33,R,0.3222297756628144,0.19238613188307274,0.11794697484704283,0.2668252889191027,0.29333333333333333,0.296,0.09966216216216216,0.1029516358463727,0.07145620823074218,0.12997165800661312,0.12408256880733946,0.105,Mitch Garver
641645,848,288,188,97,145,0.3157429245283019,0.2998618342570578,30,L,0.33755274261603374,0.22151898734177214,0.11128691983122363,0.17668776371308018,0.3466666666666667,0.28,0.05408822703006463,0.11351503231244732,0.045318100358422944,0.06127777777777778,0.0842925659472422,0.105,Luis Guillorme
641658,1257,374,270,97,319,0.29463007159904536,0.2781481467132401,30,R,0.29918938835666914,0.21518054532056005,0.07774502579218866,0.25165806927044954,0.30666666666666664,0.28,0.10266666666666667,0.1282051282051282,0.07346903270702854,0.13982876712328768,0.15907372400756145,0.0984375,Garrett Hampson
641680,1858,536,398,131,347,0.30088805166846067,0.3020471495045029,29,S,0.2900919305413687,0.21450459652706844,0.0712461695607763,0.1887129724208376,0.30666666666666664,0.24,0.09961821266968326,0.1546945701357466,0.09207813998082454,0.09979710144927537,0.12630901287553647,0.105,Jonah Heim
641682,1,0,0,0,0,0.0,0.229,27,R,0.31683168316831684,0.21782178217821782,0.08415841584158416,0.22277227722772278,0.3076923076923077,0.3076923076923077,0.10396039603960396,0.28712871287128716,0.105,0.105,0.10161290322580645,0.105,Ryan Hendrix
641684,142,40,21,11,46,0.27887323943661974,0.30527301147782915,28,R,0.2975206611570248,0.17768595041322313,0.08057851239669421,0.2830578512396694,0.25333333333333335,0.296,0.18440366972477065,0.1889908256880734,0.1666051660516605,0.19854651162790696,0.21902173913043477,0.105,Michael Hermosillo
641689,2,1,1,0,1,0.45,0.45,27,R,0.3235294117647059,0.22549019607843138,0.08333333333333333,0.23039215686274508,0.3333333333333333,0.3333333333333333,0.105,0.28,0.105,0.105,0.105,0.105,Jacob Heyward
641712,4,2,1,1,2,0.4,0.23667925,27,R,0.3269230769230769,0.22115384615384615,0.09134615384615384,0.23557692307692307,0.3448275862068966,0.3448275862068966,0.10330578512396695,0.25619834710743805,0.08469387755102041,0.1296875,0.105,0.105,Dakota Hudson
641716,2,0,0,0,0,0.0,0.0,27,R,0.3137254901960784,0.21568627450980393,0.08333333333333333,0.22058823529411764,0.2962962962962963,0.2962962962962963,0.105,0.28,0.105,0.105,0.105,0.105,Torii Hunter Jr.
641741,37,14,9,5,8,0.3716216216216216,0.3733576216216216,28,L,0.3357664233576642,0.22627737226277372,0.09854014598540146,0.22262773722627738,0.3548387096774194,0.3548387096774194,0.10491071428571429,0.16517857142857142,0.0740909090909091,0.10423728813559323,0.1811111111111111,0.105,Gosuke Katoh
641745,5,0,0,0,3,0.0,0.0772,26,R,0.3047619047619048,0.20952380952380953,0.08095238095238096,0.24285714285714285,0.26666666666666666,0.26666666666666666,0.09765625,0.22656250000000003,0.07980769230769232,0.11857142857142858,0.10161290322580645,0.105,Brad Keller
641771,22,2,1,1,11,0.07272727272727274,0.12575986363636363,29,R,0.2786885245901639,0.1885245901639344,0.0778688524590164,0.27459016393442626,0.2127659574468085,0.2127659574468085,0.13709677419354838,0.1881720430107527,0.12766990291262137,0.19878048780487806,0.0984375,0.105,Chad Kuhl
641778,32,8,4,3,16,0.234375,0.19250740144230769,26,R,0.30303030303030304,0.19696969696969696,0.08712121212121213,0.2916666666666667,0.2807017543859649,0.2807017543859649,0.11458333333333333,0.1625,0.079296875,0.18692307692307694,0.11216216216216217,0.105,Eric Lauer
641779,205,67,46,20,64,0.33170731707317075,0.2962027148241253,28,R,0.32459016393442625,0.22295081967213115,0.09344262295081968,0.2836065573770492,0.32,0.336,0.10702875399361023,0.15335463258785942,0.09011976047904191,0.1193069306930693,0.1452,0.105,Charles Leblanc
641786,285,85,54,28,81,0.30140350877192984,0.3230057809923567,28,R,0.3038961038961039,0.1974025974025974,0.09480519480519481,0.2688311688311688,0.25333333333333335,0.256,0.14949258391881343,0.1405152224824356,0.11532137518684604,0.19004683840749415,0.18371428571428572,0.105,Kyle Lewis
641793,4,1,1,0,3,0.225,0.139,26,R,0.3173076923076923,0.22115384615384615,0.08173076923076923,0.24519230769230768,0.3103448275862069,0.3103448275862069,0.1336206896551724,0.28448275862068967,0.10375000000000001,0.19861111111111113,0.105,0.105,Zack Littell
641796,306,84,52,13,69,0.27679738562091505,0.2859582869514903,31,R,0.2857142857142857,0.18226600985221675,0.05295566502463054,0.22536945812807882,0.3466666666666667,0.296,0.11087328767123288,0.17465753424657535,0.10907111756168361,0.1072700296735905,0.12992424242424241,0.105,Tim Locastro
641816,59,7,3,4,19,0.09322033898305085,0.20091701505584256,27,R,0.24528301886792453,0.15723270440251572,0.07861635220125786,0.2610062893081761,0.18666666666666668,0.17857142857142858,0.11356932153392331,0.20058997050147492,0.08705583756345177,0.13064516129032258,0.20897435897435898,0.105,Tyler Mahle
641820,1560,488,335,131,383,0.3153205128205128,0.32085905261397174,32,R,0.3132530120481928,0.21506024096385543,0.08403614457831325,0.24427710843373493,0.28,0.28,0.12956352425766673,0.16420574395586565,0.1016941391941392,0.14872581406323737,0.19676781002638524,0.105,Trey Mancini
641829,172,43,33,10,47,0.2706395348837209,0.28574321976080896,27,L,0.2757352941176471,0.20220588235294118,0.06801470588235294,0.2555147058823529,0.30666666666666664,0.272,0.1323529411764706,0.14425770308123248,0.118,0.1394578313253012,0.17831858407079645,0.105,Jason Martin
641851,1,0,0,0,1,0.0,0.0,30,R,0.31683168316831684,0.21782178217821782,0.08415841584158416,0.23267326732673269,0.3076923076923077,0.3076923076923077,0.1,0.2666666666666667,0.09,0.105,0.105,0.105,Kyle McGowin
641856,595,170,104,62,162,0.28336134453781514,0.2990010215666789,30,L,0.2906474820143885,0.18129496402877698,0.10143884892086331,0.2654676258992806,0.3333333333333333,0.328,0.10362377850162867,0.11074918566775244,0.07122434017595308,0.13373579545454548,0.1644179894179894,0.105,Billy McKinney
641857,2552,835,558,264,708,0.33281739811912225,0.3310561925018884,30,L,0.3269230769230769,0.2187028657616893,0.1027526395173454,0.2754524886877828,0.26666666666666666,0.304,0.12888126795810548,0.1243859486514042,0.10390314695997556,0.18539056742815033,0.13571428571428573,0.105,Ryan McMahon
641882,8,1,0,1,5,0.0875,0.0875,27,L,0.3055555555555556,0.2037037037037037,0.08796296296296297,0.25462962962962965,0.2727272727272727,0.2727272727272727,0.105,0.28,0.105,0.105,0.105,0.105,Thomas Milone
641896,2,1,0,1,0,0.35,0.35,27,R,0.3235294117647059,0.21568627450980393,0.09313725490196079,0.22058823529411764,0.3333333333333333,0.3333333333333333,0.1,0.2666666666666667,0.09264705882352942,0.10161290322580645,0.105,0.105,Roy Morales
641907,1,0,0,0,1,0.0,0.0,26,R,0.31683168316831684,0.21782178217821782,0.08415841584158416,0.23267326732673269,0.3076923076923077,0.3076923076923077,0.09905660377358491,0.26415094339622647,0.0875,0.105,0.105,0.105,Patrick Murphy
641914,396,105,81,22,116,0.2804292929292929,0.2720464488161738,28,R,0.2762096774193548,0.20766129032258066,0.06149193548387097,0.27923387096774194,0.22666666666666666,0.256,0.1383957922419461,0.16436554898093358,0.1117100371747212,0.17642045454545455,0.1494285714285714,0.10161290322580645,Sheldon Neuse
641924,73,18,13,3,27,0.2924657534246575,0.2798121398440655,28,R,0.28901734104046245,0.2023121387283237,0.06647398843930635,0.2861271676300578,0.29333333333333333,0.2653061224489796,0.16978193146417445,0.20249221183800623,0.1701058201058201,0.16111111111111112,0.18898305084745765,0.105,Jacob Nottingham
641927,2,1,1,0,0,0.45,0.4785,26,R,0.3235294117647059,0.22549019607843138,0.08333333333333333,0.22058823529411764,0.3333333333333333,0.3333333333333333,0.10550458715596331,0.26605504587155965,0.10921052631578948,0.10161290322580645,0.105,0.105,Bailey Ober
641929,2,0,0,0,1,0.0,0.098,29,R,0.3137254901960784,0.21568627450980393,0.08333333333333333,0.23039215686274508,0.2962962962962963,0.2962962962962963,0.11574074074074074,0.2777777777777778,0.11527777777777778,0.1296875,0.105,0.105,Joseph Odom
641933,1724,571,380,167,511,0.35571345707656615,0.3501374371803644,29,R,0.3305921052631579,0.22039473684210525,0.0962171052631579,0.2924890350877193,0.26666666666666666,0.304,0.14011502516175414,0.14018691588785046,0.1107056936647955,0.16987284659557014,0.18949086161879897,0.105,Tyler O'Neill
641938,3,0,0,0,1,0.0,0.0,28,R,0.3106796116504854,0.21359223300970873,0.0825242718446602,0.22815533980582525,0.2857142857142857,0.2857142857142857,0.105,0.28,0.105,0.105,0.105,0.105,Arden Pabst
641941,2,0,0,0,1,0.0,0.0085,30,L,0.3137254901960784,0.21568627450980393,0.08333333333333333,0.23039215686274508,0.2962962962962963,0.2962962962962963,0.10648148148148148,0.26851851851851855,0.08513513513513513,0.105,0.1338709677419355,0.105,Emilio Pagán
641943,454,131,95,28,103,0.29790748898678415,0.31350291739789354,29,L,0.29422382671480146,0.2111913357400722,0.06588447653429604,0.22653429602888087,0.30666666666666664,0.312,0.12257885998893193,0.15661317100166022,0.089013671875,0.16945488721804514,0.162448132780083,0.105,Joshua Palacios
641945,20,10,9,1,2,0.5475,0.5475,28,L,0.35,0.25833333333333336,0.07916666666666666,0.20416666666666666,0.4,0.4,0.11567164179104478,0.2537313432835821,0.14019607843137255,0.09,0.10921052631578948,0.105,Preston Palmeiro
641999,11,3,2,1,3,0.22727272727272727,0.2611560909090909,28,L,0.3153153153153153,0.21621621621621623,0.08558558558558559,0.22972972972972974,0.3055555555555556,0.3055555555555556,0.125,0.26724137931034486,0.09,0.17439024390243904,0.105,0.105,Corey Ray
642002,10,3,1,2,3,0.22999999999999998,0.22999999999999998,28,S,0.3181818181818182,0.20909090909090908,0.09545454545454546,0.2318181818181818,0.3142857142857143,0.3142857142857143,0.105,0.28,0.105,0.105,0.105,0.105,Michael Reed
642020,152,27,20,6,43,0.18289473684210528,0.23259209205860396,30,R,0.23412698412698413,0.16666666666666666,0.057539682539682536,0.25992063492063494,0.24,0.232,0.13666121112929625,0.2144026186579378,0.13201754385964912,0.15261780104712042,0.11985294117647059,0.105,Chuckie Robinson
642021,9,5,3,2,1,0.6499999999999999,0.6499999999999999,30,R,0.3394495412844037,0.22935779816513763,0.0963302752293578,0.21559633027522937,0.38235294117647056,0.38235294117647056,0.09722222222222222,0.26851851851851855,0.0875,0.0984375,0.105,0.105,Errol Robinson
642028,13,1,0,1,4,0.10769230769230768,0.16774746153846154,27,L,0.2920353982300885,0.19469026548672566,0.084070796460177,0.2345132743362832,0.23684210526315788,0.23684210526315788,0.10784313725490197,0.20915032679738563,0.09930555555555556,0.1355263157894737,0.09545454545454546,0.105,Josh Rogers
642073,1,0,0,0,0,0.0,0.091,30,R,0.31683168316831684,0.21782178217821782,0.08415841584158416,0.22277227722772278,0.3076923076923077,0.3076923076923077,0.10194174757281553,0.2718446601941748,0.0984375,0.10161290322580645,0.105,0.105,James Sherfy
642082,95,24,13,8,24,0.21526315789473682,0.22830132481203005,28,L,0.28717948717948716,0.1794871794871795,0.08461538461538462,0.23846153846153847,0.28,0.26666666666666666,0.13309352517985612,0.1510791366906475,0.14470338983050846,0.11571428571428571,0.12348484848484849,0.105,Chance Sisco
642086,1618,507,355,124,337,0.3088380716934487,0.321351015498453,29,L,0.3137369033760186,0.21944121071012807,0.07712456344586728,0.20925494761350408,0.28,0.296,0.10846255361266909,0.15885846255361266,0.07755431591309453,0.14748554913294798,0.14972707423580786,0.105,Dominic Smith
642092,16,0,0,0,11,0.05625,0.05981249999999999,26,R,0.27586206896551724,0.1896551724137931,0.07327586206896551,0.28879310344827586,0.1951219512195122,0.1951219512195122,0.14331210191082802,0.2484076433121019,0.1288732394366197,0.15000000000000002,0.1757142857142857,0.105,Riley Smith
642133,1770,531,363,157,383,0.3185028248587571,0.3278817098149554,29,L,0.30106951871657756,0.20588235294117646,0.08850267379679144,0.21684491978609627,0.28,0.296,0.09293917481922587,0.1443357436551822,0.056116327595200834,0.14145010395010393,0.1301791277258567,0.10161290322580645,Rowdy Tellez
642134,13,5,2,2,4,0.3,0.3,29,R,0.3274336283185841,0.21238938053097345,0.09292035398230089,0.2345132743362832,0.34210526315789475,0.34210526315789475,0.105,0.28,0.105,0.105,0.105,0.105,Robbie Tenerowicz
642136,629,198,108,84,177,0.29483306836248013,0.30795593081220496,29,L,0.31550068587105623,0.17832647462277093,0.12688614540466392,0.2736625514403292,0.25333333333333335,0.312,0.1467173738991193,0.10928742994395517,0.14579207920792078,0.14033816425120774,0.15927152317880797,0.105,Matt Thaiss
642137,85,25,18,7,32,0.28411764705882353,0.2238575659229209,29,L,0.3081081081081081,0.21621621621621623,0.08378378378378379,0.2945945945945946,0.30666666666666664,0.3,0.1950354609929078,0.19621749408983452,0.19716157205240173,0.1603658536585366,0.2269607843137255,0.105,Cody Thomas
642162,291,74,55,17,77,0.2493127147766323,0.27440398438603975,30,R,0.2710997442455243,0.1969309462915601,0.06521739130434782,0.2544757033248082,0.28,0.264,0.12645107794361526,0.16417910447761194,0.09933431952662723,0.17474358974358975,0.12423076923076921,0.105,Pat Valaika
642165,535,150,95,54,142,0.27766355140186916,0.2773075962826095,29,L,0.2866141732283465,0.18425196850393702,0.0984251968503937,0.25905511811023624,0.30666666666666664,0.272,0.09235807860262009,0.0890829694323144,0.05865622423742787,0.10809037900874637,0.170997375328084,0.105,Josh VanMeter
642180,568,180,126,49,125,0.29005281690140844,0.28046016575250826,30,L,0.31736526946107785,0.2215568862275449,0.08607784431137724,0.22080838323353294,0.24,0.288,0.08933393339333934,0.12556255625562557,0.06662844036697248,0.13230633802816902,0.10461309523809523,0.105,Tyler Wade
642197,74,20,11,8,22,0.3121621621621622,0.3361489031106578,29,R,0.2988505747126437,0.1896551724137931,0.09482758620689655,0.2557471264367816,0.26666666666666666,0.2828282828282828,0.1172106824925816,0.18991097922848665,0.10031055900621118,0.1240566037735849,0.1525,0.105,Jamie Westbrook
642201,433,120,78,35,141,0.28013856812933025,0.2664746824206623,30,R,0.2851782363977486,0.18761726078799248,0.08161350844277673,0.3067542213883677,0.3333333333333333,0.304,0.14156976744186048,0.12790697674418605,0.12181008902077152,0.1577709611451943,0.2007142857142857,0.105,Eli White
642203,17,2,1,1,11,0.14705882352941177,0.07704217647058824,27,L,0.2905982905982906,0.19658119658119658,0.0811965811965812,0.2863247863247863,0.23809523809523808,0.23809523809523808,0.15217391304347827,0.20496894409937888,0.1448051948051948,0.15769230769230771,0.1757142857142857,0.105,Taylor Widener
642211,149,42,23,18,48,0.2620805369127517,0.3243741329883077,27,L,0.2971887550200803,0.18072289156626506,0.10642570281124498,0.28313253012048195,0.28,0.272,0.14162754303599373,0.17214397496087636,0.12174556213017751,0.18583815028901735,0.136864406779661,0.105,Justin Williams
642215,167,61,36,20,52,0.36766467065868264,0.3426190225580944,30,R,0.34831460674157305,0.21722846441947566,0.10674157303370786,0.27902621722846443,0.30666666666666664,0.336,0.1362339514978602,0.15263908701854492,0.11388059701492537,0.1665938864628821,0.14291338582677166,0.105,Weston Wilson
642221,79,16,14,2,19,0.1949367088607595,0.24498051083540434,28,L,0.2681564245810056,0.2011173184357542,0.05865921787709497,0.23184357541899442,0.24,0.23076923076923078,0.13650306748466257,0.2147239263803681,0.09691780821917809,0.1762135922330097,0.1664179104477612,0.105,Kean Wong
642232,4,0,0,0,2,0.0,0.16199999999999998,30,R,0.3076923076923077,0.21153846153846154,0.08173076923076923,0.23557692307692307,0.27586206896551724,0.27586206896551724,0.1134453781512605,0.2605042016806723,0.10957446808510639,0.1296875,0.105,0.105,Ryan Yarbrough
642336,787,227,184,32,160,0.306289707750953,0.2739510428577527,29,S,0.2919954904171364,0.2322435174746336,0.04565952649379933,0.20574971815107101,0.24,0.256,0.11968641114982578,0.2533101045296167,0.11657081236520489,0.13987898789878989,0.09491071428571428,0.105,Francisco Mejía
642350,1255,329,240,75,447,0.28884462151394424,0.28955255570585836,29,R,0.26642066420664207,0.19335793357933578,0.06162361623616236,0.34649446494464947,0.24,0.208,0.19484094616639477,0.19514681892332789,0.16820999612553272,0.2285109983079526,0.21403345724907064,0.0984375,Jose Siri
642423,341,89,69,20,82,0.23870967741935487,0.2383163137829912,27,L,0.2743764172335601,0.20634920634920634,0.06462585034013606,0.23696145124716553,0.24,0.24,0.11358490566037736,0.17433962264150943,0.08224358974358975,0.1559722222222222,0.16657142857142856,0.105,Magneuris Sierra
642451,41,10,6,4,11,0.2524390243902439,0.25353658536585366,29,L,0.2978723404255319,0.19858156028368795,0.08865248226950355,0.2375886524822695,0.2727272727272727,0.2727272727272727,0.10080645161290322,0.25806451612903225,0.08829787234042553,0.11527777777777778,0.10161290322580645,0.105,Luis Liberato
642456,98,28,20,7,19,0.288265306122449,0.26421174343070564,28,L,0.30303030303030304,0.21212121212121213,0.07828282828282829,0.20959595959595959,0.26666666666666666,0.2926829268292683,0.08936651583710407,0.16063348416289594,0.06183673469387755,0.13282828282828282,0.11534090909090909,0.105,Luis Barrera
642461,9,3,2,1,3,0.2777777777777778,0.2777777777777778,27,L,0.3211009174311927,0.22018348623853212,0.0871559633027523,0.23394495412844038,0.3235294117647059,0.3235294117647059,0.12043795620437957,0.21897810218978106,0.13085106382978723,0.14642857142857144,0.08289473684210526,0.105,Michael Beltre
642545,3,0,0,0,3,0.0,0.0,25,R,0.3106796116504854,0.21359223300970873,0.0825242718446602,0.24757281553398058,0.2857142857142857,0.2857142857142857,0.09292035398230089,0.2831858407079646,0.08289473684210526,0.09264705882352942,0.10161290322580645,0.105,Jaime Barria
642547,45,5,4,1,23,0.09555555555555555,0.13232704444444446,25,R,0.25517241379310346,0.1793103448275862,0.06551724137931035,0.3137931034482759,0.18571428571428572,0.18571428571428572,0.15858208955223882,0.20149253731343283,0.13218749999999999,0.25234375,0.12205882352941178,0.105,Freddy Peralta
642701,2,0,0,0,2,0.0,0.0,25,R,0.3137254901960784,0.21568627450980393,0.08333333333333333,0.24019607843137256,0.2962962962962963,0.2962962962962963,0.1261682242990654,0.2710280373831776,0.11857142857142858,0.1338709677419355,0.1338709677419355,0.105,Dennis Santana
642707,13,4,2,1,2,0.24615384615384617,0.24615384615384617,27,R,0.3185840707964602,0.21238938053097345,0.084070796460177,0.2168141592920354,0.3157894736842105,0.3157894736842105,0.09905660377358491,0.2735849056603774,0.09264705882352942,0.10161290322580645,0.10161290322580645,0.105,Allen Córdoba
642708,2269,699,587,95,432,0.31908329660643453,0.30148280563835916,29,R,0.30856901646264245,0.25707049387927394,0.043689320388349516,0.19185310257492613,0.21333333333333335,0.264,0.11176910609649669,0.19960104725096622,0.08711746174617462,0.14466738973246565,0.1355263157894737,0.09545454545454546,Amed Rosario
642715,2622,837,570,259,702,0.3433638443935927,0.33355703160121164,29,R,0.3192505510653931,0.21748714180749448,0.09827332843497429,0.2661645848640705,0.3466666666666667,0.296,0.13721020467552625,0.15530119313221458,0.1107298760258425,0.16463710901913148,0.18541829554339329,0.105,Willy Adames
642720,9,4,3,1,3,0.6777777777777777,0.6777777777777777,28,R,0.3302752293577982,0.22935779816513763,0.0871559633027523,0.23394495412844038,0.35294117647058826,0.35294117647058826,0.108,0.24800000000000003,0.06999999999999999,0.15769230769230771,0.10161290322580645,0.105,Ray-Patrick Didder
642721,357,108,76,28,89,0.3004201680672269,0.2891433962774322,28,R,0.3063457330415755,0.21444201312910285,0.07986870897155361,0.2439824945295405,0.32,0.376,0.13063063063063063,0.15315315315315314,0.09570259208731242,0.1577838827838828,0.20227272727272727,0.105,Kelvin Gutiérrez
642727,509,142,95,43,140,0.2820235756385069,0.26017402439537823,28,S,0.2857142857142857,0.1921182266009852,0.08456486042692939,0.26683087027914615,0.28,0.28,0.10577356788452864,0.11953089760938204,0.08070895522388061,0.12871559633027524,0.17127329192546584,0.105,Sergio Alcántara
642731,1653,507,398,75,323,0.3248033877797943,0.2971048306481288,28,R,0.3074729035938391,0.23958927552766685,0.04763262977752424,0.1970907016543069,0.24,0.2,0.09780182036750816,0.17825862957238536,0.053624330286794836,0.15925648702594808,0.12444968553459121,0.105,Thairo Estrada
642736,113,26,14,9,26,0.20663716814159294,0.2517938366432849,27,S,0.27230046948356806,0.16901408450704225,0.08215962441314555,0.22769953051643194,0.26666666666666666,0.264,0.12609649122807018,0.21052631578947367,0.08360995850622406,0.19786324786324785,0.1494318181818182,0.105,Domingo Leyba
642772,18,7,4,3,5,0.37777777777777777,0.37777777777777777,26,S,0.3305084745762712,0.22033898305084745,0.09745762711864407,0.2330508474576271,0.3488372093023256,0.3488372093023256,0.09813084112149532,0.26168224299065423,0.09545454545454546,0.0984375,0.0984375,0.105,Luis Alexander Basabe
642851,485,135,101,28,114,0.27948453608247426,0.2500869079626085,34,R,0.28547008547008546,0.21025641025641026,0.062393162393162394,0.23333333333333334,0.32,0.304,0.09951573849878935,0.1539951573849879,0.06399159663865547,0.126796875,0.20955555555555555,0.105,Austin Wynns
643217,2271,744,546,190,370,0.32774108322324963,0.3236801032411154,30,L,0.32728806410797134,0.23956136651202026,0.0837199493884437,0.16554196541543653,0.3333333333333333,0.344,0.09142212189616253,0.12985624331709636,0.07994929006085193,0.11893070215695271,0.08891891891891893,0.09545454545454546,Andrew Benintendi
643230,6,1,1,0,2,0.20833333333333334,0.111,29,L,0.3113207547169811,0.2169811320754717,0.08018867924528301,0.23113207547169812,0.2903225806451613,0.2903225806451613,0.11693548387096774,0.25000000000000006,0.08645833333333335,0.17083333333333334,0.105,0.105,Steven Brault
643256,2,0,0,0,1,0.0,0.271,31,R,0.3137254901960784,0.21568627450980393,0.08333333333333333,0.23039215686274508,0.2962962962962963,0.2962962962962963,0.11467889908256881,0.26605504587155965,0.11216216216216217,0.1296875,0.105,0.105,Adam Cimber
643265,1365,442,310,113,374,0.3291575091575092,0.3327621710981769,34,R,0.3235494880546075,0.22662116040955632,0.08293515358361775,0.27064846416382254,0.25333333333333335,0.256,0.11965105601469238,0.17594123048668503,0.09503403465346534,0.1545377677564825,0.1611888111888112,0.105,Garrett Cooper
643268,8,3,3,0,0,0.38125,0.38125,27,L,0.32407407407407407,0.23148148148148148,0.0787037037037037,0.20833333333333334,0.3333333333333333,0.3333333333333333,0.10849056603773585,0.26415094339622647,0.0984375,0.12575757575757576,0.10161290322580645,0.105,Jordan Cowan
643269,65,18,13,5,22,0.2707692307692308,0.22676516126087226,27,R,0.30303030303030304,0.21212121212121213,0.08181818181818182,0.2696969696969697,0.29333333333333333,0.28888888888888886,0.12247838616714697,0.17002881844380405,0.09970930232558138,0.1317391304347826,0.183,0.105,Will Craig
643271,34,6,4,2,15,0.18823529411764706,0.19412110726643597,28,R,0.2835820895522388,0.19402985074626866,0.07835820895522388,0.2798507462686567,0.23728813559322035,0.23728813559322035,0.1388888888888889,0.22839506172839505,0.08306451612903226,0.22090909090909092,0.11857142857142858,0.105,Narciso Crook
643289,1469,433,358,66,210,0.3075221238938053,0.29265015452159404,30,R,0.29636711281070743,0.24219247928616955,0.04748247291268324,0.14818355640535372,0.30666666666666664,0.344,0.09527148867962332,0.1995592065718293,0.08872273047149895,0.10381330079316657,0.1043,0.105,Mauricio Dubón
643290,3,1,1,0,2,0.4166666666666667,0.1308333333333333,26,R,0.32038834951456313,0.22330097087378642,0.0825242718446602,0.23786407766990292,0.32142857142857145,0.32142857142857145,0.10176991150442478,0.24778761061946905,0.09,0.10921052631578948,0.105,0.105,Justin Dunn
643348,48,12,4,8,27,0.24791666666666667,0.24605785331632654,29,R,0.2972972972972973,0.17567567567567569,0.11148648648648649,0.3344594594594595,0.273972602739726,0.273972602739726,0.16539923954372623,0.18631178707224336,0.1733606557377049,0.14866666666666667,0.18125,0.105,Caleb Hamilton
643376,1126,355,227,109,222,0.3384547069271759,0.3248982036535599,29,R,0.31566068515497553,0.2030995106035889,0.09584013050570962,0.1994290375203915,0.30666666666666664,0.32,0.09445652173913044,0.11739130434782609,0.08190457719162142,0.09533869885982563,0.15383877159309023,0.105,Danny Jansen
643377,3,0,0,0,2,0.0,0.005666666666666667,27,R,0.3106796116504854,0.21359223300970873,0.0825242718446602,0.23786407766990292,0.2857142857142857,0.2857142857142857,0.10176991150442478,0.24778761061946905,0.10641025641025642,0.09264705882352942,0.105,0.105,Griffin Jax
643393,1430,469,305,144,173,0.3115034965034965,0.29890729166550273,33,L,0.32745098039215687,0.21372549019607842,0.09967320261437909,0.12777777777777777,0.26666666666666666,0.312,0.057459095283926856,0.12723772858517807,0.041543539767368756,0.0790234375,0.08872752420470263,0.10161290322580645,Tony Kemp
643396,2159,676,533,112,332,0.3094719777674849,0.2969901743102758,29,R,0.31341301460823373,0.2456839309428951,0.05334218680832226,0.1569278441788402,0.28,0.288,0.06120005042228665,0.14748518845329636,0.04018483110261313,0.0869828666945257,0.10602189781021898,0.10161290322580645,Isiah Kiner-Falefa
643418,120,31,22,9,39,0.2791666666666667,0.2622738510107339,26,L,0.2863636363636364,0.2,0.07954545454545454,0.27954545454545454,0.29333333333333333,0.288,0.12144053601340034,0.16080402010050251,0.11470588235294117,0.1354922279792746,0.11571428571428571,0.105,Shed Long Jr.
643436,9,3,2,1,6,0.2777777777777778,0.14719077777777778,29,R,0.3211009174311927,0.22018348623853212,0.0871559633027523,0.26146788990825687,0.3235294117647059,0.3235294117647059,0.12589928057553956,0.2517985611510791,0.10982142857142858,0.18333333333333335,0.09264705882352942,0.105,Ryan McBroom
643446,2214,741,543,150,261,0.3294941282746161,0.30793184306684573,32,L,0.33405358686257564,0.24416594641313744,0.06849611063094209,0.12251512532411409,0.32,0.336,0.07785532994923858,0.14581218274111676,0.05364802354920101,0.12094227923038973,0.1031738730450782,0.105,Jeff McNeil
643524,573,188,148,38,105,0.3549738219895288,0.31268494833893545,30,R,0.32689450222882616,0.2526002971768202,0.06909361069836553,0.18945022288261515,0.26666666666666666,0.288,0.11947513812154696,0.19244935543278086,0.08196942446043166,0.14425207756232689,0.19253048780487805,0.105,Frank Schwindel
643534,4,4,3,1,0,1.125,1.125,27,R,0.34615384615384615,0.2403846153846154,0.09134615384615384,0.21634615384615385,0.41379310344827586,0.41379310344827586,0.105,0.28,0.105,0.105,0.105,0.105,David Sheaffer
643549,11,0,0,0,4,0.08181818181818182,0.08181818181818182,29,R,0.2882882882882883,0.1981981981981982,0.07657657657657657,0.23873873873873874,0.2222222222222222,0.2222222222222222,0.14772727272727273,0.24242424242424243,0.14591836734693878,0.1355263157894737,0.1757142857142857,0.105,Taylor Snyder
643565,980,333,193,130,226,0.3197448979591837,0.3206750649659419,34,L,0.33796296296296297,0.19907407407407407,0.12824074074074074,0.2300925925925926,0.41333333333333333,0.36,0.10156435174211899,0.10381607015880541,0.08990601503759399,0.11821392532795157,0.12750896057347672,0.105,Mike Tauchman
643603,28,6,4,1,5,0.22321428571428573,0.22321428571428573,33,R,0.296875,0.203125,0.07421875,0.21484375,0.2641509433962264,0.2641509433962264,0.09398496240601503,0.24060150375939848,0.08137254901960785,0.10921052631578948,0.09264705882352942,0.105,Tyler White
643778,1,0,0,0,1,0.0,0.0,31,L,0.31683168316831684,0.21782178217821782,0.08415841584158416,0.23267326732673269,0.3076923076923077,0.3076923076923077,0.11165048543689321,0.28155339805825247,0.12575757575757576,0.105,0.105,0.105,Tyler Webb
644374,595,159,119,32,175,0.29436974789915965,0.29167717713378843,28,R,0.27482014388489207,0.20287769784172663,0.05827338129496403,0.2841726618705036,0.22666666666666666,0.24,0.13242518981688253,0.15542652970075926,0.08185988323603002,0.19756578947368422,0.17462962962962963,0.105,Yu Chang
644433,103,25,24,1,29,0.2766990291262136,0.24088505149543013,29,R,0.28078817733990147,0.22660098522167488,0.046798029556650245,0.2536945812807882,0.29333333333333333,0.256,0.1357615894039735,0.2141280353200883,0.08549107142857142,0.21080246913580247,0.12543859649122807,0.105,Chadwick Tromp
645261,62,6,2,3,45,0.09435483870967741,0.10103359677419356,26,R,0.2345679012345679,0.14814814814814814,0.07098765432098765,0.4166666666666667,0.18666666666666668,0.16091954022988506,0.16168478260869565,0.14402173913043478,0.15044052863436122,0.20157894736842102,0.14305555555555557,0.105,Sandy Alcantara
645277,2239,711,541,151,380,0.34082179544439484,0.3247919830933954,27,S,0.31765711842667804,0.24070115433946132,0.06819153484395041,0.17208208636169303,0.26666666666666666,0.256,0.11706704912154894,0.19612764431695948,0.11099713214206927,0.13552631578947366,0.10714760638297872,0.0984375,Ozzie Albies
645302,1246,408,277,88,270,0.3152086677367576,0.2956197924434632,27,S,0.32689450222882616,0.22213967310549776,0.07169390787518573,0.2173105497771174,0.37333333333333335,0.448,0.12416481069042316,0.15389755011135858,0.09619225967540575,0.1477217496962333,0.1906032482598608,0.105,Victor Robles
645305,116,31,21,9,30,0.2616379310344828,0.26628361938046424,27,R,0.2916666666666667,0.19907407407407407,0.08101851851851852,0.24305555555555555,0.22666666666666666,0.24,0.10594059405940594,0.1702970297029703,0.08418181818181818,0.15480769230769229,0.08046875,0.105,Ali Sánchez
645444,396,109,73,36,99,0.2496212121212121,0.234309196969697,27,S,0.2842741935483871,0.19153225806451613,0.08971774193548387,0.24495967741935484,0.28,0.304,0.08383054892601433,0.10441527446300716,0.05151991614255765,0.10619369369369369,0.16100746268656715,0.105,Jose Herrera
645801,589,180,112,59,169,0.3134974533106961,0.3061974405454113,32,L,0.3076923076923077,0.19448476052249636,0.09796806966618288,0.2779390420899855,0.22666666666666666,0.304,0.10209881941407958,0.12330564057717534,0.0698210922787194,0.12983193277310925,0.131282722513089,0.105,Mike Ford
646240,2667,953,671,254,556,0.3824709411323584,0.3816377367377528,28,L,0.3559812070834839,0.25045175280086734,0.09486808818214673,0.2090711962414167,0.32,0.288,0.13676279812393974,0.1771280311346173,0.1429731468081685,0.1416454081632653,0.1021875,0.105,Rafael Devers
647228,2,1,0,0,1,0.35,0.35,23,R,0.3235294117647059,0.21568627450980393,0.08333333333333333,0.23039215686274508,0.3333333333333333,0.3333333333333333,0.105,0.28,0.105,0.105,0.105,0.105,Adam Hall
647255,6,0,0,0,2,0.0,0.0,27,R,0.3018867924528302,0.20754716981132076,0.08018867924528301,0.23113207547169812,0.25806451612903225,0.25806451612903225,0.105,0.28,0.105,0.105,0.105,0.105,Tanner Kirwer
647304,2012,654,487,149,322,0.34256958250497016,0.33242197215693975,27,L,0.3248106060606061,0.24100378787878787,0.07457386363636363,0.1631155303030303,0.29333333333333333,0.296,0.10317802703480011,0.1912568306010929,0.06109958506224067,0.140159003008165,0.14826892109500805,0.10161290322580645,Josh Naylor
647315,1,0,0,0,1,0.0,0.0,25,R,0.31683168316831684,0.21782178217821782,0.08415841584158416,0.23267326732673269,0.3076923076923077,0.3076923076923077,0.11682242990654206,0.26168224299065423,0.1391891891891892,0.105,0.105,0.105,Zach Pop
647351,1182,347,248,81,200,0.29665820642978,0.3080415360832313,28,S,0.2956318252730109,0.21060842433697347,0.06981279251170047,0.1735569422776911,0.28,0.256,0.08290445289773998,0.15775341239650928,0.05317492012779553,0.11094040968342644,0.1329738933030647,0.105,Abraham Toro
647378,7,3,2,1,0,0.5642857142857143,0.5642857142857143,24,L,0.32710280373831774,0.22429906542056074,0.08878504672897196,0.2102803738317757,0.34375,0.34375,0.09210526315789473,0.24561403508771934,0.08513513513513513,0.0984375,0.09,0.105,Andy Yerzy
649557,1093,310,233,58,206,0.29240622140896616,0.2917724461422136,34,R,0.28667225481978204,0.21374685666387258,0.055741827326068735,0.19153394803017604,0.2,0.24,0.11172823559803668,0.17669852751227072,0.08156759348034516,0.13956086286594763,0.16838235294117648,0.10161290322580645,Aledmys Díaz
649810,1,1,1,0,0,0.9,0.9,27,L,0.32673267326732675,0.22772277227722773,0.08415841584158416,0.22277227722772278,0.34615384615384615,0.34615384615384615,0.1,0.2666666666666667,0.10161290322580645,0.09264705882352942,0.105,0.105,Dariel Gomez
649955,9,0,0,0,5,0.0,0.0,26,R,0.29357798165137616,0.2018348623853211,0.0779816513761468,0.25229357798165136,0.23529411764705882,0.23529411764705882,0.10747663551401869,0.2710280373831776,0.09,0.10161290322580645,0.1338709677419355,0.105,Hendrik Clementina
649966,1367,464,271,154,294,0.33789319678127283,0.32437351001334436,27,R,0.338104976141786,0.19972733469665985,0.11077027948193592,0.21574642126789367,0.32,0.312,0.09180765805877115,0.12680320569902048,0.08711021920345785,0.08643454038997214,0.1351138353765324,0.105,Luis Urías
650331,316,75,55,19,88,0.2699367088607595,0.2609154183425305,28,L,0.25721153846153844,0.18509615384615385,0.06610576923076923,0.265625,0.26666666666666666,0.24,0.121464829586657,0.1986947063089195,0.08924657534246576,0.1670343137254902,0.1435064935064935,0.105,Lewin Díaz
650333,2475,908,732,158,164,0.3501010101010101,0.3437030722030467,27,L,0.3650485436893204,0.2928155339805825,0.06466019417475728,0.07242718446601942,0.25333333333333335,0.312,0.033290721210184296,0.14253755193352508,0.027074636834196027,0.05045808520384792,0.032489626556016594,0.105,Luis Arraez
650339,101,18,13,5,36,0.19356435643564357,0.21939618709425884,27,R,0.24875621890547264,0.17412935323383086,0.06716417910447761,0.291044776119403,0.2,0.208,0.16630901287553648,0.21030042918454936,0.12566964285714285,0.21013071895424837,0.20443037974683542,0.105,Jermaine Palacios
650347,1,0,0,0,0,0.0,0.285,24,R,0.31683168316831684,0.21782178217821782,0.08415841584158416,0.22277227722772278,0.3076923076923077,0.3076923076923077,0.10294117647058823,0.27450980392156865,0.0984375,0.105,0.105,0.105,Luís Madero
650380,7,0,0,0,4,0.0,0.0,26,R,0.29906542056074764,0.205607476635514,0.0794392523364486,0.24766355140186916,0.25,0.25,0.11165048543689321,0.28155339805825247,0.105,0.1296875,0.10161290322580645,0.105,Roldani Baldwin
650391,1483,471,362,101,311,0.3338165879973028,0.3286966975638945,28,R,0.31775110549589386,0.24257738471257106,0.06917245735944409,0.21067593177511054,0.25333333333333335,0.28,0.14064044277525203,0.1931211701917375,0.08649710504549214,0.1936778593913956,0.18227586206896554,0.105,Eloy Jiménez
650402,2608,862,610,241,506,0.33318634969325156,0.3355394863341763,28,R,0.33013293943870015,0.23338257016248154,0.0921344165435746,0.19516248153618906,0.32,0.36,0.10433923192771084,0.12368222891566265,0.09972840371473629,0.10334790926482645,0.12832532051282053,0.105,Gleyber Torres
650489,1965,608,425,129,469,0.3126208651399491,0.30304217900698405,27,S,0.3099273607748184,0.21646489104116223,0.06658595641646489,0.23801452784503632,0.30666666666666664,0.304,0.14225746268656717,0.18430170575692964,0.11170878459687124,0.16253784056508577,0.20644804716285922,0.105,Willi Castro
650490,2428,903,611,270,352,0.36513591433278414,0.35454982943264757,33,R,0.36985759493670883,0.25039556962025317,0.11016613924050633,0.14814082278481014,0.36,0.384,0.06524754588134869,0.10467349551856595,0.05417820069204152,0.0845929100116868,0.07912142152023692,0.0984375,Yandy Díaz
650496,1,0,0,0,1,0.0,0.0,25,R,0.31683168316831684,0.21782178217821782,0.08415841584158416,0.23267326732673269,0.3076923076923077,0.3076923076923077,0.11904761904761904,0.2761904761904762,0.12205882352941178,0.1338709677419355,0.105,0.105,J.C. Mejía
650506,9,1,1,0,2,0.1388888888888889,0.1388888888888889,27,R,0.30275229357798167,0.21100917431192662,0.0779816513761468,0.22477064220183487,0.2647058823529412,0.2647058823529412,0.105,0.28,0.105,0.105,0.105,0.105,Jose Gomez
650520,28,14,10,3,9,0.525,0.525,26,R,0.359375,0.25,0.08984375,0.24609375,0.41509433962264153,0.41509433962264153,0.1124031007751938,0.24031007751937988,0.09222222222222223,0.12560975609756098,0.12575757575757576,0.105,Micker Adolfo
650528,5,4,2,1,0,0.64,0.64,29,R,0.34285714285714286,0.22857142857142856,0.09047619047619047,0.21428571428571427,0.4,0.4,0.105,0.28,0.105,0.105,0.105,0.105,Laz Rivera
650559,1872,560,442,111,462,0.3137553418803419,0.32509073267119937,28,R,0.3002028397565923,0.23529411764705882,0.06059837728194726,0.24568965517241378,0.25333333333333335,0.232,0.13380855397148675,0.17433808553971486,0.11428753180661577,0.1530871212121212,0.16728316326530612,0.10161290322580645,Bryan De La Cruz
650619,104,30,13,16,40,0.26346153846153847,0.25592048575498577,26,L,0.30392156862745096,0.1715686274509804,0.12009803921568628,0.30637254901960786,0.22666666666666666,0.288,0.12751004016064257,0.12248995983935743,0.09897540983606556,0.14198717948717948,0.18352272727272725,0.105,Meibrys Viloria
650644,2,1,0,1,1,0.35,0.3458585,26,R,0.3235294117647059,0.21568627450980393,0.09313725490196079,0.23039215686274508,0.3333333333333333,0.3333333333333333,0.09545454545454546,0.2545454545454546,0.08289473684210526,0.0984375,0.105,0.105,Aaron Civale
650668,7,1,1,0,2,0.17857142857142858,0.23914285714285713,24,R,0.308411214953271,0.21495327102803738,0.0794392523364486,0.22897196261682243,0.28125,0.28125,0.11231884057971014,0.2463768115942029,0.138135593220339,0.08076923076923077,0.105,0.105,Humberto Mejía
650828,1,0,0,0,1,0.0,0.0,30,R,0.31683168316831684,0.21782178217821782,0.08415841584158416,0.23267326732673269,0.3076923076923077,0.3076923076923077,0.11165048543689321,0.29126213592233013,0.12575757575757576,0.105,0.105,0.105,Edgar Santana
650859,1503,471,370,85,252,0.325748502994012,0.3091414310448232,27,S,0.3137866500311915,0.2445414847161572,0.05832813474734872,0.1712414223331254,0.29333333333333333,0.312,0.11719035440263062,0.17245158933138474,0.0867893586005831,0.1452609478104379,0.15208926875593543,0.105,Luis Rengifo
650883,2,2,2,0,0,1.25,1.25,25,R,0.3333333333333333,0.23529411764705882,0.08333333333333333,0.22058823529411764,0.37037037037037035,0.37037037037037035,0.105,0.28,0.105,0.105,0.105,0.105,Dennis Ortega
650907,283,74,62,10,109,0.28639575971731446,0.28865064622188497,28,R,0.27676240208877284,0.2193211488250653,0.048302872062663184,0.3433420365535248,0.30666666666666664,0.272,0.19114963503649635,0.17153284671532848,0.21555023923444977,0.1641812865497076,0.14658119658119656,0.105,René Pinto
650958,3,1,1,0,0,0.3,0.3,25,L,0.32038834951456313,0.22330097087378642,0.0825242718446602,0.21844660194174756,0.32142857142857145,0.32142857142857145,0.105,0.28,0.105,0.105,0.105,0.105,Michael De León
650968,87,25,22,3,10,0.29310344827586204,0.28728207408519896,27,R,0.3048128342245989,0.23529411764705882,0.06149732620320856,0.17379679144385027,0.32,0.29464285714285715,0.10692771084337349,0.23795180722891565,0.06229050279329609,0.1890625,0.10957446808510639,0.105,Yohel Pozo
651016,3,0,0,0,3,0.0,0.0,28,L,0.3106796116504854,0.21359223300970873,0.0825242718446602,0.24757281553398058,0.2857142857142857,0.2857142857142857,0.13551401869158877,0.29906542056074764,0.15606060606060607,0.0984375,0.1609375,0.105,Matt Lloyd
655316,502,158,105,48,118,0.2995019920318725,0.2992541941236753,27,R,0.31561461794019935,0.21096345514950166,0.09385382059800665,0.23338870431893688,0.3333333333333333,0.32,0.09071428571428572,0.11476190476190476,0.07137592137592139,0.1202887537993921,0.10971563981042654,0.105,Andruw Monasterio
655889,1,0,0,0,1,0.0,0.0,25,R,0.31683168316831684,0.21782178217821782,0.08415841584158416,0.23267326732673269,0.3076923076923077,0.3076923076923077,0.12135922330097088,0.2718446601941748,0.15606060606060607,0.105,0.105,0.105,Manuel Rodríguez
655996,15,7,6,1,2,0.5633333333333332,0.5633333333333332,25,R,0.3391304347826087,0.24347826086956523,0.08260869565217391,0.21304347826086956,0.375,0.375,0.10176991150442478,0.25663716814159293,0.09264705882352942,0.10921052631578948,0.10161290322580645,0.105,Cristian Santana
656024,78,19,15,4,13,0.2615384615384615,0.2342998644133644,28,R,0.28651685393258425,0.20786516853932585,0.0702247191011236,0.199438202247191,0.28,0.2621359223300971,0.10053619302949061,0.2037533512064343,0.0616751269035533,0.09950980392156863,0.22109375,0.105,Carlos Pérez
656180,612,187,122,53,179,0.3128267973856209,0.29432471827152556,28,R,0.30758426966292135,0.20224719101123595,0.08637640449438203,0.2830056179775281,0.28,0.288,0.12241169305724726,0.1607795371498173,0.08993263473053893,0.14960681520314548,0.18686440677966104,0.105,Riley Adams
656185,266,88,48,24,72,0.32763157894736844,0.28633477661734463,31,S,0.32786885245901637,0.1912568306010929,0.08879781420765027,0.2581967213114754,0.3333333333333333,0.288,0.11209302325581395,0.12930232558139534,0.08754545454545454,0.14334415584415583,0.13115942028985506,0.105,Greg Allen
656212,1,0,0,0,1,0.0,0.0,26,L,0.31683168316831684,0.21782178217821782,0.08415841584158416,0.23267326732673269,0.3076923076923077,0.3076923076923077,0.10747663551401869,0.28037383177570097,0.11527777777777778,0.105,0.10161290322580645,0.105,Charlie Barnes
656248,273,97,54,39,83,0.36410256410256414,0.3099875005928262,28,R,0.34584450402144773,0.2037533512064343,0.12734584450402145,0.2828418230563003,0.25333333333333335,0.272,0.11822033898305084,0.13050847457627118,0.09836448598130841,0.1277188328912467,0.17980132450331124,0.105,Sean Bouchard
656252,335,93,61,25,118,0.29656716417910445,0.30823851806539626,26,L,0.28735632183908044,0.19080459770114944,0.07701149425287357,0.32298850574712645,0.24,0.216,0.17955801104972377,0.1633780584056827,0.14730392156862746,0.19269230769230772,0.23980392156862745,0.105,Bobby Bradley
656260,1,0,0,0,1,0.0,0.0,27,L,0.31683168316831684,0.21782178217821782,0.08415841584158416,0.23267326732673269,0.3076923076923077,0.3076923076923077,0.105,0.28,0.105,0.105,0.105,0.105,Quinn Brodey
656282,7,2,2,0,2,0.41428571428571426,0.41428571428571426,26,L,0.3177570093457944,0.22429906542056074,0.0794392523364486,0.22897196261682243,0.3125,0.3125,0.105,0.28,0.105,0.105,0.105,0.105,Grayson Byrd
656302,8,3,3,0,3,0.38125,0.20663194444444444,26,R,0.32407407407407407,0.23148148148148148,0.0787037037037037,0.2361111111111111,0.3333333333333333,0.3333333333333333,0.14583333333333334,0.275,0.15543478260869567,0.1609375,0.1296875,0.105,Dylan Cease
656305,2558,828,518,280,715,0.33674745895230646,0.33657952698044263,31,R,0.3235515425131678,0.20316027088036118,0.10854025583145221,0.277464258841234,0.26666666666666666,0.312,0.11226467331118493,0.10686600221483943,0.1082662820707454,0.11869485853361728,0.11780462184873951,0.105,Matt Chapman
656308,696,186,153,30,214,0.28390804597701147,0.262361044354967,29,R,0.27386934673366836,0.2198492462311558,0.04836683417085427,0.2971105527638191,0.28,0.296,0.16836935166994105,0.19803536345776032,0.13671983356449377,0.21658130601792575,0.19599358974358974,0.105,Michael Chavis
656322,1,0,0,0,1,0.0,0.0,29,R,0.31683168316831684,0.21782178217821782,0.08415841584158416,0.23267326732673269,0.3076923076923077,0.3076923076923077,0.12135922330097088,0.28155339805825247,0.15606060606060607,0.105,0.105,0.105,Sam Coonrod
656340,6,2,1,1,2,0.325,0.325,27,S,0.32075471698113206,0.2169811320754717,0.08962264150943396,0.23113207547169812,0.3225806451612903,0.3225806451612903,0.105,0.28,0.105,0.105,0.105,0.105,Brett Cumberland
656353,7,0,0,0,7,0.0,0.0,25,L,0.29906542056074764,0.205607476635514,0.0794392523364486,0.2757009345794392,0.25,0.25,0.1141732283464567,0.22834645669291342,0.09537037037037038,0.15606060606060607,0.105,0.105,Tucker Davidson
656354,1,1,0,1,0,0.7,0.691717,28,L,0.32673267326732675,0.21782178217821782,0.09405940594059406,0.22277227722772278,0.34615384615384615,0.34615384615384615,0.10096153846153846,0.2692307692307693,0.09264705882352942,0.105,0.105,0.105,Austin Davis
656364,45,7,5,2,18,0.13111111111111112,0.15466355238095236,28,L,0.2689655172413793,0.18620689655172415,0.07241379310344828,0.2793103448275862,0.21428571428571427,0.21428571428571427,0.163135593220339,0.2076271186440678,0.14419642857142856,0.18409090909090908,0.19062500000000002,0.105,Greg Deichmann
656369,4,2,1,1,2,0.4,0.4,27,L,0.3269230769230769,0.22115384615384615,0.09134615384615384,0.23557692307692307,0.3448275862068966,0.3448275862068966,0.105,0.28,0.105,0.105,0.105,0.105,Alex Destino
656371,308,84,47,36,84,0.24594155844155843,0.2582510011867277,27,L,0.28431372549019607,0.16911764705882354,0.1090686274509804,0.2610294117647059,0.24,0.24,0.13314785373608903,0.14308426073131955,0.07961832061068702,0.16438172043010751,0.2404977375565611,0.105,Isan Díaz
656378,4,3,2,1,1,0.625,0.625,28,S,0.33653846153846156,0.23076923076923078,0.09134615384615384,0.22596153846153846,0.3793103448275862,0.3793103448275862,0.105,0.28,0.105,0.105,0.105,0.105,Christian Donahue
656388,20,6,4,1,6,0.33999999999999997,0.21223565,29,R,0.31666666666666665,0.21666666666666667,0.07916666666666666,0.2375,0.3111111111111111,0.3111111111111111,0.12874251497005987,0.2275449101796407,0.09761904761904762,0.19062500000000002,0.11195652173913044,0.105,Joe Dunand
656403,158,45,20,21,52,0.2686708860759494,0.25464247207424945,28,R,0.29844961240310075,0.16279069767441862,0.11434108527131782,0.28875968992248063,0.30666666666666664,0.296,0.1251655629139073,0.12317880794701987,0.13911483253588516,0.10619266055045871,0.11146788990825689,0.105,Drew Ellis
656413,648,201,131,53,176,0.319212962962963,0.31096717078517705,28,R,0.3114973262032086,0.20454545454545456,0.08221925133689839,0.26537433155080214,0.25333333333333335,0.256,0.15514369012911286,0.1241149521032903,0.11762773722627738,0.18382768361581922,0.2560702875399361,0.105,Stuart Fairchild
656427,23,7,2,5,7,0.2782608695652174,0.3614312318840579,26,R,0.3170731707317073,0.1951219512195122,0.10975609756097561,0.23983739837398374,0.3125,0.3125,0.07894736842105263,0.18660287081339713,0.08318181818181819,0.059433962264150944,0.0875,0.105,Jack Flaherty
656448,367,127,91,30,111,0.37179836512261577,0.34099980282090364,29,R,0.3404710920770878,0.24197002141327623,0.08244111349036402,0.28586723768736616,0.4,0.376,0.16153846153846155,0.18461538461538463,0.11844473007712084,0.1995069033530572,0.23575,0.105,Stone Garrett
656449,14,2,1,0,5,0.17857142857142858,0.17857142857142858,27,R,0.2982456140350877,0.20175438596491227,0.07456140350877193,0.2412280701754386,0.2564102564102564,0.2564102564102564,0.10194174757281553,0.28155339805825247,0.105,0.0984375,0.10161290322580645,0.105,Jake Gatewood
656457,9,0,0,0,6,0.0,0.07500000000000001,28,L,0.29357798165137616,0.2018348623853211,0.0779816513761468,0.26146788990825687,0.23529411764705882,0.23529411764705882,0.13829787234042554,0.24822695035460993,0.11721311475409836,0.19861111111111113,0.12205882352941178,0.105,Tyler Gilbert
656462,3,0,0,0,2,0.0,0.0,28,L,0.3106796116504854,0.21359223300970873,0.0825242718446602,0.23786407766990292,0.2857142857142857,0.2857142857142857,0.105,0.28,0.105,0.105,0.105,0.105,Isiah Gilliam
656467,44,11,4,7,13,0.21818181818181817,0.3055740248917749,27,R,0.2986111111111111,0.18055555555555555,0.1076388888888889,0.2465277777777778,0.2753623188405797,0.2753623188405797,0.1254416961130742,0.17667844522968199,0.11929133858267717,0.1398936170212766,0.11826923076923078,0.105,Chris Gittens
656472,1,0,0,0,1,0.0,0.0,26,L,0.31683168316831684,0.21782178217821782,0.08415841584158416,0.23267326732673269,0.3076923076923077,0.3076923076923077,0.11057692307692307,0.2692307692307693,0.10161290322580645,0.12575757575757576,0.105,0.105,Jakob Goldfarb
656484,82,19,14,5,34,0.2621951219512195,0.2757514562816383,28,L,0.2802197802197802,0.1978021978021978,0.07417582417582418,0.31043956043956045,0.24,0.2523364485981308,0.20674486803519063,0.23460410557184752,0.1612179487179487,0.27149999999999996,0.22866666666666666,0.105,Tristan Gray
656494,6,1,0,1,3,0.26666666666666666,0.27066666666666667,29,S,0.3113207547169811,0.20754716981132076,0.08962264150943396,0.24056603773584906,0.2903225806451613,0.2903225806451613,0.14473684210526316,0.2894736842105263,0.09,0.18636363636363637,0.17083333333333334,0.105,Taylor Gushue
656495,87,30,18,9,23,0.3448275862068966,0.33268358673277737,29,R,0.3315508021390374,0.21390374331550802,0.09358288770053476,0.24331550802139038,0.28,0.3392857142857143,0.15033407572383073,0.19599109131403117,0.11995412844036697,0.16428571428571428,0.21824324324324323,0.105,Dalton Guthrie
656509,27,8,4,2,13,0.29074074074074074,0.24946396618357486,28,R,0.31496062992125984,0.2047244094488189,0.08267716535433071,0.2795275590551181,0.3076923076923077,0.3076923076923077,0.14974619289340102,0.23857868020304568,0.11024096385542169,0.19285714285714287,0.17439024390243904,0.105,Monte Harrison
656514,129,39,32,7,28,0.3124031007751938,0.2964533336166268,27,L,0.31004366812227074,0.23580786026200873,0.06768558951965066,0.2205240174672489,0.29333333333333333,0.328,0.13284518828451883,0.1903765690376569,0.12657480314960629,0.1593525179856115,0.10866666666666668,0.105,Adam Haseley
656529,1,0,0,0,1,0.0,0.0,25,L,0.31683168316831684,0.21782178217821782,0.08415841584158416,0.23267326732673269,0.3076923076923077,0.3076923076923077,0.1201923076923077,0.27884615384615385,0.0984375,0.1609375,0.105,0.105,Sam Hentges
656537,496,139,111,25,144,0.2972782258064516,0.28314671205928615,29,R,0.28691275167785235,0.2231543624161074,0.05620805369127517,0.27936241610738255,0.28,0.264,0.1458791208791209,0.17252747252747253,0.09686503719447397,0.19040983606557377,0.22065637065637064,0.105,Derek Hill
656540,2,1,1,0,0,0.45,0.45,26,R,0.3235294117647059,0.22549019607843138,0.08333333333333333,0.22058823529411764,0.3333333333333333,0.3333333333333333,0.10096153846153846,0.27884615384615385,0.105,0.09545454545454546,0.10161290322580645,0.105,Tyler Hill
656541,743,225,145,78,253,0.32146702557200535,0.31001175143612836,30,L,0.30486358244365364,0.1981020166073547,0.10260972716488731,0.32680901542111507,0.30666666666666664,0.312,0.17078255291853753,0.12828736369467608,0.15266114725014782,0.18535353535353535,0.20560836501901142,0.105,Sam Hilliard
656546,15,2,2,0,3,0.12000000000000001,0.2342,28,R,0.2956521739130435,0.20869565217391303,0.07391304347826087,0.2217391304347826,0.25,0.25,0.10616438356164383,0.2671232876712329,0.09919354838709678,0.12560975609756098,0.09545454545454546,0.105,Jeff Hoffman
656548,10,1,1,0,6,0.09,0.1125,25,R,0.3,0.20909090909090908,0.07727272727272727,0.2590909090909091,0.2571428571428571,0.2571428571428571,0.12937062937062938,0.2167832167832168,0.10671641791044777,0.19861111111111113,0.105,0.105,Jordan Holloway
656555,1793,570,364,185,465,0.345287228109314,0.3390287876964787,31,R,0.318013734812467,0.2039091389329107,0.10221870047543581,0.25752773375594296,0.3333333333333333,0.312,0.10133385133385134,0.12211862211862212,0.07920374172940907,0.12391055045871559,0.15448807854137447,0.105,Rhys Hoskins
656557,1,0,0,0,1,0.0,0.0,25,R,0.31683168316831684,0.21782178217821782,0.08415841584158416,0.23267326732673269,0.3076923076923077,0.3076923076923077,0.09722222222222222,0.2592592592592593,0.09,0.09545454545454546,0.105,0.105,Tanner Houck
656560,1,0,0,0,0,0.0,0.0,26,L,0.31683168316831684,0.21782178217821782,0.08415841584158416,0.22277227722772278,0.3076923076923077,0.3076923076923077,0.105,0.28,0.105,0.105,0.105,0.105,Jordan Howard
656568,26,3,1,2,8,0.13653846153846153,0.1642307692307692,27,L,0.2777777777777778,0.18253968253968253,0.08333333333333333,0.24206349206349206,0.21568627450980393,0.21568627450980393,0.12771739130434784,0.20652173913043478,0.14113924050632912,0.06176470588235294,0.18522727272727274,0.105,Scott Hurst
656577,342,80,44,27,139,0.23494152046783623,0.2323868303502626,29,R,0.25339366515837103,0.1493212669683258,0.08031674208144797,0.36538461538461536,0.28,0.256,0.21573426573426574,0.1979020979020979,0.19678899082568807,0.24516460905349796,0.22309941520467835,0.105,Alex Jackson
656578,4,0,0,0,3,0.0,0.01675,25,R,0.3076923076923077,0.21153846153846154,0.08173076923076923,0.24519230769230768,0.27586206896551724,0.27586206896551724,0.1134453781512605,0.23529411764705885,0.13085106382978723,0.0984375,0.105,0.105,Andre Jackson
656582,1643,564,356,182,353,0.3387096774193548,0.32008183795368095,32,R,0.3419391853126793,0.21686746987951808,0.10929432013769363,0.21543316121629374,0.3466666666666667,0.296,0.08808016877637131,0.10608800482218204,0.05008294166436273,0.1294048734770384,0.1441714285714286,0.105,Connor Joe
656605,30,5,3,2,14,0.13666666666666666,0.18198113333333332,25,R,0.2846153846153846,0.19230769230769232,0.08076923076923077,0.28076923076923077,0.23636363636363636,0.23636363636363636,0.09070796460176991,0.18584070796460178,0.08252032520325203,0.10250000000000001,0.09545454545454546,0.105,Mitch Keller
656607,7,1,1,0,0,0.1285714285714286,0.1285714285714286,26,L,0.308411214953271,0.21495327102803738,0.0794392523364486,0.2102803738317757,0.28125,0.28125,0.105,0.28,0.105,0.105,0.105,0.105,Jeren Kendall
656627,37,7,6,1,17,0.21351351351351353,0.18384953753753752,29,R,0.2846715328467153,0.20437956204379562,0.06934306569343066,0.28832116788321166,0.24193548387096775,0.24193548387096775,0.09390862944162437,0.18781725888324874,0.09407894736842105,0.10671641791044777,0.0715909090909091,0.105,Mark Kolozsvary
656629,1,0,0,0,0,0.0,0.098,25,R,0.31683168316831684,0.21782178217821782,0.08415841584158416,0.22277227722772278,0.3076923076923077,0.3076923076923077,0.09813084112149532,0.26168224299065423,0.08513513513513513,0.105,0.105,0.105,Michael Kopech
656666,28,13,7,5,9,0.39999999999999997,0.39999999999999997,28,L,0.3515625,0.2265625,0.10546875,0.24609375,0.39622641509433965,0.39622641509433965,0.12385321100917432,0.26605504587155965,0.14714285714285716,0.09545454545454546,0.1338709677419355,0.105,Drew Lugbauer
656669,565,175,97,71,158,0.3246017699115044,0.30759873234116386,31,R,0.3112781954887218,0.17894736842105263,0.11954887218045113,0.2714285714285714,0.37333333333333335,0.36,0.13516219463356027,0.1261513816579896,0.1320212765957447,0.1408177905308465,0.13723684210526316,0.105,Jordan Luplow
656686,4,1,1,0,3,0.225,0.13625,26,R,0.3173076923076923,0.22115384615384615,0.08173076923076923,0.24519230769230768,0.3103448275862069,0.3103448275862069,0.12083333333333333,0.2416666666666667,0.11976744186046512,0.11857142857142858,0.1296875,0.105,Corbin Martin
656695,102,24,19,3,38,0.24803921568627452,0.23808495319108036,28,L,0.27722772277227725,0.20297029702970298,0.05693069306930693,0.2995049504950495,0.29333333333333333,0.248,0.15748898678414097,0.2026431718061674,0.1324390243902439,0.1846938775510204,0.17554347826086955,0.105,J.J. Matijevic
656716,1256,361,250,100,294,0.29482484076433124,0.2996273088827016,29,L,0.28982300884955753,0.20058997050147492,0.08001474926253688,0.2334070796460177,0.28,0.344,0.09194604245189447,0.14382067050188455,0.06233472512178149,0.1267669699090273,0.14031593406593407,0.105,Zach McKinstry
656731,29,7,6,1,17,0.24655172413793106,0.1327248740629685,26,R,0.3023255813953488,0.21705426356589147,0.07364341085271318,0.3062015503875969,0.2777777777777778,0.2777777777777778,0.16666666666666666,0.2,0.1772,0.19910714285714287,0.09264705882352942,0.105,Tylor Megill
656734,6,1,1,0,3,0.15,0.15,27,R,0.3113207547169811,0.2169811320754717,0.08018867924528301,0.24056603773584906,0.2903225806451613,0.2903225806451613,0.105,0.28,0.105,0.105,0.105,0.105,Evan Mendoza
656736,1,0,0,0,0,0.0,0.0,27,L,0.31683168316831684,0.21782178217821782,0.08415841584158416,0.22277227722772278,0.3076923076923077,0.3076923076923077,0.10396039603960396,0.27722772277227725,0.10161290322580645,0.105,0.105,0.105,Kevin Merrell
656756,4,0,0,0,4,0.0,0.0,29,L,0.3076923076923077,0.21153846153846154,0.08173076923076923,0.2548076923076923,0.27586206896551724,0.27586206896551724,0.12184873949579832,0.2689075630252101,0.14591836734693878,0.105,0.105,0.105,Jordan Montgomery
656766,6,1,1,0,1,0.15,0.15,28,R,0.3113207547169811,0.2169811320754717,0.08018867924528301,0.22169811320754718,0.2903225806451613,0.2903225806451613,0.105,0.28,0.105,0.105,0.105,0.105,Josh Morgan
656775,2368,762,542,196,471,0.3358108108108108,0.30499661161275016,30,L,0.3217179902755267,0.22852512155591573,0.08286061588330632,0.19995948136142624,0.32,0.36,0.09461564133941484,0.13939259094448772,0.07904913132822716,0.11826606260296539,0.11654103852596315,0.09264705882352942,Cedric Mullins
656794,1,0,0,0,1,0.0,0.0,28,L,0.31683168316831684,0.21782178217821782,0.08415841584158416,0.23267326732673269,0.3076923076923077,0.3076923076923077,0.09813084112149532,0.2710280373831776,0.0875,0.10161290322580645,0.105,0.105,Sean Newcomb
656807,6,2,1,1,2,0.26666666666666666,0.26666666666666666,27,L,0.32075471698113206,0.2169811320754717,0.08962264150943396,0.23113207547169812,0.3225806451612903,0.3225806451612903,0.12301587301587301,0.24603174603174607,0.12875,0.10921052631578948,0.1355263157894737,0.105,Josh Ockimey
656811,1339,426,327,90,273,0.335698282300224,0.339345788096708,31,L,0.3182765809589993,0.2425295343988881,0.0684503127171647,0.2053509381514941,0.3466666666666667,0.304,0.10001966955153423,0.1512588512981904,0.07129802312569937,0.13441907320349228,0.12862679955703213,0.10161290322580645,Ryan O'Hearn
656818,1,1,1,0,0,0.9,0.133,28,L,0.32673267326732675,0.22772277227722773,0.08415841584158416,0.22277227722772278,0.34615384615384615,0.34615384615384615,0.10194174757281553,0.28155339805825247,0.09545454545454546,0.105,0.105,0.105,Connor Overton
656821,76,12,7,5,26,0.14276315789473684,0.16400443540669857,27,R,0.25,0.16477272727272727,0.07670454545454546,0.2755681818181818,0.2,0.19801980198019803,0.14751552795031056,0.18944099378881987,0.15,0.1215,0.1852112676056338,0.105,Kevin Padlo
656847,240,58,44,12,82,0.2764583333333333,0.27862858816103586,26,R,0.2647058823529412,0.19411764705882353,0.060294117647058824,0.3073529411764706,0.24,0.232,0.18213572854291418,0.18862275449101795,0.17316476345840132,0.19828897338403043,0.20130434782608694,0.10161290322580645,DJ Peters
656849,17,2,1,0,10,0.11470588235294117,0.11399600000000001,26,L,0.2905982905982906,0.19658119658119658,0.07264957264957266,0.2777777777777778,0.23809523809523808,0.23809523809523808,0.1151685393258427,0.19662921348314608,0.08614457831325302,0.14591836734693878,0.14305555555555557,0.105,David Peterson
656876,4,1,1,0,1,0.225,0.27125,26,R,0.3173076923076923,0.22115384615384615,0.08173076923076923,0.22596153846153846,0.3103448275862069,0.3103448275862069,0.08898305084745763,0.25423728813559326,0.06847826086956521,0.10161290322580645,0.10161290322580645,0.105,Drew Rasmussen
656883,42,7,6,1,12,0.19642857142857142,0.18619368542568543,28,R,0.2746478873239437,0.19718309859154928,0.06690140845070422,0.24295774647887325,0.22388059701492538,0.22388059701492538,0.12427745664739884,0.23121387283236994,0.13533333333333333,0.1138888888888889,0.12205882352941178,0.105,Jakson Reetz
656887,2,2,0,2,0,0.7,0.691717,26,R,0.3333333333333333,0.21568627450980393,0.10294117647058823,0.22058823529411764,0.37037037037037035,0.37037037037037035,0.09545454545454546,0.2545454545454546,0.07875,0.105,0.105,0.105,Sean Reid-Foley
656896,1129,340,243,87,246,0.30177147918511954,0.31022682475753144,28,R,0.30268510984540276,0.21562245728234336,0.07770545158665582,0.21847030105777054,0.3466666666666667,0.336,0.11822953948938202,0.14793605344786448,0.08779170267934314,0.16002170767004342,0.14463917525773198,0.105,Emmanuel Rivera
656941,2815,983,534,423,817,0.368348134991119,0.38038104632544156,31,L,0.3481989708404803,0.19073756432247,0.14802744425385936,0.28799313893653516,0.29333333333333333,0.32,0.11265432098765432,0.11236236236236236,0.08481980617807389,0.14115332428765265,0.1593546477205447,0.105,Kyle Schwarber
656954,2,1,1,0,1,0.45,0.4525,25,L,0.3235294117647059,0.22549019607843138,0.08333333333333333,0.23039215686274508,0.3333333333333333,0.3333333333333333,0.10952380952380952,0.2761904761904762,0.09545454545454546,0.1296875,0.105,0.105,Justus Sheffield
656967,2,1,1,0,1,0.45,0.45,28,L,0.3235294117647059,0.22549019607843138,0.08333333333333333,0.23039215686274508,0.3333333333333333,0.3333333333333333,0.105,0.28,0.105,0.105,0.105,0.105,Evan Skoug
656976,1269,412,276,130,258,0.32754137115839244,0.32527427275990844,28,L,0.32432432432432434,0.2176771365960555,0.10116873630387144,0.20489408327246164,0.36,0.36,0.0739514348785872,0.11739915713425647,0.04350187265917603,0.10082290980908493,0.12519132653061224,0.105,Pavin Smith
657006,13,2,2,0,4,0.13846153846153847,0.18738461538461537,26,L,0.3008849557522124,0.21238938053097345,0.0752212389380531,0.2345132743362832,0.2631578947368421,0.2631578947368421,0.10227272727272728,0.25,0.10789473684210527,0.09,0.105,0.105,Justin Steele
657010,11,4,2,2,6,0.3909090909090909,0.3909090909090909,27,R,0.32432432432432434,0.21621621621621623,0.0945945945945946,0.25675675675675674,0.3333333333333333,0.3333333333333333,0.10616438356164383,0.22602739726027396,0.10982142857142858,0.11444444444444445,0.09,0.105,Madison Stokes
657011,20,4,2,1,5,0.2225,0.24143245000000002,25,R,0.3,0.2,0.07916666666666666,0.22916666666666666,0.26666666666666666,0.26666666666666666,0.11079545454545454,0.22727272727272727,0.0891304347826087,0.14051724137931035,0.10641025641025642,0.105,Troy Stokes Jr.
657017,7,3,2,1,3,0.35714285714285715,0.35714285714285715,31,L,0.32710280373831774,0.22429906542056074,0.08878504672897196,0.2383177570093458,0.34375,0.34375,0.11065573770491803,0.24590163934426232,0.1355263157894737,0.10121951219512196,0.09545454545454546,0.105,Cole Sturgeon
657027,11,6,6,0,2,0.5727272727272728,0.5727272727272728,31,R,0.34234234234234234,0.25225225225225223,0.07657657657657657,0.22072072072072071,0.3888888888888889,0.3888888888888889,0.105,0.28,0.105,0.105,0.105,0.105,Nick Tanielu
657029,4,1,1,0,1,0.225,0.225,27,R,0.3173076923076923,0.22115384615384615,0.08173076923076923,0.22596153846153846,0.3103448275862069,0.3103448275862069,0.09722222222222222,0.2592592592592593,0.0984375,0.0875,0.105,0.105,McCarthy Tatum
657041,2156,684,482,179,536,0.3352040816326531,0.31462592611521106,29,R,0.3173758865248227,0.22340425531914893,0.08311170212765957,0.24756205673758866,0.32,0.28,0.08720722862917608,0.1255498751634764,0.0635288169868554,0.12152406417112299,0.11979665071770336,0.0984375,Lane Thomas
657053,17,2,0,2,9,0.08235294117647059,0.12008435294117648,25,R,0.2905982905982906,0.18803418803418803,0.08974358974358974,0.2692307692307692,0.23809523809523808,0.23809523809523808,0.13719512195121952,0.23170731707317074,0.15486111111111112,0.13085106382978723,0.11857142857142858,0.105,Touki Toussaint
657061,312,87,61,25,89,0.2799679487179487,0.2756748273986758,28,S,0.28883495145631066,0.20145631067961164,0.08131067961165049,0.27063106796116504,0.25333333333333335,0.28,0.11373873873873874,0.12837837837837837,0.08418635170603675,0.15865671641791043,0.14733333333333332,0.105,Cole Tucker
657075,1,0,0,0,1,0.0,0.0,26,L,0.31683168316831684,0.21782178217821782,0.08415841584158416,0.23267326732673269,0.3076923076923077,0.3076923076923077,0.105,0.28,0.105,0.105,0.105,0.105,Jeremy Vasquez
657077,2628,845,629,202,387,0.32368721461187216,0.3247651315749055,28,L,0.3214809384164223,0.23863636363636365,0.07716275659824047,0.1501099706744868,0.29333333333333333,0.288,0.0630439082278481,0.12015427215189874,0.045548462959852175,0.09231849177697553,0.08161231884057972,0.105,Alex Verdugo
657088,83,31,22,9,20,0.36626506024096384,0.2865369357429719,29,L,0.3442622950819672,0.24043715846994534,0.09562841530054644,0.23224043715846995,0.30666666666666664,0.3611111111111111,0.11702127659574468,0.17325227963525835,0.08594771241830065,0.16179245283018867,0.11916666666666667,0.105,Forrest Wall
657089,5,2,1,0,2,0.39,0.39,27,R,0.3238095238095238,0.21904761904761905,0.08095238095238096,0.23333333333333334,0.3333333333333333,0.3333333333333333,0.12946428571428573,0.25892857142857145,0.15375,0.1296875,0.105,0.105,Logan Warmoth
657097,2,0,0,0,2,0.0,0.0,28,R,0.3137254901960784,0.21568627450980393,0.08333333333333333,0.24019607843137256,0.2962962962962963,0.2962962962962963,0.11261261261261261,0.2612612612612613,0.12875,0.10161290322580645,0.105,0.105,Jacob Webb
657108,109,22,14,6,31,0.19678899082568807,0.23641565804837364,26,R,0.2583732057416268,0.1722488038277512,0.06937799043062201,0.25598086124401914,0.18666666666666668,0.224,0.11793372319688109,0.15204678362573099,0.07116182572614108,0.16160714285714284,0.16117021276595744,0.105,Evan White
657129,19,5,2,3,10,0.20526315789473684,0.20603915789473684,27,R,0.31092436974789917,0.20168067226890757,0.09663865546218488,0.27310924369747897,0.29545454545454547,0.29545454545454547,0.10661764705882353,0.22794117647058826,0.08137254901960785,0.10921052631578948,0.1391891891891892,0.105,Marcus Wilson
657136,988,308,234,58,278,0.3243927125506073,0.28831151954009365,28,R,0.3125,0.23529411764705882,0.06112132352941176,0.27619485294117646,0.30666666666666664,0.304,0.14545216936748562,0.1596968112911657,0.11815036900369003,0.1905223251895535,0.1590217391304348,0.10161290322580645,Connor Wong
657140,4,1,1,0,2,0.3125,0.20925,26,R,0.3173076923076923,0.22115384615384615,0.08173076923076923,0.23557692307692307,0.3103448275862069,0.3103448275862069,0.11739130434782609,0.26086956521739135,0.07682926829268293,0.1808823529411765,0.105,0.105,Kyle Wright
657141,2,1,1,0,1,0.45,0.4265,25,R,0.3235294117647059,0.22549019607843138,0.08333333333333333,0.23039215686274508,0.3333333333333333,0.3333333333333333,0.10849056603773585,0.2735849056603774,0.09545454545454546,0.12575757575757576,0.105,0.105,Jordan Yamamoto
657144,12,2,0,2,4,0.26666666666666666,0.26666666666666666,27,L,0.30357142857142855,0.19642857142857142,0.09375,0.23660714285714285,0.2702702702702703,0.2702702702702703,0.09913793103448276,0.25862068965517243,0.07682926829268293,0.0984375,0.12575757575757576,0.105,Justin Yurchak
657193,167,49,28,12,43,0.2835329341317365,0.31545071981916084,34,S,0.30337078651685395,0.18726591760299627,0.07677902621722846,0.24531835205992508,0.26666666666666666,0.296,0.11779661016949153,0.2,0.09983443708609271,0.13228571428571428,0.1470873786407767,0.105,Eddy Alvarez
657212,15,4,2,2,5,0.21333333333333335,0.21333333333333335,26,L,0.3130434782608696,0.20869565217391303,0.09130434782608696,0.2391304347826087,0.3,0.3,0.11363636363636363,0.26363636363636367,0.12575757575757576,0.1296875,0.09,0.105,Evan Edwards
657228,1,0,0,0,1,0.0,0.0,28,R,0.31683168316831684,0.21782178217821782,0.08415841584158416,0.23267326732673269,0.3076923076923077,0.3076923076923077,0.11165048543689321,0.28155339805825247,0.12575757575757576,0.105,0.105,0.105,Jake Jewell
657247,48,14,10,4,13,0.27499999999999997,0.2816921378968254,31,R,0.3108108108108108,0.21621621621621623,0.08445945945945946,0.23986486486486486,0.3013698630136986,0.3013698630136986,0.1554054054054054,0.18468468468468469,0.1429245283018868,0.16370967741935485,0.18522727272727274,0.105,Brian O'Keefe
657253,1,0,0,0,1,0.0,0.0,29,R,0.31683168316831684,0.21782178217821782,0.08415841584158416,0.23267326732673269,0.3076923076923077,0.3076923076923077,0.1,0.2666666666666667,0.09545454545454546,0.10161290322580645,0.10161290322580645,0.105,Chris Rabago
657277,53,8,6,2,25,0.17547169811320756,0.16576969690826193,25,R,0.26143790849673204,0.1830065359477124,0.06862745098039216,0.3104575163398693,0.2,0.20512820512820512,0.17457627118644067,0.23389830508474577,0.15621118012422358,0.21761363636363634,0.17083333333333334,0.105,Logan Webb
657376,2,1,0,1,1,0.35,0.3458585,25,R,0.3235294117647059,0.21568627450980393,0.09313725490196079,0.23039215686274508,0.3333333333333333,0.3333333333333333,0.11261261261261261,0.2522522522522523,0.13205128205128205,0.10161290322580645,0.10161290322580645,0.105,Clarke Schmidt
657426,4,2,2,0,1,0.725,0.725,26,R,0.3269230769230769,0.23076923076923078,0.08173076923076923,0.22596153846153846,0.3448275862068966,0.3448275862068966,0.11363636363636363,0.28181818181818186,0.09264705882352942,0.14305555555555557,0.105,0.105,Max George
657434,60,16,8,8,17,0.2675,0.2943828023809524,29,L,0.3,0.1875,0.103125,0.246875,0.29333333333333333,0.2823529411764706,0.11155913978494623,0.13709677419354838,0.08085714285714286,0.12838983050847458,0.16159420289855073,0.105,Brian O'Grady
657510,13,4,2,2,3,0.27307692307692305,0.27307692307692305,27,R,0.3185840707964602,0.21238938053097345,0.09292035398230089,0.22566371681415928,0.3157894736842105,0.3157894736842105,0.116,0.23200000000000004,0.13977272727272727,0.10121951219512196,0.105,0.105,Andrew Bechtold
657557,1571,430,297,104,470,0.29223424570337364,0.2966855114312007,31,R,0.2764811490125673,0.19090365050867744,0.06732495511669659,0.2947336923997606,0.21333333333333335,0.28,0.16426679907315458,0.1617014233697451,0.14388456937799043,0.18175675675675673,0.2132608695652174,0.105,Paul DeJong
657562,13,3,3,0,5,0.2076923076923077,0.2076923076923077,27,L,0.30973451327433627,0.22123893805309736,0.0752212389380531,0.24336283185840707,0.2894736842105263,0.2894736842105263,0.10550458715596331,0.25688073394495414,0.09,0.12205882352941178,0.105,0.105,Patrick Dorrian
657656,1555,473,327,109,436,0.32028938906752413,0.3132668166313187,30,R,0.30513595166163143,0.2108761329305136,0.07099697885196375,0.2770392749244713,0.28,0.296,0.13192371475953565,0.14776119402985075,0.09968104495747265,0.1644951923076923,0.1915895061728395,0.105,Ramón Laureano
657672,3,1,1,0,1,0.3,0.3,27,R,0.32038834951456313,0.22330097087378642,0.0825242718446602,0.22815533980582525,0.32142857142857145,0.32142857142857145,0.1179245283018868,0.28301886792452835,0.1296875,0.12205882352941178,0.105,0.105,Scott Manea
657709,130,33,18,15,32,0.23461538461538461,0.24310613186813188,28,S,0.2826086956521739,0.17391304347826086,0.10217391304347827,0.23695652173913043,0.28,0.272,0.0818661971830986,0.16549295774647887,0.05532258064516129,0.12431506849315067,0.09950980392156863,0.105,Michael Papierski
657733,12,3,1,2,7,0.22083333333333333,0.22083333333333333,28,L,0.3125,0.20535714285714285,0.09375,0.26339285714285715,0.2972972972972973,0.2972972972972973,0.105,0.28,0.105,0.105,0.105,0.105,Roberto Ramos
657739,16,6,5,0,5,0.346875,0.346875,29,R,0.3275862068965517,0.23275862068965517,0.07327586206896551,0.23706896551724138,0.34146341463414637,0.34146341463414637,0.09663865546218488,0.2605042016806723,0.09222222222222223,0.09264705882352942,0.105,0.105,Jamie Ritchie
657741,15,7,5,2,4,0.5633333333333332,0.5633333333333332,27,R,0.3391304347826087,0.23478260869565218,0.09130434782608696,0.23043478260869565,0.375,0.375,0.1059322033898305,0.25423728813559326,0.08513513513513513,0.10641025641025642,0.1296875,0.105,Mike Rivera
657746,2,0,0,0,2,0.0,0.0,25,R,0.3137254901960784,0.21568627450980393,0.08333333333333333,0.24019607843137256,0.2962962962962963,0.2962962962962963,0.1179245283018868,0.26415094339622647,0.14305555555555557,0.105,0.105,0.105,Joe Ryan
657757,1544,456,325,121,325,0.3075777202072539,0.29889428844091925,28,L,0.29683698296836986,0.2110705596107056,0.0787712895377129,0.21137469586374696,0.26666666666666666,0.28,0.09393646186099017,0.16965005644250927,0.05708869106495219,0.13044490429384376,0.12746938775510205,0.105,Gavin Sheets
657780,17,7,3,3,4,0.388235294117647,0.388235294117647,29,L,0.3333333333333333,0.21367521367521367,0.09829059829059829,0.2264957264957265,0.35714285714285715,0.35714285714285715,0.12773722627737227,0.24087591240875914,0.14300000000000002,0.1430232558139535,0.09264705882352942,0.105,Will Toffey
658069,298,77,64,13,70,0.28640939597315435,0.2444174014543381,30,R,0.27386934673366836,0.21608040201005024,0.05402010050251256,0.23241206030150754,0.24,0.232,0.14304123711340205,0.21305841924398625,0.1221985815602837,0.1738390092879257,0.18373015873015872,0.105,Joshua Fuentes
658431,1,0,0,0,1,0.0,0.0,25,R,0.31683168316831684,0.21782178217821782,0.08415841584158416,0.23267326732673269,0.3076923076923077,0.3076923076923077,0.11165048543689321,0.28155339805825247,0.12575757575757576,0.105,0.105,0.105,Adonis Medina
658551,1,0,0,0,1,0.0,0.0,24,R,0.31683168316831684,0.21782178217821782,0.08415841584158416,0.23267326732673269,0.3076923076923077,0.3076923076923077,0.1201923076923077,0.2692307692307693,0.15147058823529413,0.105,0.105,0.105,Junior Fernández
658648,1,0,0,0,1,0.0,0.0,24,R,0.31683168316831684,0.21782178217821782,0.08415841584158416,0.23267326732673269,0.3076923076923077,0.3076923076923077,0.1201923076923077,0.27884615384615385,0.0984375,0.1609375,0.105,0.105,Pedro Avila
658652,1,0,0,0,1,0.0,0.0,27,R,0.31683168316831684,0.21782178217821782,0.08415841584158416,0.23267326732673269,0.3076923076923077,0.3076923076923077,0.11165048543689321,0.28155339805825247,0.1338709677419355,0.0984375,0.105,0.105,Oscar Campos
658668,937,298,227,55,166,0.33692636072572035,0.3438401945620607,28,R,0.31822565091610416,0.24011571841851495,0.06123432979749277,0.18177434908389586,0.29333333333333333,0.304,0.11002271436683703,0.16524701873935263,0.08730901922129128,0.13328402366863906,0.158779443254818,0.0984375,Edward Olivares
658677,6,2,1,1,2,0.45,0.45,26,R,0.32075471698113206,0.2169811320754717,0.08962264150943396,0.23113207547169812,0.3225806451612903,0.3225806451612903,0.10550458715596331,0.26605504587155965,0.09,0.12575757575757576,0.10161290322580645,0.105,Gilbert Lara
659275,7,1,0,1,6,0.09999999999999999,0.09881671428571429,29,R,0.308411214953271,0.205607476635514,0.08878504672897196,0.26635514018691586,0.28125,0.28125,0.14661654135338345,0.24060150375939848,0.15377358490566037,0.18333333333333335,0.10161290322580645,0.105,Dinelson Lamet
659359,1,0,0,0,0,0.0,0.0,26,L,0.31683168316831684,0.21782178217821782,0.08415841584158416,0.22277227722772278,0.3076923076923077,0.3076923076923077,0.10294117647058823,0.27450980392156865,0.105,0.10161290322580645,0.10161290322580645,0.105,Zac Fascia
660162,1526,490,331,144,414,0.3203473132372215,0.3184744164007359,29,S,0.3210332103321033,0.21709717097170972,0.09378843788437885,0.26845018450184505,0.3333333333333333,0.336,0.11746739309889384,0.1357107478949975,0.07099270072992701,0.18546511627906975,0.1690948275862069,0.105,Yoán Moncada
660271,2752,1055,670,366,688,0.4135719476744186,0.41732870618613743,30,L,0.3811360448807854,0.2426367461430575,0.13131136044880787,0.2491234221598878,0.37333333333333335,0.4,0.13520904792806154,0.150644294057662,0.10296023034011156,0.18074739829706715,0.15234260614934114,0.105,Shohei Ohtani
660294,507,146,89,56,142,0.27682445759368834,0.2749524059660056,33,L,0.2932454695222405,0.1828665568369028,0.10626029654036244,0.27100494233937394,0.2,0.224,0.10335977601493233,0.1399906672888474,0.09164759725400458,0.1318609022556391,0.1039655172413793,0.105,Yoshi Tsutsugo
660546,1,0,0,0,1,0.0,0.0,25,R,0.31683168316831684,0.21782178217821782,0.08415841584158416,0.23267326732673269,0.3076923076923077,0.3076923076923077,0.1,0.2666666666666667,0.09,0.105,0.105,0.105,Yennsy Díaz
660613,16,5,2,2,0,0.3125,0.3125,26,R,0.31896551724137934,0.20689655172413793,0.09051724137931035,0.1939655172413793,0.3170731707317073,0.3170731707317073,0.10915492957746478,0.23943661971830985,0.08137254901960785,0.14300000000000002,0.10161290322580645,0.105,Ronaldo Hernández
660614,22,5,5,0,11,0.35454545454545455,0.35454545454545455,25,S,0.30327868852459017,0.22131147540983606,0.06967213114754098,0.27459016393442626,0.2765957446808511,0.2765957446808511,0.11467889908256881,0.26605504587155965,0.10161290322580645,0.12575757575757576,0.11857142857142858,0.105,Arquímedes Gamboa
660620,227,56,35,20,57,0.2579295154185022,0.27663090395629975,25,S,0.2691131498470948,0.1743119266055046,0.0871559633027523,0.24311926605504589,0.24,0.256,0.09966960352422907,0.16079295154185022,0.07292531120331949,0.12979166666666667,0.1315340909090909,0.105,Jonathan Araúz
660623,32,7,7,0,15,0.2765625,0.21723695652173913,23,R,0.29545454545454547,0.2196969696969697,0.06439393939393939,0.2840909090909091,0.2631578947368421,0.2631578947368421,0.21462264150943397,0.25471698113207547,0.2014285714285714,0.29921875,0.12575757575757576,0.105,Huascar Ynoa
660634,248,74,40,29,51,0.2647177419354839,0.28624728364849833,26,S,0.3045977011494253,0.1781609195402299,0.10775862068965517,0.21120689655172414,0.29333333333333333,0.248,0.06293359762140734,0.11892963330029732,0.04447077409162717,0.11995412844036697,0.05506756756756757,0.105,Yonny Hernández
660636,335,91,70,18,88,0.32298507462686565,0.3253728588580139,27,R,0.2827586206896552,0.21149425287356322,0.06091954022988506,0.2540229885057471,0.30666666666666664,0.304,0.11013370865587614,0.15904292751583393,0.06908177905308464,0.14667300380228138,0.16037234042553192,0.105,Diego Castillo
660644,594,154,101,46,132,0.24739057239057238,0.24597013718509553,26,S,0.2680115273775216,0.17723342939481268,0.07853025936599424,0.22262247838616714,0.29333333333333333,0.312,0.10794701986754966,0.16114790286975716,0.08916469661150513,0.14621621621621622,0.11430232558139534,0.10161290322580645,Vidal Bruján
660650,145,38,27,9,65,0.29793103448275865,0.24683927899506963,25,R,0.2857142857142857,0.2,0.07142857142857142,0.35714285714285715,0.22666666666666666,0.232,0.20078740157480315,0.1795275590551181,0.12790262172284644,0.25848056537102476,0.2553333333333333,0.105,Dérmis Garcia
660659,5,1,0,1,3,0.13999999999999999,0.13999999999999999,24,R,0.3142857142857143,0.20952380952380953,0.09047619047619047,0.24285714285714285,0.3,0.3,0.11057692307692307,0.27884615384615385,0.0984375,0.1296875,0.105,0.105,Leobaldo Cabrera
660670,1928,742,491,218,365,0.39564315352697094,0.4128573465234824,27,R,0.3816568047337278,0.2529585798816568,0.11168639053254438,0.1910749506903353,0.32,0.312,0.09844456261632545,0.11858548258441903,0.08543913713405238,0.11542033235581622,0.12475622968580716,0.105,Ronald Acuña Jr.
660681,6,1,1,0,3,0.3,0.3,24,R,0.3113207547169811,0.2169811320754717,0.08018867924528301,0.24056603773584906,0.2903225806451613,0.2903225806451613,0.11637931034482758,0.27586206896551724,0.10121951219512196,0.1296875,0.12575757575757576,0.105,Leandro Cedeño
660688,1640,489,382,87,176,0.3051219512195122,0.3129103881735006,26,S,0.29942528735632185,0.23218390804597702,0.05488505747126437,0.11408045977011494,0.26666666666666666,0.28,0.06546866534224309,0.18493769189091566,0.03213495575221239,0.10122857142857143,0.09122065727699531,0.105,Keibert Ruiz
660707,818,228,176,46,248,0.3043398533007335,0.2696076143527624,26,R,0.28322440087145967,0.21568627450980393,0.0593681917211329,0.2946623093681917,0.25333333333333335,0.256,0.17527308838133068,0.2214498510427011,0.07453942520265291,0.2457535387177352,0.29172185430463576,0.105,Elehuris Montero
660710,14,3,3,0,5,0.29642857142857143,0.29642857142857143,25,R,0.30701754385964913,0.21929824561403508,0.07456140350877193,0.2412280701754386,0.28205128205128205,0.28205128205128205,0.10927152317880795,0.2251655629139073,0.12327586206896553,0.10300000000000001,0.09545454545454546,0.105,Rodolfo Durán
660731,25,5,3,2,14,0.20800000000000002,0.22410868,24,S,0.296,0.2,0.084,0.292,0.26,0.26,0.16071428571428573,0.20918367346938777,0.1993421052631579,0.16893939393939394,0.09431818181818183,0.105,Anderson Tejeda
660741,1,0,0,0,0,0.0,0.0,25,R,0.31683168316831684,0.21782178217821782,0.08415841584158416,0.22277227722772278,0.3076923076923077,0.3076923076923077,0.105,0.28,0.105,0.105,0.105,0.105,Edwin Figuera
660757,666,201,173,23,141,0.3259009009009009,0.31261633315842025,26,R,0.304177545691906,0.2545691906005222,0.041122715404699736,0.21344647519582247,0.26666666666666666,0.256,0.14857502095557418,0.2598491198658843,0.12290431837425911,0.17516304347826087,0.17145454545454544,0.105,Oscar Gonzalez
660758,11,1,1,0,3,0.11363636363636363,0.20529020979020982,26,R,0.2972972972972973,0.2072072072072072,0.07657657657657657,0.22972972972972974,0.25,0.25,0.09504132231404959,0.2809917355371901,0.09431818181818183,0.09264705882352942,0.09545454545454546,0.105,Sandro Fabian
660761,1,0,0,0,1,0.0,0.0,23,L,0.31683168316831684,0.21782178217821782,0.08415841584158416,0.23267326732673269,0.3076923076923077,0.3076923076923077,0.12135922330097088,0.28155339805825247,0.1296875,0.1338709677419355,0.105,0.105,José Suarez
660766,659,207,157,46,133,0.330804248861912,0.3044079972845179,26,R,0.31488801054018445,0.23583662714097497,0.07180500658761528,0.20487483530961792,0.30666666666666664,0.304,0.11273364485981309,0.18613707165109034,0.093519188993483,0.12680473372781065,0.15707831325301205,0.105,Juan Yepez
660813,3,0,0,0,1,0.0,0.05533333333333334,23,R,0.3106796116504854,0.21359223300970873,0.0825242718446602,0.22815533980582525,0.2857142857142857,0.2857142857142857,0.11467889908256881,0.27522935779816515,0.10921052631578948,0.1338709677419355,0.105,0.105,Brusdar Graterol
660821,1598,495,353,130,430,0.3277534418022528,0.33126661339187247,27,L,0.31036513545347466,0.22084805653710246,0.08156654888103651,0.266489988221437,0.36,0.376,0.13754147574656345,0.1805972507505135,0.10763413242009132,0.18419178082191778,0.15772727272727274,0.105,Jesús Sánchez
660829,262,87,58,27,60,0.3318702290076336,0.32851415542487405,28,L,0.3287292817679558,0.22099447513812154,0.09806629834254144,0.22790055248618785,0.4266666666666667,0.368,0.08642533936651584,0.10316742081447963,0.06518126888217522,0.09686192468619247,0.14510309278350514,0.105,Hoy Park
660844,103,34,19,14,28,0.2902912621359223,0.30435031514339916,27,S,0.3251231527093596,0.2019704433497537,0.11083743842364532,0.24876847290640394,0.36,0.336,0.09660297239915075,0.11464968152866242,0.06751968503937007,0.11929133858267717,0.151875,0.105,Leo Rivas
661148,8,2,0,1,3,0.175,0.175,26,L,0.3148148148148148,0.2037037037037037,0.08796296296296297,0.2361111111111111,0.30303030303030304,0.30303030303030304,0.10396039603960396,0.27722772277227725,0.10161290322580645,0.105,0.105,0.105,Carlos Sepulveda
661250,6,3,2,1,2,0.4166666666666667,0.4166666666666667,24,L,0.330188679245283,0.22641509433962265,0.08962264150943396,0.23113207547169812,0.3548387096774194,0.3548387096774194,0.11165048543689321,0.2718446601941748,0.1338709677419355,0.10161290322580645,0.10161290322580645,0.105,Izzy Wilson
661269,35,5,3,2,14,0.11714285714285713,0.13575525714285713,26,R,0.2740740740740741,0.18518518518518517,0.07777777777777778,0.27037037037037037,0.21666666666666667,0.21666666666666667,0.17824074074074073,0.2777777777777778,0.10518867924528302,0.3307142857142857,0.105,0.105,Vladimir Gutierrez
661388,1950,689,469,208,449,0.362,0.34140881284777086,27,R,0.3517073170731707,0.2395121951219512,0.10560975609756097,0.23,0.3333333333333333,0.36,0.12736220472440946,0.1405511811023622,0.1029845335911068,0.15094302554027503,0.17168284789644014,0.105,William Contreras
661411,20,9,6,2,2,0.39249999999999996,0.39249999999999996,26,R,0.3416666666666667,0.23333333333333334,0.0875,0.20416666666666666,0.37777777777777777,0.37777777777777777,0.08898305084745763,0.25423728813559326,0.07875,0.08289473684210526,0.105,0.105,Lorenzo Cedrola
661531,352,91,59,25,94,0.2605113636363636,0.25686299289073167,29,R,0.2721238938053097,0.17920353982300885,0.07411504424778761,0.2577433628318584,0.26666666666666666,0.224,0.13748137108792846,0.18628912071535023,0.11815203145478376,0.16342925659472424,0.16546052631578947,0.105,Brian Serven
661539,2,1,1,0,0,0.45,0.45,27,L,0.3235294117647059,0.22549019607843138,0.08333333333333333,0.22058823529411764,0.3333333333333333,0.3333333333333333,0.105,0.28,0.105,0.105,0.105,0.105,Jake Palomaki
661541,6,0,0,0,2,0.0,0.0,26,R,0.3018867924528302,0.20754716981132076,0.08018867924528301,0.23113207547169812,0.25806451612903225,0.25806451612903225,0.105,0.28,0.105,0.105,0.105,0.105,Donovan Casey
661733,17,4,4,0,8,0.361764705882353,0.361764705882353,28,R,0.3076923076923077,0.2222222222222222,0.07264957264957266,0.2606837606837607,0.2857142857142857,0.2857142857142857,0.12420382165605096,0.25477707006369427,0.09035087719298246,0.163,0.12875,0.105,Max Burt
662139,2089,619,423,180,509,0.3168262326471996,0.29518679653815,28,L,0.297396071265418,0.20328917313841938,0.08611238008222932,0.24280493375970763,0.26666666666666666,0.304,0.11279865530075639,0.14155360787609558,0.10020333904109588,0.12188030560271645,0.14186676994577846,0.105,Daulton Varsho
663330,166,48,31,14,58,0.2924698795180723,0.27458211580303415,27,R,0.3007518796992481,0.19924812030075187,0.08458646616541353,0.3026315789473684,0.32,0.328,0.10687593423019431,0.12556053811659193,0.08165266106442577,0.12285067873303167,0.17469135802469135,0.105,Jahmai Jones
663368,650,208,136,69,165,0.3013076923076923,0.28037879797808796,28,S,0.32,0.21066666666666667,0.10333333333333333,0.25,0.29333333333333333,0.272,0.0946556266465939,0.11704930372600678,0.07682470368059888,0.1331570996978852,0.1024869109947644,0.105,Blake Perkins
663369,6,1,1,0,2,0.3333333333333333,0.3333333333333333,27,R,0.3113207547169811,0.2169811320754717,0.08018867924528301,0.23113207547169812,0.2903225806451613,0.2903225806451613,0.105,0.28,0.105,0.105,0.105,0.105,Jeremy Eierman
663372,1,0,0,0,1,0.0,0.0,25,R,0.31683168316831684,0.21782178217821782,0.08415841584158416,0.23267326732673269,0.3076923076923077,0.3076923076923077,0.11057692307692307,0.2692307692307693,0.0984375,0.1296875,0.105,0.105,Ryan Feltner
663378,1,0,0,0,1,0.0,0.0,25,R,0.31683168316831684,0.21782178217821782,0.08415841584158416,0.23267326732673269,0.3076923076923077,0.3076923076923077,0.11165048543689321,0.28155339805825247,0.12575757575757576,0.105,0.105,0.105,Thomas Szapucki
663399,1,0,0,0,1,0.0,0.0,27,L,0.31683168316831684,0.21782178217821782,0.08415841584158416,0.23267326732673269,0.3076923076923077,0.3076923076923077,0.10194174757281553,0.2718446601941748,0.09545454545454546,0.105,0.105,0.105,Brandon Waddell
663411,33,18,10,7,6,0.5742424242424242,0.5742424242424242,29,L,0.37593984962406013,0.24060150375939848,0.11654135338345864,0.21428571428571427,0.4482758620689655,0.4482758620689655,0.10294117647058823,0.27450980392156865,0.0984375,0.105,0.105,0.105,Joe McCarthy
663446,2,1,1,0,1,0.45,0.45,25,L,0.3235294117647059,0.22549019607843138,0.08333333333333333,0.23039215686274508,0.3333333333333333,0.3333333333333333,0.11682242990654206,0.28037383177570097,0.12205882352941178,0.1296875,0.10161290322580645,0.105,Garrett Wolforth
663457,1418,496,295,197,289,0.34643864598025387,0.3492500865012427,27,L,0.34782608695652173,0.2088274044795784,0.13537549407114624,0.20520421607378128,0.3333333333333333,0.384,0.07064377682403433,0.09459227467811158,0.04708722741433022,0.08794392523364486,0.11815,0.105,Lars Nootbaar
663460,5,0,0,0,1,0.0,0.0716,24,L,0.3047619047619048,0.20952380952380953,0.08095238095238096,0.22380952380952382,0.26666666666666666,0.26666666666666666,0.08823529411764706,0.23529411764705885,0.065625,0.10161290322580645,0.105,0.105,Kris Bubic
663465,2,0,0,0,1,0.0,0.0025,24,L,0.3137254901960784,0.21568627450980393,0.08333333333333333,0.23039215686274508,0.2962962962962963,0.2962962962962963,0.11057692307692307,0.2884615384615385,0.12205882352941178,0.105,0.105,0.105,Kolby Allard
663474,2,1,1,0,0,0.45,0.442,24,R,0.3235294117647059,0.22549019607843138,0.08333333333333333,0.22058823529411764,0.3333333333333333,0.3333333333333333,0.09905660377358491,0.26415094339622647,0.0875,0.105,0.105,0.105,Triston McKenzie
663478,18,4,3,1,4,0.18888888888888888,0.24574082828282828,26,R,0.3050847457627119,0.211864406779661,0.08050847457627118,0.2245762711864407,0.27906976744186046,0.27906976744186046,0.11206896551724138,0.22988505747126436,0.06693548387096775,0.16916666666666666,0.09880952380952382,0.105,Brendon Davis
663494,1,1,1,0,0,1.25,1.25,27,L,0.32673267326732675,0.22772277227722773,0.08415841584158416,0.22277227722772278,0.34615384615384615,0.34615384615384615,0.10194174757281553,0.2718446601941748,0.0984375,0.105,0.10161290322580645,0.105,Bryan Torres
663503,6,4,3,1,0,0.6833333333333332,0.6833333333333332,26,S,0.33962264150943394,0.2358490566037736,0.08962264150943396,0.21226415094339623,0.3870967741935484,0.3870967741935484,0.10849056603773585,0.2735849056603774,0.12575757575757576,0.09545454545454546,0.105,0.105,Elih Marrero
663524,1,0,0,0,1,0.0,0.0,25,L,0.31683168316831684,0.21782178217821782,0.08415841584158416,0.23267326732673269,0.3076923076923077,0.3076923076923077,0.105,0.28,0.105,0.105,0.105,0.105,Cornelius Randolph
663526,6,2,2,0,0,0.3,0.3,25,R,0.32075471698113206,0.22641509433962265,0.08018867924528301,0.21226415094339623,0.3225806451612903,0.3225806451612903,0.105,0.28,0.105,0.105,0.105,0.105,Kole Cottam
663527,647,196,117,67,151,0.2942040185471406,0.3058095305319221,27,R,0.30522088353413657,0.18607764390896922,0.10107095046854082,0.2322623828647925,0.25333333333333335,0.264,0.1031143182681352,0.12723129510064565,0.07437002652519895,0.12810077519379845,0.17346041055718475,0.105,Tyler Nevin
663529,2,0,0,0,1,0.0,0.0,25,R,0.3137254901960784,0.21568627450980393,0.08333333333333333,0.23039215686274508,0.2962962962962963,0.2962962962962963,0.105,0.28,0.105,0.105,0.105,0.105,AJ Lee
663531,1,0,0,0,1,0.0,0.0,24,R,0.31683168316831684,0.21782178217821782,0.08415841584158416,0.23267326732673269,0.3076923076923077,0.3076923076923077,0.1261682242990654,0.29906542056074764,0.14714285714285716,0.1296875,0.105,0.105,Logan Allen
663536,1,1,1,0,0,0.9,0.9,26,R,0.32673267326732675,0.22772277227722773,0.08415841584158416,0.22277227722772278,0.34615384615384615,0.34615384615384615,0.105,0.28,0.105,0.105,0.105,0.105,Tristin English
663538,2090,705,530,140,237,0.3347607655502392,0.31310188474893,27,R,0.3365296803652968,0.25205479452054796,0.06780821917808219,0.1184931506849315,0.4,0.368,0.05908846464103253,0.15972035493412207,0.034913999044433826,0.09078519121236778,0.08820153061224491,0.105,Nico Hoerner
663544,5,4,1,3,0,0.82,0.82,26,L,0.34285714285714286,0.21904761904761905,0.10952380952380952,0.21428571428571427,0.4,0.4,0.0846774193548387,0.22580645161290325,0.06702127659574468,0.09264705882352942,0.09545454545454546,0.105,LJ Talley
663550,170,45,35,9,70,0.26852941176470585,0.2502670037736846,27,L,0.2851851851851852,0.2111111111111111,0.06481481481481481,0.3425925925925926,0.25333333333333335,0.256,0.22481203007518796,0.22255639097744362,0.15434782608695652,0.34470899470899474,0.22245508982035928,0.105,Trey Cabbage
663554,3,1,0,1,1,0.2333333333333333,0.24857233333333337,24,R,0.32038834951456313,0.21359223300970873,0.09223300970873786,0.22815533980582525,0.32142857142857145,0.32142857142857145,0.09210526315789473,0.24561403508771934,0.0715909090909091,0.105,0.105,0.105,Casey Mize
663555,2,1,1,0,0,0.45,0.45,25,L,0.3235294117647059,0.22549019607843138,0.08333333333333333,0.22058823529411764,0.3333333333333333,0.3333333333333333,0.105,0.28,0.105,0.105,0.105,0.105,Beau Brundage
663559,5,0,0,0,5,0.0,0.0,24,R,0.3047619047619048,0.20952380952380953,0.08095238095238096,0.2619047619047619,0.26666666666666666,0.26666666666666666,0.15040650406504066,0.2682926829268293,0.163,0.1338709677419355,0.1609375,0.105,Bailey Falter
663567,2,0,0,0,1,0.0,0.0835,24,R,0.3137254901960784,0.21568627450980393,0.08333333333333333,0.23039215686274508,0.2962962962962963,0.2962962962962963,0.09722222222222222,0.2592592592592593,0.0875,0.0984375,0.105,0.105,Peter Lambert
663574,7,1,1,0,2,0.17857142857142858,0.21142857142857144,24,R,0.308411214953271,0.21495327102803738,0.0794392523364486,0.22897196261682243,0.28125,0.28125,0.1446280991735537,0.2727272727272727,0.21145833333333333,0.09545454545454546,0.105,0.105,Tony Santillan
663584,16,4,1,0,6,0.24375,0.24375,27,R,0.3103448275862069,0.19827586206896552,0.07327586206896551,0.24568965517241378,0.2926829268292683,0.2926829268292683,0.11458333333333333,0.2222222222222222,0.10423728813559323,0.15000000000000002,0.09264705882352942,0.105,Hayden Senger
663586,2731,945,679,221,683,0.3735994141340168,0.36965715921031844,27,R,0.34510773578240905,0.24761568350406216,0.08106676086188626,0.24920522783468738,0.26666666666666666,0.312,0.13057875035991937,0.15289375179959688,0.10102644112333717,0.17680602520750077,0.1585285848172446,0.105,Austin Riley
663600,7,2,1,1,1,0.2285714285714286,0.2285714285714286,26,L,0.3177570093457944,0.21495327102803738,0.08878504672897196,0.21962616822429906,0.3125,0.3125,0.105,0.28,0.105,0.105,0.105,0.105,D.J. Artis
663604,29,6,4,2,11,0.22241379310344828,0.19936028537455408,27,S,0.29457364341085274,0.20155038759689922,0.08139534883720931,0.2596899224806202,0.25925925925925924,0.25925925925925924,0.10804020100502512,0.22613065326633167,0.11861702127659575,0.1060344827586207,0.08513513513513513,0.105,Brandon Lockridge
663605,10,5,1,4,5,0.37,0.37,26,R,0.33636363636363636,0.20909090909090908,0.11363636363636363,0.25,0.37142857142857144,0.37142857142857144,0.15040650406504066,0.2682926829268293,0.1625,0.11857142857142858,0.1808823529411765,0.105,Garrett Whitley
663609,192,60,34,26,50,0.3106770833333333,0.31762381950675284,27,R,0.3150684931506849,0.1917808219178082,0.11815068493150685,0.2482876712328767,0.29333333333333333,0.32,0.11842105263157894,0.14302059496567507,0.07997787610619468,0.17107023411371236,0.134070796460177,0.105,Luken Baker
663611,870,274,213,43,82,0.3068390804597701,0.2924055952181045,27,R,0.3154639175257732,0.2422680412371134,0.05309278350515464,0.1077319587628866,0.32,0.28,0.04087065455684309,0.14970247416222987,0.029413252402630246,0.05903925619834711,0.059453781512605046,0.105,Nick Madrigal
663616,1140,372,240,121,331,0.33039473684210524,0.33110735582688117,27,L,0.3258064516129032,0.21129032258064517,0.10443548387096774,0.28508064516129034,0.4,0.36,0.13879957127545553,0.13333333333333333,0.08681049822064058,0.17595952547103977,0.20446611909650925,0.105,Trevor Larnach
663618,6,1,1,0,2,0.3333333333333333,0.3333333333333333,26,R,0.3113207547169811,0.2169811320754717,0.08018867924528301,0.23113207547169812,0.2903225806451613,0.2903225806451613,0.10294117647058823,0.27450980392156865,0.10161290322580645,0.10161290322580645,0.105,0.105,Josh Stowers
663624,2260,704,538,154,557,0.33365044247787606,0.34457135606397166,27,R,0.31186440677966104,0.23728813559322035,0.06885593220338983,0.24555084745762712,0.26666666666666666,0.28,0.1472590679657237,0.20870994248151192,0.1161154345006485,0.1763595427779702,0.20840040241448693,0.0984375,Ryan Mountcastle
663628,2,0,0,0,0,0.0,0.0,26,L,0.3137254901960784,0.21568627450980393,0.08333333333333333,0.22058823529411764,0.2962962962962963,0.2962962962962963,0.10294117647058823,0.27450980392156865,0.105,0.105,0.0984375,0.105,John Aiello
663630,589,171,111,53,189,0.2864176570458404,0.2721104781669059,27,R,0.2946298984034833,0.193033381712627,0.08925979680696662,0.306966618287373,0.29333333333333333,0.312,0.15117308543603364,0.13147410358565736,0.12745318352059926,0.1701121794871795,0.22120689655172415,0.105,Ryan McKenna
663647,1940,604,462,132,401,0.3124484536082474,0.3074823009013405,27,R,0.31176470588235294,0.2372549019607843,0.06887254901960785,0.2075980392156863,0.24,0.256,0.08189597539778046,0.14520657841957482,0.05435246679316888,0.1168752607425949,0.11933411214953271,0.105,Ke'Bryan Hayes
663656,2398,853,574,272,381,0.3751251042535446,0.37842015100576337,27,L,0.3542834267413931,0.23859087269815854,0.11228983186549239,0.16152922337870296,0.41333333333333333,0.392,0.09012479652740098,0.12240911557243625,0.0720855301698887,0.1137198622273249,0.11091094493541809,0.105,Kyle Tucker
663660,5,1,1,0,4,0.18,0.18,26,R,0.3142857142857143,0.21904761904761905,0.08095238095238096,0.2523809523809524,0.3,0.3,0.13025210084033614,0.2689075630252101,0.1391891891891892,0.15000000000000002,0.10161290322580645,0.105,Jack Conley
663662,413,116,79,33,124,0.28861985472154966,0.30049342411160906,27,R,0.2884990253411306,0.1968810916179337,0.08089668615984405,0.2855750487329435,0.25333333333333335,0.264,0.125,0.1364168618266979,0.08521784232365145,0.15189473684210528,0.22451737451737452,0.105,Daz Cameron
663682,2,0,0,0,0,0.0,0.0,27,R,0.3137254901960784,0.21568627450980393,0.08333333333333333,0.22058823529411764,0.2962962962962963,0.2962962962962963,0.105,0.28,0.105,0.105,0.105,0.105,Mike Salvatore
663692,1,0,0,0,0,0.0,0.0,26,R,0.31683168316831684,0.21782178217821782,0.08415841584158416,0.22277227722772278,0.3076923076923077,0.3076923076923077,0.105,0.28,0.105,0.105,0.105,0.105,Jalen Miller
663697,2318,827,509,245,482,0.352351164797239,0.34501835951400955,28,R,0.35525227460711334,0.2196029776674938,0.10483870967741936,0.2086435070306038,0.38666666666666666,0.392,0.07994638069705094,0.10520107238605898,0.05747137052087181,0.1016062176165803,0.13832007952286282,0.105,Jonathan India
663698,730,232,156,61,229,0.32452054794520546,0.31833203315375724,28,R,0.3180722891566265,0.21445783132530122,0.08373493975903615,0.3030120481927711,0.30666666666666664,0.32,0.13470483005366726,0.14633273703041144,0.09945161290322581,0.16956284153005466,0.20736677115987462,0.10161290322580645,Joey Bart
663708,14,3,1,2,7,0.16428571428571428,0.16428571428571428,26,R,0.30701754385964913,0.20175438596491227,0.09210526315789473,0.25877192982456143,0.28205128205128205,0.28205128205128205,0.10194174757281553,0.2718446601941748,0.0984375,0.105,0.10161290322580645,0.105,Gabriel Cancel
663714,14,4,4,0,4,0.41428571428571426,0.41428571428571426,28,R,0.3157894736842105,0.22807017543859648,0.07456140350877193,0.2324561403508772,0.3076923076923077,0.3076923076923077,0.13175675675675674,0.22297297297297297,0.1455357142857143,0.15212765957446808,0.09,0.105,Matt Kroon
663727,1,1,0,1,0,0.7,0.7,28,R,0.32673267326732675,0.21782178217821782,0.09405940594059406,0.22277227722772278,0.34615384615384615,0.34615384615384615,0.105,0.28,0.105,0.105,0.105,0.105,Scott Kapers
663728,1848,546,359,177,538,0.3261093073593073,0.3277048628529008,28,S,0.29671457905544146,0.19558521560574949,0.0952258726899384,0.2877310061601643,0.3466666666666667,0.368,0.14959494713716875,0.17479060826582452,0.11096924766611752,0.18130020080321285,0.19716290420988405,0.105,Cal Raleigh
663731,17,5,1,3,5,0.27058823529411763,0.3458771626297578,28,R,0.3162393162393162,0.19658119658119658,0.09829059829059829,0.23504273504273504,0.30952380952380953,0.30952380952380953,0.11513157894736842,0.1973684210526316,0.09919354838709678,0.1366666666666667,0.11857142857142858,0.105,Connor Kaiser
663734,12,1,0,1,5,0.05833333333333333,0.12314308333333333,25,R,0.29464285714285715,0.19642857142857142,0.08482142857142858,0.24553571428571427,0.24324324324324326,0.24324324324324326,0.11824324324324324,0.21621621621621623,0.08306451612903226,0.1811111111111111,0.10161290322580645,0.105,Nick Neidert
663743,950,257,191,50,154,0.2772631578947368,0.27188471689480187,28,R,0.2752380952380952,0.20285714285714285,0.055714285714285716,0.1680952380952381,0.26666666666666666,0.296,0.07171834250941755,0.1405389742103738,0.046159754224270357,0.10424321959755031,0.10768115942028986,0.105,Nick Fortes
663753,8,0,0,0,5,0.0,0.036250000000000004,25,L,0.2962962962962963,0.2037037037037037,0.0787037037037037,0.25462962962962965,0.24242424242424243,0.24242424242424243,0.1183206106870229,0.25190839694656486,0.10300000000000001,0.1355263157894737,0.12575757575757576,0.105,Reiss Knehr
663757,1930,595,348,223,516,0.31080310880829015,0.3110080934675236,28,L,0.30886699507389165,0.18226600985221675,0.11403940886699507,0.26527093596059115,0.29333333333333333,0.304,0.09155282616869281,0.0957513472866274,0.07539587091601523,0.10740837696335079,0.13845794392523364,0.105,Trent Grisham
663760,3,0,0,0,3,0.0,0.0,27,R,0.3106796116504854,0.21359223300970873,0.0825242718446602,0.24757281553398058,0.2857142857142857,0.2857142857142857,0.12735849056603774,0.28301886792452835,0.1757142857142857,0.10161290322580645,0.105,0.105,Cadyn Grenier
663765,18,2,2,0,9,0.1,0.16416666666666668,25,R,0.288135593220339,0.2033898305084746,0.07203389830508475,0.2669491525423729,0.23255813953488372,0.23255813953488372,0.11746987951807229,0.21084337349397592,0.1296511627906977,0.10375000000000001,0.105,0.105,Jake Woodford
663776,4,1,1,0,2,0.225,0.03725,25,L,0.3173076923076923,0.22115384615384615,0.08173076923076923,0.23557692307692307,0.3103448275862069,0.3103448275862069,0.11842105263157894,0.24561403508771934,0.11976744186046512,0.1338709677419355,0.105,0.105,Patrick Sandoval
663796,79,24,20,2,19,0.3221518987341772,0.2979668481012658,28,R,0.3128491620111732,0.2346368715083799,0.05865921787709497,0.23184357541899442,0.28,0.3076923076923077,0.12790697674418605,0.19933554817275748,0.12682119205298012,0.13064516129032258,0.13085106382978723,0.105,Coco Montes
663799,66,11,7,3,19,0.1590909090909091,0.19999442548289917,27,R,0.25903614457831325,0.1746987951807229,0.06927710843373494,0.25,0.22666666666666666,0.2087912087912088,0.10889570552147239,0.22085889570552147,0.08804347826086957,0.12304347826086957,0.12936507936507938,0.105,Curtis Terry
663807,1,0,0,0,0,0.0,0.0,28,R,0.31683168316831684,0.21782178217821782,0.08415841584158416,0.22277227722772278,0.3076923076923077,0.3076923076923077,0.10194174757281553,0.2718446601941748,0.09545454545454546,0.105,0.105,0.105,Nick Dalesandro
663834,2,0,0,0,1,0.0,0.0,26,R,0.3137254901960784,0.21568627450980393,0.08333333333333333,0.23039215686274508,0.2962962962962963,0.2962962962962963,0.105,0.28,0.105,0.105,0.105,0.105,Jonathan Engelmann
663837,1659,522,384,124,356,0.3194092827004219,0.3174777027481501,28,R,0.31495167708925526,0.23081296191017622,0.07532689027856737,0.21517907902217168,0.30666666666666664,0.328,0.0778688524590164,0.1287630402384501,0.057748756218905475,0.10622519841269841,0.1131777108433735,0.105,Matt Vierling
663845,509,171,112,50,154,0.3168958742632613,0.29796501197378694,28,L,0.3333333333333333,0.2200328407224959,0.0960591133004926,0.28981937602627256,0.3466666666666667,0.32,0.10423688011555128,0.11940298507462686,0.08852392538523926,0.12711397058823531,0.12810344827586206,0.105,Alfonso Rivas III
663853,524,145,121,22,164,0.3083969465648855,0.3074980987432912,28,R,0.28365384615384615,0.22916666666666666,0.04887820512820513,0.2988782051282051,0.26666666666666666,0.28,0.15891684901531727,0.19091903719912473,0.12281704781704782,0.18834405144694535,0.2314102564102564,0.105,Romy Gonzalez
663858,1,0,0,0,0,0.0,0.0,26,L,0.31683168316831684,0.21782178217821782,0.08415841584158416,0.22277227722772278,0.3076923076923077,0.3076923076923077,0.10096153846153846,0.2692307692307693,0.09264705882352942,0.105,0.105,0.105,Antoine Duplantis
663886,1701,590,410,156,389,0.3521751910640799,0.3241625480206847,28,R,0.3453636868406441,0.23986674069961134,0.09133814547473626,0.22848417545807884,0.37333333333333335,0.328,0.0931158289103965,0.12144864189822042,0.0676731078904992,0.12303571428571429,0.14427966101694917,0.0984375,Tyler Stephenson
663891,13,3,3,0,4,0.31923076923076926,0.31923076923076926,27,R,0.30973451327433627,0.22123893805309736,0.0752212389380531,0.2345132743362832,0.2894736842105263,0.2894736842105263,0.11274509803921569,0.27450980392156865,0.105,0.1296875,0.105,0.105,Nelson Maldonado
663897,361,97,72,24,101,0.26634349030470916,0.2346972260171346,28,R,0.279826464208243,0.2039045553145336,0.07049891540130152,0.2678958785249458,0.29333333333333333,0.208,0.11920777279521674,0.1532137518684604,0.07983028720626632,0.16782296650717704,0.18854166666666666,0.105,Luke Williams
663898,1778,574,444,112,368,0.3329583802024747,0.3145269529275738,28,R,0.3226837060702875,0.24813631522896698,0.0641640042598509,0.2079339723109691,0.32,0.288,0.10908953646383814,0.1454023856258493,0.07238237693772097,0.1627310536044362,0.1336139896373057,0.105,Brendan Rodgers
663905,99,22,13,9,25,0.22373737373737373,0.2761271910754748,28,L,0.271356783919598,0.17587939698492464,0.08793969849246232,0.23869346733668342,0.22666666666666666,0.24193548387096775,0.1202127659574468,0.20638297872340425,0.09035874439461883,0.13433333333333333,0.17413793103448277,0.105,Travis Blankenhorn
663911,40,8,5,2,16,0.25625,0.293173925,27,L,0.2857142857142857,0.19285714285714287,0.075,0.275,0.24615384615384617,0.24615384615384617,0.15753424657534246,0.2100456621004566,0.10572916666666667,0.20808823529411766,0.20333333333333334,0.105,Nick Plummer
663923,1,0,0,0,1,0.0,0.0,26,R,0.31683168316831684,0.21782178217821782,0.08415841584158416,0.23267326732673269,0.3076923076923077,0.3076923076923077,0.1,0.2666666666666667,0.09545454545454546,0.0984375,0.105,0.105,Brendt Citta
663944,13,7,4,3,4,0.5769230769230769,0.5769230769230769,27,R,0.34513274336283184,0.23008849557522124,0.10176991150442478,0.2345132743362832,0.39473684210526316,0.39473684210526316,0.11071428571428571,0.2142857142857143,0.10098039215686275,0.10729166666666667,0.1338709677419355,0.105,Cody Roberts
663967,76,21,12,6,17,0.2388157894736842,0.24511248684210526,28,L,0.30113636363636365,0.19318181818181818,0.08238636363636363,0.22443181818181818,0.29333333333333333,0.2871287128712871,0.13076923076923078,0.19692307692307692,0.09787878787878787,0.15722222222222224,0.18583333333333335,0.105,César Salazar
663968,26,10,8,2,5,0.34423076923076923,0.34423076923076923,28,S,0.3333333333333333,0.23809523809523808,0.08333333333333333,0.21825396825396826,0.35294117647058826,0.35294117647058826,0.12012987012987013,0.23376623376623376,0.12734375,0.11976744186046512,0.11216216216216217,0.105,Jake Mangum
663978,37,3,1,1,26,0.06216216216216216,0.0987742972972973,25,R,0.25547445255474455,0.1678832116788321,0.06934306569343066,0.354014598540146,0.1774193548387097,0.1774193548387097,0.15399239543726237,0.18250950570342206,0.17745098039215684,0.13455882352941176,0.0984375,0.105,Chris Paddack
663979,4,1,0,1,1,0.175,0.175,28,R,0.3173076923076923,0.21153846153846154,0.09134615384615384,0.22596153846153846,0.3103448275862069,0.3103448275862069,0.1,0.2666666666666667,0.09,0.105,0.105,0.105,Kyle Datres
663993,2709,966,650,301,636,0.3547619047619047,0.3359015971819959,29,L,0.3552865788536846,0.2392310430758277,0.1101815592737629,0.2344250622997508,0.3466666666666667,0.4,0.09074909747292419,0.12048736462093863,0.086647447616369,0.10890783744557328,0.07327514546965919,0.105,Nathaniel Lowe
664011,13,1,0,0,6,0.12307692307692308,0.0633076923076923,28,R,0.2920353982300885,0.19469026548672566,0.0752212389380531,0.252212389380531,0.23684210526315788,0.23684210526315788,0.10267857142857142,0.25892857142857145,0.0875,0.10161290322580645,0.11857142857142858,0.105,Trey Amburgey
664023,2586,884,552,309,641,0.3458623356535189,0.3324942072564641,30,S,0.34102755026061055,0.2137006701414743,0.11820551005212211,0.24702159344750557,0.30666666666666664,0.32,0.11653670597185242,0.12219475085583872,0.08550640279394645,0.16739742558326628,0.14663509471585243,0.10161290322580645,Ian Happ
664029,202,69,40,27,59,0.34851485148514855,0.3098552849841375,29,R,0.3344370860927152,0.2052980132450331,0.11754966887417219,0.26986754966887416,0.3333333333333333,0.344,0.11366313309776208,0.12603062426383982,0.09045064377682403,0.15216450216450217,0.1278169014084507,0.105,Mark Mathias
664034,2573,870,606,168,446,0.33707734162456277,0.33012079118966026,30,R,0.3374485596707819,0.2349420127197905,0.06603067714178826,0.1752712308267864,0.21333333333333335,0.28,0.0995258109710098,0.1597154865826059,0.07534990791896869,0.13605217391304347,0.1267116182572614,0.105,Ty France
664040,1832,592,380,187,483,0.34620633187772926,0.34286373917554896,30,L,0.32298136645962733,0.2080745341614907,0.10119047619047619,0.26164596273291924,0.28,0.28,0.16211384439359267,0.15875286041189932,0.12225967174677607,0.20137786081270434,0.19884534639608115,0.105,Brandon Lowe
664041,48,13,10,3,20,0.253125,0.2042965,29,R,0.30405405405405406,0.21621621621621623,0.0777027027027027,0.28716216216216217,0.2876712328767123,0.2876712328767123,0.14620938628158844,0.16967509025270758,0.16654135338345863,0.1006172839506173,0.17264150943396228,0.105,Jaylin Davis
664045,1,0,0,0,0,0.0,0.123,27,R,0.31683168316831684,0.21782178217821782,0.08415841584158416,0.22277227722772278,0.3076923076923077,0.3076923076923077,0.10952380952380952,0.2952380952380953,0.12205882352941178,0.10161290322580645,0.105,0.105,Thomas Eshelman
664051,13,5,4,0,4,0.49615384615384617,0.49615384615384617,29,L,0.3274336283185841,0.23008849557522124,0.0752212389380531,0.2345132743362832,0.34210526315789475,0.34210526315789475,0.11507936507936507,0.2619047619047619,0.15212765957446808,0.08289473684210526,0.10161290322580645,0.105,Mitchell Tolman
664056,1592,478,366,89,320,0.3127198492462312,0.29687780624351456,30,R,0.30141843971631205,0.2293144208037825,0.057624113475177305,0.20242316784869976,0.24,0.216,0.10680327868852459,0.17754098360655737,0.06522346368715085,0.15401705565529622,0.151796875,0.105,Harrison Bader
664057,272,79,55,18,70,0.28198529411764706,0.2873119825182517,29,L,0.29838709677419356,0.20698924731182797,0.07123655913978495,0.24865591397849462,0.29333333333333333,0.304,0.11663385826771654,0.15846456692913385,0.07608303249097473,0.18418367346938774,0.13386075949367088,0.105,Andrew Stevenson
664058,1038,307,258,45,90,0.2863198458574181,0.28150293132397464,30,R,0.29789103690685415,0.2460456942003515,0.04701230228471002,0.09885764499121265,0.3333333333333333,0.32,0.04730713245997089,0.14090247452692867,0.024549653579676672,0.09004085801838611,0.07170818505338078,0.105,David Fletcher
664059,443,143,93,43,106,0.31862302483069976,0.3082483816299049,30,S,0.32228360957642727,0.21178637200736647,0.09484346224677716,0.23664825046040516,0.3466666666666667,0.368,0.1220472440944882,0.14597213809812234,0.08171007927519819,0.14184652278177456,0.2027859237536657,0.105,Sam Haggerty
664060,18,7,4,2,4,0.31666666666666665,0.31666666666666665,28,L,0.3305084745762712,0.22033898305084745,0.08898305084745763,0.2245762711864407,0.3488372093023256,0.3488372093023256,0.11,0.23333333333333334,0.08728813559322035,0.14642857142857144,0.10641025641025642,0.105,Kyle Holder
664062,19,5,4,1,8,0.24473684210526317,0.13693905263157893,27,R,0.31092436974789917,0.2184873949579832,0.07983193277310924,0.25630252100840334,0.29545454545454547,0.29545454545454547,0.13128491620111732,0.22346368715083798,0.08719512195121952,0.17941176470588235,0.17083333333333334,0.105,Tony Gonsolin
664068,58,10,5,4,26,0.1439655172413793,0.14660344827586208,30,R,0.26582278481012656,0.17088607594936708,0.07911392405063292,0.3069620253164557,0.22666666666666666,0.21686746987951808,0.18858131487889274,0.2041522491349481,0.2543333333333333,0.11024096385542169,0.13369565217391305,0.105,Scott Kingery
664074,6,0,0,0,4,0.0,0.041833333333333333,27,R,0.3018867924528302,0.20754716981132076,0.08018867924528301,0.25,0.25806451612903225,0.25806451612903225,0.10714285714285714,0.25396825396825395,0.08829787234042553,0.08513513513513513,0.1609375,0.105,Cody Ponce
664076,2,1,1,0,1,0.625,0.4165,27,R,0.3235294117647059,0.22549019607843138,0.08333333333333333,0.23039215686274508,0.3333333333333333,0.3333333333333333,0.0963302752293578,0.25688073394495414,0.08076923076923077,0.105,0.105,0.105,Garrett Cleavinger
664092,1,0,0,0,1,0.0,0.0,27,R,0.31683168316831684,0.21782178217821782,0.08415841584158416,0.23267326732673269,0.3076923076923077,0.3076923076923077,0.10194174757281553,0.2718446601941748,0.105,0.0984375,0.10161290322580645,0.105,Sean Poppen
664097,15,8,5,3,1,0.56,0.56,28,R,0.34782608695652173,0.23478260869565218,0.1,0.20434782608695654,0.4,0.4,0.105,0.28,0.105,0.105,0.105,0.105,Braxton Martinez
664104,4,1,1,0,2,0.225,0.225,30,L,0.3173076923076923,0.22115384615384615,0.08173076923076923,0.23557692307692307,0.3103448275862069,0.3103448275862069,0.105,0.28,0.105,0.105,0.105,0.105,Tyler Neslony
664119,56,12,9,2,21,0.22767857142857142,0.21401943470149254,30,L,0.28205128205128205,0.1987179487179487,0.0673076923076923,0.27884615384615385,0.25333333333333335,0.24691358024691357,0.17173913043478262,0.24347826086956523,0.15053191489361703,0.22267441860465115,0.12875,0.105,Austin Allen
664120,34,18,9,8,4,0.4338235294117647,0.4338235294117647,30,S,0.373134328358209,0.23134328358208955,0.12313432835820895,0.19776119402985073,0.4406779661016949,0.4406779661016949,0.06991525423728813,0.16101694915254236,0.07477064220183487,0.05763888888888889,0.06999999999999999,0.105,Max McDowell
664123,1,0,0,0,0,0.0,0.018,28,R,0.31683168316831684,0.21782178217821782,0.08415841584158416,0.22277227722772278,0.3076923076923077,0.3076923076923077,0.1,0.2666666666666667,0.09,0.105,0.105,0.105,Scott Effross
664141,42,7,3,4,15,0.13095238095238096,0.16424685714285714,28,R,0.2746478873239437,0.176056338028169,0.0880281690140845,0.2640845070422535,0.22388059701492538,0.22388059701492538,0.0914396887159533,0.15953307392996108,0.05,0.17112676056338028,0.09545454545454546,0.105,JT Brubaker
664159,9,2,2,0,3,0.2777777777777778,0.2777777777777778,29,S,0.3119266055045872,0.22018348623853212,0.0779816513761468,0.23394495412844038,0.29411764705882354,0.29411764705882354,0.105,0.28,0.105,0.105,0.105,0.105,Donnie Dewees
664192,11,1,0,1,7,0.06363636363636363,0.09997427272727273,28,L,0.2972972972972973,0.1981981981981982,0.08558558558558559,0.26576576576576577,0.25,0.25,0.13541666666666666,0.22916666666666666,0.14523809523809525,0.12875,0.1338709677419355,0.105,Joey Lucchesi
664196,2,0,0,0,1,0.0,0.1035,28,R,0.3137254901960784,0.21568627450980393,0.08333333333333333,0.23039215686274508,0.2962962962962963,0.2962962962962963,0.10952380952380952,0.2761904761904762,0.11857142857142858,0.105,0.105,0.105,Tanner Anderson
664199,3,1,1,0,2,0.3,0.050666666666666665,28,R,0.32038834951456313,0.22330097087378642,0.0825242718446602,0.23786407766990292,0.32142857142857145,0.32142857142857145,0.13839285714285715,0.2767857142857143,0.17875000000000002,0.1296875,0.105,0.105,Taylor Clarke
664208,1,0,0,0,0,0.0,0.084,28,R,0.31683168316831684,0.21782178217821782,0.08415841584158416,0.22277227722772278,0.3076923076923077,0.3076923076923077,0.10952380952380952,0.2666666666666667,0.09545454545454546,0.1296875,0.105,0.105,Phil Maton
664238,1297,415,226,154,387,0.31549730146491906,0.3110853750559856,32,R,0.3199713672154617,0.17752326413743735,0.11632068718682892,0.29312813171080887,0.3333333333333333,0.344,0.1030746434524912,0.10335247268012594,0.09695681740904454,0.1075445434298441,0.11832822085889572,0.105,Dylan Moore
664247,356,93,69,19,105,0.3056179775280899,0.3039527517082602,32,R,0.2741228070175439,0.19956140350877194,0.06030701754385965,0.27960526315789475,0.24,0.216,0.13776634827332843,0.1520940484937546,0.10139296187683285,0.16015981735159818,0.2041125541125541,0.105,Kyle Garlick
664285,5,0,0,0,3,0.0,0.046799999999999994,28,R,0.3047619047619048,0.20952380952380953,0.08095238095238096,0.24285714285714285,0.26666666666666666,0.26666666666666666,0.14705882352941177,0.2857142857142857,0.12875,0.20897435897435898,0.105,0.105,Framber Valdez
664314,298,88,48,36,102,0.2808724832214765,0.2700250137359016,27,L,0.3015075376884422,0.17587939698492464,0.11180904522613065,0.3128140703517588,0.25333333333333335,0.272,0.18385826771653543,0.13228346456692913,0.1668939393939394,0.1772463768115942,0.23980392156862745,0.105,Estevan Florial
664332,4,1,1,0,2,0.225,0.225,25,R,0.3173076923076923,0.22115384615384615,0.08173076923076923,0.23557692307692307,0.3103448275862069,0.3103448275862069,0.09745762711864407,0.2711864406779661,0.08289473684210526,0.10375000000000001,0.105,0.105,Moisés Gómez
664334,20,1,0,1,11,0.034999999999999996,0.1408684210526316,27,R,0.275,0.18333333333333332,0.07916666666666666,0.2791666666666667,0.2,0.2,0.14144736842105263,0.25,0.10982142857142858,0.18673469387755104,0.1391891891891892,0.105,Aaron Whitefield
664337,3,0,0,0,3,0.0,0.0,23,R,0.3106796116504854,0.21359223300970873,0.0825242718446602,0.24757281553398058,0.2857142857142857,0.2857142857142857,0.14864864864864866,0.2612612612612613,0.1881578947368421,0.1296875,0.1338709677419355,0.105,Miguel Yajure
664353,4,1,1,0,3,0.225,0.10975,26,R,0.3173076923076923,0.22115384615384615,0.08173076923076923,0.24519230769230768,0.3103448275862069,0.3103448275862069,0.09663865546218488,0.2521008403361345,0.07325581395348837,0.11527777777777778,0.105,0.105,José Urquidy
664670,201,58,46,10,31,0.2736318407960199,0.26235887136038155,28,S,0.29900332225913623,0.22591362126245848,0.061461794019933555,0.1777408637873754,0.21333333333333335,0.296,0.08489304812834225,0.16443850267379678,0.07346698113207546,0.10833333333333332,0.087109375,0.105,Alejo Lopez
664689,4,1,1,0,2,0.5,0.5,29,R,0.3173076923076923,0.22115384615384615,0.08173076923076923,0.23557692307692307,0.3103448275862069,0.3103448275862069,0.105,0.28,0.105,0.105,0.105,0.105,Joel Booker
664690,3,1,0,1,1,0.2333333333333333,0.2333333333333333,25,L,0.32038834951456313,0.21359223300970873,0.09223300970873786,0.22815533980582525,0.32142857142857145,0.32142857142857145,0.1,0.2666666666666667,0.09545454545454546,0.10161290322580645,0.10161290322580645,0.105,AJ Graffanino
664702,1849,581,409,167,318,0.2937533802055165,0.2898612065367256,30,R,0.314520266803489,0.2211390456644433,0.09004617752693689,0.17470497691123654,0.3466666666666667,0.288,0.04787820336180766,0.09658308073849545,0.0423206395960446,0.05571147218119153,0.06943844492440604,0.10161290322580645,Myles Straw
664728,1177,342,255,76,262,0.3007646559048428,0.2886174327510227,27,L,0.29287392325763506,0.2169146436961629,0.06617071260767424,0.22278778386844167,0.30666666666666664,0.312,0.08551261282110623,0.1490395741726452,0.06174482467258133,0.11707627118644068,0.11028833551769332,0.10161290322580645,Kyle Isbel
664731,294,88,55,30,75,0.30136054421768704,0.27250143057742576,31,R,0.30456852791878175,0.19543147208121828,0.09771573604060914,0.24746192893401014,0.38666666666666666,0.352,0.10732323232323232,0.15067340067340068,0.08595238095238095,0.1337037037037037,0.12692307692307692,0.105,P.J. Higgins
664753,17,5,4,1,1,0.2735294117647059,0.2735294117647059,28,R,0.3162393162393162,0.2222222222222222,0.0811965811965812,0.20085470085470086,0.30952380952380953,0.30952380952380953,0.1059322033898305,0.2627118644067797,0.10921052631578948,0.10641025641025642,0.10161290322580645,0.105,Marty Costes
664761,2488,793,608,164,438,0.3267282958199357,0.3321464003459923,28,R,0.3187789799072643,0.24343122102009274,0.06665378670788254,0.17793663060278206,0.22666666666666666,0.224,0.09186681222707424,0.1487991266375546,0.07297370317002881,0.1223621759766338,0.11672494172494173,0.10161290322580645,Alec Bohm
664762,1,0,0,0,0,0.0,0.0,27,R,0.31683168316831684,0.21782178217821782,0.08415841584158416,0.22277227722772278,0.3076923076923077,0.3076923076923077,0.105,0.28,0.105,0.105,0.105,0.105,Andy Atwood
664770,184,71,48,23,26,0.37228260869565216,0.3593248808171526,30,L,0.3626760563380282,0.24647887323943662,0.11091549295774648,0.17077464788732394,0.3466666666666667,0.384,0.0702319587628866,0.1481958762886598,0.06521252796420582,0.058333333333333334,0.09758620689655173,0.105,Nathan Lukes
664774,1608,566,341,203,341,0.34315920398009947,0.34870473182333583,30,L,0.35011709601873536,0.21252927400468383,0.12382903981264637,0.21282201405152223,0.29333333333333333,0.296,0.08257517347725521,0.10747879722436392,0.06545874049945712,0.08863777089783283,0.12767857142857145,0.105,LaMonte Wade Jr.
664789,141,40,16,19,38,0.2471631205673759,0.29164221328945095,28,L,0.2987551867219917,0.15767634854771784,0.11410788381742738,0.25103734439834025,0.26666666666666666,0.296,0.1359447004608295,0.14746543778801843,0.12208994708994708,0.10491329479768785,0.2572222222222222,0.105,Ka'ai Tom
664848,24,6,4,2,6,0.24583333333333335,0.26536433333333337,27,R,0.3064516129032258,0.20967741935483872,0.0846774193548387,0.22983870967741934,0.2857142857142857,0.2857142857142857,0.08285714285714285,0.19428571428571428,0.07152777777777779,0.10729166666666667,0.06999999999999999,0.105,Donny Sands
664850,168,42,31,8,28,0.2613095238095238,0.23752168557934475,30,L,0.27611940298507465,0.19776119402985073,0.061567164179104475,0.1884328358208955,0.29333333333333333,0.24,0.09020979020979021,0.2013986013986014,0.07345505617977528,0.08367875647668394,0.13557692307692307,0.105,Patrick Mazeika
664874,602,171,116,49,204,0.29559800664451824,0.280018927351714,31,R,0.28917378917378916,0.19658119658119658,0.08190883190883191,0.32264957264957267,0.25333333333333335,0.296,0.18214742224115893,0.16787388155091607,0.15729790419161677,0.2248701298701299,0.1867965367965368,0.105,Seby Zavala
664901,562,158,113,40,126,0.276067615658363,0.26171971622840173,31,R,0.28700906344410876,0.2039274924471299,0.07326283987915408,0.2243202416918429,0.24,0.24,0.10396496081143385,0.12816966343937297,0.09730923694779117,0.11403641881638847,0.11039215686274509,0.105,Danny Mendick
664913,1712,491,350,133,479,0.3111857476635514,0.3186377936652139,32,L,0.2886313465783664,0.2052980132450331,0.07809050772626931,0.27676600441501104,0.2,0.264,0.13821694812110147,0.1560931081697855,0.09422825376062785,0.16485915492957745,0.1950181818181818,0.105,Seth Brown
664926,10,2,0,2,4,0.13999999999999999,0.13999999999999999,30,R,0.3090909090909091,0.2,0.09545454545454546,0.2409090909090909,0.2857142857142857,0.2857142857142857,0.11870503597122302,0.2446043165467626,0.1349056603773585,0.10121951219512196,0.11857142857142858,0.105,Nick Dini
664954,126,33,26,6,25,0.25873015873015875,0.25588677705627705,30,L,0.28761061946902655,0.21238938053097345,0.06415929203539823,0.21017699115044247,0.28,0.264,0.08881578947368421,0.17982456140350878,0.07848360655737704,0.12838983050847458,0.061309523809523814,0.105,Brett Sullivan
664966,18,7,5,1,1,0.36666666666666664,0.36666666666666664,28,R,0.3305084745762712,0.2288135593220339,0.08050847457627118,0.19915254237288135,0.3488372093023256,0.3488372093023256,0.10504201680672269,0.24369747899159666,0.09651162790697675,0.12205882352941178,0.0984375,0.105,Jonathan Morales
664983,1284,437,317,91,261,0.3358644859813084,0.3073392528180792,27,L,0.3388728323699422,0.24494219653179192,0.07189306358381503,0.20484104046242774,0.30666666666666664,0.272,0.10847349371939535,0.15116031509474132,0.06558811558811559,0.14684103260869566,0.17302110817941954,0.105,Jake McCarthy
665019,465,122,93,27,116,0.289247311827957,0.2832125390863412,28,L,0.27256637168141595,0.20353982300884957,0.06283185840707965,0.24513274336283186,0.26666666666666666,0.256,0.11701570680628272,0.15549738219895287,0.10484344422700588,0.1224258289703316,0.1480327868852459,0.105,Kody Clemens
665052,95,30,23,6,31,0.3378947368421053,0.28579453313145275,27,L,0.31794871794871793,0.23076923076923078,0.07435897435897436,0.2743589743589744,0.3333333333333333,0.31666666666666665,0.13134657836644592,0.18763796909492272,0.10700483091787438,0.1588815789473684,0.14464285714285716,0.105,Griffin Conine
665066,4,1,0,0,3,0.175,0.175,30,R,0.3173076923076923,0.21153846153846154,0.08173076923076923,0.24519230769230768,0.3103448275862069,0.3103448275862069,0.11261261261261261,0.2702702702702703,0.12205882352941178,0.11857142857142858,0.0984375,0.105,Tyler Payne
665091,6,3,3,0,2,0.5666666666666667,0.5666666666666667,25,R,0.330188679245283,0.2358490566037736,0.08018867924528301,0.23113207547169812,0.3548387096774194,0.3548387096774194,0.105,0.28,0.105,0.105,0.105,0.105,Delvin Zinn
665120,1294,399,284,104,373,0.3269706336939722,0.3075134608633639,31,L,0.30918220946915353,0.21951219512195122,0.08070301291248207,0.28371592539454804,0.30666666666666664,0.272,0.12923296613627092,0.15320277437780497,0.11778793418647165,0.14864016736401675,0.13437067773167358,0.105,Jared Walsh
665138,45,18,9,6,11,0.3277777777777778,0.3277777777777778,29,L,0.3448275862068966,0.21379310344827587,0.1,0.23103448275862068,0.37142857142857144,0.37142857142857144,0.09913793103448276,0.24137931034482762,0.11216216216216217,0.09,0.09264705882352942,0.105,Dalton Kelly
665154,59,22,14,8,10,0.3966101694915254,0.4421372730696798,27,L,0.33962264150943394,0.22641509433962265,0.10377358490566038,0.20440251572327045,0.3333333333333333,0.35714285714285715,0.09898477157360407,0.17766497461928935,0.08858695652173913,0.06428571428571428,0.15543478260869567,0.105,Ford Proctor
665155,567,179,105,67,156,0.3138447971781305,0.29985512655357266,27,L,0.31634182908545727,0.1904047976011994,0.11319340329835083,0.26761619190404795,0.26666666666666666,0.28,0.13898094449047224,0.14705882352941177,0.08021415270018623,0.18305978898007036,0.19318658280922432,0.105,Nick Maton
665161,1996,621,493,98,411,0.3294088176352705,0.3172228065850756,27,R,0.31154580152671757,0.245706106870229,0.050811068702290074,0.20682251908396945,0.29333333333333333,0.288,0.1392272154556909,0.19543609127817443,0.06393694196428572,0.21170873786407765,0.225,0.105,Jeremy Peña
665173,13,6,5,1,1,0.55,0.55,26,R,0.336283185840708,0.23893805309734514,0.084070796460177,0.2079646017699115,0.3684210526315789,0.3684210526315789,0.10176991150442478,0.24778761061946905,0.11857142857142858,0.09264705882352942,0.09264705882352942,0.105,Alex McKenna
665180,19,9,6,3,6,0.48947368421052634,0.48947368421052634,26,R,0.3445378151260504,0.23529411764705882,0.09663865546218488,0.23949579831932774,0.38636363636363635,0.38636363636363635,0.14453125,0.25,0.17023809523809524,0.13977272727272727,0.1296875,0.105,Ruben Cardenas
665227,5,0,0,0,3,0.18,0.18,30,L,0.3047619047619048,0.20952380952380953,0.08095238095238096,0.24285714285714285,0.26666666666666666,0.26666666666666666,0.105,0.28,0.105,0.105,0.105,0.105,Nash Knight
665482,433,128,87,39,97,0.28845265588914554,0.27118689302906285,25,S,0.300187617260788,0.2045028142589118,0.08911819887429644,0.22420262664165103,0.30666666666666664,0.304,0.09667590027700831,0.11745152354570637,0.07197542533081286,0.11475903614457832,0.16799163179916318,0.105,Gilberto Celestino
665487,1678,579,413,153,395,0.37961859356376637,0.3894614799770829,25,R,0.34364454443194603,0.24465691788526434,0.09083239595050618,0.23481439820022498,0.37333333333333335,0.36,0.15245168503433956,0.16099664590321036,0.11340968396636705,0.19748255234297107,0.20873115577889448,0.105,Fernando Tatis Jr.
665489,2883,1069,749,294,437,0.3874262920568852,0.3927095589537809,25,R,0.36909151860543077,0.2584646329198793,0.10140797854508883,0.15403955749245726,0.36,0.368,0.10897496457250827,0.147094945677846,0.06834393837910248,0.1567734771573604,0.17251724137931035,0.10161290322580645,Vladimir Guerrero Jr.
665506,690,176,117,55,214,0.25021739130434784,0.2670495708162843,26,R,0.26329113924050634,0.1759493670886076,0.08037974683544304,0.2993670886075949,0.25333333333333335,0.256,0.1540755467196819,0.14353876739562624,0.12344903988183162,0.17879708383961118,0.21996951219512198,0.105,Cristian Pache
665560,5,3,2,0,1,0.64,0.64,24,R,0.3333333333333333,0.22857142857142856,0.08095238095238096,0.22380952380952382,0.36666666666666664,0.36666666666666664,0.1125,0.25833333333333336,0.10375000000000001,0.11857142857142858,0.11857142857142858,0.105,Jhailyn Ortiz
665561,111,35,27,7,18,0.33918918918918917,0.3329071808831325,25,S,0.3175355450236967,0.23222748815165878,0.07345971563981042,0.19194312796208532,0.36,0.32,0.06864754098360656,0.16393442622950818,0.05281124497991968,0.063671875,0.1103960396039604,0.105,Rafael Marchán
665621,1,0,0,0,1,0.0,0.0,24,R,0.31683168316831684,0.21782178217821782,0.08415841584158416,0.23267326732673269,0.3076923076923077,0.3076923076923077,0.13106796116504854,0.28155339805825247,0.18636363636363637,0.105,0.105,0.105,Rony García
665648,11,2,2,0,6,0.2636363636363636,0.2636363636363636,25,R,0.3063063063063063,0.21621621621621623,0.07657657657657657,0.25675675675675674,0.2777777777777778,0.2777777777777778,0.09292035398230089,0.24778761061946905,0.08076923076923077,0.0984375,0.0984375,0.105,Ricardo Genovés
665650,44,8,6,1,13,0.19545454545454544,0.24908004040404041,25,S,0.2777777777777778,0.19444444444444445,0.06597222222222222,0.2465277777777778,0.2318840579710145,0.2318840579710145,0.13948497854077252,0.21030042918454936,0.1265625,0.17357142857142857,0.12543859649122807,0.105,Lucius Fox
665651,10,3,2,0,0,0.25,0.25,24,R,0.3181818181818182,0.21818181818181817,0.07727272727272727,0.20454545454545456,0.3142857142857143,0.3142857142857143,0.09722222222222222,0.2777777777777778,0.09,0.10161290322580645,0.0984375,0.105,Diego Rincones
665665,8,0,0,0,6,0.0,0.021625,26,S,0.2962962962962963,0.2037037037037037,0.0787037037037037,0.2638888888888889,0.24242424242424243,0.24242424242424243,0.15413533834586465,0.24060150375939848,0.17941176470588235,0.17875000000000002,0.0984375,0.105,Reiver Sanmartin
665742,2914,1229,646,570,466,0.4117021276595745,0.42639355907132764,26,L,0.4183808891838089,0.2216323822163238,0.19193762441937626,0.16207697412076974,0.4266666666666667,0.432,0.06726175509177772,0.08792221942837986,0.05844881889763779,0.07134782608695653,0.08682225365393682,0.105,Juan Soto
665750,1698,495,370,121,396,0.2943757361601885,0.2936382147605023,26,S,0.29310344827586204,0.21802002224694106,0.07202447163515016,0.23275862068965517,0.3333333333333333,0.304,0.11618417000307976,0.14859870649830612,0.07990381812882541,0.15437935034802783,0.16050451807228916,0.10161290322580645,Leody Taveras
665776,7,3,3,0,1,0.38571428571428573,0.38571428571428573,26,R,0.32710280373831774,0.2336448598130841,0.0794392523364486,0.21962616822429906,0.34375,0.34375,0.1201923076923077,0.27884615384615385,0.1296875,0.1296875,0.105,0.105,Pedro Castellanos
665779,3,0,0,0,1,0.0,0.0,25,R,0.3106796116504854,0.21359223300970873,0.0825242718446602,0.22815533980582525,0.2857142857142857,0.2857142857142857,0.11682242990654206,0.26168224299065423,0.09264705882352942,0.15606060606060607,0.105,0.105,Carlos Rincon
665782,43,11,7,3,14,0.2441860465116279,0.24916888372093024,26,R,0.3006993006993007,0.20279720279720279,0.08041958041958042,0.25524475524475526,0.27941176470588236,0.27941176470588236,0.14313725490196078,0.21176470588235294,0.13349056603773585,0.17944444444444443,0.10510204081632654,0.105,Luis De Los Santos
665795,7,1,1,0,3,0.17857142857142858,0.156,23,R,0.308411214953271,0.21495327102803738,0.0794392523364486,0.2383177570093458,0.28125,0.28125,0.1059322033898305,0.2711864406779661,0.075,0.14305555555555557,0.105,0.105,Edward Cabrera
665804,536,160,108,36,106,0.2970149253731343,0.30617246173417456,25,R,0.3018867924528302,0.20440251572327045,0.0699685534591195,0.20204402515723272,0.30666666666666664,0.312,0.11185185185185186,0.1639506172839506,0.07847926267281106,0.14526717557251909,0.16478102189781021,0.10161290322580645,Miguel Amaya
665820,3,1,1,0,0,0.3,0.3,24,R,0.32038834951456313,0.22330097087378642,0.0825242718446602,0.21844660194174756,0.32142857142857145,0.32142857142857145,0.105,0.28,0.105,0.105,0.105,0.105,Wander Javier
665828,916,269,195,70,205,0.29825327510917027,0.2888614654084253,25,S,0.296259842519685,0.21358267716535434,0.07726377952755906,0.22391732283464566,0.32,0.328,0.10478959025470654,0.15725359911406422,0.08748699271592092,0.12476439790575918,0.12434482758620691,0.105,Oswaldo Cabrera
665833,1075,335,244,87,342,0.3375813953488372,0.33023157421326055,26,L,0.3123404255319149,0.22638297872340427,0.08127659574468085,0.3102127659574468,0.32,0.296,0.1456277254991967,0.17374340142299746,0.07436849925705795,0.20123730964467004,0.22094414893617023,0.105,Oneil Cruz
665834,4,2,2,0,2,0.45,0.45,25,L,0.3269230769230769,0.23076923076923078,0.08173076923076923,0.23557692307692307,0.3448275862068966,0.3448275862068966,0.11574074074074074,0.26851851851851855,0.12575757575757576,0.11857142857142858,0.105,0.105,Jeison Guzmán
665836,3,2,1,1,1,0.65,0.65,23,R,0.3300970873786408,0.22330097087378642,0.09223300970873786,0.22815533980582525,0.35714285714285715,0.35714285714285715,0.105,0.28,0.105,0.105,0.105,0.105,Antonio Pinero
665839,403,115,86,28,96,0.3100496277915633,0.30920937839461626,26,L,0.2922465208747515,0.2147117296222664,0.07256461232604373,0.2355864811133201,0.29333333333333333,0.336,0.09407971864009379,0.15474794841735054,0.07770809578107184,0.11284501061571126,0.10962643678160919,0.105,Enmanuel Valdez
665846,17,3,3,0,3,0.15882352941176472,0.15882352941176472,26,S,0.29914529914529914,0.21367521367521367,0.07264957264957266,0.21794871794871795,0.2619047619047619,0.2619047619047619,0.1124031007751938,0.26356589147286824,0.09651162790697675,0.1366666666666667,0.10161290322580645,0.105,Jesús Bastidas
665856,11,1,0,1,5,0.06363636363636363,0.1108300909090909,25,S,0.2972972972972973,0.1981981981981982,0.08558558558558559,0.24774774774774774,0.25,0.25,0.12773722627737227,0.25547445255474455,0.1160377358490566,0.15375,0.12205882352941178,0.105,Jair Camargo
665861,86,20,14,5,32,0.21395348837209302,0.2277036792854888,26,R,0.27956989247311825,0.1935483870967742,0.07258064516129033,0.29301075268817206,0.24,0.25225225225225223,0.14572192513368984,0.19518716577540107,0.14925742574257425,0.1587962962962963,0.1138888888888889,0.105,Sebastián Rivero
665862,1886,587,429,144,522,0.3362407211028632,0.3196650845305496,26,L,0.3116817724068479,0.22708962739174218,0.07678751258811682,0.27416918429003023,0.28,0.256,0.13380374571353204,0.15048799788973885,0.10243630967103635,0.16688636363636364,0.17468021068472536,0.105,Jazz Chisholm Jr.
665877,159,47,28,16,20,0.2748427672955975,0.3017100668953688,25,R,0.305019305019305,0.19305019305019305,0.0945945945945946,0.1640926640926641,0.28,0.28,0.046628407460545196,0.13199426111908177,0.030375,0.06567567567567567,0.07009803921568628,0.105,José Fermín
665883,5,1,0,1,3,0.13999999999999999,0.13999999999999999,23,S,0.3142857142857143,0.20952380952380953,0.09047619047619047,0.24285714285714285,0.3,0.3,0.105,0.28,0.105,0.105,0.105,0.105,Yeison Coca
665888,2,2,1,1,0,0.8,0.8,25,R,0.3333333333333333,0.22549019607843138,0.09313725490196079,0.22058823529411764,0.37037037037037035,0.37037037037037035,0.10849056603773585,0.2735849056603774,0.09,0.1338709677419355,0.105,0.105,Cristopher Navarro
665890,11,4,4,0,4,0.4272727272727273,0.4272727272727273,24,R,0.32432432432432434,0.23423423423423423,0.07657657657657657,0.23873873873873874,0.3333333333333333,0.3333333333333333,0.10747663551401869,0.2710280373831776,0.09545454545454546,0.12575757575757576,0.10161290322580645,0.105,Seuly Matias
665908,6,2,2,0,0,0.35833333333333334,0.35833333333333334,24,R,0.32075471698113206,0.22641509433962265,0.08018867924528301,0.21226415094339623,0.3225806451612903,0.3225806451612903,0.0875,0.2416666666666667,0.0715909090909091,0.0875,0.105,0.105,Eduardo Torrealba
665912,13,5,4,1,3,0.3576923076923077,0.3576923076923077,25,R,0.3274336283185841,0.23008849557522124,0.084070796460177,0.22566371681415928,0.34210526315789475,0.34210526315789475,0.105,0.28,0.105,0.105,0.105,0.105,Miguel Hernandez
665913,2,1,1,0,1,0.45,0.45,24,R,0.3235294117647059,0.22549019607843138,0.08333333333333333,0.23039215686274508,0.3333333333333333,0.3333333333333333,0.105,0.28,0.105,0.105,0.105,0.105,Kelvin Melean
665914,6,0,0,0,3,0.0,0.0,24,L,0.3018867924528302,0.20754716981132076,0.08018867924528301,0.24056603773584906,0.25806451612903225,0.25806451612903225,0.1,0.2521739130434783,0.07682926829268293,0.12205882352941178,0.105,0.105,Daniel Montano
665922,22,8,4,3,6,0.3068181818181818,0.3172824090909091,26,L,0.32786885245901637,0.21311475409836064,0.0942622950819672,0.2336065573770492,0.3404255319148936,0.3404255319148936,0.11263736263736264,0.2032967032967033,0.11582278481012659,0.09021739130434783,0.13085106382978723,0.105,Símon Muzziotti
665923,631,191,142,30,133,0.2935023771790808,0.2779336603672261,25,R,0.30506155950752395,0.2243502051983584,0.052667578659370724,0.21272229822161423,0.26666666666666666,0.272,0.12483716891011724,0.17846287451150672,0.08079906904577192,0.18201581027667985,0.18020408163265306,0.105,Esteury Ruiz
665926,2146,693,508,114,409,0.3237884436160298,0.3072848712751754,26,L,0.3227960819234194,0.23597506678539626,0.054541406945681215,0.1921193232413179,0.26666666666666666,0.272,0.13069663479448654,0.20240904010927604,0.11509961943138572,0.16135157207023273,0.12613132209405503,0.105,Andrés Giménez
665940,12,7,7,0,2,0.5541666666666667,0.5541666666666667,24,R,0.3482142857142857,0.25892857142857145,0.07589285714285714,0.21875,0.40540540540540543,0.40540540540540543,0.105,0.28,0.105,0.105,0.105,0.105,Moisés Castillo
665953,153,44,30,10,27,0.31209150326797386,0.31058579084557764,25,R,0.30039525691699603,0.20553359683794467,0.07312252964426877,0.1956521739130435,0.28,0.272,0.11357142857142857,0.17714285714285713,0.09081325301204819,0.1287190082644628,0.14784482758620687,0.105,Andrés Chaparro
665966,30,9,5,4,12,0.26666666666666666,0.2828754,26,R,0.3153846153846154,0.2076923076923077,0.09615384615384616,0.2653846153846154,0.3090909090909091,0.3090909090909091,0.14573991031390135,0.17937219730941703,0.1768041237113402,0.11811594202898551,0.13085106382978723,0.105,Carlos Narváez
665972,2,0,0,0,1,0.0,0.0,24,R,0.3137254901960784,0.21568627450980393,0.08333333333333333,0.23039215686274508,0.2962962962962963,0.2962962962962963,0.12162162162162163,0.2792792792792793,0.11527777777777778,0.15606060606060607,0.0984375,0.105,Yeuris Ramirez
665975,3,0,0,0,2,0.0,0.0,24,R,0.3106796116504854,0.21359223300970873,0.0825242718446602,0.23786407766990292,0.2857142857142857,0.2857142857142857,0.10775862068965517,0.25000000000000006,0.0875,0.11527777777777778,0.12205882352941178,0.105,Lolo Sanchez
665987,16,3,1,2,7,0.2,0.2,25,R,0.3017241379310345,0.19827586206896552,0.09051724137931035,0.2543103448275862,0.2682926829268293,0.2682926829268293,0.11160714285714286,0.2678571428571429,0.11527777777777778,0.11527777777777778,0.105,0.105,Leonel Valera
665989,11,1,0,1,5,0.06363636363636363,0.06363636363636363,25,S,0.2972972972972973,0.1981981981981982,0.08558558558558559,0.24774774774774774,0.25,0.25,0.14122137404580154,0.2900763358778626,0.15212765957446808,0.14305555555555557,0.1355263157894737,0.105,Shervyen Newton
665998,29,10,6,1,4,0.31896551724137934,0.31896551724137934,26,L,0.32558139534883723,0.21705426356589147,0.07364341085271318,0.2054263565891473,0.3333333333333333,0.3333333333333333,0.11923076923076924,0.24615384615384617,0.10300000000000001,0.11857142857142858,0.14714285714285716,0.105,Ismael Munguia
666018,366,112,71,36,91,0.30300546448087434,0.30906386883996523,26,L,0.3090128755364807,0.19957081545064378,0.09549356223175966,0.24356223175965666,0.32,0.312,0.09703417150225661,0.1521598968407479,0.08697802197802199,0.12634961439588688,0.08739669421487603,0.105,Jonathan Aranda
666023,628,195,156,36,122,0.31361464968152863,0.2925041520955356,29,R,0.3118131868131868,0.2445054945054945,0.061126373626373624,0.19848901098901098,0.21333333333333335,0.232,0.11189232623543592,0.16151064684612293,0.08772628530050688,0.14566014669926652,0.13267857142857142,0.105,Freddy Fermin
666120,42,3,2,1,32,0.06785714285714287,0.06144564285714286,23,R,0.24647887323943662,0.16901408450704225,0.06690140845070422,0.38380281690140844,0.16417910447761194,0.16417910447761194,0.222007722007722,0.23166023166023167,0.23074074074074072,0.2579268292682927,0.1296875,0.105,Ian Anderson
666124,7,3,2,1,3,0.40714285714285714,0.40714285714285714,25,R,0.32710280373831774,0.22429906542056074,0.08878504672897196,0.2383177570093458,0.34375,0.34375,0.09545454545454546,0.2545454545454546,0.08513513513513513,0.0984375,0.10161290322580645,0.105,Luke Berryhill
666126,14,5,2,3,3,0.30357142857142855,0.30357142857142855,27,L,0.32456140350877194,0.21052631578947367,0.10087719298245613,0.2236842105263158,0.3333333333333333,0.3333333333333333,0.08214285714285714,0.2571428571428571,0.057272727272727274,0.10921052631578948,0.08513513513513513,0.105,Carlos Cortes
666128,12,5,3,2,2,0.37083333333333335,0.42237175,24,R,0.33035714285714285,0.22321428571428573,0.09375,0.21875,0.35135135135135137,0.35135135135135137,0.10305343511450382,0.22137404580152675,0.10957446808510639,0.10121951219512196,0.09545454545454546,0.105,Mario Feliciano
666129,11,2,2,0,4,0.16363636363636364,0.16218181818181818,24,R,0.3063063063063063,0.21621621621621623,0.07657657657657657,0.23873873873873874,0.2777777777777778,0.2777777777777778,0.11870503597122302,0.26618705035971224,0.1153225806451613,0.09,0.1609375,0.105,Braxton Garrett
666133,3,0,0,0,1,0.0,0.0,27,L,0.3106796116504854,0.21359223300970873,0.0825242718446602,0.22815533980582525,0.2857142857142857,0.2857142857142857,0.12385321100917432,0.29357798165137616,0.16621621621621624,0.10161290322580645,0.10161290322580645,0.105,Herbert Iser
666134,861,304,200,100,266,0.3541811846689895,0.3317955890618674,26,S,0.34963579604578565,0.23100936524453694,0.11290322580645161,0.30020811654526536,0.36,0.344,0.11216831948539266,0.12677566336102922,0.09426515481901439,0.13203530633437177,0.15946236559139787,0.105,Nolan Jones
666135,942,293,213,67,230,0.32314225053078555,0.33289454355728915,27,L,0.31190019193857965,0.2255278310940499,0.07245681381957773,0.2423224568138196,0.28,0.24,0.12162162162162163,0.17024240735580942,0.09781923279033106,0.14981965734896305,0.14690812720848057,0.10161290322580645,Alex Kirilloff
666137,28,4,2,2,16,0.1660714285714286,0.1557284090909091,24,L,0.28125,0.1875,0.08203125,0.30078125,0.22641509433962265,0.22641509433962265,0.14390243902439023,0.17560975609756097,0.16234567901234567,0.15704225352112677,0.09651162790697675,0.105,Khalil Lee
666139,1137,355,270,82,328,0.3244063324538259,0.3085177870443815,26,L,0.3128536782538399,0.2360549717057397,0.07316087308003234,0.28334680679062246,0.32,0.304,0.1409081441366382,0.1689231410122891,0.13168484392628807,0.1546437149719776,0.14966024915062287,0.105,Josh Lowe
666140,6,1,0,1,2,0.11666666666666665,0.11666666666666665,26,R,0.3113207547169811,0.20754716981132076,0.08962264150943396,0.23113207547169812,0.2903225806451613,0.2903225806451613,0.12916666666666668,0.26666666666666666,0.14895833333333333,0.1296875,0.105,0.105,Brandon McIlwain
666143,8,2,2,0,1,0.3125,0.3125,25,L,0.3148148148148148,0.2222222222222222,0.0787037037037037,0.2175925925925926,0.30303030303030304,0.30303030303030304,0.09722222222222222,0.2592592592592593,0.0875,0.10161290322580645,0.10161290322580645,0.105,Joe Rizzo
666149,411,134,99,31,133,0.3546228710462287,0.2822317973701386,27,R,0.324853228962818,0.23679060665362034,0.07729941291585127,0.30430528375733856,0.25333333333333335,0.312,0.1367283950617284,0.1339506172839506,0.08847477064220184,0.1899425287356322,0.20439814814814813,0.105,Tyler Fitzgerald
666150,368,103,80,19,91,0.2717391304347826,0.26257695852282764,27,S,0.28846153846153844,0.21794871794871795,0.05876068376068376,0.24252136752136752,0.25333333333333335,0.24,0.09183673469387756,0.16467276565798733,0.08443223443223444,0.10807692307692307,0.08985148514851485,0.105,Dominic Fletcher
666152,375,112,79,32,92,0.3024,0.27779325798093263,27,L,0.3031578947368421,0.21263157894736842,0.08526315789473685,0.24105263157894738,0.29333333333333333,0.272,0.10013577732518669,0.12830957230142567,0.07209150326797385,0.1093601895734597,0.16358695652173913,0.105,David Hamilton
666158,1447,476,325,145,312,0.3246026261230131,0.3172296481705053,27,L,0.3283775048480931,0.22430510665804784,0.09922430510665804,0.21622495151906918,0.3333333333333333,0.328,0.0941811107180757,0.11708524938096923,0.062090359529112314,0.13634318766066839,0.1316542948038176,0.0984375,Gavin Lux
666159,1,0,0,0,1,0.0,0.0,23,R,0.31683168316831684,0.21782178217821782,0.08415841584158416,0.23267326732673269,0.3076923076923077,0.3076923076923077,0.1201923076923077,0.27884615384615385,0.15147058823529413,0.105,0.105,0.105,Matt Manning
666160,962,264,219,37,308,0.3072245322245322,0.2935725158616321,26,S,0.2787193973634652,0.22693032015065914,0.0428436911487759,0.3112052730696798,0.24,0.272,0.18337654854508786,0.22529530394698935,0.1594746162927981,0.20429087624209577,0.21083333333333334,0.105,Mickey Moniak
666161,4,1,1,0,3,0.225,0.225,26,R,0.3173076923076923,0.22115384615384615,0.08173076923076923,0.24519230769230768,0.3103448275862069,0.3103448275862069,0.10952380952380952,0.2952380952380953,0.0984375,0.12575757575757576,0.105,0.105,Nick Quintana
666163,515,149,92,51,140,0.2697087378640777,0.26782289422381783,27,L,0.2943089430894309,0.18536585365853658,0.09674796747967479,0.26422764227642276,0.25333333333333335,0.248,0.11474301172227232,0.14156898106402163,0.06977582065652523,0.16284965034965035,0.18901808785529717,0.105,Ben Rortvedt
666164,47,9,7,2,13,0.1829787234042553,0.16489155319148935,26,L,0.2789115646258503,0.19727891156462585,0.07142857142857142,0.24149659863945577,0.2361111111111111,0.2361111111111111,0.14791666666666667,0.24166666666666667,0.11494845360824743,0.19177215189873417,0.15092592592592594,0.105,Blake Rutherford
666165,423,135,91,36,138,0.33026004728132385,0.2929027041757977,26,L,0.3193116634799235,0.21606118546845124,0.08508604206500955,0.3068833652007648,0.37333333333333335,0.344,0.16770379589296827,0.14747977598008713,0.1256394640682095,0.17988636363636365,0.25639880952380956,0.105,Blake Sabol
666176,1016,284,207,64,315,0.3072342519685039,0.29555846883334985,25,R,0.2831541218637993,0.20519713261648745,0.06496415770609319,0.3024193548387097,0.30666666666666664,0.304,0.15064580228514654,0.16641828117237953,0.1408613904678618,0.15551670551670552,0.18812217194570138,0.105,Jo Adell
666177,13,5,4,1,3,0.4115384615384615,0.4115384615384615,26,R,0.3274336283185841,0.23008849557522124,0.084070796460177,0.22566371681415928,0.34210526315789475,0.34210526315789475,0.105,0.28,0.105,0.105,0.105,0.105,Carter Aldrete
666179,175,58,37,14,44,0.30742857142857144,0.3255121593543382,28,L,0.32727272727272727,0.21454545454545454,0.08181818181818182,0.24181818181818182,0.25333333333333335,0.256,0.12627737226277372,0.16496350364963502,0.10785123966942148,0.14565217391304347,0.15380952380952378,0.105,Seth Beer
666181,839,258,164,88,297,0.31799761620977357,0.2893718042861781,26,L,0.308839190628328,0.19808306709265175,0.1027689030883919,0.3402555910543131,0.28,0.264,0.14742268041237114,0.10780559646539029,0.12767175572519085,0.15354368932038837,0.20566218809980807,0.105,Will Benson
666182,2433,801,650,136,495,0.34630086313193587,0.33792987230940025,26,R,0.3288590604026846,0.2652980655349388,0.05704697986577181,0.2043031977891828,0.26666666666666666,0.272,0.11204124625789999,0.18838008648408913,0.07605229000556277,0.1735056839017235,0.14190101237345332,0.105,Bo Bichette
666183,9,1,1,0,4,0.1,0.1,26,L,0.30275229357798167,0.21100917431192662,0.0779816513761468,0.24311926605504589,0.2647058823529412,0.2647058823529412,0.105,0.28,0.105,0.105,0.105,0.105,Hunter Bishop
666185,1710,557,366,161,388,0.3216374269005848,0.30956896166328957,26,S,0.32541436464088397,0.2143646408839779,0.09364640883977901,0.22679558011049725,0.30666666666666664,0.28,0.11357795545402627,0.12664191890348372,0.10451621204323211,0.10802900107411385,0.15020064205457465,0.105,Dylan Carlson
666196,1,1,0,0,0,0.7,0.7,25,R,0.32673267326732675,0.21782178217821782,0.08415841584158416,0.22277227722772278,0.34615384615384615,0.34615384615384615,0.11904761904761904,0.2666666666666667,0.1296875,0.10161290322580645,0.1296875,0.105,Thomas Jones
666197,96,26,13,12,31,0.2578125,0.297212898027475,27,R,0.29591836734693877,0.17857142857142858,0.10459183673469388,0.2729591836734694,0.22666666666666666,0.2809917355371901,0.1252821670428894,0.16478555304740405,0.12668067226890756,0.11564885496183207,0.14296875,0.105,Grae Kessinger
666198,343,100,63,31,89,0.2819241982507289,0.28721006706965413,26,R,0.2979683972911964,0.19187358916478556,0.08916478555304741,0.2516930022573363,0.29333333333333333,0.28,0.13561232156273478,0.15251690458302028,0.1122695035460993,0.15833333333333335,0.1762987012987013,0.105,Carter Kieboom
666200,19,4,0,4,6,0.19473684210526315,0.19641410526315792,24,L,0.3025210084033613,0.18487394957983194,0.10504201680672269,0.23949579831932774,0.2727272727272727,0.2727272727272727,0.08707865168539326,0.19101123595505617,0.07222222222222223,0.11216216216216217,0.0984375,0.105,Jesús Luzardo
666201,1,0,0,0,1,0.0,0.0,23,R,0.31683168316831684,0.21782178217821782,0.08415841584158416,0.23267326732673269,0.3076923076923077,0.3076923076923077,0.1,0.2666666666666667,0.09264705882352942,0.10161290322580645,0.105,0.105,Alek Manoah
666205,12,2,1,1,7,0.13333333333333333,0.11205975,24,R,0.30357142857142855,0.20535714285714285,0.08482142857142858,0.26339285714285715,0.2702702702702703,0.2702702702702703,0.18835616438356165,0.23972602739726026,0.2131578947368421,0.1989130434782609,0.15606060606060607,0.105,Kyle Muller
666206,6,1,0,1,3,0.26666666666666666,0.26666666666666666,24,R,0.3113207547169811,0.20754716981132076,0.08962264150943396,0.24056603773584906,0.2903225806451613,0.2903225806451613,0.11507936507936507,0.2380952380952381,0.11704545454545455,0.12261904761904763,0.105,0.105,Delvin Pérez
666211,386,103,55,44,144,0.2814766839378238,0.26519026233257126,27,L,0.2777777777777778,0.15843621399176955,0.10802469135802469,0.3425925925925926,0.30666666666666664,0.272,0.17487212276214834,0.1329923273657289,0.15836601307189543,0.16597633136094675,0.23812056737588655,0.105,Taylor Trammell
666213,51,16,11,5,12,0.2696078431372549,0.3326498795518207,25,R,0.31788079470198677,0.2185430463576159,0.08940397350993377,0.22847682119205298,0.32,0.3157894736842105,0.09344262295081968,0.19672131147540983,0.09625850340136055,0.08956043956043956,0.09035087719298246,0.105,Colton Welker
666310,672,191,128,60,190,0.2995535714285714,0.27525992697249935,24,L,0.28886010362694303,0.19430051813471502,0.08873056994818652,0.27525906735751293,0.22666666666666666,0.264,0.11101489435400069,0.13785936958780742,0.1043894389438944,0.11748603351955308,0.12023554603854389,0.105,Bo Naylor
666397,755,266,154,108,242,0.34112582781456957,0.3248081483770081,25,L,0.3485380116959064,0.20584795321637428,0.13625730994152047,0.30935672514619883,0.21333333333333335,0.264,0.10648432698217579,0.08389674247080517,0.08303154205607477,0.12350859453993934,0.1494475138121547,0.105,Edouard Julien
666452,14,5,5,0,4,0.47500000000000003,0.47500000000000003,25,R,0.32456140350877194,0.23684210526315788,0.07456140350877193,0.2324561403508772,0.3333333333333333,0.3333333333333333,0.108,0.24000000000000002,0.09021739130434783,0.11857142857142858,0.12205882352941178,0.105,Eduardo Diaz
666464,212,55,46,9,70,0.29245283018867924,0.3176181376448435,27,R,0.27884615384615385,0.21794871794871795,0.05608974358974359,0.296474358974359,0.28,0.28,0.15841073271413827,0.17543859649122806,0.14013409961685824,0.1887987012987013,0.163953488372093,0.105,Jerar Encarnacion
666524,1,1,0,1,0,0.7,0.7,24,L,0.32673267326732675,0.21782178217821782,0.09405940594059406,0.22277227722772278,0.34615384615384615,0.34615384615384615,0.105,0.28,0.105,0.105,0.105,0.105,Cristian Perez
666624,1512,455,301,139,448,0.32182539682539685,0.32586913513899524,25,R,0.3021091811414392,0.20037220843672457,0.09150124069478908,0.29187344913151364,0.25333333333333335,0.248,0.16527705402119158,0.14330380406461699,0.14476938502673797,0.18663605606573222,0.19173976608187135,0.0984375,Christopher Morel
666632,3,0,0,0,1,0.0,0.0,24,S,0.3106796116504854,0.21359223300970873,0.0825242718446602,0.22815533980582525,0.2857142857142857,0.2857142857142857,0.105,0.28,0.105,0.105,0.105,0.105,Yonathan Perlaza
666635,1,0,0,0,0,0.0,0.0,24,R,0.31683168316831684,0.21782178217821782,0.08415841584158416,0.22277227722772278,0.3076923076923077,0.3076923076923077,0.105,0.28,0.105,0.105,0.105,0.105,Jonathan Willems
666638,1,1,1,0,0,0.9,0.9,24,R,0.32673267326732675,0.22772277227722773,0.08415841584158416,0.22277227722772278,0.34615384615384615,0.34615384615384615,0.105,0.28,0.105,0.105,0.105,0.105,J.V. Martinez
666695,2,0,0,0,0,0.0,0.0,23,R,0.3137254901960784,0.21568627450980393,0.08333333333333333,0.22058823529411764,0.2962962962962963,0.2962962962962963,0.1,0.2761904761904762,0.0984375,0.09545454545454546,0.105,0.105,Jonathan Guzmán
666703,119,32,27,4,39,0.32142857142857145,0.2505433270888073,25,S,0.2922374429223744,0.2237442922374429,0.05707762557077625,0.2808219178082192,0.30666666666666664,0.288,0.14491362763915547,0.18234165067178504,0.10731225296442687,0.15083333333333332,0.2583333333333333,0.105,Eguy Rosario
666712,9,2,1,0,2,0.17777777777777778,0.17777777777777778,24,R,0.3119266055045872,0.21100917431192662,0.0779816513761468,0.22477064220183487,0.29411764705882354,0.29411764705882354,0.12601626016260162,0.2601626016260163,0.13205128205128205,0.14642857142857144,0.0984375,0.105,Roberto Alvarez
666776,2,1,0,0,1,0.35,0.35,24,L,0.3235294117647059,0.21568627450980393,0.08333333333333333,0.23039215686274508,0.3333333333333333,0.3333333333333333,0.10648148148148148,0.26851851851851855,0.11527777777777778,0.10161290322580645,0.10161290322580645,0.105,Ramiro Rodriguez
666783,25,11,7,4,6,0.45,0.45,28,R,0.344,0.232,0.1,0.228,0.38,0.38,0.10465116279069768,0.23255813953488375,0.10098039215686275,0.11857142857142858,0.09545454545454546,0.105,Yusniel Díaz
666784,1,0,0,0,1,0.0,0.0,24,R,0.31683168316831684,0.21782178217821782,0.08415841584158416,0.23267326732673269,0.3076923076923077,0.3076923076923077,0.09905660377358491,0.26415094339622647,0.09545454545454546,0.09545454545454546,0.105,0.105,Omar Estévez
666801,675,197,134,55,193,0.3017037037037037,0.28125111156799293,25,S,0.2954838709677419,0.20129032258064516,0.08193548387096775,0.27806451612903227,0.24,0.216,0.14713541666666666,0.15401785714285715,0.10855925639039504,0.16544028950542825,0.2099462365591398,0.105,Rodolfo Castro
666906,176,50,37,10,42,0.2786931818181818,0.28645403961686927,26,L,0.2971014492753623,0.213768115942029,0.06702898550724638,0.23369565217391305,0.29333333333333333,0.288,0.10989717223650386,0.17480719794344474,0.07305764411027568,0.16802575107296136,0.11875,0.105,Jake Alu
666915,1054,296,208,75,377,0.3069734345351044,0.31165717784890373,29,R,0.28422876949740034,0.19930675909878684,0.07235701906412478,0.3461871750433276,0.29333333333333333,0.224,0.171136203246295,0.15078804987061867,0.14487551867219917,0.1923938223938224,0.2390858208955224,0.105,Bobby Dalbec
666922,37,9,6,2,19,0.24189189189189186,0.25520272972972974,28,L,0.29927007299270075,0.20437956204379562,0.07664233576642336,0.3029197080291971,0.27419354838709675,0.27419354838709675,0.1811926605504587,0.22018348623853212,0.1396551724137931,0.2556338028169014,0.163,0.105,Ryan Aguilar
666931,61,15,10,5,14,0.2319672131147541,0.2317284262295082,29,R,0.2919254658385093,0.19875776397515527,0.08385093167701864,0.2267080745341615,0.29333333333333333,0.26744186046511625,0.1338709677419355,0.2064516129032258,0.11862745098039215,0.1238888888888889,0.1956140350877193,0.105,Jared Oliva
666969,2703,812,590,195,771,0.333795782463929,0.3245992289946883,31,R,0.3011059579022476,0.21833749554049234,0.07260078487334998,0.2830895469140207,0.3333333333333333,0.304,0.1633203901884648,0.18628658016857658,0.13812257438551098,0.19690974493132765,0.20439938791124712,0.105,Adolis García
666971,2320,751,594,136,413,0.33954741379310344,0.3295989115592761,31,R,0.32355371900826446,0.2545454545454545,0.059710743801652894,0.17995867768595042,0.37333333333333335,0.392,0.09685685001708234,0.16148502448468283,0.06455209155485399,0.13361391694725028,0.16033980582524274,0.105,Lourdes Gurriel Jr.
667240,4,2,1,1,1,0.4,0.4,27,R,0.3269230769230769,0.22115384615384615,0.09134615384615384,0.22596153846153846,0.3448275862068966,0.3448275862068966,0.105,0.28,0.105,0.105,0.105,0.105,Jason Matthews
667297,2,0,0,0,1,0.0,0.077,30,R,0.3137254901960784,0.21568627450980393,0.08333333333333333,0.23039215686274508,0.2962962962962963,0.2962962962962963,0.10747663551401869,0.26168224299065423,0.11527777777777778,0.10161290322580645,0.105,0.105,Tommy Nance
667351,3,2,1,0,0,0.5333333333333333,0.5333333333333333,25,R,0.3300970873786408,0.22330097087378642,0.0825242718446602,0.21844660194174756,0.35714285714285715,0.35714285714285715,0.10648148148148148,0.2592592592592593,0.12205882352941178,0.09264705882352942,0.105,0.105,Brandon Leyton
667372,14,4,2,2,2,0.25357142857142856,0.25357142857142856,27,R,0.3157894736842105,0.21052631578947367,0.09210526315789473,0.2149122807017544,0.3076923076923077,0.3076923076923077,0.13120567375886524,0.24822695035460993,0.1349056603773585,0.12560975609756098,0.1391891891891892,0.105,Julio E. Rodriguez
667376,1,0,0,0,0,0.0,0.129,28,R,0.31683168316831684,0.21782178217821782,0.08415841584158416,0.22277227722772278,0.3076923076923077,0.3076923076923077,0.10194174757281553,0.28155339805825247,0.0984375,0.10161290322580645,0.105,0.105,Miguel Sánchez
667428,11,2,1,1,6,0.17727272727272728,0.1771028181818182,27,R,0.3063063063063063,0.2072072072072072,0.08558558558558559,0.25675675675675674,0.2777777777777778,0.2777777777777778,0.12974683544303797,0.25316455696202533,0.11,0.17340425531914894,0.11527777777777778,0.105,Grant Koch
667442,6,1,1,0,1,0.15,0.15,29,R,0.3113207547169811,0.2169811320754717,0.08018867924528301,0.22169811320754718,0.2903225806451613,0.2903225806451613,0.10194174757281553,0.2718446601941748,0.0984375,0.105,0.10161290322580645,0.105,Connor Hollis
667452,562,164,121,42,135,0.2891459074733096,0.29131644562202125,28,R,0.29607250755287007,0.21601208459214502,0.07628398791540786,0.23791540785498488,0.25333333333333335,0.256,0.10913482652613088,0.16029863855950813,0.07502057613168725,0.12519132653061224,0.2169776119402985,0.105,Corey Julks
667463,1,0,0,0,0,0.0,0.245,27,L,0.31683168316831684,0.21782178217821782,0.08415841584158416,0.22277227722772278,0.3076923076923077,0.3076923076923077,0.10194174757281553,0.28155339805825247,0.09545454545454546,0.105,0.105,0.105,John King
667472,196,68,53,12,58,0.36122448979591837,0.3493621282831587,28,R,0.33783783783783783,0.2533783783783784,0.06925675675675676,0.2719594594594595,0.3466666666666667,0.32,0.11420118343195267,0.1455621301775148,0.10825991189427313,0.12142857142857143,0.12175925925925926,0.105,Dane Myers
667493,13,5,3,2,1,0.3153846153846154,0.3153846153846154,29,S,0.3274336283185841,0.22123893805309736,0.09292035398230089,0.2079646017699115,0.34210526315789475,0.34210526315789475,0.105,0.28,0.105,0.105,0.105,0.105,Zach Davis
667521,2,1,1,0,1,0.45,0.45,26,L,0.3235294117647059,0.22549019607843138,0.08333333333333333,0.23039215686274508,0.3333333333333333,0.3333333333333333,0.105,0.28,0.105,0.105,0.105,0.105,Johnny Rizer
667611,3,1,0,0,2,0.2333333333333333,0.2333333333333333,25,S,0.32038834951456313,0.21359223300970873,0.0825242718446602,0.23786407766990292,0.32142857142857145,0.32142857142857145,0.10396039603960396,0.27722772277227725,0.105,0.105,0.10161290322580645,0.105,Tyler Frank
667663,25,5,3,2,4,0.244,0.244,28,S,0.296,0.2,0.084,0.212,0.26,0.26,0.10915492957746478,0.23943661971830985,0.0680327868852459,0.18333333333333335,0.0984375,0.105,Hunter Stovall
667670,1445,485,325,135,448,0.36162629757785464,0.3558097498934899,30,R,0.3346278317152104,0.22459546925566343,0.09288025889967638,0.30453074433656957,0.29333333333333333,0.328,0.1587819947043248,0.1562224183583407,0.12322847682119205,0.1944810543657331,0.2114864864864865,0.105,Brent Rooker
667674,1,1,0,1,0,0.7,0.7,28,R,0.32673267326732675,0.21782178217821782,0.09405940594059406,0.22277227722772278,0.34615384615384615,0.34615384615384615,0.105,0.28,0.105,0.105,0.105,0.105,Jack Kruger
667690,7,3,3,0,1,0.43571428571428567,0.43571428571428567,28,R,0.32710280373831774,0.2336448598130841,0.0794392523364486,0.21962616822429906,0.34375,0.34375,0.10294117647058823,0.27450980392156865,0.0984375,0.105,0.105,0.105,C.J. Stubbs
667727,21,5,2,3,6,0.23809523809523808,0.31951872871572873,26,L,0.30578512396694213,0.19834710743801653,0.09504132231404959,0.23553719008264462,0.2826086956521739,0.2826086956521739,0.1178343949044586,0.22929936305732485,0.04846153846153846,0.21145833333333333,0.12205882352941178,0.105,Steele Walker
667803,6,2,1,0,1,0.26666666666666666,0.26666666666666666,25,L,0.32075471698113206,0.2169811320754717,0.08018867924528301,0.22169811320754718,0.3225806451612903,0.3225806451612903,0.1,0.2666666666666667,0.09545454545454546,0.105,0.0984375,0.105,Ernesto Martinez Jr.
667828,2,0,0,0,2,0.0,0.0,25,R,0.3137254901960784,0.21568627450980393,0.08333333333333333,0.24019607843137256,0.2962962962962963,0.2962962962962963,0.11946902654867257,0.2920353982300885,0.12205882352941178,0.13205128205128205,0.105,0.105,Wilmer Reyes
668227,2638,911,584,262,673,0.35134571645185747,0.31948530300681477,29,R,0.34441197954711467,0.22132943754565376,0.09879474068663258,0.2540175310445581,0.3333333333333333,0.328,0.12205636936769887,0.1447246430558131,0.09925096933380331,0.1453686451956348,0.15349962769918093,0.0984375,Randy Arozarena
668472,573,178,114,55,221,0.31195462478184993,0.2927511825046478,26,L,0.31203566121842496,0.20208023774145617,0.09435364041604755,0.36181277860326894,0.30666666666666664,0.28,0.1430678466076696,0.1415929203539823,0.09517110266159697,0.195718901453958,0.215303738317757,0.10161290322580645,Nick Pratto
668568,1,0,0,0,1,0.0,0.0,25,R,0.31683168316831684,0.21782178217821782,0.08415841584158416,0.23267326732673269,0.3076923076923077,0.3076923076923077,0.12980769230769232,0.27884615384615385,0.10161290322580645,0.105,0.18636363636363637,0.105,Miguel Jerez
668577,10,4,4,0,4,0.535,0.535,25,R,0.32727272727272727,0.23636363636363636,0.07727272727272727,0.2409090909090909,0.34285714285714286,0.34285714285714286,0.10964912280701754,0.2719298245614035,0.1391891891891892,0.08513513513513513,0.105,0.105,Osmy Gregorio
668663,179,58,36,18,41,0.3016759776536313,0.28489839369043707,29,R,0.3225806451612903,0.2078853046594982,0.09498207885304659,0.22759856630824374,0.28,0.312,0.10700389105058365,0.17120622568093385,0.07011627906976745,0.16373390557939912,0.13418367346938775,0.105,Tres Barrera
668664,18,4,3,1,6,0.18888888888888888,0.18888888888888888,26,R,0.3050847457627119,0.211864406779661,0.08050847457627118,0.24152542372881355,0.27906976744186046,0.27906976744186046,0.105,0.28,0.105,0.105,0.105,0.105,Chase Strumpf
668665,1,0,0,0,1,0.0,0.0,26,R,0.31683168316831684,0.21782178217821782,0.08415841584158416,0.23267326732673269,0.3076923076923077,0.3076923076923077,0.12135922330097088,0.28155339805825247,0.15606060606060607,0.105,0.105,0.105,Stephen Nogosek
668667,7,1,0,1,2,0.09999999999999999,0.09999999999999999,26,L,0.308411214953271,0.205607476635514,0.08878504672897196,0.22897196261682243,0.28125,0.28125,0.10740740740740741,0.22222222222222224,0.083,0.11976744186046512,0.1296875,0.105,Daniel Cabrera
668670,882,248,175,66,279,0.30697278911564624,0.31392856666265934,29,S,0.285132382892057,0.20061099796334012,0.07586558044806517,0.3070264765784114,0.3333333333333333,0.328,0.14456307951671818,0.11969654397302613,0.12086633663366336,0.17788966725043784,0.17093023255813955,0.105,Jake Rogers
668678,33,7,6,1,18,0.20606060606060606,0.1631429393939394,26,R,0.2932330827067669,0.21052631578947367,0.07142857142857142,0.30451127819548873,0.25862068965517243,0.25862068965517243,0.12394957983193278,0.1638655462184874,0.08185483870967743,0.21642857142857144,0.09264705882352942,0.105,Zac Gallen
668698,3,0,0,0,1,0.0,0.0,26,R,0.3106796116504854,0.21359223300970873,0.0825242718446602,0.22815533980582525,0.2857142857142857,0.2857142857142857,0.10747663551401869,0.28037383177570097,0.09264705882352942,0.12575757575757576,0.105,0.105,Todd Lott
668709,1212,378,231,141,273,0.3167904290429043,0.30832793626606586,27,L,0.3125,0.19283536585365854,0.11394817073170732,0.22522865853658536,0.32,0.312,0.11014165469102853,0.12482036542804352,0.08119338322174084,0.11693607641440118,0.17705515088449533,0.105,JJ Bleday
668715,1483,498,321,156,316,0.3463587322993931,0.3264720632257349,27,R,0.33480732785849654,0.21667719519898926,0.10391661402400505,0.21383449147188882,0.29333333333333333,0.288,0.09438949522510232,0.12448840381991814,0.07394922425952044,0.12422768878718536,0.13109318996415772,0.09545454545454546,Spencer Steer
668721,82,27,17,7,23,0.28719512195121955,0.3159180982028241,27,R,0.3241758241758242,0.21428571428571427,0.08516483516483517,0.25,0.30666666666666664,0.32710280373831774,0.1118421052631579,0.1631578947368421,0.0884020618556701,0.14549549549549548,0.1253846153846154,0.105,Payton Henry
668723,83,21,15,6,21,0.2548192771084337,0.29338613870868085,25,R,0.2896174863387978,0.20218579234972678,0.07923497267759563,0.23770491803278687,0.24,0.26851851851851855,0.12278481012658228,0.2,0.12572115384615384,0.12217741935483871,0.1160377358490566,0.105,Ryan Vilade
668731,1192,368,244,124,321,0.31279362416107387,0.303860400181296,26,L,0.30959752321981426,0.20588235294117646,0.10255417956656347,0.2658668730650155,0.22666666666666666,0.28,0.12198391420911528,0.13466694163745102,0.10322402358142961,0.13956270627062706,0.15460021905805038,0.105,Akil Baddoo
668742,2,1,1,0,1,0.45,0.45,24,R,0.3235294117647059,0.22549019607843138,0.08333333333333333,0.23039215686274508,0.3333333333333333,0.3333333333333333,0.10849056603773585,0.28301886792452835,0.12205882352941178,0.0984375,0.105,0.105,Harrison Ray
668751,251,70,51,19,61,0.28167330677290836,0.29090501277197517,24,L,0.2905982905982906,0.20797720797720798,0.07834757834757834,0.2378917378917379,0.29333333333333333,0.328,0.12719298245614036,0.18031189083820662,0.07898032200357781,0.1984641638225256,0.16554878048780486,0.105,Cal Mitchell
668752,14,2,2,0,5,0.1285714285714286,0.1575,26,L,0.2982456140350877,0.21052631578947367,0.07456140350877193,0.2412280701754386,0.2564102564102564,0.2564102564102564,0.1016260162601626,0.2520325203252033,0.10957446808510639,0.09,0.10161290322580645,0.105,Duke Ellis
668756,8,1,1,0,6,0.15625,0.15625,26,L,0.3055555555555556,0.21296296296296297,0.0787037037037037,0.2638888888888889,0.2727272727272727,0.2727272727272727,0.105,0.28,0.105,0.105,0.105,0.105,Ben Ramirez
668787,9,3,3,0,2,0.33888888888888885,0.33888888888888885,26,L,0.3211009174311927,0.22935779816513763,0.0779816513761468,0.22477064220183487,0.3235294117647059,0.3235294117647059,0.10849056603773585,0.28301886792452835,0.09545454545454546,0.12575757575757576,0.105,0.105,Bryce Ball
668789,3,0,0,0,3,0.0,0.0,25,R,0.3106796116504854,0.21359223300970873,0.0825242718446602,0.24757281553398058,0.2857142857142857,0.2857142857142857,0.11682242990654206,0.2710280373831776,0.12205882352941178,0.12575757575757576,0.105,0.105,Zach Watson
668791,14,6,5,0,4,0.44642857142857145,0.44642857142857145,26,R,0.3333333333333333,0.23684210526315788,0.07456140350877193,0.2324561403508772,0.358974358974359,0.358974358974359,0.12773722627737227,0.21897810218978106,0.1349056603773585,0.15000000000000002,0.09545454545454546,0.105,Anthony Prato
668792,1,0,0,0,1,0.0,0.0,24,R,0.31683168316831684,0.21782178217821782,0.08415841584158416,0.23267326732673269,0.3076923076923077,0.3076923076923077,0.1179245283018868,0.2735849056603774,0.15147058823529413,0.10161290322580645,0.10161290322580645,0.105,Pat DeMarco
668794,2,0,0,0,1,0.0,0.0,25,R,0.3137254901960784,0.21568627450980393,0.08333333333333333,0.23039215686274508,0.2962962962962963,0.2962962962962963,0.105,0.28,0.105,0.105,0.105,0.105,Straton Podaras
668800,878,245,163,66,198,0.2728359908883827,0.27868148919004565,29,R,0.2832310838445808,0.18916155419222905,0.0761758691206544,0.2254601226993865,0.25333333333333335,0.2,0.11435185185185186,0.18055555555555555,0.09969393433500279,0.13637602179836514,0.12129909365558912,0.10161290322580645,Andrew Knizner
668804,2678,942,658,244,575,0.36822255414488425,0.358865231990128,29,S,0.3506119510439165,0.24478041756659466,0.09089272858171346,0.21508279337652988,0.30666666666666664,0.312,0.12685697640547625,0.15137391979803863,0.08442289935364727,0.18017241379310345,0.16627094972067039,0.105,Bryan Reynolds
668820,12,0,0,0,5,0.0,0.035250000000000004,24,R,0.2857142857142857,0.19642857142857142,0.07589285714285714,0.24553571428571427,0.21621621621621623,0.21621621621621623,0.10616438356164383,0.23972602739726026,0.08046875,0.14642857142857144,0.105,0.105,Max Kranick
668824,4,1,1,0,2,0.225,0.225,27,L,0.3173076923076923,0.22115384615384615,0.08173076923076923,0.23557692307692307,0.3103448275862069,0.3103448275862069,0.11057692307692307,0.2692307692307693,0.1296875,0.0984375,0.105,0.105,Logan Wyatt
668832,192,63,38,22,72,0.31588541666666664,0.28862543496962645,27,L,0.3253424657534247,0.2054794520547945,0.10445205479452055,0.3236301369863014,0.22666666666666666,0.272,0.18938401048492792,0.15334207077326342,0.13900602409638554,0.22946127946127948,0.23508064516129032,0.105,Kyle McCann
668833,10,1,1,0,2,0.125,0.125,27,L,0.3,0.20909090909090908,0.07727272727272727,0.22272727272727272,0.2571428571428571,0.2571428571428571,0.10194174757281553,0.28155339805825247,0.0984375,0.10161290322580645,0.105,0.105,Morgan McCullough
668843,197,73,44,27,45,0.33324873096446705,0.3100045148276783,27,L,0.35353535353535354,0.2222222222222222,0.11952861952861953,0.22727272727272727,0.36,0.36,0.11329113924050632,0.1341772151898734,0.08831658291457287,0.14755102040816326,0.1251824817518248,0.105,Conner Capel
668845,126,32,27,4,41,0.2511904761904762,0.22673015383316447,27,R,0.2831858407079646,0.2168141592920354,0.05530973451327434,0.2809734513274336,0.30666666666666664,0.272,0.14105058365758755,0.22568093385214008,0.13102766798418972,0.18163841807909603,0.08310810810810812,0.105,Aaron Schunk
668853,70,20,11,9,22,0.27214285714285713,0.24386524366087634,26,L,0.3058823529411765,0.19411764705882353,0.10294117647058823,0.26176470588235295,0.3333333333333333,0.29473684210526313,0.11710526315789474,0.15789473684210525,0.11130653266331658,0.09702380952380953,0.15114942528735634,0.105,Austin Shenton
668860,3,1,1,0,2,0.6666666666666666,0.6666666666666666,26,R,0.32038834951456313,0.22330097087378642,0.0825242718446602,0.23786407766990292,0.32142857142857145,0.32142857142857145,0.105,0.28,0.105,0.105,0.105,0.105,Kale Emshoff
668876,5,1,0,1,2,0.13999999999999999,0.13999999999999999,27,R,0.3142857142857143,0.20952380952380953,0.09047619047619047,0.23333333333333334,0.3,0.3,0.10396039603960396,0.27722772277227725,0.105,0.10161290322580645,0.105,0.105,Zach Humphreys
668882,3,1,1,0,0,0.4166666666666667,0.4166666666666667,24,R,0.32038834951456313,0.22330097087378642,0.0825242718446602,0.21844660194174756,0.32142857142857145,0.32142857142857145,0.10096153846153846,0.27884615384615385,0.09545454545454546,0.10161290322580645,0.105,0.105,Mikey Perez
668885,266,86,62,22,52,0.3142857142857143,0.30959973258088014,25,R,0.3224043715846995,0.22950819672131148,0.08333333333333333,0.20355191256830601,0.29333333333333333,0.328,0.0892175572519084,0.10400763358778627,0.06033568904593639,0.11398891966759002,0.15450450450450448,0.105,Austin Martin
668888,9,1,0,1,5,0.07777777777777778,0.07777777777777778,25,R,0.30275229357798167,0.2018348623853211,0.0871559633027523,0.25229357798165136,0.2647058823529412,0.2647058823529412,0.10396039603960396,0.27722772277227725,0.105,0.105,0.10161290322580645,0.105,Hudson Potts
668901,831,250,191,53,254,0.33929001203369435,0.32514261387678867,25,S,0.3029001074113856,0.22878625134264233,0.06605800214822771,0.29699248120300753,0.3466666666666667,0.336,0.16275115919629057,0.17094281298299846,0.13519570707070708,0.18786793953858394,0.1962140992167102,0.10161290322580645,Mark Vientos
668904,656,213,157,54,150,0.3541920731707317,0.3325856558723534,25,R,0.32407407407407407,0.23677248677248677,0.08267195767195767,0.22817460317460317,0.24,0.264,0.12274862960062646,0.1644479248238058,0.11422513492675405,0.11735491071428572,0.1685185185185185,0.105,Royce Lewis
668905,1,0,0,0,1,0.0,0.0,25,L,0.31683168316831684,0.21782178217821782,0.08415841584158416,0.23267326732673269,0.3076923076923077,0.3076923076923077,0.105,0.28,0.105,0.105,0.105,0.105,Cole Zabowski
668929,6,4,1,3,0,0.5,0.5,25,S,0.33962264150943394,0.2169811320754717,0.10849056603773585,0.21226415094339623,0.3870967741935484,0.3870967741935484,0.10096153846153846,0.2692307692307693,0.09545454545454546,0.10161290322580645,0.105,0.105,Noah Campbell
668930,1132,347,246,97,218,0.29306537102473496,0.2906557326055884,25,L,0.30762987012987014,0.21753246753246752,0.08563311688311688,0.19521103896103897,0.30666666666666664,0.32,0.06964006259780908,0.13547954393024816,0.05897385875926649,0.08029535864978904,0.08984593837535015,0.10161290322580645,Brice Turang
668939,1849,648,416,224,299,0.3471335857220119,0.34749656164815423,26,S,0.34889687018984095,0.22473063109286814,0.11929194458696768,0.16495638789122627,0.26666666666666666,0.272,0.06345407503234153,0.13247089262613196,0.04579903147699758,0.07903384011770476,0.0897163120567376,0.105,Adley Rutschman
668942,1933,630,431,193,441,0.31779617175375063,0.29608804371529246,30,L,0.3256271519921299,0.22282341367437286,0.09911460895228726,0.2279881947860305,0.28,0.288,0.09325270528325907,0.10897517504774029,0.08031433740388964,0.10818886861313869,0.113130081300813,0.10161290322580645,Josh Rojas
668950,1,0,0,0,1,0.0,0.0,23,R,0.31683168316831684,0.21782178217821782,0.08415841584158416,0.23267326732673269,0.3076923076923077,0.3076923076923077,0.10096153846153846,0.27884615384615385,0.0984375,0.0984375,0.105,0.105,Quentin Holmes
668952,223,58,37,19,61,0.25022421524663674,0.2781469855359168,27,R,0.2786377708978328,0.1826625386996904,0.08513931888544891,0.2585139318885449,0.22666666666666666,0.256,0.1294291338582677,0.14566929133858267,0.12044573643410852,0.13356940509915013,0.1543795620437956,0.105,Ryan Kreidler
668965,7,1,1,0,2,0.1285714285714286,0.1285714285714286,24,R,0.308411214953271,0.21495327102803738,0.0794392523364486,0.22897196261682243,0.28125,0.28125,0.105,0.28,0.105,0.105,0.105,0.105,Freddy Zamora
668968,1,0,0,0,1,0.0,0.0,23,L,0.31683168316831684,0.21782178217821782,0.08415841584158416,0.23267326732673269,0.3076923076923077,0.3076923076923077,0.12135922330097088,0.28155339805825247,0.10161290322580645,0.1609375,0.105,0.105,Hans Crouse
668974,28,6,3,2,10,0.17142857142857143,0.17142857142857143,26,R,0.296875,0.1953125,0.08203125,0.25390625,0.2641509433962264,0.2641509433962264,0.14233576642335766,0.23357664233576642,0.15673076923076923,0.1625,0.10161290322580645,0.105,Maverick Handley
668993,2,1,1,0,1,0.45,0.45,25,R,0.3235294117647059,0.22549019607843138,0.08333333333333333,0.23039215686274508,0.3333333333333333,0.3333333333333333,0.105,0.28,0.105,0.105,0.105,0.105,Justin Farmer
669002,4,0,0,0,2,0.0,0.0,25,L,0.3076923076923077,0.21153846153846154,0.08173076923076923,0.23557692307692307,0.27586206896551724,0.27586206896551724,0.11440677966101695,0.2627118644067797,0.1366666666666667,0.0984375,0.10161290322580645,0.105,Connor Scott
669003,409,141,99,40,139,0.3602689486552567,0.31087690682638747,26,L,0.33988212180746563,0.23772102161100198,0.09528487229862476,0.31728880157170924,0.3466666666666667,0.344,0.13695652173913042,0.10372670807453416,0.11755602988260407,0.15912322274881519,0.17489626556016596,0.105,Garrett Mitchell
669004,1658,500,327,166,431,0.31275633293124244,0.32991986123680045,26,L,0.3026166097838453,0.19852104664391354,0.09926052332195677,0.2579635949943117,0.25333333333333335,0.264,0.13453215937919713,0.1359498582301149,0.12517491926803012,0.15486001056524035,0.13137707948243993,0.105,MJ Melendez
669008,17,6,3,3,3,0.3029411764705882,0.333101,27,L,0.3247863247863248,0.21367521367521367,0.09829059829059829,0.21794871794871795,0.3333333333333333,0.3333333333333333,0.10740740740740741,0.2740740740740741,0.1160377358490566,0.09545454545454546,0.10641025641025642,0.105,Ronnie Dawson
669015,2,0,0,0,2,0.0,0.0,24,R,0.3137254901960784,0.21568627450980393,0.08333333333333333,0.24019607843137256,0.2962962962962963,0.2962962962962963,0.105,0.28,0.105,0.105,0.105,0.105,Caberea Weaver
669016,1853,609,424,173,615,0.3326227738801943,0.3150009951209681,27,L,0.32821300563236044,0.22836661546338966,0.09293394777265745,0.32642089093702,0.26666666666666666,0.328,0.11773619712742127,0.14257477928580842,0.09236885829575124,0.15051435919417058,0.14728944820909973,0.105,Brandon Marsh
669023,82,22,13,8,34,0.25,0.23972192811296536,26,R,0.2967032967032967,0.19230769230769232,0.09065934065934066,0.31043956043956045,0.29333333333333333,0.2803738317757009,0.1696165191740413,0.21238938053097345,0.15621118012422358,0.19952830188679244,0.16370967741935485,0.105,Jeter Downs
669060,22,2,1,0,9,0.07272727272727274,0.15649690909090908,24,R,0.2786885245901639,0.1885245901639344,0.06967213114754098,0.2581967213114754,0.2127659574468085,0.2127659574468085,0.08823529411764706,0.19786096256684493,0.05202020202020202,0.1366666666666667,0.12575757575757576,0.105,Bryse Wilson
669065,399,105,76,23,135,0.27631578947368424,0.29404639644250535,26,L,0.2745490981963928,0.1963927855711423,0.06312625250501001,0.3156312625250501,0.30666666666666664,0.296,0.17532894736842106,0.17894736842105263,0.1627208480565371,0.19309895833333335,0.19187725631768954,0.105,Kyle Stowers
669069,7,3,1,0,1,0.32857142857142857,0.32857142857142857,26,R,0.32710280373831774,0.21495327102803738,0.0794392523364486,0.21962616822429906,0.34375,0.34375,0.11637931034482758,0.25000000000000006,0.1355263157894737,0.11857142857142858,0.09545454545454546,0.105,Cam Cannon
669087,187,55,40,15,63,0.3090909090909091,0.29826761979090005,26,R,0.30313588850174217,0.21602787456445993,0.08188153310104529,0.2979094076655052,0.29333333333333333,0.288,0.19177215189873417,0.19873417721518988,0.13787061994609165,0.26846405228758174,0.16650485436893203,0.105,Sam Huff
669127,1220,339,242,87,354,0.31061475409836065,0.3080740923136457,27,R,0.28106060606060607,0.2,0.07234848484848484,0.2852272727272727,0.3466666666666667,0.312,0.1510752688172043,0.16365591397849463,0.11484091824405959,0.19023361453601556,0.1999188311688312,0.105,Shea Langeliers
669134,604,182,139,36,96,0.3156456953642384,0.31670688247553874,26,R,0.3039772727272727,0.22869318181818182,0.06321022727272728,0.16832386363636365,0.28,0.28,0.107177734375,0.17626953125,0.09025129982668978,0.12706489675516225,0.1366504854368932,0.105,Luis Campusano
669137,51,14,11,3,10,0.24215686274509804,0.2696807165775401,30,R,0.304635761589404,0.2185430463576159,0.076158940397351,0.2152317880794702,0.28,0.2894736842105263,0.08545454545454545,0.20363636363636364,0.05780141843971631,0.13181818181818183,0.08829787234042553,0.105,Armando Alvarez
669145,4,0,0,0,3,0.0,0.07675,26,L,0.3076923076923077,0.21153846153846154,0.08173076923076923,0.24519230769230768,0.27586206896551724,0.27586206896551724,0.1336206896551724,0.27586206896551724,0.1811111111111111,0.10161290322580645,0.105,0.105,Bruce Zimmermann
669157,4,1,1,0,2,0.225,0.225,24,R,0.3173076923076923,0.22115384615384615,0.08173076923076923,0.23557692307692307,0.3103448275862069,0.3103448275862069,0.105,0.28,0.105,0.105,0.105,0.105,Tristen Lutz
669160,3,0,0,0,3,0.0,0.0,24,R,0.3106796116504854,0.21359223300970873,0.0825242718446602,0.24757281553398058,0.2857142857142857,0.2857142857142857,0.1,0.2521739130434783,0.07682926829268293,0.12205882352941178,0.105,0.105,Dustin May
669200,76,20,13,7,31,0.23684210526315788,0.2340217763157895,29,R,0.29545454545454547,0.19886363636363635,0.08806818181818182,0.3039772727272727,0.28,0.27722772277227725,0.1227810650887574,0.20118343195266272,0.1232142857142857,0.13842105263157894,0.08513513513513513,0.105,Mason McCoy
669203,56,11,8,3,26,0.1660714285714286,0.152074125,27,R,0.27564102564102566,0.19230769230769232,0.07371794871794872,0.3108974358974359,0.24,0.2345679012345679,0.10147058823529412,0.1588235294117647,0.0733160621761658,0.1400990099009901,0.14305555555555557,0.105,Corbin Burnes
669208,91,31,23,7,29,0.3637362637362638,0.3762065670568748,25,R,0.3298429319371728,0.2356020942408377,0.08115183246073299,0.2696335078534031,0.28,0.33620689655172414,0.15616797900262466,0.14698162729658792,0.13994845360824743,0.1468181818181818,0.22611940298507463,0.105,Ryan Bliss
669211,2,0,0,0,2,0.0,0.0,26,L,0.3137254901960784,0.21568627450980393,0.08333333333333333,0.24019607843137256,0.2962962962962963,0.2962962962962963,0.10550458715596331,0.27522935779816515,0.10641025641025642,0.105,0.105,0.105,Keegan Akin
669212,2,0,0,0,2,0.0,0.0,25,R,0.3137254901960784,0.21568627450980393,0.08333333333333333,0.24019607843137256,0.2962962962962963,0.2962962962962963,0.12272727272727273,0.27272727272727276,0.11216216216216217,0.15606060606060607,0.105,0.105,Eli Morgan
669221,1841,608,384,178,415,0.3406029331884845,0.35527673964749007,30,R,0.3297269448737764,0.2091705306543019,0.09608449252962391,0.22539927872230808,0.25333333333333335,0.256,0.11549395877754087,0.14228855721393036,0.08632874536791953,0.1508978451715882,0.14460188933873144,0.105,Sean Murphy
669222,1185,354,247,99,237,0.3041350210970464,0.3100933739060959,29,R,0.30038910505836575,0.20933852140077822,0.08365758754863813,0.2019455252918288,0.18666666666666668,0.192,0.09656242539985677,0.13535449988063977,0.07151950718685832,0.12351392024078255,0.15698795180722894,0.105,Nick Senzel
669224,566,172,109,57,129,0.3102473498233215,0.33766159577898053,25,L,0.3063063063063063,0.1966966966966967,0.09834834834834835,0.22747747747747749,0.21333333333333335,0.216,0.12866379310344828,0.14612068965517241,0.10227467811158798,0.14329819277108435,0.1728690228690229,0.105,Austin Wells
669227,4,1,1,0,1,0.225,0.225,24,R,0.3173076923076923,0.22115384615384615,0.08173076923076923,0.22596153846153846,0.3103448275862069,0.3103448275862069,0.11440677966101695,0.2627118644067797,0.12875,0.09,0.12575757575757576,0.105,Kendall Simmons
669234,266,85,53,28,90,0.3227443609022556,0.30002010694054215,24,R,0.319672131147541,0.20491803278688525,0.09972677595628415,0.3073770491803279,0.32,0.32,0.1398687448728466,0.10828547990155865,0.10662847790507365,0.16394009216589864,0.2021341463414634,0.105,Justyn-Henry Malloy
669236,12,2,2,0,3,0.15,0.15,23,R,0.30357142857142855,0.21428571428571427,0.07589285714285714,0.22767857142857142,0.2702702702702703,0.2702702702702703,0.11742424242424243,0.2727272727272727,0.13085106382978723,0.11704545454545455,0.10161290322580645,0.105,Jeremiah Jackson
669242,2116,658,502,136,341,0.3181947069943289,0.3100392138949719,29,S,0.31137184115523464,0.2364620938628159,0.06520758122743682,0.16403429602888087,0.36,0.304,0.07658405723045478,0.14614205416453754,0.050088202866593164,0.1124527282549973,0.11393156424581007,0.105,Tommy Edman
669245,20,7,2,5,5,0.2825,0.2825,25,L,0.325,0.2,0.1125,0.22916666666666666,0.3333333333333333,0.3333333333333333,0.14112903225806453,0.25806451612903225,0.12560975609756098,0.15769230769230771,0.15147058823529413,0.105,Jacob Pearson
669256,632,200,137,43,133,0.3268196202531646,0.3128409682209001,29,R,0.31693989071038253,0.21721311475409835,0.0703551912568306,0.21243169398907105,0.30666666666666664,0.32,0.1021420071400238,0.15747719159063864,0.07996402877697842,0.1281057810578106,0.13360389610389609,0.105,Nick Solak
669257,2373,814,514,247,419,0.35080067425200173,0.3511628485373771,29,R,0.34209462191670037,0.21674080064698747,0.1033158107561666,0.17852810351799434,0.25333333333333335,0.296,0.07951745379876797,0.12032854209445586,0.07019318388919263,0.09486038662166307,0.0806829765545362,0.09545454545454546,Will Smith
669261,1240,382,225,146,382,0.32294354838709677,0.3257544233945915,26,L,0.30895522388059704,0.1843283582089552,0.11529850746268656,0.30186567164179107,0.29333333333333333,0.28,0.11257587253414264,0.10811836115326252,0.087221059972106,0.13938471940500338,0.1487978142076503,0.105,Jack Suwinski
669274,2,2,2,0,0,0.9,0.9,25,L,0.3333333333333333,0.23529411764705882,0.08333333333333333,0.22058823529411764,0.37037037037037035,0.37037037037037035,0.105,0.28,0.105,0.105,0.105,0.105,Edmond Americaan
669288,107,25,20,5,36,0.2658878504672897,0.26399108886438455,29,L,0.2753623188405797,0.2028985507246377,0.06521739130434782,0.2826086956521739,0.22666666666666666,0.264,0.17976190476190476,0.16904761904761906,0.16365638766519824,0.17149999999999999,0.24277108433734937,0.105,Daniel Johnson
669289,1452,470,356,105,198,0.3146005509641873,0.3016725546422867,30,R,0.3234536082474227,0.24355670103092783,0.07313144329896908,0.14207474226804123,0.22666666666666666,0.28,0.06601272534464475,0.13167196889360197,0.049211502782931356,0.08153549807374794,0.10931208053691276,0.10161290322580645,Santiago Espinal
669294,5,0,0,0,2,0.0,0.039400000000000004,26,L,0.3047619047619048,0.20952380952380953,0.08095238095238096,0.23333333333333334,0.26666666666666666,0.26666666666666666,0.09504132231404959,0.23140495867768598,0.083,0.10161290322580645,0.105,0.105,Paul Campbell
669304,1108,351,275,59,183,0.3303249097472924,0.3146927233271531,26,R,0.3170529801324503,0.2458609271523179,0.05587748344370861,0.1701158940397351,0.2,0.248,0.11164098801662999,0.18317437026167768,0.08148235294117648,0.14104026845637585,0.15549568965517244,0.105,Jose F Miranda
669309,10,3,2,1,3,0.375,0.375,25,R,0.3181818181818182,0.21818181818181817,0.08636363636363636,0.2318181818181818,0.3142857142857143,0.3142857142857143,0.08984375,0.265625,0.06176470588235294,0.09264705882352942,0.12575757575757576,0.105,Joe Perez
669326,18,3,3,0,7,0.2,0.1786111111111111,25,R,0.2966101694915254,0.211864406779661,0.07203389830508475,0.25,0.2558139534883721,0.2558139534883721,0.15734265734265734,0.2517482517482518,0.18454545454545454,0.17340425531914894,0.10161290322580645,0.105,Bryce Teodosio
669336,9,1,0,1,1,0.17777777777777778,0.17777777777777778,24,R,0.30275229357798167,0.2018348623853211,0.0871559633027523,0.21559633027522937,0.2647058823529412,0.2647058823529412,0.105,0.28,0.105,0.105,0.105,0.105,Joe Gray Jr.
669344,1,0,0,0,0,0.0,0.0,27,L,0.31683168316831684,0.21782178217821782,0.08415841584158416,0.22277227722772278,0.3076923076923077,0.3076923076923077,0.105,0.28,0.105,0.105,0.105,0.105,Vince Fernandez
669352,302,86,66,17,93,0.27980132450331124,0.23779467736205762,26,S,0.2935323383084577,0.21890547263681592,0.06343283582089553,0.2873134328358209,0.25333333333333335,0.256,0.18066037735849055,0.19622641509433963,0.12819767441860466,0.20972906403940889,0.305859375,0.105,Bubba Thompson
669357,1246,376,248,121,427,0.3215088282504013,0.3325867286292464,24,L,0.3031203566121842,0.20059435364041606,0.0962109955423477,0.3339524517087667,0.25333333333333335,0.28,0.1678424456202234,0.15539878502841467,0.14345196959225984,0.20462154294032023,0.19290909090909092,0.105,Nolan Gorman
669360,6,3,1,2,2,0.44166666666666665,0.44166666666666665,26,S,0.330188679245283,0.2169811320754717,0.09905660377358491,0.23113207547169812,0.3548387096774194,0.3548387096774194,0.10714285714285714,0.24603174603174607,0.10510204081632654,0.10161290322580645,0.11527777777777778,0.105,Trei Cruz
669363,2,0,0,0,0,0.0,0.0,24,R,0.3137254901960784,0.21568627450980393,0.08333333333333333,0.22058823529411764,0.2962962962962963,0.2962962962962963,0.1,0.2666666666666667,0.09545454545454546,0.0984375,0.105,0.105,Jacob Gonzalez
669364,385,148,111,36,66,0.3632467532467532,0.2968346890927255,25,S,0.3711340206185567,0.27422680412371137,0.09175257731958762,0.1824742268041237,0.38666666666666666,0.336,0.07602523659305993,0.13564668769716087,0.05879581151832461,0.09958677685950412,0.1056420233463035,0.105,Xavier Edwards
669369,177,50,32,17,45,0.2692090395480226,0.2920765706214689,29,S,0.296028880866426,0.19494584837545126,0.09205776173285199,0.24368231046931407,0.29333333333333333,0.288,0.1115506329113924,0.16455696202531644,0.09511834319526627,0.12065868263473054,0.14658119658119656,0.105,Bryce Johnson
669373,2,0,0,0,2,0.0,0.0,25,R,0.3137254901960784,0.21568627450980393,0.08333333333333333,0.24019607843137256,0.2962962962962963,0.2962962962962963,0.11261261261261261,0.2612612612612613,0.12560975609756098,0.105,0.105,0.105,Tarik Skubal
669374,542,160,103,40,219,0.31743542435424354,0.3155295488532812,28,R,0.29906542056074764,0.19470404984423675,0.07554517133956386,0.37616822429906543,0.25333333333333335,0.232,0.20160550458715595,0.1628440366972477,0.19162660256410258,0.2130466472303207,0.22521186440677965,0.105,Keston Hiura
669377,8,4,2,2,2,0.5375,0.5375,27,L,0.3333333333333333,0.2222222222222222,0.09722222222222222,0.22685185185185186,0.36363636363636365,0.36363636363636365,0.10096153846153846,0.2692307692307693,0.0984375,0.0984375,0.105,0.105,Michael Gigliotti
669384,16,8,5,3,2,0.434375,0.434375,24,S,0.3448275862068966,0.23275862068965517,0.09913793103448276,0.21120689655172414,0.3902439024390244,0.3902439024390244,0.11481481481481481,0.24444444444444444,0.1160377358490566,0.1355263157894737,0.09264705882352942,0.105,Raynel Delgado
669386,2,0,0,0,1,0.0,0.0,25,L,0.3137254901960784,0.21568627450980393,0.08333333333333333,0.23039215686274508,0.2962962962962963,0.2962962962962963,0.105,0.28,0.105,0.105,0.105,0.105,Trevor Hauver
669392,92,30,19,11,26,0.3239130434782609,0.30758285954899,26,R,0.3229166666666667,0.21354166666666666,0.1015625,0.2526041666666667,0.32,0.3247863247863248,0.14177489177489178,0.170995670995671,0.1185589519650655,0.14586206896551723,0.20705128205128204,0.105,Samad Taylor
669394,1413,433,329,79,388,0.3451875442321302,0.3461481841520698,28,R,0.3073364177131527,0.23198942498347655,0.05783212161269002,0.2713152676801058,0.3466666666666667,0.288,0.16282894736842105,0.19814241486068113,0.11100112065745237,0.2162405578152237,0.22519736842105265,0.105,Jake Burger
669397,799,208,157,48,147,0.26032540675844806,0.2561230293237302,26,R,0.26696329254727474,0.19911012235817574,0.06284760845383759,0.1885428253615128,0.24,0.232,0.09889914772727272,0.15092329545454544,0.05940688775510204,0.14937823834196892,0.14706959706959707,0.105,Nick Allen
669398,11,3,3,0,3,0.4090909090909091,0.4090909090909091,25,S,0.3153153153153153,0.22522522522522523,0.07657657657657657,0.22972972972972974,0.3055555555555556,0.3055555555555556,0.12406015037593984,0.2781954887218045,0.1625,0.08513513513513513,0.12261904761904763,0.105,Gage Workman
669413,9,2,1,1,3,0.17777777777777778,0.17777777777777778,25,S,0.3119266055045872,0.21100917431192662,0.0871559633027523,0.23394495412844038,0.29411764705882354,0.29411764705882354,0.105,0.28,0.105,0.105,0.105,0.105,Frainyer Chavez
669432,44,4,3,1,27,0.09772727272727272,0.08060720454545454,24,L,0.25,0.1736111111111111,0.06597222222222222,0.34375,0.17391304347826086,0.17391304347826086,0.19884169884169883,0.21621621621621623,0.20510204081632652,0.23482142857142857,0.15543478260869567,0.105,Trevor Rogers
669439,2,1,1,0,0,0.45,0.45,25,R,0.3235294117647059,0.22549019607843138,0.08333333333333333,0.22058823529411764,0.3333333333333333,0.3333333333333333,0.1,0.2666666666666667,0.09264705882352942,0.10161290322580645,0.105,0.105,Drew Swift
669442,1,0,0,0,1,0.0,0.0,23,R,0.31683168316831684,0.21782178217821782,0.08415841584158416,0.23267326732673269,0.3076923076923077,0.3076923076923077,0.11057692307692307,0.2692307692307693,0.10161290322580645,0.12575757575757576,0.105,0.105,Alerick Soularie
669450,292,85,42,40,93,0.27979452054794524,0.30885742158090995,30,S,0.29846938775510207,0.16326530612244897,0.12372448979591837,0.29464285714285715,0.29333333333333333,0.288,0.1070460704607046,0.1120144534778681,0.07517421602787457,0.13011527377521614,0.165625,0.105,Cooper Hummel
669456,6,0,0,0,3,0.0,0.015666666666666666,26,R,0.3018867924528302,0.20754716981132076,0.08018867924528301,0.24056603773584906,0.25806451612903225,0.25806451612903225,0.116,0.24800000000000003,0.10957446808510639,0.11527777777777778,0.1296875,0.105,Shane Bieber
669460,1,0,0,0,1,0.0,0.0,23,R,0.31683168316831684,0.21782178217821782,0.08415841584158416,0.23267326732673269,0.3076923076923077,0.3076923076923077,0.11904761904761904,0.3047619047619048,0.12575757575757576,0.105,0.1296875,0.105,Kingston Liniak
669471,33,8,3,4,12,0.2318181818181818,0.2318181818181818,27,S,0.3007518796992481,0.18796992481203006,0.09398496240601503,0.2593984962406015,0.27586206896551724,0.27586206896551724,0.09349593495934959,0.23577235772357727,0.07325581395348837,0.10375000000000001,0.105,0.105,Devin Mann
669477,420,109,84,19,101,0.2752380952380952,0.28774098830663286,25,R,0.27115384615384613,0.20384615384615384,0.052884615384615384,0.2375,0.3466666666666667,0.312,0.13549488054607509,0.19863481228668942,0.0899219765929779,0.18002114164904864,0.20258215962441314,0.105,Casey Schmitt
669622,2,0,0,0,1,0.0,0.2215,26,R,0.3137254901960784,0.21568627450980393,0.08333333333333333,0.23039215686274508,0.2962962962962963,0.2962962962962963,0.11574074074074074,0.26851851851851855,0.09545454545454546,0.14714285714285716,0.105,0.105,Anthony Bender
669649,1,0,0,0,0,0.0,0.0,27,L,0.31683168316831684,0.21782178217821782,0.08415841584158416,0.22277227722772278,0.3076923076923077,0.3076923076923077,0.105,0.28,0.105,0.105,0.105,0.105,Ty Duvall
669674,10,1,1,0,4,0.09,0.2069,26,L,0.3,0.20909090909090908,0.07727272727272727,0.2409090909090909,0.2571428571428571,0.2571428571428571,0.1346153846153846,0.2846153846153846,0.15092592592592594,0.14305555555555557,0.105,0.105,Sam Long
669675,1,0,0,0,1,0.0,0.0,27,L,0.31683168316831684,0.21782178217821782,0.08415841584158416,0.23267326732673269,0.3076923076923077,0.3076923076923077,0.105,0.28,0.105,0.105,0.105,0.105,Mitch Longo
669687,5,2,1,1,0,0.32,0.32,26,L,0.3238095238095238,0.21904761904761905,0.09047619047619047,0.21428571428571427,0.3333333333333333,0.3333333333333333,0.105,0.28,0.105,0.105,0.105,0.105,Elvis Peralta
669699,103,19,14,4,14,0.17718446601941748,0.2220254160485638,27,L,0.2512315270935961,0.17733990147783252,0.06157635467980296,0.17980295566502463,0.17333333333333334,0.208,0.125,0.20054945054945056,0.10228426395939086,0.15618556701030928,0.1525,0.105,Braden Shewmake
669701,1128,376,233,107,233,0.32012411347517733,0.3208727815395811,27,L,0.3322475570032573,0.20765472312703584,0.09405537459283388,0.20806188925081434,0.29333333333333333,0.272,0.08774466192170818,0.1201067615658363,0.06181011192589734,0.11696735395189004,0.1329001367989056,0.105,Josh Smith
669702,17,8,5,2,3,0.538235294117647,0.538235294117647,25,R,0.3418803418803419,0.23076923076923078,0.08974358974358974,0.21794871794871795,0.38095238095238093,0.38095238095238093,0.10984848484848485,0.23484848484848486,0.10375000000000001,0.11195652173913044,0.11527777777777778,0.105,Armani Smith
669707,676,219,144,67,187,0.31708579881656807,0.3076816702423143,26,R,0.3234536082474227,0.21391752577319587,0.09729381443298969,0.2699742268041237,0.28,0.32,0.12207838906868033,0.1323265012585401,0.0836439588688946,0.1670010559662091,0.18712686567164177,0.105,Jared Triolo
669717,26,12,8,3,4,0.49615384615384617,0.49615384615384617,26,R,0.3492063492063492,0.23809523809523808,0.09126984126984126,0.21031746031746032,0.39215686274509803,0.39215686274509803,0.09126984126984126,0.2380952380952381,0.10641025641025642,0.075,0.09,0.105,Will Wilson
669720,1995,618,475,112,436,0.32949874686716796,0.304446559810479,29,R,0.31026252983293556,0.23723150357995226,0.05751789976133652,0.218854415274463,0.28,0.288,0.11982434127979925,0.17217342813327757,0.07248031496062991,0.1716511533791987,0.17930839002267573,0.105,Austin Hays
669722,18,3,2,1,11,0.15833333333333333,0.15833333333333333,27,S,0.2966101694915254,0.2033898305084746,0.08050847457627118,0.2838983050847458,0.2558139534883721,0.2558139534883721,0.10416666666666667,0.26666666666666666,0.075,0.11216216216216217,0.1338709677419355,0.105,Logan Davidson
669738,13,3,1,1,3,0.1769230769230769,0.1769230769230769,28,R,0.30973451327433627,0.20353982300884957,0.084070796460177,0.22566371681415928,0.2894736842105263,0.2894736842105263,0.09722222222222222,0.26851851851851855,0.09264705882352942,0.09264705882352942,0.105,0.105,Jake Noll
669741,1,0,0,0,1,0.0,0.0,25,L,0.31683168316831684,0.21782178217821782,0.08415841584158416,0.23267326732673269,0.3076923076923077,0.3076923076923077,0.10096153846153846,0.2692307692307693,0.09264705882352942,0.105,0.105,0.105,Bryant Packard
669742,258,73,57,15,74,0.3172480620155039,0.3112960193840109,29,L,0.29329608938547486,0.2206703910614525,0.06564245810055866,0.26955307262569833,0.21333333333333335,0.28,0.13653663177925784,0.16270218839200762,0.11498287671232878,0.1777591973244147,0.14018987341772152,0.105,Darick Hall
669743,731,245,148,86,138,0.3263337893296854,0.29942921132141215,30,R,0.3333333333333333,0.2045728038507822,0.11371841155234658,0.1931407942238267,0.32,0.392,0.07703631010794897,0.1099116781157998,0.06409320606400899,0.08066737288135593,0.13711180124223601,0.105,Alex Call
669898,4,0,0,0,2,0.0,0.0,25,R,0.3076923076923077,0.21153846153846154,0.08173076923076923,0.23557692307692307,0.27586206896551724,0.27586206896551724,0.105,0.28,0.105,0.105,0.105,0.105,Andrew Daschbach
669899,26,7,5,2,10,0.22692307692307695,0.22692307692307695,25,L,0.30952380952380953,0.21428571428571427,0.08333333333333333,0.25793650793650796,0.29411764705882354,0.29411764705882354,0.116,0.256,0.1366666666666667,0.09264705882352942,0.11527777777777778,0.105,Ryan Ward
669911,813,236,157,77,263,0.31752767527675274,0.329012063657563,26,S,0.29353778751369114,0.19605695509309967,0.09364731653888281,0.3127053669222344,0.3333333333333333,0.328,0.1545096852300242,0.1534503631961259,0.0936330718165359,0.23018779342723006,0.19082167832167835,0.105,Michael Toglia
669945,19,6,1,5,7,0.23157894736842102,0.23157894736842102,27,S,0.31932773109243695,0.19327731092436976,0.1134453781512605,0.24789915966386555,0.3181818181818182,0.3181818181818182,0.13909774436090225,0.2556390977443609,0.12812500000000002,0.15375,0.14714285714285716,0.105,Chavez Young
669952,16,1,0,1,11,0.04375,0.061482312500000004,27,R,0.28448275862068967,0.1896551724137931,0.08189655172413793,0.28879310344827586,0.21951219512195122,0.21951219512195122,0.15217391304347827,0.21739130434782608,0.18703703703703703,0.13205128205128205,0.10161290322580645,0.105,Mitch White
670032,1780,574,409,147,254,0.30398876404494385,0.2830219768569034,29,L,0.3223404255319149,0.22925531914893618,0.08271276595744681,0.14707446808510638,0.3333333333333333,0.312,0.07758491695346402,0.13601675894059553,0.059701676528599604,0.10726909920182441,0.10098493626882966,0.105,Nicky Lopez
670042,1054,339,226,67,328,0.3419829222011385,0.3231890320395454,30,L,0.3214904679376083,0.21490467937608318,0.06542461005199307,0.3037261698440208,0.3466666666666667,0.36,0.17839383391347588,0.1516658378915962,0.14519672968829841,0.20073020753266715,0.22698938992042442,0.105,Luke Raley
670056,2,0,0,0,2,0.0,0.0,27,R,0.3137254901960784,0.21568627450980393,0.08333333333333333,0.24019607843137256,0.2962962962962963,0.2962962962962963,0.10648148148148148,0.26851851851851855,0.11216216216216217,0.10161290322580645,0.105,0.105,Caleb Baragar
670084,44,11,5,6,17,0.21931818181818183,0.22363979545454546,29,L,0.2986111111111111,0.1875,0.10069444444444445,0.2743055555555556,0.2753623188405797,0.2753623188405797,0.12825278810408922,0.20074349442379183,0.11141732283464567,0.15986842105263158,0.12767857142857145,0.105,Nick Heath
670092,43,13,7,6,7,0.2441860465116279,0.2963189413067553,29,L,0.3146853146853147,0.20279720279720279,0.10139860139860139,0.2062937062937063,0.3088235294117647,0.3088235294117647,0.10714285714285714,0.2,0.10252525252525253,0.1663265306122449,0.06057692307692308,0.105,Trenton Brooks
670097,585,159,84,73,167,0.26290598290598294,0.2771154703829004,29,R,0.27883211678832115,0.15474452554744525,0.11897810218978103,0.27664233576642333,0.26666666666666666,0.32,0.10492125984251968,0.08937007874015748,0.10458333333333333,0.10532503457814663,0.10587044534412955,0.105,Zack Short
670106,1,0,0,0,0,0.0,0.0,28,R,0.31683168316831684,0.21782178217821782,0.08415841584158416,0.22277227722772278,0.3076923076923077,0.3076923076923077,0.105,0.28,0.105,0.105,0.105,0.105,Cole Freeman
670113,31,6,4,1,11,0.2903225806451613,0.2903225806451613,29,R,0.2900763358778626,0.1984732824427481,0.07251908396946564,0.25572519083969464,0.25,0.25,0.14615384615384616,0.24102564102564103,0.12364864864864865,0.15928571428571428,0.17439024390243904,0.105,Jim Haley
670116,1,0,0,0,1,0.0,0.0,24,L,0.31683168316831684,0.21782178217821782,0.08415841584158416,0.23267326732673269,0.3076923076923077,0.3076923076923077,0.1179245283018868,0.2924528301886793,0.0984375,0.15147058823529413,0.105,0.105,Evan Alexander
670128,52,19,13,6,11,0.33269230769230773,0.3241538461538462,29,S,0.3355263157894737,0.23026315789473684,0.09539473684210527,0.22039473684210525,0.3466666666666667,0.35064935064935066,0.13,0.24666666666666667,0.13240740740740742,0.12551020408163266,0.1391891891891892,0.105,Taylor Kohlwey
670148,12,6,4,2,1,0.5041666666666667,0.5032286666666667,28,L,0.3392857142857143,0.23214285714285715,0.09375,0.20982142857142858,0.3783783783783784,0.3783783783783784,0.1036036036036036,0.2792792792792793,0.09264705882352942,0.0984375,0.11857142857142858,0.105,Nate Mondou
670156,323,98,70,28,65,0.28436532507739937,0.3157842979889088,29,L,0.3073286052009456,0.21749408983451538,0.08628841607565012,0.20685579196217493,0.28,0.264,0.0797827903091061,0.1311612364243943,0.07303120356612185,0.07397058823529411,0.11580459770114941,0.105,Miles Mastrobuoni
670190,15,8,6,2,4,0.5700000000000001,0.5700000000000001,26,R,0.34782608695652173,0.24347826086956523,0.09130434782608696,0.23043478260869565,0.4,0.4,0.12043795620437957,0.24817518248175183,0.07980769230769232,0.1811111111111111,0.105,0.105,Carter Bins
670192,2,1,0,1,1,0.35,0.35,26,R,0.3235294117647059,0.21568627450980393,0.09313725490196079,0.23039215686274508,0.3333333333333333,0.3333333333333333,0.105,0.28,0.105,0.105,0.105,0.105,Brandon Bossard
670199,1,0,0,0,0,0.0,0.0,24,R,0.31683168316831684,0.21782178217821782,0.08415841584158416,0.22277227722772278,0.3076923076923077,0.3076923076923077,0.105,0.28,0.105,0.105,0.105,0.105,Quin Cotton
670200,3,1,1,0,0,0.6666666666666666,0.6666666666666666,25,R,0.32038834951456313,0.22330097087378642,0.0825242718446602,0.21844660194174756,0.32142857142857145,0.32142857142857145,0.105,0.28,0.105,0.105,0.105,0.105,Wil Dalton
670208,14,5,3,2,5,0.2928571428571428,0.2928571428571428,26,L,0.32456140350877194,0.21929824561403508,0.09210526315789473,0.2412280701754386,0.3333333333333333,0.3333333333333333,0.08394160583941605,0.24087591240875914,0.058333333333333334,0.10921052631578948,0.09,0.105,Matt Fraizer
670210,1,0,0,0,1,0.0,0.0,24,R,0.31683168316831684,0.21782178217821782,0.08415841584158416,0.23267326732673269,0.3076923076923077,0.3076923076923077,0.10849056603773585,0.26415094339622647,0.09545454545454546,0.12575757575757576,0.105,0.105,Branden Fryman
670223,150,34,24,9,47,0.228,0.27616813997730444,26,L,0.264,0.184,0.07,0.278,0.22666666666666666,0.224,0.14676616915422885,0.1625207296849088,0.11007067137809187,0.17752525252525253,0.1888392857142857,0.105,Matt Mervis
670224,33,10,7,3,17,0.2545454545454546,0.26815151515151514,26,L,0.3157894736842105,0.21804511278195488,0.08646616541353383,0.29699248120300753,0.3103448275862069,0.3103448275862069,0.1640625,0.20833333333333334,0.164375,0.12261904761904763,0.2025,0.105,Kameron Misner
670231,27,10,6,4,5,0.3574074074074074,0.3574074074074074,27,L,0.33070866141732286,0.2204724409448819,0.0984251968503937,0.21653543307086615,0.34615384615384615,0.34615384615384615,0.11440677966101695,0.25423728813559326,0.09264705882352942,0.1391891891891892,0.11216216216216217,0.105,John Rave
670237,14,3,3,0,6,0.2714285714285714,0.2714285714285714,28,R,0.30701754385964913,0.21929824561403508,0.07456140350877193,0.25,0.28205128205128205,0.28205128205128205,0.12135922330097088,0.2718446601941748,0.1609375,0.10161290322580645,0.105,0.105,Jake Slaughter
670242,619,224,128,63,217,0.3747172859450727,0.35530057871463283,27,S,0.3560500695410292,0.2086230876216968,0.09944367176634214,0.3331015299026426,0.3333333333333333,0.32,0.16450980392156864,0.1450980392156863,0.1453956343792633,0.19879432624113477,0.17655826558265583,0.105,Matt Wallner
670276,128,36,21,15,33,0.253125,0.2818292210976957,28,S,0.2982456140350877,0.18859649122807018,0.10307017543859649,0.24342105263157895,0.30666666666666664,0.28,0.08476027397260275,0.13184931506849315,0.05496794871794871,0.12263513513513513,0.11535087719298245,0.105,Cal Stevenson
670280,1,0,0,0,1,0.0,0.0,27,L,0.31683168316831684,0.21782178217821782,0.08415841584158416,0.23267326732673269,0.3076923076923077,0.3076923076923077,0.09905660377358491,0.2735849056603774,0.0875,0.105,0.105,0.105,David Bednar
670281,8,3,2,0,0,0.35625,0.35625,29,R,0.32407407407407407,0.2222222222222222,0.0787037037037037,0.20833333333333334,0.3333333333333333,0.3333333333333333,0.09745762711864407,0.23728813559322037,0.08289473684210526,0.10921052631578948,0.0984375,0.105,Stevie Berman
670286,7,3,1,2,1,0.4857142857142857,0.4857142857142857,28,L,0.32710280373831774,0.21495327102803738,0.09813084112149532,0.21962616822429906,0.34375,0.34375,0.105,0.28,0.105,0.105,0.105,0.105,Craig Dedelow
670298,43,16,8,7,10,0.3302325581395349,0.3340232558139535,29,R,0.3356643356643357,0.2097902097902098,0.10839160839160839,0.22727272727272727,0.35294117647058826,0.35294117647058826,0.12857142857142856,0.14285714285714285,0.13922413793103447,0.11582278481012659,0.12875,0.105,Kramer Robertson
670351,286,80,56,22,76,0.3066433566433567,0.3106674743360792,31,L,0.29015544041450775,0.20207253886010362,0.07901554404145078,0.2551813471502591,0.21333333333333335,0.288,0.11565523306948108,0.1600703605980651,0.11152623211446741,0.11631097560975609,0.1302941176470588,0.105,Jose Rojas
670370,111,33,21,6,46,0.32747747747747746,0.30973992798209427,28,R,0.3080568720379147,0.2037914691943128,0.06872037914691943,0.3246445497630332,0.25333333333333335,0.272,0.1769825918762089,0.20309477756286268,0.17445652173913043,0.18911764705882353,0.16639344262295083,0.105,Andrew Young
670394,1,0,0,0,0,0.0,0.0,25,L,0.31683168316831684,0.21782178217821782,0.08415841584158416,0.22277227722772278,0.3076923076923077,0.3076923076923077,0.105,0.28,0.105,0.105,0.105,0.105,Ryan Gold
670427,10,1,1,0,7,0.09,0.09,28,R,0.3,0.20909090909090908,0.07727272727272727,0.2681818181818182,0.2571428571428571,0.2571428571428571,0.14028776978417265,0.26618705035971224,0.18125,0.08289473684210526,0.14714285714285716,0.105,Camden Duzenack
670456,1,0,0,0,1,0.0,0.0,27,R,0.31683168316831684,0.21782178217821782,0.08415841584158416,0.23267326732673269,0.3076923076923077,0.3076923076923077,0.11057692307692307,0.27884615384615385,0.12205882352941178,0.105,0.105,0.105,JD Hammer
670462,35,8,5,1,14,0.3085714285714286,0.3150837714285714,29,R,0.2962962962962963,0.2,0.07037037037037037,0.27037037037037037,0.26666666666666666,0.26666666666666666,0.1478494623655914,0.23118279569892472,0.11164383561643836,0.21956521739130436,0.09264705882352942,0.105,Hunter Owen
670541,2521,979,641,295,498,0.40783419278064265,0.41942695135486835,27,S,0.3857306371613888,0.2529568866844716,0.11579549790156429,0.1985883250667684,0.36,0.344,0.09275947793660659,0.15081831365237208,0.06551054384017757,0.12618466898954703,0.1302266081871345,0.105,Yordan Alvarez
670582,8,4,2,2,0,0.4,0.4,28,L,0.3333333333333333,0.2222222222222222,0.09722222222222222,0.20833333333333334,0.36363636363636365,0.36363636363636365,0.105,0.28,0.105,0.105,0.105,0.105,Yariel Gonzalez
670623,1733,579,345,191,298,0.34108482400461626,0.3056908628668243,25,R,0.3333333333333333,0.20021822149481724,0.1088379705400982,0.17484997272231315,0.3333333333333333,0.376,0.07097161135545782,0.1370118619218979,0.04433915825744524,0.0992588369441277,0.11296992481203008,0.10161290322580645,Isaac Paredes
670712,468,139,90,40,134,0.3141025641025641,0.28782518554532277,30,R,0.301056338028169,0.19718309859154928,0.08538732394366197,0.2755281690140845,0.24,0.28,0.12949836423118866,0.14231188658669575,0.11290773532152842,0.15920542635658916,0.14166666666666666,0.10161290322580645,Mike Brosseau
670764,1299,380,220,157,335,0.27725173210161663,0.27759121723046676,28,S,0.2944960686204432,0.1729807005003574,0.1182987848463188,0.2555396711937098,0.28,0.28,0.10003764351590438,0.09599096555618294,0.09495600251414205,0.07808273667462212,0.15081112398609503,0.10161290322580645,Taylor Walls
670766,2,0,0,0,0,0.0,0.1835,25,R,0.3137254901960784,0.21568627450980393,0.08333333333333333,0.22058823529411764,0.2962962962962963,0.2962962962962963,0.09545454545454546,0.2545454545454546,0.07875,0.105,0.105,0.105,Darren McCaughan
670767,1,0,0,0,1,0.0,0.0,26,R,0.31683168316831684,0.21782178217821782,0.08415841584158416,0.23267326732673269,0.3076923076923077,0.3076923076923077,0.105,0.28,0.105,0.105,0.105,0.105,Devin Hairston
670768,401,136,93,37,81,0.32306733167082297,0.29527141235737336,29,L,0.33532934131736525,0.22954091816367264,0.09081836327345309,0.20658682634730538,0.32,0.28,0.1017406962785114,0.13445378151260504,0.0843429158110883,0.12246376811594202,0.1364321608040201,0.105,Luis González
670770,1219,405,277,98,192,0.34331419196062346,0.2946186817182612,29,L,0.33131159969673996,0.2266868840030326,0.08074298711144806,0.1626231993934799,0.37333333333333335,0.328,0.0727445997458704,0.12134688691232529,0.03772183991307498,0.09995583038869259,0.15299511002444988,0.10161290322580645,TJ Friedl
670867,3,1,1,0,0,0.3,0.3,22,S,0.32038834951456313,0.22330097087378642,0.0825242718446602,0.21844660194174756,0.32142857142857145,0.32142857142857145,0.105,0.28,0.105,0.105,0.105,0.105,Kevin Maitan
670868,3,2,1,1,0,0.5333333333333333,0.5333333333333333,25,R,0.3300970873786408,0.22330097087378642,0.09223300970873786,0.21844660194174756,0.35714285714285715,0.35714285714285715,0.105,0.28,0.105,0.105,0.105,0.105,Abrahan Gutierrez
670869,115,48,36,12,21,0.4073913043478261,0.33888854180602007,24,L,0.37209302325581395,0.26976744186046514,0.09534883720930233,0.20232558139534884,0.37333333333333335,0.416,0.06747787610619468,0.14380530973451328,0.040927419354838714,0.1071969696969697,0.08306451612903226,0.105,Livan Soto
670870,3,0,0,0,2,0.0,0.0,24,S,0.3106796116504854,0.21359223300970873,0.0825242718446602,0.23786407766990292,0.2857142857142857,0.2857142857142857,0.12980769230769232,0.2884615384615385,0.1808823529411765,0.105,0.105,0.105,Yunior Severino
670912,22,5,3,2,9,0.22727272727272727,0.157747,23,R,0.30327868852459017,0.20491803278688525,0.0860655737704918,0.2581967213114754,0.2765957446808511,0.2765957446808511,0.14722222222222223,0.2388888888888889,0.13765432098765432,0.19910714285714287,0.09545454545454546,0.105,Johan Oviedo
670919,5,2,2,0,0,0.58,0.58,23,R,0.3238095238095238,0.22857142857142856,0.08095238095238096,0.21428571428571427,0.3333333333333333,0.3333333333333333,0.09545454545454546,0.28181818181818186,0.0875,0.0984375,0.0984375,0.105,Luis Santana
670950,1,1,0,1,0,0.7,0.691717,28,R,0.32673267326732675,0.21782178217821782,0.09405940594059406,0.22277227722772278,0.34615384615384615,0.34615384615384615,0.09905660377358491,0.26415094339622647,0.0875,0.105,0.105,0.105,Trevor Richards
670955,5,1,1,0,2,0.18,0.092,23,R,0.3142857142857143,0.21904761904761905,0.08095238095238096,0.23333333333333334,0.3,0.3,0.128099173553719,0.25619834710743805,0.12261904761904763,0.15769230769230771,0.105,0.105,Edwin Uceta
670970,1,0,0,0,0,0.0,0.215,22,L,0.31683168316831684,0.21782178217821782,0.08415841584158416,0.22277227722772278,0.3076923076923077,0.3076923076923077,0.10396039603960396,0.27722772277227725,0.10161290322580645,0.105,0.105,0.105,Adrian Morejon
671056,347,128,90,34,78,0.3534582132564842,0.35841428608345904,24,R,0.3579418344519016,0.2505592841163311,0.09507829977628636,0.22483221476510068,0.4266666666666667,0.408,0.09148369926813041,0.1383898868928809,0.058993212669683256,0.14029345372460497,0.13343373493975902,0.105,Iván Herrera
671082,3,2,0,2,1,0.4666666666666666,0.4666666666666666,24,S,0.3300970873786408,0.21359223300970873,0.10194174757281553,0.22815533980582525,0.35714285714285715,0.35714285714285715,0.105,0.28,0.105,0.105,0.105,0.105,Ashton McGee
671083,176,52,31,18,45,0.29204545454545455,0.29927027661488204,26,R,0.30434782608695654,0.19202898550724637,0.09601449275362318,0.24456521739130435,0.30666666666666664,0.336,0.08917589175891759,0.11439114391143912,0.058764044943820225,0.11030701754385965,0.155,0.105,Buddy Kennedy
671088,13,3,2,1,4,0.33076923076923076,0.33076923076923076,27,L,0.30973451327433627,0.21238938053097345,0.084070796460177,0.2345132743362832,0.2894736842105263,0.2894736842105263,0.12237762237762238,0.25874125874125875,0.1211864406779661,0.1355263157894737,0.11527777777777778,0.105,Tanner Morris
671113,15,7,4,3,4,0.48666666666666664,0.48666666666666664,25,R,0.3391304347826087,0.22608695652173913,0.1,0.23043478260869565,0.375,0.375,0.10747663551401869,0.26168224299065423,0.09264705882352942,0.12575757575757576,0.105,0.105,Zach Daniels
671117,20,10,10,0,5,0.54,0.34335,25,L,0.35,0.26666666666666666,0.07083333333333333,0.22916666666666666,0.4,0.4,0.10431654676258993,0.2517985611510791,0.06057692307692308,0.1366666666666667,0.1296875,0.105,Darren Baker
671155,5,0,0,0,5,0.0,0.0,26,L,0.3047619047619048,0.20952380952380953,0.08095238095238096,0.2619047619047619,0.26666666666666666,0.26666666666666666,0.105,0.28,0.105,0.105,0.105,0.105,Ivan Johnson
671191,2,0,0,0,1,0.0,0.0,23,R,0.3137254901960784,0.21568627450980393,0.08333333333333333,0.23039215686274508,0.2962962962962963,0.2962962962962963,0.10952380952380952,0.2761904761904762,0.0984375,0.105,0.12575757575757576,0.105,Jefrey Ramos
671213,899,320,193,125,240,0.36434927697441605,0.3529032274430447,24,L,0.35235235235235235,0.21521521521521522,0.13363363363363365,0.2627627627627628,0.3466666666666667,0.296,0.11621174524400331,0.11690102012682659,0.10057660626029655,0.1318935427574171,0.13253846153846155,0.105,Triston Casas
671218,616,192,145,45,166,0.34131493506493504,0.33441259256539396,25,R,0.3128491620111732,0.23324022346368714,0.07472067039106145,0.263268156424581,0.3333333333333333,0.28,0.13870568837592745,0.15993404781533388,0.10931477516059958,0.17714477211796248,0.18643122676579926,0.105,Heliot Ramos
671221,475,146,97,43,157,0.31242105263157893,0.3063800132114562,26,S,0.3095652173913043,0.20695652173913043,0.08956521739130435,0.31217391304347825,0.29333333333333333,0.304,0.14686213991769548,0.1640946502057613,0.11104146576663453,0.19691011235955058,0.17672176308539947,0.105,Drew Waters
671250,2,0,0,0,2,0.0,0.0,27,R,0.3137254901960784,0.21568627450980393,0.08333333333333333,0.24019607843137256,0.2962962962962963,0.2962962962962963,0.105,0.28,0.105,0.105,0.105,0.105,Jorge Ona
671271,14,2,1,1,4,0.1142857142857143,0.1142857142857143,25,L,0.2982456140350877,0.20175438596491227,0.08333333333333333,0.2324561403508772,0.2564102564102564,0.2564102564102564,0.11057692307692307,0.2692307692307693,0.10161290322580645,0.12575757575757576,0.105,0.105,Jeisson Rosario
671272,4,0,0,0,2,0.0,0.0,24,S,0.3076923076923077,0.21153846153846154,0.08173076923076923,0.23557692307692307,0.27586206896551724,0.27586206896551724,0.105,0.28,0.105,0.105,0.105,0.105,David García
671276,3,1,1,0,2,0.3,0.3,23,S,0.32038834951456313,0.22330097087378642,0.0825242718446602,0.23786407766990292,0.32142857142857145,0.32142857142857145,0.105,0.28,0.105,0.105,0.105,0.105,Yasel Antuna
671277,1690,508,428,79,282,0.3149112426035503,0.31106668029354745,24,L,0.3016759776536313,0.25139664804469275,0.04888268156424581,0.17011173184357542,0.29333333333333333,0.28,0.10339270568278201,0.18761662425784564,0.058686210640608034,0.14402756508422662,0.14114359415305244,0.105,Luis García Jr.
671284,11,1,1,0,7,0.08181818181818182,0.08181818181818182,26,R,0.2972972972972973,0.2072072072072072,0.07657657657657657,0.26576576576576577,0.25,0.25,0.105,0.28,0.105,0.105,0.105,0.105,Tim Elko
671286,42,14,5,9,15,0.3083333333333333,0.2950042619047619,25,R,0.323943661971831,0.19014084507042253,0.12323943661971831,0.2640845070422535,0.3283582089552239,0.3283582089552239,0.14727272727272728,0.2,0.10572916666666667,0.20773195876288658,0.12708333333333333,0.105,Johnathan Rodríguez
671287,5,3,1,0,1,0.45999999999999996,0.45999999999999996,26,L,0.3333333333333333,0.21904761904761905,0.08095238095238096,0.22380952380952382,0.36666666666666664,0.36666666666666664,0.10454545454545454,0.2545454545454546,0.08513513513513513,0.10161290322580645,0.1296875,0.105,Phil Clarke
671289,654,199,130,43,95,0.2926605504587156,0.30429167796486856,25,R,0.3063660477453581,0.20159151193633953,0.06830238726790451,0.15583554376657824,0.26666666666666666,0.304,0.07180209171359614,0.15526950925181013,0.05262612301313062,0.0947972972972973,0.10778546712802768,0.105,Tyler Freeman
671495,5,2,2,0,0,0.36,0.36,24,S,0.3238095238095238,0.22857142857142856,0.08095238095238096,0.21428571428571427,0.3333333333333333,0.3333333333333333,0.10454545454545454,0.26363636363636367,0.10921052631578948,0.10161290322580645,0.10161290322580645,0.105,Channy Ortiz
671655,13,4,2,2,5,0.24615384615384617,0.24615384615384617,22,L,0.3185840707964602,0.21238938053097345,0.09292035398230089,0.24336283185840707,0.3157894736842105,0.3157894736842105,0.105,0.28,0.105,0.105,0.105,0.105,George Valera
671732,610,183,140,42,148,0.33081967213114755,0.33210612737976414,24,L,0.3028169014084507,0.22816901408450704,0.07112676056338028,0.24014084507042255,0.28,0.328,0.1184959349593496,0.1410569105691057,0.09520754716981132,0.1091869918699187,0.19049019607843137,0.105,Lawrence Butler
671739,1550,500,412,74,318,0.3490967741935484,0.34709062722330175,23,L,0.32242424242424245,0.263030303030303,0.05,0.20636363636363636,0.4266666666666667,0.384,0.1270972397618618,0.19790727043117445,0.08837539432176655,0.17591503267973854,0.1852764423076923,0.10161290322580645,Michael Harris II
671913,6,2,2,0,1,0.48333333333333334,0.48333333333333334,24,R,0.32075471698113206,0.22641509433962265,0.08018867924528301,0.22169811320754718,0.3225806451612903,0.3225806451612903,0.09913793103448276,0.25862068965517243,0.08513513513513513,0.10921052631578948,0.10161290322580645,0.105,Damiano Palmegiani
671956,1,1,0,1,0,0.7,0.7,25,L,0.32673267326732675,0.21782178217821782,0.09405940594059406,0.22277227722772278,0.34615384615384615,0.34615384615384615,0.105,0.28,0.105,0.105,0.105,0.105,Noah Myers
671976,6,1,0,1,1,0.11666666666666665,0.11666666666666665,23,L,0.3113207547169811,0.20754716981132076,0.08962264150943396,0.22169811320754718,0.2903225806451613,0.2903225806451613,0.09722222222222222,0.2592592592592593,0.09545454545454546,0.09,0.105,0.105,Tristan Peters
672012,73,24,13,9,19,0.28013698630136985,0.2707555404732254,24,L,0.3236994219653179,0.2023121387283237,0.10115606936416185,0.2398843930635838,0.30666666666666664,0.32653061224489793,0.09587020648967552,0.15339233038348082,0.08132183908045977,0.08614457831325302,0.14097222222222222,0.105,Tyler Black
672016,9,5,3,2,2,0.5777777777777778,0.5777777777777778,23,R,0.3394495412844037,0.22935779816513763,0.0963302752293578,0.22477064220183487,0.38235294117647056,0.38235294117647056,0.105,0.28,0.105,0.105,0.105,0.105,Denzel Clarke
672018,13,3,1,1,2,0.27307692307692305,0.27307692307692305,23,R,0.30973451327433627,0.20353982300884957,0.084070796460177,0.2168141592920354,0.2894736842105263,0.2894736842105263,0.11904761904761904,0.25170068027210885,0.1060344827586207,0.13085106382978723,0.1296875,0.105,Dasan Brown
672275,823,238,175,60,207,0.2899149453219927,0.3166725466610641,25,S,0.29252437703141926,0.2134344528710726,0.07421451787648971,0.24864572047670638,0.32,0.28,0.10541439806412584,0.1297640653357532,0.07584958217270195,0.15552184466019417,0.12282127031019204,0.105,Patrick Bailey
672279,383,110,83,24,106,0.2634464751958225,0.250419160378351,25,L,0.2939958592132505,0.21739130434782608,0.06728778467908902,0.2660455486542443,0.29333333333333333,0.304,0.1217418944691672,0.13413858868404324,0.08565804274465692,0.1798076923076923,0.1470731707317073,0.10161290322580645,Michael Siani
672282,2,1,0,1,1,0.35,0.3458585,22,L,0.3235294117647059,0.21568627450980393,0.09313725490196079,0.23039215686274508,0.3333333333333333,0.3333333333333333,0.10454545454545454,0.26363636363636367,0.10375000000000001,0.105,0.105,0.105,Reid Detmers
672284,1522,429,294,129,459,0.2956636005256242,0.3116551763500236,25,L,0.2842170160295931,0.19482120838471023,0.08477188655980271,0.2968557336621455,0.26666666666666666,0.28,0.14062229904926535,0.15038893690579083,0.10162732474964234,0.16417950079660115,0.1999543795620438,0.105,Jarred Kelenic
672335,2,0,0,0,0,0.0,0.0725,25,R,0.3137254901960784,0.21568627450980393,0.08333333333333333,0.22058823529411764,0.2962962962962963,0.2962962962962963,0.1036036036036036,0.2522522522522523,0.10121951219512196,0.105,0.105,0.105,Cionel Pérez
672356,634,180,132,44,201,0.2970820189274448,0.3022910701374921,24,R,0.2888283378746594,0.2098092643051771,0.07152588555858311,0.30449591280653954,0.29333333333333333,0.256,0.19068877551020408,0.17431972789115646,0.16434959349593498,0.23775757575757575,0.17125435540069686,0.105,Gabriel Arias
672357,3,2,0,2,0,0.4666666666666666,0.4666666666666666,25,R,0.3300970873786408,0.21359223300970873,0.10194174757281553,0.21844660194174756,0.35714285714285715,0.35714285714285715,0.105,0.28,0.105,0.105,0.105,0.105,Jordy Barley
672359,3,1,1,0,1,0.3,0.3,23,S,0.32038834951456313,0.22330097087378642,0.0825242718446602,0.22815533980582525,0.32142857142857145,0.32142857142857145,0.105,0.28,0.105,0.105,0.105,0.105,Tirso Ornelas
672361,3,1,1,0,0,0.3,0.3,25,L,0.32038834951456313,0.22330097087378642,0.0825242718446602,0.21844660194174756,0.32142857142857145,0.32142857142857145,0.10294117647058823,0.27450980392156865,0.0984375,0.105,0.105,0.105,Agustin Ruiz
672373,1,0,0,0,0,0.0,0.0,25,R,0.31683168316831684,0.21782178217821782,0.08415841584158416,0.22277227722772278,0.3076923076923077,0.3076923076923077,0.10396039603960396,0.27722772277227725,0.105,0.10161290322580645,0.105,0.105,Jeferson Morales
672386,1621,560,374,169,189,0.33599629858112273,0.3410002352403147,26,R,0.34398605461940734,0.23009877977919815,0.1031377106333527,0.12289366647298082,0.36,0.312,0.05993332323079254,0.13456584330959237,0.043427769270035735,0.08043696634856856,0.09433823529411765,0.105,Alejandro Kirk
672457,1,0,0,0,1,0.0,0.0,23,R,0.31683168316831684,0.21782178217821782,0.08415841584158416,0.23267326732673269,0.3076923076923077,0.3076923076923077,0.105,0.28,0.105,0.105,0.105,0.105,Amador Arias
672460,3,0,0,0,2,0.0,0.0,22,L,0.3106796116504854,0.21359223300970873,0.0825242718446602,0.23786407766990292,0.2857142857142857,0.2857142857142857,0.105,0.28,0.105,0.105,0.105,0.105,Daniel Ozoria
672463,18,8,6,2,2,0.4583333333333333,0.4583333333333333,26,R,0.3389830508474576,0.23728813559322035,0.08898305084745763,0.2076271186440678,0.37209302325581395,0.37209302325581395,0.08865248226950355,0.22695035460992907,0.07980769230769232,0.09651162790697675,0.0875,0.105,Rafael Lantigua
672478,350,97,75,19,76,0.288,0.275837146814379,23,R,0.2866666666666667,0.21555555555555556,0.06111111111111111,0.21888888888888888,0.21333333333333335,0.24,0.14981412639405203,0.1895910780669145,0.07335820895522388,0.23321917808219178,0.21651982378854626,0.105,Jordan Diaz
672479,4,1,1,0,1,0.3125,0.3125,25,R,0.3173076923076923,0.22115384615384615,0.08173076923076923,0.22596153846153846,0.3103448275862069,0.3103448275862069,0.13025210084033614,0.2605042016806723,0.17023809523809524,0.11527777777777778,0.10161290322580645,0.105,Aldenis Sanchez
672515,904,308,220,81,163,0.33335176991150445,0.3177999941759698,24,R,0.3386454183266932,0.2410358565737052,0.08914342629482072,0.1847609561752988,0.38666666666666666,0.392,0.07940026075619296,0.12385919165580182,0.06516829052258637,0.09488155668358715,0.11467532467532467,0.105,Gabriel Moreno
672517,11,0,0,0,5,0.0,0.0,22,R,0.2882882882882883,0.1981981981981982,0.07657657657657657,0.24774774774774774,0.2222222222222222,0.2222222222222222,0.13865546218487396,0.2857142857142857,0.09,0.17875000000000002,0.15147058823529413,0.105,Johan Lopez
672537,3,0,0,0,0,0.0,0.0,24,R,0.3106796116504854,0.21359223300970873,0.0825242718446602,0.21844660194174756,0.2857142857142857,0.2857142857142857,0.09905660377358491,0.26415094339622647,0.09,0.10161290322580645,0.105,0.105,Dalvy Rosario
672544,6,4,4,0,1,0.7166666666666667,0.7166666666666667,23,S,0.33962264150943394,0.24528301886792453,0.08018867924528301,0.22169811320754718,0.3870967741935484,0.3870967741935484,0.105,0.28,0.105,0.105,0.105,0.105,César Izturis Jr.
672566,3,1,1,0,1,0.3,0.3,23,R,0.32038834951456313,0.22330097087378642,0.0825242718446602,0.22815533980582525,0.32142857142857145,0.32142857142857145,0.11160714285714286,0.2767857142857143,0.09264705882352942,0.14305555555555557,0.0984375,0.105,José Sánchez
672569,49,13,11,0,8,0.2857142857142857,0.25399662104152004,27,S,0.30201342281879195,0.2214765100671141,0.05704697986577181,0.20469798657718122,0.28378378378378377,0.28378378378378377,0.11732851985559567,0.21299638989169675,0.12217741935483871,0.1288732394366197,0.09930555555555556,0.105,Gustavo Campero
672578,4,0,0,0,4,0.0,0.0,24,R,0.3076923076923077,0.21153846153846154,0.08173076923076923,0.2548076923076923,0.27586206896551724,0.27586206896551724,0.13025210084033614,0.2605042016806723,0.1366666666666667,0.15147058823529413,0.105,0.105,Carlos Hernández
672580,1219,370,283,85,232,0.29557013945857263,0.3131113228279026,24,R,0.30477634571645185,0.2312357846853677,0.07088703563305535,0.1929492039423806,0.29333333333333333,0.264,0.06952503761014399,0.1038039974210187,0.06168507303170645,0.08366438356164384,0.07239999999999999,0.10161290322580645,Maikel Garcia
672596,3,0,0,0,2,0.0,0.0,23,R,0.3106796116504854,0.21359223300970873,0.0825242718446602,0.23786407766990292,0.2857142857142857,0.2857142857142857,0.105,0.28,0.105,0.105,0.105,0.105,Robert Perez Jr.
672613,2,2,1,1,0,0.975,0.975,24,S,0.3333333333333333,0.22549019607843138,0.09313725490196079,0.22058823529411764,0.37037037037037035,0.37037037037037035,0.10096153846153846,0.2692307692307693,0.09545454545454546,0.10161290322580645,0.105,0.105,Eliezer Alfonzo
672635,15,4,4,0,6,0.3333333333333333,0.3333333333333333,23,L,0.3130434782608696,0.22608695652173913,0.07391304347826087,0.24782608695652175,0.3,0.3,0.10550458715596331,0.26605504587155965,0.10921052631578948,0.105,0.10161290322580645,0.105,Luis Mieses
672640,473,147,117,29,79,0.3204016913319239,0.3053805974469382,26,R,0.31239092495637,0.2425828970331588,0.06544502617801047,0.17713787085514834,0.38666666666666666,0.376,0.10119047619047619,0.1621315192743764,0.07257720979765708,0.13084192439862544,0.14227467811158798,0.105,Otto Lopez
672642,65,20,11,9,22,0.2907692307692307,0.2566930461538462,25,S,0.3151515151515151,0.2,0.10606060606060606,0.2696969696969697,0.30666666666666664,0.3111111111111111,0.1173780487804878,0.14634146341463414,0.11370967741935484,0.12327586206896553,0.12364864864864865,0.105,Steward Berroa
672653,10,1,1,0,1,0.09,0.09,23,R,0.3,0.20909090909090908,0.07727272727272727,0.21363636363636362,0.2571428571428571,0.2571428571428571,0.11363636363636363,0.2545454545454546,0.0984375,0.12205882352941178,0.12205882352941178,0.105,Diego Infante
672656,3,1,1,0,2,0.3,0.3,23,S,0.32038834951456313,0.22330097087378642,0.0825242718446602,0.23786407766990292,0.32142857142857145,0.32142857142857145,0.1201923076923077,0.2884615384615385,0.10161290322580645,0.10161290322580645,0.1609375,0.105,Abiezel Ramirez
672692,2,0,0,0,0,0.0,0.0,22,R,0.3137254901960784,0.21568627450980393,0.08333333333333333,0.22058823529411764,0.2962962962962963,0.2962962962962963,0.09905660377358491,0.28301886792452835,0.09264705882352942,0.0984375,0.105,0.105,Jose Peroza
672695,1512,501,316,170,283,0.30965608465608463,0.2841852498355197,25,S,0.33064516129032256,0.20967741935483872,0.11073200992555832,0.18951612903225806,0.32,0.344,0.05839473271672676,0.0954695093274808,0.04799528301886793,0.07788749251944943,0.06600454029511918,0.10161290322580645,Geraldo Perdomo
672696,1,0,0,0,1,0.0,0.0,22,R,0.31683168316831684,0.21782178217821782,0.08415841584158416,0.23267326732673269,0.3076923076923077,0.3076923076923077,0.10849056603773585,0.26415094339622647,0.09264705882352942,0.105,0.1296875,0.105,Francisco Acuna
672701,58,19,15,3,14,0.2991379310344828,0.3117255689655173,25,L,0.3227848101265823,0.23417721518987342,0.07278481012658228,0.2310126582278481,0.36,0.3253012048192771,0.11442006269592477,0.25391849529780564,0.10766666666666666,0.11277777777777778,0.13260869565217392,0.105,José Devers
672724,297,86,55,22,69,0.2868686868686869,0.28837026305146674,24,R,0.2972292191435768,0.19395465994962216,0.07682619647355164,0.2304785894206549,0.24,0.28,0.1335431654676259,0.1510791366906475,0.09617886178861788,0.1720414201183432,0.2023489932885906,0.105,Oswald Peraza
672733,4,1,1,0,0,0.225,0.225,24,R,0.3173076923076923,0.22115384615384615,0.08173076923076923,0.21634615384615385,0.3103448275862069,0.3103448275862069,0.105,0.28,0.105,0.105,0.105,0.105,Marcos Gonzalez
672744,76,24,18,5,29,0.35855263157894735,0.30741744707923657,24,R,0.3181818181818182,0.22727272727272727,0.07670454545454546,0.29261363636363635,0.30666666666666664,0.31683168316831684,0.17383512544802868,0.17921146953405018,0.175,0.15576923076923077,0.21037735849056605,0.105,Alexander Canario
672760,2,0,0,0,2,0.0,0.0,23,R,0.3137254901960784,0.21568627450980393,0.08333333333333333,0.24019607843137256,0.2962962962962963,0.2962962962962963,0.10550458715596331,0.25688073394495414,0.09264705882352942,0.11857142857142858,0.105,0.105,Nerio Rodriguez
672761,448,135,100,34,99,0.31350446428571427,0.29391076876886096,25,S,0.30474452554744524,0.22262773722627738,0.07755474452554745,0.22171532846715328,0.32,0.304,0.09022750775594622,0.15305067218200621,0.08069444444444444,0.10213849287169043,0.10240793201133144,0.105,Wenceel Pérez
672766,1,0,0,0,0,0.0,0.0,23,L,0.31683168316831684,0.21782178217821782,0.08415841584158416,0.22277227722772278,0.3076923076923077,0.3076923076923077,0.105,0.28,0.105,0.105,0.105,0.105,Albert Suarez
672775,7,4,2,1,2,0.5571428571428572,0.5571428571428572,24,S,0.3364485981308411,0.22429906542056074,0.08878504672897196,0.22897196261682243,0.375,0.375,0.105,0.28,0.105,0.105,0.105,0.105,Ghordy Santos
672779,456,121,89,28,92,0.2718201754385965,0.2599541007672293,24,L,0.2751798561151079,0.19964028776978418,0.06564748201438848,0.20593525179856115,0.25333333333333335,0.24,0.08242389431361287,0.13785180930499713,0.05897832817337461,0.10913284132841328,0.11886363636363635,0.105,Tucupita Marcano
672820,583,150,127,18,132,0.2706689536878216,0.3062268799528894,24,R,0.2664714494875549,0.21815519765739386,0.038799414348462666,0.22620790629575402,0.38666666666666666,0.36,0.10508701472556894,0.19723337795626952,0.08437007874015748,0.12866022099447513,0.14470338983050846,0.10161290322580645,Lenyn Sosa
672823,6,2,2,0,2,0.3,0.3,23,R,0.32075471698113206,0.22641509433962265,0.08018867924528301,0.23113207547169812,0.3225806451612903,0.3225806451612903,0.12393162393162394,0.25641025641025644,0.10121951219512196,0.14714285714285716,0.1338709677419355,0.105,Sebastian Espino
672832,17,4,3,1,8,0.2647058823529412,0.27510258823529415,24,R,0.3076923076923077,0.21367521367521367,0.0811965811965812,0.2606837606837607,0.2857142857142857,0.2857142857142857,0.13636363636363635,0.2517482517482518,0.16636363636363638,0.11195652173913044,0.1296875,0.105,Israel Pineda
672850,4,1,1,0,2,0.3125,0.3125,24,R,0.3173076923076923,0.22115384615384615,0.08173076923076923,0.23557692307692307,0.3103448275862069,0.3103448275862069,0.11946902654867257,0.25663716814159293,0.10921052631578948,0.15147058823529413,0.10161290322580645,0.105,Jorge Caballero
672851,2,0,0,0,2,0.0,0.0,23,R,0.3137254901960784,0.21568627450980393,0.08333333333333333,0.24019607843137256,0.2962962962962963,0.2962962962962963,0.125,0.2592592592592593,0.1391891891891892,0.1338709677419355,0.105,0.105,Joan Adon
672858,1,1,0,1,0,0.7,0.7,24,L,0.32673267326732675,0.21782178217821782,0.09405940594059406,0.22277227722772278,0.34615384615384615,0.34615384615384615,0.105,0.28,0.105,0.105,0.105,0.105,Edwin Mateo
672905,3,2,2,0,0,0.6,0.6,23,R,0.3300970873786408,0.23300970873786409,0.0825242718446602,0.21844660194174756,0.35714285714285715,0.35714285714285715,0.10454545454545454,0.28181818181818186,0.10375000000000001,0.105,0.105,0.105,José Alvarez
673036,7,3,2,1,4,0.35714285714285715,0.35714285714285715,23,R,0.32710280373831774,0.22429906542056074,0.08878504672897196,0.24766355140186916,0.34375,0.34375,0.105,0.28,0.105,0.105,0.105,0.105,Miguel Perez
673045,3,0,0,0,1,0.0,0.0,23,L,0.3106796116504854,0.21359223300970873,0.0825242718446602,0.22815533980582525,0.2857142857142857,0.2857142857142857,0.105,0.28,0.105,0.105,0.105,0.105,Josue Huma
673237,1063,341,292,41,193,0.3547507055503293,0.35028446733634894,26,R,0.3207222699914015,0.2699914015477214,0.04256233877901978,0.18529664660361134,0.3333333333333333,0.328,0.13759114231704023,0.23656494733999459,0.11931318681318681,0.15559914407988587,0.15530785562632698,0.105,Yainer Diaz
673357,1798,576,459,93,467,0.3553948832035595,0.33946385512005495,27,R,0.3203371970495258,0.2534246575342466,0.05347734457323498,0.25790305584826134,0.32,0.296,0.1683884297520661,0.21233312142403052,0.1325206991720331,0.20050438596491227,0.22827260458839407,0.105,Luis Robert Jr.
673451,203,55,37,14,46,0.2517241379310345,0.2684757663576518,34,L,0.2871287128712871,0.19471947194719472,0.07425742574257425,0.22607260726072606,0.22666666666666666,0.272,0.08926487747957992,0.15752625437572929,0.05840248962655601,0.14039301310043667,0.11139705882352942,0.105,Shogo Akiyama
673461,29,7,7,0,11,0.33620689655172414,0.33620689655172414,25,R,0.3023255813953488,0.2248062015503876,0.06589147286821706,0.2596899224806202,0.2777777777777778,0.2777777777777778,0.15416666666666667,0.26666666666666666,0.19878048780487806,0.17083333333333334,0.09545454545454546,0.105,Yoelqui Céspedes
673476,7,2,1,1,0,0.2285714285714286,0.2285714285714286,29,L,0.3177570093457944,0.21495327102803738,0.08878504672897196,0.2102803738317757,0.3125,0.3125,0.09765625,0.25,0.09903846153846155,0.09,0.10161290322580645,0.105,Norel González
673490,2073,677,443,217,397,0.3233960443801254,0.30765497329723174,29,R,0.3262770363552692,0.21398987574781408,0.10377358490566038,0.19305108145421077,0.3333333333333333,0.336,0.06779166180077076,0.10463622562186149,0.05819323671497584,0.08441833590138675,0.0756393861892583,0.105,Ha-Seong Kim
673516,7,2,1,1,2,0.2285714285714286,0.2285714285714286,27,R,0.3177570093457944,0.21495327102803738,0.08878504672897196,0.22897196261682243,0.3125,0.3125,0.10775862068965517,0.24137931034482762,0.12875,0.0875,0.105,0.105,Victor Mesa
673548,1651,590,409,168,409,0.3730466384009691,0.3538552362850428,30,R,0.355225585379783,0.24614505996573385,0.10079954311821816,0.24643061107938322,0.4666666666666667,0.424,0.0834658187599364,0.1050729874259286,0.062459425717852686,0.10864285714285715,0.1220771144278607,0.105,Seiya Suzuki
673765,1,1,1,0,0,0.9,0.9,24,R,0.32673267326732675,0.22772277227722773,0.08415841584158416,0.22277227722772278,0.34615384615384615,0.34615384615384615,0.105,0.28,0.105,0.105,0.105,0.105,Mason Janvrin
673882,3,0,0,0,1,0.0,0.0,22,R,0.3106796116504854,0.21359223300970873,0.0825242718446602,0.22815533980582525,0.2857142857142857,0.2857142857142857,0.105,0.28,0.105,0.105,0.105,0.105,Freddvil Chevez
673893,9,5,2,2,3,0.5944444444444444,0.5944444444444444,26,R,0.3394495412844037,0.22018348623853212,0.0963302752293578,0.23394495412844038,0.38235294117647056,0.38235294117647056,0.13636363636363635,0.2727272727272727,0.19404761904761905,0.11216216216216217,0.0984375,0.105,Trevor Schwecke
673901,2,0,0,0,2,0.0,0.0,26,R,0.3137254901960784,0.21568627450980393,0.08333333333333333,0.24019607843137256,0.2962962962962963,0.2962962962962963,0.105,0.28,0.105,0.105,0.105,0.105,Vaun Brown
673962,908,276,224,46,265,0.3357929515418502,0.32279454786799294,26,R,0.3055555555555556,0.24404761904761904,0.05406746031746032,0.28521825396825395,0.32,0.304,0.13830400922988173,0.17911739255840783,0.09569205113952196,0.19230474732006125,0.15667613636363636,0.105,Josh Jung
673983,2,1,1,0,0,0.45,0.45,26,R,0.3235294117647059,0.22549019607843138,0.08333333333333333,0.22058823529411764,0.3333333333333333,0.3333333333333333,0.10294117647058823,0.27450980392156865,0.0984375,0.105,0.105,0.105,Josh Bissonette
673995,83,23,18,4,16,0.29819277108433734,0.3500540935575845,27,R,0.3005464480874317,0.2185792349726776,0.06830601092896176,0.2103825136612022,0.22666666666666666,0.28703703703703703,0.11732851985559567,0.19133574007220217,0.08388429752066116,0.1702247191011236,0.10789473684210527,0.105,Davis Wendzel
674330,3,1,0,1,1,0.2333333333333333,0.2333333333333333,24,L,0.32038834951456313,0.21359223300970873,0.09223300970873786,0.22815533980582525,0.32142857142857145,0.32142857142857145,0.11160714285714286,0.25000000000000006,0.11527777777777778,0.0984375,0.12205882352941178,0.105,Zac Cook
674441,78,22,10,8,20,0.24807692307692308,0.24706998428453267,27,L,0.30337078651685395,0.1797752808988764,0.09269662921348315,0.23876404494382023,0.30666666666666664,0.2912621359223301,0.08267716535433071,0.15485564304461943,0.06477832512315271,0.07295918367346939,0.14500000000000002,0.105,Jacob Hurtubise
674646,11,3,2,1,4,0.22727272727272727,0.22727272727272727,26,L,0.3153153153153153,0.21621621621621623,0.08558558558558559,0.23873873873873874,0.3055555555555556,0.3055555555555556,0.1201923076923077,0.2692307692307693,0.0984375,0.1609375,0.105,0.105,Tucker Bradley
674671,13,3,1,1,6,0.20384615384615384,0.20384615384615384,28,R,0.30973451327433627,0.20353982300884957,0.084070796460177,0.252212389380531,0.2894736842105263,0.2894736842105263,0.12053571428571429,0.2767857142857143,0.11216216216216217,0.12575757575757576,0.1296875,0.105,Robbie Glendinning
674677,8,3,2,0,1,0.3125,0.3125,26,R,0.32407407407407407,0.2222222222222222,0.0787037037037037,0.2175925925925926,0.3333333333333333,0.3333333333333333,0.10396039603960396,0.27722772277227725,0.10161290322580645,0.105,0.105,0.105,Trey Harris
674913,1,0,0,0,1,0.0,0.0,23,L,0.31683168316831684,0.21782178217821782,0.08415841584158416,0.23267326732673269,0.3076923076923077,0.3076923076923077,0.11057692307692307,0.2692307692307693,0.1296875,0.0984375,0.105,0.105,Chad Castillo
674951,8,2,2,0,1,0.26875,0.26875,27,R,0.3148148148148148,0.2222222222222222,0.0787037037037037,0.2175925925925926,0.30303030303030304,0.30303030303030304,0.11693548387096774,0.25806451612903225,0.09651162790697675,0.0875,0.1757142857142857,0.105,Nick Podkul
675085,7,5,4,1,2,0.6642857142857144,0.6642857142857144,22,R,0.34579439252336447,0.24299065420560748,0.08878504672897196,0.22897196261682243,0.40625,0.40625,0.11057692307692307,0.2692307692307693,0.12575757575757576,0.10161290322580645,0.105,0.105,Jonathon Long
675394,2,1,0,1,1,0.35,0.35,24,R,0.3235294117647059,0.21568627450980393,0.09313725490196079,0.23039215686274508,0.3333333333333333,0.3333333333333333,0.105,0.28,0.105,0.105,0.105,0.105,Johnny Olmstead
675448,6,2,2,0,1,0.4166666666666667,0.4166666666666667,25,R,0.32075471698113206,0.22641509433962265,0.08018867924528301,0.22169811320754718,0.3225806451612903,0.3225806451612903,0.11363636363636363,0.28181818181818186,0.09264705882352942,0.14714285714285716,0.10161290322580645,0.105,Blake Hunt
675455,9,2,2,0,3,0.2777777777777778,0.2777777777777778,23,L,0.3119266055045872,0.22018348623853212,0.0779816513761468,0.23394495412844038,0.29411764705882354,0.29411764705882354,0.10150375939849623,0.2556390977443609,0.10510204081632654,0.10921052631578948,0.0875,0.105,Milan Tolentino
675528,2,1,1,0,1,0.625,0.625,22,L,0.3235294117647059,0.22549019607843138,0.08333333333333333,0.23039215686274508,0.3333333333333333,0.3333333333333333,0.105,0.28,0.105,0.105,0.105,0.105,Victor Nova
675628,18,8,5,3,3,0.47500000000000003,0.47500000000000003,27,S,0.3389830508474576,0.2288135593220339,0.09745762711864407,0.21610169491525424,0.37209302325581395,0.37209302325581395,0.105,0.28,0.105,0.105,0.105,0.105,Darius Hill
675649,33,13,10,3,7,0.34696969696969693,0.3416060606060606,28,L,0.3383458646616541,0.24060150375939848,0.08646616541353383,0.22180451127819548,0.3620689655172414,0.3620689655172414,0.11556603773584906,0.22169811320754718,0.08956043956043956,0.1060344827586207,0.17264150943396228,0.105,Brian Miller
675656,404,103,78,22,119,0.2793316831683168,0.28353616082105065,28,R,0.26785714285714285,0.1984126984126984,0.060515873015873016,0.28075396825396826,0.25333333333333335,0.256,0.1498168498168498,0.19706959706959706,0.12286666666666668,0.19648187633262262,0.14080882352941176,0.105,Kevin Smith
675659,22,5,2,3,11,0.22727272727272727,0.2252695909090909,26,S,0.30327868852459017,0.19672131147540983,0.0942622950819672,0.27459016393442626,0.2765957446808511,0.2765957446808511,0.13742690058479531,0.21637426900584794,0.13904109589041097,0.12058823529411765,0.16621621621621624,0.105,Greg Jones
675662,3,1,1,0,0,0.3,0.3,27,R,0.32038834951456313,0.22330097087378642,0.0825242718446602,0.21844660194174756,0.32142857142857145,0.32142857142857145,0.10952380952380952,0.2666666666666667,0.0984375,0.105,0.12575757575757576,0.105,Matt Whatley
675910,12,3,3,0,5,0.25416666666666665,0.25416666666666665,28,R,0.3125,0.22321428571428573,0.07589285714285714,0.24553571428571427,0.2972972972972973,0.2972972972972973,0.14112903225806453,0.25806451612903225,0.13369565217391305,0.12205882352941178,0.1808823529411765,0.105,Chris Williams
675911,1,0,0,0,1,0.0,0.0,23,R,0.31683168316831684,0.21782178217821782,0.08415841584158416,0.23267326732673269,0.3076923076923077,0.3076923076923077,0.11057692307692307,0.27884615384615385,0.0984375,0.1296875,0.105,0.105,Spencer Strider
675915,13,5,4,1,3,0.4,0.4014615384615385,28,R,0.3274336283185841,0.23008849557522124,0.084070796460177,0.22566371681415928,0.34210526315789475,0.34210526315789475,0.12681159420289856,0.22463768115942032,0.08829787234042553,0.17941176470588235,0.105,0.105,David Bañuelos
675921,6,2,2,0,3,0.35833333333333334,0.17033333333333334,25,R,0.32075471698113206,0.22641509433962265,0.08018867924528301,0.24056603773584906,0.3225806451612903,0.3225806451612903,0.10074626865671642,0.2164179104477612,0.10081967213114755,0.09545454545454546,0.105,0.105,Spencer Howard
675925,5,3,0,1,0,0.41999999999999993,0.41999999999999993,27,S,0.3333333333333333,0.20952380952380953,0.09047619047619047,0.21428571428571427,0.36666666666666664,0.36666666666666664,0.10775862068965517,0.24137931034482762,0.1355263157894737,0.08289473684210526,0.105,0.105,Cullen Large
675961,221,60,42,15,62,0.25746606334841626,0.2579931832157612,25,R,0.2866043613707165,0.19937694704049844,0.07320872274143302,0.2632398753894081,0.22666666666666666,0.264,0.12627811860940696,0.1492842535787321,0.09085144927536232,0.15112179487179486,0.24182692307692305,0.105,Alika Williams
675966,11,4,4,0,5,0.32727272727272727,0.32727272727272727,24,L,0.32432432432432434,0.23423423423423423,0.07657657657657657,0.24774774774774774,0.3333333333333333,0.3333333333333333,0.105,0.28,0.105,0.105,0.105,0.105,Jesse Franklin V
675980,3,0,0,0,1,0.0,0.0,28,L,0.3106796116504854,0.21359223300970873,0.0825242718446602,0.22815533980582525,0.2857142857142857,0.2857142857142857,0.105,0.28,0.105,0.105,0.105,0.105,Matt Winaker
675986,87,26,17,8,25,0.34310344827586203,0.3440606736311647,24,L,0.31016042780748665,0.20855614973262032,0.08823529411764706,0.2540106951871658,0.26666666666666666,0.30357142857142855,0.10431654676258993,0.15827338129496402,0.06477832512315271,0.175,0.07803030303030303,0.105,Canaan Smith-Njigba
675994,12,5,2,3,5,0.4166666666666667,0.4166666666666667,25,R,0.33035714285714285,0.21428571428571427,0.10267857142857142,0.24553571428571427,0.35135135135135137,0.35135135135135137,0.10670731707317073,0.2073170731707317,0.11642857142857144,0.08469387755102041,0.11857142857142858,0.105,Devonte Brown
676002,5,1,1,0,1,0.18,0.18,24,R,0.3142857142857143,0.21904761904761905,0.08095238095238096,0.22380952380952382,0.3,0.3,0.12162162162162163,0.2702702702702703,0.12205882352941178,0.15147058823529413,0.09545454545454546,0.105,Juan Carlos Negret
676004,3,1,1,0,2,0.3,0.3,23,R,0.32038834951456313,0.22330097087378642,0.0825242718446602,0.23786407766990292,0.32142857142857145,0.32142857142857145,0.105,0.28,0.105,0.105,0.105,0.105,Walking Cabrera
676017,1,0,0,0,1,0.0,0.0,25,R,0.31683168316831684,0.21782178217821782,0.08415841584158416,0.23267326732673269,0.3076923076923077,0.3076923076923077,0.10952380952380952,0.2761904761904762,0.11857142857142858,0.105,0.105,0.105,Micael Ramirez
676021,3,1,1,0,0,0.3,0.3,23,R,0.32038834951456313,0.22330097087378642,0.0825242718446602,0.21844660194174756,0.32142857142857145,0.32142857142857145,0.11061946902654868,0.26548672566371684,0.13205128205128205,0.09264705882352942,0.105,0.105,Luis Santos
676024,3,0,0,0,2,0.0,0.0,25,L,0.3106796116504854,0.21359223300970873,0.0825242718446602,0.23786407766990292,0.2857142857142857,0.2857142857142857,0.12980769230769232,0.27884615384615385,0.18636363636363637,0.105,0.10161290322580645,0.105,Donta' Williams
676044,3,1,1,0,1,0.4166666666666667,0.4166666666666667,26,L,0.32038834951456313,0.22330097087378642,0.0825242718446602,0.22815533980582525,0.32142857142857145,0.32142857142857145,0.105,0.28,0.105,0.105,0.105,0.105,Bob Seymour
676045,3,0,0,0,2,0.0,0.0,25,R,0.3106796116504854,0.21359223300970873,0.0825242718446602,0.23786407766990292,0.2857142857142857,0.2857142857142857,0.12053571428571429,0.25892857142857145,0.11527777777777778,0.14305555555555557,0.105,0.105,Casey Martin
676050,1,0,0,0,1,0.0,0.0,25,R,0.31683168316831684,0.21782178217821782,0.08415841584158416,0.23267326732673269,0.3076923076923077,0.3076923076923077,0.12980769230769232,0.2692307692307693,0.1296875,0.1609375,0.105,0.105,Packy Naughton
676053,2,1,1,0,0,0.45,0.45,26,R,0.3235294117647059,0.22549019607843138,0.08333333333333333,0.22058823529411764,0.3333333333333333,0.3333333333333333,0.11057692307692307,0.2692307692307693,0.12205882352941178,0.105,0.105,0.105,Casey Opitz
676059,746,239,185,42,170,0.3435656836461126,0.3509534720946146,25,R,0.3203309692671395,0.24468085106382978,0.05969267139479906,0.22754137115839243,0.32,0.28,0.1247323340471092,0.15203426124197003,0.08793222683264178,0.15618034447821683,0.18756983240223465,0.10161290322580645,Jordan Westburg
676070,87,20,15,5,30,0.20977011494252873,0.2181125167501719,26,R,0.27807486631016043,0.19786096256684493,0.07219251336898395,0.2807486631016043,0.22666666666666666,0.25,0.10139860139860139,0.1445221445221445,0.11674107142857142,0.0832089552238806,0.08442622950819673,0.105,Jacob Amaya
676073,5,3,2,1,1,0.72,0.72,27,R,0.3333333333333333,0.22857142857142856,0.09047619047619047,0.22380952380952382,0.36666666666666664,0.36666666666666664,0.11946902654867257,0.27433628318584075,0.10375000000000001,0.15606060606060607,0.105,0.105,Scott Schreiber
676075,3,0,0,0,1,0.0,0.0,24,L,0.3106796116504854,0.21359223300970873,0.0825242718446602,0.22815533980582525,0.2857142857142857,0.2857142857142857,0.105,0.28,0.105,0.105,0.105,0.105,Abdiel Layer
676085,1,0,0,0,1,0.0,0.0,27,L,0.31683168316831684,0.21782178217821782,0.08415841584158416,0.23267326732673269,0.3076923076923077,0.3076923076923077,0.12980769230769232,0.2884615384615385,0.1338709677419355,0.10161290322580645,0.1609375,0.105,Colby Fitch
676113,94,28,17,11,28,0.29202127659574467,0.2702650081974763,26,L,0.30927835051546393,0.20103092783505155,0.10051546391752578,0.2603092783505155,0.32,0.3025210084033613,0.12377450980392157,0.15441176470588236,0.10971563981042654,0.11262626262626263,0.1721590909090909,0.105,Zach DeLoach
676116,671,232,119,98,228,0.3266766020864381,0.31880550807901453,28,L,0.3424124513618677,0.1828793774319066,0.13813229571984437,0.32490272373540857,0.26666666666666666,0.264,0.1443918426802622,0.09978150036416605,0.13208637469586376,0.15101394169835236,0.19586092715231787,0.10161290322580645,Ryan Noda
676155,2,0,0,0,0,0.0,0.0,25,L,0.3137254901960784,0.21568627450980393,0.08333333333333333,0.22058823529411764,0.2962962962962963,0.2962962962962963,0.09722222222222222,0.2592592592592593,0.09264705882352942,0.09264705882352942,0.105,0.105,Will Frizzell
676198,14,6,4,2,3,0.43571428571428567,0.43571428571428567,28,R,0.3333333333333333,0.22807017543859648,0.09210526315789473,0.2236842105263158,0.358974358974359,0.358974358974359,0.10305343511450382,0.24427480916030533,0.065625,0.1430232558139535,0.105,0.105,Chase Pinder
676203,2,1,0,1,1,0.35,0.35,24,R,0.3235294117647059,0.21568627450980393,0.09313725490196079,0.23039215686274508,0.3333333333333333,0.3333333333333333,0.105,0.28,0.105,0.105,0.105,0.105,Marcos Castañon
676205,4,1,0,1,2,0.175,0.175,24,R,0.3173076923076923,0.21153846153846154,0.09134615384615384,0.23557692307692307,0.3103448275862069,0.3103448275862069,0.11538461538461539,0.27350427350427353,0.13205128205128205,0.09545454545454546,0.11857142857142858,0.105,Tyler Hardman
676220,2,0,0,0,0,0.0,0.114,25,R,0.3137254901960784,0.21568627450980393,0.08333333333333333,0.22058823529411764,0.2962962962962963,0.2962962962962963,0.10952380952380952,0.2666666666666667,0.11857142857142858,0.105,0.105,0.105,Seth Elledge
676265,3,1,1,0,1,0.3,0.12066666666666666,26,R,0.32038834951456313,0.22330097087378642,0.0825242718446602,0.22815533980582525,0.32142857142857145,0.32142857142857145,0.11467889908256881,0.26605504587155965,0.10921052631578948,0.1338709677419355,0.105,0.105,Cory Abbott
676278,3,1,1,0,1,0.4166666666666667,0.4166666666666667,27,R,0.32038834951456313,0.22330097087378642,0.0825242718446602,0.22815533980582525,0.32142857142857145,0.32142857142857145,0.11057692307692307,0.27884615384615385,0.09545454545454546,0.1338709677419355,0.105,0.105,Willy Yahn
676280,5,3,2,0,1,0.5,0.5,25,L,0.3333333333333333,0.22857142857142856,0.08095238095238096,0.22380952380952382,0.36666666666666664,0.36666666666666664,0.10176991150442478,0.25663716814159293,0.09,0.12575757575757576,0.09,0.105,Tyler Dearden
676288,4,0,0,0,3,0.225,0.225,25,L,0.3076923076923077,0.21153846153846154,0.08173076923076923,0.24519230769230768,0.27586206896551724,0.27586206896551724,0.16810344827586207,0.29310344827586204,0.18333333333333335,0.1757142857142857,0.1609375,0.105,Baron Radcliff
676309,9,2,1,0,4,0.17777777777777778,0.17777777777777778,26,L,0.3119266055045872,0.21100917431192662,0.0779816513761468,0.24311926605504589,0.29411764705882354,0.29411764705882354,0.1220472440944882,0.24409448818897642,0.09431818181818183,0.17439024390243904,0.0984375,0.105,Zach Britton
676327,2,1,1,0,0,0.45,0.45,26,L,0.3235294117647059,0.22549019607843138,0.08333333333333333,0.22058823529411764,0.3333333333333333,0.3333333333333333,0.10267857142857142,0.2678571428571429,0.08289473684210526,0.12205882352941178,0.105,0.105,Kyle Marinconz
676332,1,0,0,0,0,0.0,0.0,28,R,0.31683168316831684,0.21782178217821782,0.08415841584158416,0.22277227722772278,0.3076923076923077,0.3076923076923077,0.105,0.28,0.105,0.105,0.105,0.105,Caleb Knight
676356,411,115,83,28,88,0.29014598540145986,0.2741259794164569,26,R,0.2876712328767123,0.2054794520547945,0.07142857142857142,0.2162426614481409,0.30666666666666664,0.344,0.1163151364764268,0.20595533498759305,0.082046783625731,0.1493859649122807,0.17598870056497173,0.105,Jonny DeLuca
676369,647,183,121,55,191,0.3168469860896445,0.321521805519701,26,R,0.2878179384203481,0.19143239625167335,0.08500669344042838,0.285809906291834,0.26666666666666666,0.264,0.15855604307937773,0.14439569206222577,0.13596563011456628,0.16124324324324324,0.23185714285714287,0.105,Nelson Velázquez
676378,1,0,0,0,1,0.0,0.0,27,R,0.31683168316831684,0.21782178217821782,0.08415841584158416,0.23267326732673269,0.3076923076923077,0.3076923076923077,0.105,0.28,0.105,0.105,0.105,0.105,Cody Bohanek
676391,865,250,210,33,97,0.30913294797687857,0.30212053368430836,28,S,0.2922279792746114,0.24041450777202072,0.043005181347150256,0.12383419689119171,0.29333333333333333,0.288,0.07157857892894645,0.1960098004900245,0.05364259028642591,0.09187845303867404,0.10163690476190476,0.105,Ernie Clement
676419,4,1,1,0,2,0.225,0.225,25,R,0.3173076923076923,0.22115384615384615,0.08173076923076923,0.23557692307692307,0.3103448275862069,0.3103448275862069,0.105,0.28,0.105,0.105,0.105,0.105,Randy Bednar
676423,7,2,2,0,3,0.2571428571428572,0.2571428571428572,26,R,0.3177570093457944,0.22429906542056074,0.0794392523364486,0.2383177570093458,0.3125,0.3125,0.1228813559322034,0.24576271186440682,0.12875,0.11527777777777778,0.1296875,0.105,Dylan Rock
676424,1,0,0,0,1,0.0,0.0,26,R,0.31683168316831684,0.21782178217821782,0.08415841584158416,0.23267326732673269,0.3076923076923077,0.3076923076923077,0.11165048543689321,0.2718446601941748,0.1296875,0.10161290322580645,0.105,0.105,Alec Bettinger
676439,29,12,6,6,5,0.36724137931034484,0.33259524137931035,27,L,0.34108527131782945,0.21705426356589147,0.1124031007751938,0.2131782945736434,0.37037037037037035,0.37037037037037035,0.08908045977011494,0.1839080459770115,0.08937500000000001,0.08829787234042553,0.08513513513513513,0.105,Hunter Feduccia
676443,4,0,0,0,2,0.225,0.225,27,R,0.3076923076923077,0.21153846153846154,0.08173076923076923,0.23557692307692307,0.27586206896551724,0.27586206896551724,0.12857142857142856,0.2761904761904762,0.1609375,0.10161290322580645,0.1296875,0.105,Demetrius Sims
676463,3,0,0,0,2,0.0,0.0,26,S,0.3106796116504854,0.21359223300970873,0.0825242718446602,0.23786407766990292,0.2857142857142857,0.2857142857142857,0.10747663551401869,0.26168224299065423,0.12205882352941178,0.10161290322580645,0.0984375,0.105,Hayden Cantrelle
676466,5,2,1,0,1,0.32,0.32,26,R,0.3238095238095238,0.21904761904761905,0.08095238095238096,0.22380952380952382,0.3333333333333333,0.3333333333333333,0.11682242990654206,0.2710280373831776,0.1391891891891892,0.105,0.105,0.105,Jack Winkler
676473,9,3,1,2,0,0.4555555555555555,0.4555555555555555,26,R,0.3211009174311927,0.21100917431192662,0.0963302752293578,0.20642201834862386,0.3235294117647059,0.3235294117647059,0.0945945945945946,0.2702702702702703,0.0875,0.09,0.105,0.105,Lamar Sparks
676475,1072,330,254,67,139,0.3222481343283582,0.33695419393638343,26,L,0.30887372013651876,0.2354948805460751,0.064419795221843,0.13779863481228669,0.32,0.296,0.09349066390041494,0.17712655601659752,0.0881930693069307,0.09395061728395063,0.10990180032733225,0.105,Alec Burleson
676477,2,1,1,0,1,0.45,0.4145,25,L,0.3235294117647059,0.22549019607843138,0.08333333333333333,0.23039215686274508,0.3333333333333333,0.3333333333333333,0.11904761904761904,0.2666666666666667,0.15147058823529413,0.10161290322580645,0.105,0.105,Garrett Whitlock
676480,415,107,71,32,154,0.24867469879518073,0.24253464632516814,26,R,0.26990291262135924,0.18058252427184465,0.07864077669902912,0.34271844660194173,0.26666666666666666,0.28,0.1781389420012747,0.20140216698534097,0.10762599469496022,0.25944,0.19527777777777777,0.105,José Barrero
676509,5,2,2,0,1,0.58,0.58,26,R,0.3238095238095238,0.22857142857142856,0.08095238095238096,0.22380952380952382,0.3333333333333333,0.3333333333333333,0.1115702479338843,0.2644628099173554,0.10375000000000001,0.12560975609756098,0.105,0.105,Josh Crouch
676513,1,0,0,0,0,0.0,0.0,23,R,0.31683168316831684,0.21782178217821782,0.08415841584158416,0.22277227722772278,0.3076923076923077,0.3076923076923077,0.11057692307692307,0.2692307692307693,0.1296875,0.0984375,0.105,0.105,Joab Gonzalez
676545,5,0,0,0,0,0.0,0.0,25,L,0.3047619047619048,0.20952380952380953,0.08095238095238096,0.21428571428571427,0.26666666666666666,0.26666666666666666,0.10267857142857142,0.25892857142857145,0.10641025641025642,0.0984375,0.10161290322580645,0.105,Anthony Servideo
676549,2,1,0,0,1,0.35,0.35,23,R,0.3235294117647059,0.21568627450980393,0.08333333333333333,0.23039215686274508,0.3333333333333333,0.3333333333333333,0.105,0.28,0.105,0.105,0.105,0.105,Jamal O'Guinn
676551,33,8,5,3,14,0.26515151515151514,0.27315151515151515,28,R,0.3007518796992481,0.20300751879699247,0.08646616541353383,0.2744360902255639,0.27586206896551724,0.27586206896551724,0.15100671140939598,0.2483221476510067,0.16339285714285715,0.1618421052631579,0.1366666666666667,0.105,Brewer Hicklen
676566,4,2,1,1,1,0.675,0.675,25,R,0.3269230769230769,0.22115384615384615,0.09134615384615384,0.22596153846153846,0.3448275862068966,0.3448275862068966,0.10245901639344263,0.23770491803278693,0.07325581395348837,0.1355263157894737,0.10161290322580645,0.105,Shawn Ross
676572,89,26,23,3,21,0.32303370786516855,0.3250036830277942,27,R,0.30687830687830686,0.23809523809523808,0.06084656084656084,0.23015873015873015,0.28,0.2982456140350877,0.11234567901234568,0.17530864197530865,0.09171122994652406,0.16076388888888887,0.06484375,0.105,Eric Wagaman
676595,17,6,5,1,2,0.5411764705882353,0.5411764705882353,28,R,0.3247863247863248,0.23076923076923078,0.0811965811965812,0.2094017094017094,0.3333333333333333,0.3333333333333333,0.105,0.28,0.105,0.105,0.105,0.105,Jake Scheiner
676596,1,0,0,0,1,0.0,0.0,25,R,0.31683168316831684,0.21782178217821782,0.08415841584158416,0.23267326732673269,0.3076923076923077,0.3076923076923077,0.11057692307692307,0.27884615384615385,0.0984375,0.1296875,0.105,0.105,Josh Fleming
676598,2,0,0,0,0,0.0,0.0,23,L,0.3137254901960784,0.21568627450980393,0.08333333333333333,0.22058823529411764,0.2962962962962963,0.2962962962962963,0.105,0.28,0.105,0.105,0.105,0.105,Nathan Perry
676604,1,0,0,0,1,0.0,0.0,26,R,0.31683168316831684,0.21782178217821782,0.08415841584158416,0.23267326732673269,0.3076923076923077,0.3076923076923077,0.10849056603773585,0.26415094339622647,0.11857142857142858,0.10161290322580645,0.105,0.105,Tyler Zuber
676609,812,247,160,59,216,0.2970443349753694,0.27775600554284385,28,R,0.3059210526315789,0.19956140350877194,0.07401315789473684,0.26151315789473684,0.29333333333333333,0.256,0.11979329783902286,0.17413091136861886,0.08928977272727273,0.15269767441860466,0.1728448275862069,0.105,José Caballero
676613,2,0,0,0,0,0.45,0.45,23,L,0.3137254901960784,0.21568627450980393,0.08333333333333333,0.22058823529411764,0.2962962962962963,0.2962962962962963,0.105,0.28,0.105,0.105,0.105,0.105,Tyler Esplin
676625,63,17,11,5,26,0.26666666666666666,0.2645271904761905,28,R,0.3006134969325153,0.20245398773006135,0.08282208588957055,0.29754601226993865,0.26666666666666666,0.2840909090909091,0.11847389558232932,0.1686746987951807,0.11791666666666667,0.12039473684210526,0.11976744186046512,0.105,Rylan Bannon
676627,8,3,3,0,2,0.38125,0.38125,25,R,0.32407407407407407,0.23148148148148148,0.0787037037037037,0.22685185185185186,0.3333333333333333,0.3333333333333333,0.105,0.28,0.105,0.105,0.105,0.105,Tyreque Reed
676628,103,22,16,5,35,0.2524271844660194,0.31391277181656246,29,L,0.2660098522167488,0.18719211822660098,0.0665024630541872,0.2832512315270936,0.29333333333333333,0.232,0.16913580246913582,0.2,0.1435064935064935,0.2561320754716981,0.12327586206896553,0.105,Mark Contreras
676632,273,82,54,27,71,0.29725274725274725,0.3137645659278829,28,L,0.30563002680965146,0.2037533512064343,0.09517426273458444,0.25067024128686327,0.32,0.304,0.12747747747747748,0.12882882882882882,0.07907180385288967,0.1394915254237288,0.2314102564102564,0.105,Bligh Madris
676646,55,15,13,1,19,0.2809090909090909,0.27280519480519483,29,L,0.3032258064516129,0.22580645161290322,0.06129032258064516,0.267741935483871,0.30666666666666664,0.2875,0.12737642585551331,0.20532319391634982,0.126171875,0.10214285714285715,0.16636363636363638,0.105,Zach Reks
676667,1,0,0,0,1,0.0,0.0,24,R,0.31683168316831684,0.21782178217821782,0.08415841584158416,0.23267326732673269,0.3076923076923077,0.3076923076923077,0.11165048543689321,0.28155339805825247,0.1338709677419355,0.0984375,0.105,0.105,Justin Connell
676678,7,3,1,2,2,0.32857142857142857,0.32857142857142857,25,L,0.32710280373831774,0.21495327102803738,0.09813084112149532,0.22897196261682243,0.34375,0.34375,0.09328358208955224,0.2164179104477612,0.10729166666666667,0.07875,0.0875,0.105,PK Morris
676679,41,9,7,1,15,0.25853658536585367,0.27705346341463416,25,R,0.2907801418439716,0.20567375886524822,0.0673758865248227,0.26595744680851063,0.25757575757575757,0.25757575757575757,0.18263473053892215,0.23952095808383234,0.17153846153846156,0.2372340425531915,0.15888888888888889,0.105,Luis Vázquez
676694,1226,357,254,79,323,0.29588091353996737,0.29140470981900474,28,R,0.2933634992458522,0.2081447963800905,0.06598793363499246,0.2605580693815988,0.29333333333333333,0.248,0.12543215211754538,0.1512532411408816,0.08325591216216216,0.1515868263473054,0.22267241379310346,0.105,Jake Meyers
676701,532,145,111,29,130,0.2806390977443609,0.27492709272031557,28,R,0.2800632911392405,0.21044303797468356,0.05933544303797468,0.2412974683544304,0.24,0.272,0.1171013039117352,0.1815446339017051,0.08466726618705037,0.16558028616852147,0.1405349794238683,0.105,Alan Trejo
676722,1,0,0,0,0,0.0,0.0,25,R,0.31683168316831684,0.21782178217821782,0.08415841584158416,0.22277227722772278,0.3076923076923077,0.3076923076923077,0.105,0.28,0.105,0.105,0.105,0.105,Marcus Chiu
676724,100,31,19,11,26,0.3465,0.3123022216501146,29,S,0.315,0.205,0.0975,0.2425,0.30666666666666664,0.312,0.14487179487179488,0.17435897435897435,0.14075,0.1578125,0.14464285714285716,0.105,Jared Young
676733,15,4,3,1,6,0.3733333333333333,0.3733333333333333,24,L,0.3130434782608696,0.21739130434782608,0.08260869565217391,0.24782608695652175,0.3,0.3,0.13214285714285715,0.24285714285714285,0.12551020408163266,0.1430232558139535,0.1355263157894737,0.105,Mason Martin
676759,9,2,0,1,2,0.15555555555555556,0.15555555555555556,25,S,0.3119266055045872,0.2018348623853211,0.0871559633027523,0.22477064220183487,0.29411764705882354,0.29411764705882354,0.10096153846153846,0.2692307692307693,0.09545454545454546,0.105,0.10161290322580645,0.105,Korry Howell
676761,15,1,1,0,7,0.060000000000000005,0.13466666666666666,28,L,0.28695652173913044,0.2,0.07391304347826087,0.2565217391304348,0.225,0.225,0.12828947368421054,0.2565789473684211,0.07155172413793104,0.15888888888888889,0.18333333333333335,0.105,Irving Lopez
676762,4,1,1,0,1,0.4,0.4,24,L,0.3173076923076923,0.22115384615384615,0.08173076923076923,0.22596153846153846,0.3103448275862069,0.3103448275862069,0.105,0.28,0.105,0.105,0.105,0.105,Frankie Tostado
676782,12,7,5,2,3,0.4916666666666667,0.5272073333333334,27,L,0.3482142857142857,0.24107142857142858,0.09375,0.22767857142857142,0.40540540540540543,0.40540540540540543,0.13671875,0.25,0.19062500000000002,0.08289473684210526,0.1296875,0.105,Mickey McDonald
676801,1614,527,358,144,447,0.3355018587360595,0.32028168654061573,29,R,0.32613768961493583,0.22170361726954493,0.08897316219369895,0.27392065344224037,0.30666666666666664,0.288,0.14614526919401083,0.15801210576616756,0.12356421356421356,0.16960875640428505,0.18925304878048782,0.105,Chas McCormick
676803,6,2,1,1,4,0.3833333333333333,0.3833333333333333,27,L,0.32075471698113206,0.2169811320754717,0.08962264150943396,0.25,0.3225806451612903,0.3225806451612903,0.105,0.28,0.105,0.105,0.105,0.105,Connor Hoover
676811,1,1,1,0,0,0.9,0.9,28,R,0.32673267326732675,0.22772277227722773,0.08415841584158416,0.22277227722772278,0.34615384615384615,0.34615384615384615,0.10096153846153846,0.27884615384615385,0.10161290322580645,0.09545454545454546,0.105,0.105,Quincy Nieporte
676812,3,1,1,0,2,0.4166666666666667,0.4166666666666667,26,R,0.32038834951456313,0.22330097087378642,0.0825242718446602,0.23786407766990292,0.32142857142857145,0.32142857142857145,0.105,0.28,0.105,0.105,0.105,0.105,Carson McCusker
676827,1,0,0,0,0,0.0,0.0,29,R,0.31683168316831684,0.21782178217821782,0.08415841584158416,0.22277227722772278,0.3076923076923077,0.3076923076923077,0.105,0.28,0.105,0.105,0.105,0.105,JJ Muno
676840,17,5,4,1,4,0.2529411764705882,0.21663041176470588,27,R,0.3162393162393162,0.2222222222222222,0.0811965811965812,0.2264957264957265,0.30952380952380953,0.30952380952380953,0.14516129032258066,0.25161290322580643,0.10833333333333334,0.22555555555555556,0.12205882352941178,0.105,Matt Peacock
676847,13,6,3,3,4,0.3961538461538462,0.3961538461538462,27,L,0.336283185840708,0.22123893805309736,0.10176991150442478,0.2345132743362832,0.3684210526315789,0.3684210526315789,0.10267857142857142,0.25892857142857145,0.0875,0.0984375,0.12205882352941178,0.105,Shane Matheny
676857,11,2,2,0,2,0.2636363636363636,0.2636363636363636,30,R,0.3063063063063063,0.21621621621621623,0.07657657657657657,0.22072072072072071,0.2777777777777778,0.2777777777777778,0.125,0.29310344827586204,0.0875,0.1757142857142857,0.11857142857142858,0.105,Jancarlos Cintron
676879,3,1,0,1,2,0.2333333333333333,0.23057233333333335,23,R,0.32038834951456313,0.21359223300970873,0.09223300970873786,0.23786407766990292,0.32142857142857145,0.32142857142857145,0.11538461538461539,0.23931623931623935,0.13369565217391305,0.10161290322580645,0.105,0.105,Aaron Ashby
676882,2,0,0,0,1,0.0,0.151,27,R,0.3137254901960784,0.21568627450980393,0.08333333333333333,0.23039215686274508,0.2962962962962963,0.2962962962962963,0.10396039603960396,0.27722772277227725,0.10161290322580645,0.105,0.105,0.105,Chandler Seagle
676896,10,2,1,1,4,0.195,0.195,28,R,0.3090909090909091,0.20909090909090908,0.08636363636363636,0.2409090909090909,0.2857142857142857,0.2857142857142857,0.11682242990654206,0.28971962616822433,0.12205882352941178,0.12575757575757576,0.105,0.105,Chris Roller
676900,13,5,2,3,4,0.3269230769230769,0.3655936153846154,27,R,0.3274336283185841,0.21238938053097345,0.10176991150442478,0.2345132743362832,0.34210526315789475,0.34210526315789475,0.125,0.25806451612903225,0.07875,0.19404761904761905,0.10161290322580645,0.10161290322580645,Ryan Dorow
676913,3,1,1,0,1,0.3,0.3,28,R,0.32038834951456313,0.22330097087378642,0.0825242718446602,0.22815533980582525,0.32142857142857145,0.32142857142857145,0.09813084112149532,0.26168224299065423,0.09,0.0984375,0.105,0.105,Zach Jarrett
676914,615,188,109,70,192,0.3098373983739838,0.303229995399477,25,R,0.3076923076923077,0.18321678321678322,0.10979020979020979,0.3,0.28,0.232,0.12361827560795874,0.1182756079587325,0.11454033771106942,0.12583333333333335,0.16353846153846152,0.105,Davis Schneider
676919,8,4,2,2,2,0.5375,0.5375,26,R,0.3333333333333333,0.2222222222222222,0.09722222222222222,0.22685185185185186,0.36363636363636365,0.36363636363636365,0.10849056603773585,0.2735849056603774,0.09264705882352942,0.1296875,0.105,0.105,Brent Diaz
676939,8,3,2,1,1,0.3125,0.3125,28,R,0.32407407407407407,0.2222222222222222,0.08796296296296297,0.2175925925925926,0.3333333333333333,0.3333333333333333,0.0942622950819672,0.2295081967213115,0.06847826086956521,0.11527777777777778,0.105,0.105,Jimmy Herron
676946,195,61,36,23,43,0.2923076923076923,0.24962845347985346,29,R,0.3152542372881356,0.19661016949152543,0.10677966101694915,0.22203389830508474,0.37333333333333335,0.32,0.09168865435356201,0.17282321899736147,0.0724099099099099,0.1381516587677725,0.07688172043010753,0.105,Matthew Batten
676950,57,13,7,6,17,0.2,0.2611990588235294,28,R,0.28662420382165604,0.18471337579617833,0.09235668789808917,0.2515923566878981,0.25333333333333335,0.25609756097560976,0.10653409090909091,0.1875,0.07232142857142858,0.1240566037735849,0.16397058823529412,0.105,David MacKinnon
676976,3,1,0,1,1,0.2333333333333333,0.2333333333333333,27,L,0.32038834951456313,0.21359223300970873,0.09223300970873786,0.22815533980582525,0.32142857142857145,0.32142857142857145,0.105,0.28,0.105,0.105,0.105,0.105,Trey Hair
677007,1,0,0,0,0,0.0,0.0,25,R,0.31683168316831684,0.21782178217821782,0.08415841584158416,0.22277227722772278,0.3076923076923077,0.3076923076923077,0.10396039603960396,0.27722772277227725,0.10161290322580645,0.105,0.105,0.105,Josh Breaux
677008,179,58,40,13,50,0.3329608938547486,0.3159644108356313,25,L,0.3225806451612903,0.2222222222222222,0.07706093189964158,0.25985663082437277,0.29333333333333333,0.344,0.14853556485355648,0.20641562064156208,0.10886243386243386,0.1898009950248756,0.204296875,0.105,Heston Kjerstad
677041,2,2,2,0,0,1.075,1.075,23,R,0.3333333333333333,0.23529411764705882,0.08333333333333333,0.22058823529411764,0.37037037037037035,0.37037037037037035,0.105,0.28,0.105,0.105,0.105,0.105,Jake Boone
677049,1,0,0,0,1,0.0,0.0,26,L,0.31683168316831684,0.21782178217821782,0.08415841584158416,0.23267326732673269,0.3076923076923077,0.3076923076923077,0.105,0.28,0.105,0.105,0.105,0.105,Josh Hatcher
677060,9,2,2,0,5,0.23888888888888887,0.23888888888888887,25,R,0.3119266055045872,0.22018348623853212,0.0779816513761468,0.25229357798165136,0.29411764705882354,0.29411764705882354,0.10294117647058823,0.2843137254901961,0.105,0.0984375,0.105,0.105,Chad Stevens
677068,2,0,0,0,1,0.0,0.0,27,R,0.3137254901960784,0.21568627450980393,0.08333333333333333,0.23039215686274508,0.2962962962962963,0.2962962962962963,0.105,0.28,0.105,0.105,0.105,0.105,Tyler Osik
677223,1,0,0,0,1,0.0,0.0,27,L,0.31683168316831684,0.21782178217821782,0.08415841584158416,0.23267326732673269,0.3076923076923077,0.3076923076923077,0.10952380952380952,0.2761904761904762,0.09264705882352942,0.105,0.1338709677419355,0.105,Jack Larsen
677295,2,1,0,1,1,0.35,0.35,22,R,0.3235294117647059,0.21568627450980393,0.09313725490196079,0.23039215686274508,0.3333333333333333,0.3333333333333333,0.105,0.28,0.105,0.105,0.105,0.105,Micah Bello
677307,2,1,1,0,1,0.45,0.45,22,L,0.3235294117647059,0.22549019607843138,0.08333333333333333,0.23039215686274508,0.3333333333333333,0.3333333333333333,0.10849056603773585,0.26415094339622647,0.09545454545454546,0.1296875,0.10161290322580645,0.105,Alex Guerrero
677319,4,1,0,1,1,0.175,0.175,24,L,0.3173076923076923,0.21153846153846154,0.09134615384615384,0.22596153846153846,0.3103448275862069,0.3103448275862069,0.105,0.28,0.105,0.105,0.105,0.105,Cameron Barstad
677341,4,1,1,0,0,0.225,0.225,24,R,0.3173076923076923,0.22115384615384615,0.08173076923076923,0.21634615384615385,0.3103448275862069,0.3103448275862069,0.10648148148148148,0.2777777777777778,0.11527777777777778,0.10161290322580645,0.10161290322580645,0.105,Osiris Johnson
677342,1,0,0,0,0,0.0,0.0,23,L,0.31683168316831684,0.21782178217821782,0.08415841584158416,0.22277227722772278,0.3076923076923077,0.3076923076923077,0.105,0.28,0.105,0.105,0.105,0.105,Brock Jones
677347,104,22,10,11,34,0.21057692307692305,0.25223528580579857,23,R,0.2647058823529412,0.1568627450980392,0.09558823529411764,0.2769607843137255,0.25333333333333335,0.232,0.12906309751434034,0.14722753346080306,0.09685185185185184,0.1524242424242424,0.19423076923076923,0.105,Kyren Paris
677356,4,0,0,0,1,0.0,0.0,23,L,0.3076923076923077,0.21153846153846154,0.08173076923076923,0.22596153846153846,0.27586206896551724,0.27586206896551724,0.1,0.2666666666666667,0.09264705882352942,0.105,0.10161290322580645,0.105,Carter Young
677551,1218,408,309,93,152,0.35254515599343184,0.34271690649565684,22,S,0.3338391502276176,0.2511380880121396,0.07701062215477997,0.13239757207890743,0.41333333333333333,0.344,0.06506696428571429,0.14575892857142858,0.0465160472972973,0.0843092406221409,0.08736372646184341,0.105,Wander Franco
677570,5,2,0,2,1,0.27999999999999997,0.27999999999999997,22,S,0.3238095238095238,0.20952380952380953,0.1,0.22380952380952382,0.3333333333333333,0.3333333333333333,0.10648148148148148,0.26851851851851855,0.11857142857142858,0.10161290322580645,0.0984375,0.105,Aaron Bracho
677578,25,11,10,1,1,0.41600000000000004,0.41600000000000004,24,L,0.344,0.256,0.076,0.188,0.38,0.38,0.08203125,0.22656250000000003,0.06176470588235294,0.09,0.0984375,0.105,Carlos Rodríguez
677581,3,1,1,0,0,0.3,0.3,21,S,0.32038834951456313,0.22330097087378642,0.0825242718446602,0.21844660194174756,0.32142857142857145,0.32142857142857145,0.11274509803921569,0.27450980392156865,0.1296875,0.105,0.105,0.105,Cesar Idrogo
677583,3,0,0,0,0,0.0,0.0,22,L,0.3106796116504854,0.21359223300970873,0.0825242718446602,0.21844660194174756,0.2857142857142857,0.2857142857142857,0.11467889908256881,0.27522935779816515,0.11857142857142858,0.12205882352941178,0.105,0.105,Marlin Made
677584,4,0,0,0,4,0.0,0.0,22,L,0.3076923076923077,0.21153846153846154,0.08173076923076923,0.2548076923076923,0.27586206896551724,0.27586206896551724,0.11842105263157894,0.26315789473684215,0.10921052631578948,0.12205882352941178,0.1296875,0.105,Wilfri Peralta
677587,605,187,125,54,130,0.3048760330578512,0.2830776100633401,23,S,0.31063829787234043,0.20851063829787234,0.08865248226950355,0.21631205673758866,0.3466666666666667,0.344,0.10955056179775281,0.16983578219533277,0.0690032414910859,0.1488390092879257,0.16780660377358492,0.105,Brayan Rocchio
677588,229,65,54,11,60,0.2724890829694323,0.2767930365383789,23,L,0.2948328267477204,0.23100303951367782,0.05927051671732523,0.2507598784194529,0.24,0.272,0.10740740740740741,0.15978835978835979,0.05627413127413127,0.18818770226537215,0.12175925925925926,0.105,José Tena
677592,112,25,15,8,46,0.20357142857142857,0.2603806950474975,23,R,0.2688679245283019,0.17452830188679244,0.07783018867924528,0.3231132075471698,0.26666666666666666,0.256,0.19230769230769232,0.16173570019723865,0.151255230125523,0.22486338797814207,0.2553333333333333,0.105,Everson Pereira
677593,5,2,1,1,1,0.32,0.32,22,L,0.3238095238095238,0.21904761904761905,0.09047619047619047,0.22380952380952382,0.3333333333333333,0.3333333333333333,0.10775862068965517,0.24137931034482762,0.09880952380952382,0.12205882352941178,0.105,0.105,Luis García
677594,2001,684,516,141,503,0.36771614192903546,0.3527316734111502,24,R,0.3407900999524036,0.2560685387910519,0.07115659209900048,0.25011899095668727,0.3466666666666667,0.352,0.1492382271468144,0.19626038781163435,0.10542872312184762,0.19425264809729303,0.20621500559910416,0.10161290322580645,Julio Rodríguez
677595,119,33,26,7,34,0.2739495798319328,0.26716318111300463,22,S,0.2968036529680365,0.2191780821917808,0.07077625570776255,0.2579908675799087,0.26666666666666666,0.28,0.15583173996175909,0.25047801147227533,0.11504237288135592,0.20359477124183006,0.1786290322580645,0.105,Ronny Mauricio
677597,2,1,1,0,0,0.45,0.45,22,R,0.3235294117647059,0.22549019607843138,0.08333333333333333,0.22058823529411764,0.3333333333333333,0.3333333333333333,0.10096153846153846,0.2692307692307693,0.0984375,0.0984375,0.105,0.105,Roberto Chirinos
677599,7,1,1,0,2,0.1285714285714286,0.1285714285714286,24,R,0.308411214953271,0.21495327102803738,0.0794392523364486,0.22897196261682243,0.28125,0.28125,0.09504132231404959,0.25619834710743805,0.10375000000000001,0.0875,0.09,0.105,Miguel Hiraldo
677601,2,0,0,0,0,0.0,0.0,24,R,0.3137254901960784,0.21568627450980393,0.08333333333333333,0.22058823529411764,0.2962962962962963,0.2962962962962963,0.105,0.28,0.105,0.105,0.105,0.105,Keyber Rodriguez
677602,1,0,0,0,1,0.0,0.0,22,R,0.31683168316831684,0.21782178217821782,0.08415841584158416,0.23267326732673269,0.3076923076923077,0.3076923076923077,0.1,0.2666666666666667,0.0984375,0.09545454545454546,0.105,0.105,Antoni Flores
677605,8,1,1,0,4,0.1125,0.1125,23,R,0.3055555555555556,0.21296296296296297,0.0787037037037037,0.24537037037037038,0.2727272727272727,0.2727272727272727,0.105,0.28,0.105,0.105,0.105,0.105,Luis Verdugo
677620,1,0,0,0,1,0.0,0.0,22,R,0.31683168316831684,0.21782178217821782,0.08415841584158416,0.23267326732673269,0.3076923076923077,0.3076923076923077,0.12857142857142856,0.2761904761904762,0.1609375,0.12575757575757576,0.105,0.105,Adanson Cruz
677623,1,0,0,0,1,0.0,0.0,21,R,0.31683168316831684,0.21782178217821782,0.08415841584158416,0.23267326732673269,0.3076923076923077,0.3076923076923077,0.12980769230769232,0.2884615384615385,0.1296875,0.1609375,0.105,0.105,Sander Mora
677649,1002,306,246,51,247,0.318063872255489,0.29588121725519484,25,R,0.30671506352087113,0.24319419237749546,0.053992740471869326,0.24455535390199637,0.26666666666666666,0.28,0.13855755894590846,0.20083217753120666,0.11433350488934638,0.17470771628994544,0.1413279132791328,0.105,Ezequiel Duran
677651,7,0,0,0,1,0.0,0.14242857142857143,25,R,0.29906542056074764,0.205607476635514,0.0794392523364486,0.21962616822429906,0.25,0.25,0.10869565217391304,0.26086956521739135,0.09651162790697675,0.1296875,0.105,0.105,Luis Garcia
677690,4,1,1,0,3,0.225,0.225,27,R,0.3173076923076923,0.22115384615384615,0.08173076923076923,0.24519230769230768,0.3103448275862069,0.3103448275862069,0.105,0.28,0.105,0.105,0.105,0.105,Diosbel Arias
677731,1,1,1,0,0,0.9,0.9,23,R,0.32673267326732675,0.22772277227722773,0.08415841584158416,0.22277227722772278,0.34615384615384615,0.34615384615384615,0.11165048543689321,0.2718446601941748,0.1296875,0.105,0.10161290322580645,0.105,Francisco Hernandez
677800,573,189,130,56,161,0.3430191972076789,0.32415354166775756,25,L,0.32838038632986627,0.22585438335809807,0.09583952451708767,0.2726597325408618,0.29333333333333333,0.28,0.1238474434199497,0.14417435037720033,0.1120216606498195,0.12737288135593222,0.15997506234413966,0.105,Wilyer Abreu
677865,1,1,0,1,0,0.7,0.691717,24,L,0.32673267326732675,0.21782178217821782,0.09405940594059406,0.22277227722772278,0.34615384615384615,0.34615384615384615,0.1,0.2666666666666667,0.09,0.105,0.105,0.105,Justin Bruihl
677870,229,73,43,14,65,0.3021834061135371,0.3024815321535455,23,R,0.3191489361702128,0.19756838905775076,0.06838905775075987,0.26595744680851063,0.3333333333333333,0.36,0.122398414271556,0.15262636273538158,0.10813528336380256,0.1162379421221865,0.1925531914893617,0.105,Leo Jiménez
677928,6,3,1,2,1,0.3833333333333333,0.3833333333333333,29,R,0.330188679245283,0.2169811320754717,0.09905660377358491,0.22169811320754718,0.3548387096774194,0.3548387096774194,0.09813084112149532,0.26168224299065423,0.09545454545454546,0.09264705882352942,0.105,0.105,LJ Hatch
677941,103,26,19,7,36,0.262621359223301,0.28210807893626005,25,R,0.2857142857142857,0.2019704433497537,0.07635467980295567,0.2881773399014778,0.26666666666666666,0.264,0.1495433789954338,0.1780821917808219,0.1512135922330097,0.13707482993197279,0.17533333333333334,0.105,Jordyn Adams
677942,211,72,51,18,53,0.3341232227488152,0.2963718810816399,25,R,0.33440514469453375,0.2347266881028939,0.08520900321543408,0.2427652733118971,0.25333333333333335,0.288,0.12529411764705883,0.16,0.09259656652360515,0.1770220588235294,0.13872549019607844,0.105,Blaze Alexander
677943,3,2,1,1,0,0.5333333333333333,0.5333333333333333,25,R,0.3300970873786408,0.22330097087378642,0.09223300970873786,0.21844660194174756,0.35714285714285715,0.35714285714285715,0.09375,0.25892857142857145,0.08513513513513513,0.09,0.105,0.105,Will Banfield
677950,1034,283,219,54,205,0.2958413926499033,0.2949315460602782,24,L,0.2777777777777778,0.21252204585537918,0.05511463844797178,0.2006172839506173,0.29333333333333333,0.256,0.11640419947506561,0.16220472440944883,0.09379432624113475,0.14384088964927289,0.13569254185692542,0.105,Alek Thomas
677951,2124,714,565,131,375,0.36525423728813555,0.3690569580883819,24,S,0.335431654676259,0.26393884892086333,0.06272482014388489,0.1787320143884892,0.30666666666666664,0.344,0.10772848608109827,0.16931485953985,0.08944456988033415,0.1264016897081413,0.1472053462940462,0.10161290322580645,Bobby Witt Jr.
677954,80,24,19,5,15,0.275625,0.25886596984126986,25,R,0.3111111111111111,0.22777777777777777,0.075,0.20833333333333334,0.29333333333333333,0.3047619047619048,0.08545918367346939,0.16071428571428573,0.046446700507614215,0.11653846153846154,0.1481818181818182,0.105,Jordan Groshans
677956,58,19,13,5,16,0.4051724137931034,0.3752925825496343,24,R,0.3227848101265823,0.22151898734177214,0.08544303797468354,0.24367088607594936,0.3333333333333333,0.3253012048192771,0.16431095406360424,0.24734982332155478,0.10474137931034483,0.23221153846153844,0.17264150943396228,0.105,Rece Hinds
677960,28,5,4,1,7,0.19285714285714287,0.2159937538610039,22,R,0.2890625,0.203125,0.07421875,0.23046875,0.24528301886792453,0.24528301886792453,0.1211340206185567,0.23195876288659795,0.10357142857142858,0.16636363636363638,0.10161290322580645,0.105,Ryan Weathers
677965,6,2,1,1,2,0.26666666666666666,0.26666666666666666,28,R,0.32075471698113206,0.2169811320754717,0.08962264150943396,0.23113207547169812,0.3225806451612903,0.3225806451612903,0.12608695652173912,0.2782608695652174,0.11527777777777778,0.14305555555555557,0.12575757575757576,0.105,Jimmy Kerrigan
678006,6,3,2,1,1,0.4166666666666667,0.4166666666666667,25,L,0.330188679245283,0.22641509433962265,0.08962264150943396,0.22169811320754718,0.3548387096774194,0.3548387096774194,0.11946902654867257,0.26548672566371684,0.09,0.15147058823529413,0.12205882352941178,0.105,Nick Decker
678009,511,169,119,47,127,0.34921722113502934,0.32538723312144563,25,L,0.32896890343698854,0.23076923076923078,0.09083469721767594,0.24468085106382978,0.36,0.32,0.10932400932400932,0.13566433566433567,0.08302139037433155,0.11952614379084968,0.1674563591022444,0.105,Parker Meadows
678010,2,0,0,0,2,0.0,0.0,24,L,0.3137254901960784,0.21568627450980393,0.08333333333333333,0.24019607843137256,0.2962962962962963,0.2962962962962963,0.125,0.26851851851851855,0.1757142857142857,0.10161290322580645,0.0984375,0.105,Nick Schnell
678011,2,0,0,0,1,0.0,0.0,23,L,0.3137254901960784,0.21568627450980393,0.08333333333333333,0.23039215686274508,0.2962962962962963,0.2962962962962963,0.10648148148148148,0.2777777777777778,0.11527777777777778,0.10161290322580645,0.10161290322580645,0.105,Anthony Seigler
678021,7,1,1,0,2,0.2857142857142857,0.2857142857142857,25,R,0.308411214953271,0.21495327102803738,0.0794392523364486,0.22897196261682243,0.28125,0.28125,0.105,0.28,0.105,0.105,0.105,0.105,Nicholas Northcut
678099,1,0,0,0,1,0.0,0.0,24,L,0.31683168316831684,0.21782178217821782,0.08415841584158416,0.23267326732673269,0.3076923076923077,0.3076923076923077,0.11165048543689321,0.28155339805825247,0.0984375,0.1338709677419355,0.105,0.105,Gavin Logan
678218,1,0,0,0,1,0.0,0.0,22,L,0.31683168316831684,0.21782178217821782,0.08415841584158416,0.23267326732673269,0.3076923076923077,0.3076923076923077,0.105,0.28,0.105,0.105,0.105,0.105,Brandon Valenzuela
678225,518,153,109,39,128,0.2861969111969112,0.2675101330199629,25,L,0.2993527508090615,0.21197411003236247,0.07686084142394822,0.24352750809061488,0.28,0.264,0.11457357075913777,0.1513589503280225,0.08929115853658537,0.15817669172932333,0.15053571428571427,0.105,Jihwan Bae
678232,4,2,1,0,2,0.4,0.4,27,R,0.3269230769230769,0.22115384615384615,0.08173076923076923,0.23557692307692307,0.3448275862068966,0.3448275862068966,0.13551401869158877,0.2710280373831776,0.1296875,0.1757142857142857,0.105,0.105,Jesus Valdez
678246,637,182,99,74,142,0.28540031397174254,0.2935178333647326,25,R,0.2903663500678426,0.16417910447761194,0.11194029850746269,0.223202170963365,0.24,0.232,0.09050559629486685,0.11655731377846391,0.09106234096692112,0.08982930298719773,0.08872549019607842,0.105,Miguel Vargas
678285,6,3,1,2,2,0.3833333333333333,0.3833333333333333,24,R,0.330188679245283,0.2169811320754717,0.09905660377358491,0.23113207547169812,0.3548387096774194,0.3548387096774194,0.105,0.28,0.105,0.105,0.105,0.105,Fabian Pertuz
678315,2,1,0,0,1,0.35,0.35,22,R,0.3235294117647059,0.21568627450980393,0.08333333333333333,0.23039215686274508,0.3333333333333333,0.3333333333333333,0.105,0.28,0.105,0.105,0.105,0.105,Rodolfo Bone
678323,11,4,2,2,5,0.29090909090909095,0.29090909090909095,25,R,0.32432432432432434,0.21621621621621623,0.0945945945945946,0.24774774774774774,0.3333333333333333,0.3333333333333333,0.125,0.2777777777777778,0.0984375,0.15147058823529413,0.1296875,0.105,Allan Cerda
678362,4,2,2,0,0,0.725,0.725,23,S,0.3269230769230769,0.23076923076923078,0.08173076923076923,0.21634615384615385,0.3448275862068966,0.3448275862068966,0.1,0.2666666666666667,0.10161290322580645,0.09545454545454546,0.10161290322580645,0.105,Gilberto Jimenez
678372,1,0,0,0,1,0.0,0.0,23,R,0.31683168316831684,0.21782178217821782,0.08415841584158416,0.23267326732673269,0.3076923076923077,0.3076923076923077,0.105,0.28,0.105,0.105,0.105,0.105,Sebastian Almonte
678391,10,2,2,0,3,0.18,0.18,23,L,0.3090909090909091,0.21818181818181817,0.07727272727272727,0.2318181818181818,0.2857142857142857,0.2857142857142857,0.13596491228070176,0.2807017543859649,0.11216216216216217,0.0984375,0.2042857142857143,0.105,Jorbit Vivas
678413,3,1,1,0,1,0.4166666666666667,0.4166666666666667,23,R,0.32038834951456313,0.22330097087378642,0.0825242718446602,0.22815533980582525,0.32142857142857145,0.32142857142857145,0.10550458715596331,0.27522935779816515,0.08513513513513513,0.1296875,0.105,0.105,Alexfri Planez
678489,31,5,5,0,8,0.20161290322580644,0.28255913978494623,23,S,0.2824427480916031,0.20610687022900764,0.0648854961832061,0.23282442748091603,0.23214285714285715,0.23214285714285715,0.09020618556701031,0.2422680412371134,0.08956043956043956,0.09021739130434783,0.08829787234042553,0.105,Jorge Barrosa
678521,2,0,0,0,1,0.0,0.0,21,L,0.3137254901960784,0.21568627450980393,0.08333333333333333,0.23039215686274508,0.2962962962962963,0.2962962962962963,0.10747663551401869,0.2710280373831776,0.09545454545454546,0.12205882352941178,0.105,0.105,Chris Burke
678534,2,0,0,0,1,0.0,0.0,23,L,0.3137254901960784,0.21568627450980393,0.08333333333333333,0.23039215686274508,0.2962962962962963,0.2962962962962963,0.10952380952380952,0.2761904761904762,0.09545454545454546,0.10161290322580645,0.1338709677419355,0.105,Rixon Wingrove
678545,104,31,23,7,26,0.30096153846153845,0.2800228692827443,24,R,0.3088235294117647,0.22058823529411764,0.07598039215686274,0.23774509803921567,0.28,0.296,0.1207983193277311,0.19327731092436976,0.1099609375,0.1532608695652174,0.09930555555555556,0.105,Osleivis Basabe
678554,264,79,60,14,58,0.27992424242424246,0.27922137067893443,24,R,0.30494505494505497,0.22527472527472528,0.061813186813186816,0.22115384615384615,0.28,0.28,0.10378323108384459,0.20143149284253578,0.08046092184368737,0.1306213017751479,0.12423076923076921,0.10161290322580645,Curtis Mead
678592,3,2,1,1,0,0.5333333333333333,0.5333333333333333,21,L,0.3300970873786408,0.22330097087378642,0.09223300970873786,0.21844660194174756,0.35714285714285715,0.35714285714285715,0.1,0.2761904761904762,0.09545454545454546,0.10161290322580645,0.10161290322580645,0.105,Rainier Rivas
678596,2,0,0,0,0,0.0,0.0,23,R,0.3137254901960784,0.21568627450980393,0.08333333333333333,0.22058823529411764,0.2962962962962963,0.2962962962962963,0.105,0.28,0.105,0.105,0.105,0.105,Yorlis Rodriguez
678636,15,4,4,0,5,0.48000000000000004,0.48000000000000004,25,L,0.3130434782608696,0.22608695652173913,0.07391304347826087,0.2391304347826087,0.3,0.3,0.11946902654867257,0.26548672566371684,0.09,0.14305555555555557,0.1296875,0.105,Orlando Martinez
678637,1,0,0,0,1,0.0,0.0,22,R,0.31683168316831684,0.21782178217821782,0.08415841584158416,0.23267326732673269,0.3076923076923077,0.3076923076923077,0.1201923076923077,0.27884615384615385,0.15606060606060607,0.105,0.10161290322580645,0.105,Luis Baez
678648,1,0,0,0,0,0.0,0.0,22,L,0.31683168316831684,0.21782178217821782,0.08415841584158416,0.22277227722772278,0.3076923076923077,0.3076923076923077,0.105,0.28,0.105,0.105,0.105,0.105,Herard Gonzalez
678662,1405,418,356,54,386,0.3298220640569395,0.3033028061766496,23,R,0.29900332225913623,0.25116279069767444,0.04152823920265781,0.2714285714285714,0.3333333333333333,0.296,0.1814236111111111,0.22685185185185186,0.14172959367134125,0.23518518518518516,0.20216981132075473,0.105,Ezequiel Tovar
678681,7,3,2,1,1,0.35714285714285715,0.35714285714285715,22,L,0.32710280373831774,0.22429906542056074,0.08878504672897196,0.21962616822429906,0.34375,0.34375,0.09905660377358491,0.26415094339622647,0.09545454545454546,0.10161290322580645,0.0984375,0.105,Luis Toribio
678682,1,0,0,0,1,0.0,0.0,21,L,0.31683168316831684,0.21782178217821782,0.08415841584158416,0.23267326732673269,0.3076923076923077,0.3076923076923077,0.105,0.28,0.105,0.105,0.105,0.105,Skeiling Rodriguez
678689,23,7,4,3,7,0.3739130434782609,0.3739130434782609,23,S,0.3170731707317073,0.21138211382113822,0.09349593495934959,0.23983739837398374,0.3125,0.3125,0.15161290322580645,0.25806451612903225,0.1664179104477612,0.14642857142857144,0.14305555555555557,0.105,Neyfy Castillo
678690,2,0,0,0,2,0.0,0.0,21,L,0.3137254901960784,0.21568627450980393,0.08333333333333333,0.24019607843137256,0.2962962962962963,0.2962962962962963,0.105,0.28,0.105,0.105,0.105,0.105,Carlos Aguiar
678706,1,0,0,0,1,0.0,0.0,23,L,0.31683168316831684,0.21782178217821782,0.08415841584158416,0.23267326732673269,0.3076923076923077,0.3076923076923077,0.105,0.28,0.105,0.105,0.105,0.105,Reivaj Garcia
678742,14,4,4,0,5,0.3071428571428571,0.3071428571428571,24,R,0.3157894736842105,0.22807017543859648,0.07456140350877193,0.2412280701754386,0.3076923076923077,0.3076923076923077,0.1266233766233766,0.23376623376623376,0.13145161290322582,0.12812500000000002,0.12205882352941178,0.105,Rainer Nunez
678747,6,3,2,1,1,0.47500000000000003,0.47500000000000003,21,R,0.330188679245283,0.22641509433962265,0.08962264150943396,0.22169811320754718,0.3548387096774194,0.3548387096774194,0.105,0.28,0.105,0.105,0.105,0.105,Robert Gonzalez
678760,19,5,3,2,4,0.35789473684210527,0.35789473684210527,24,R,0.31092436974789917,0.21008403361344538,0.08823529411764706,0.22268907563025211,0.29545454545454547,0.29545454545454547,0.11075949367088607,0.25949367088607594,0.10833333333333334,0.12812500000000002,0.09264705882352942,0.105,Eddys Leonard
678803,1,0,0,0,1,0.0,0.0,23,R,0.31683168316831684,0.21782178217821782,0.08415841584158416,0.23267326732673269,0.3076923076923077,0.3076923076923077,0.09905660377358491,0.26415094339622647,0.09,0.10161290322580645,0.105,0.105,Anthony Garcia
678807,1,1,1,0,0,0.9,0.9,23,L,0.32673267326732675,0.22772277227722773,0.08415841584158416,0.22277227722772278,0.34615384615384615,0.34615384615384615,0.10194174757281553,0.2718446601941748,0.0984375,0.105,0.10161290322580645,0.105,Carlos Santiago
678828,3,1,0,1,2,0.2333333333333333,0.2333333333333333,23,R,0.32038834951456313,0.21359223300970873,0.09223300970873786,0.23786407766990292,0.32142857142857145,0.32142857142857145,0.105,0.28,0.105,0.105,0.105,0.105,Dereck Salom
678837,6,1,1,0,2,0.15,0.15,23,R,0.3113207547169811,0.2169811320754717,0.08018867924528301,0.23113207547169812,0.2903225806451613,0.2903225806451613,0.10648148148148148,0.3055555555555556,0.11857142857142858,0.09545454545454546,0.105,0.105,Bladimir Restituyo
678841,2,1,0,1,1,0.35,0.35,22,R,0.3235294117647059,0.21568627450980393,0.09313725490196079,0.23039215686274508,0.3333333333333333,0.3333333333333333,0.105,0.28,0.105,0.105,0.105,0.105,Brandol Mezquita
678849,5,1,0,1,2,0.13999999999999999,0.13999999999999999,21,R,0.3142857142857143,0.20952380952380953,0.09047619047619047,0.23333333333333334,0.3,0.3,0.11165048543689321,0.28155339805825247,0.12575757575757576,0.105,0.105,0.105,Rolando Espinosa
678851,1,0,0,0,1,0.0,0.0,22,R,0.31683168316831684,0.21782178217821782,0.08415841584158416,0.23267326732673269,0.3076923076923077,0.3076923076923077,0.105,0.28,0.105,0.105,0.105,0.105,Manuel Garcia
678854,2,0,0,0,1,0.0,0.0,23,L,0.3137254901960784,0.21568627450980393,0.08333333333333333,0.23039215686274508,0.2962962962962963,0.2962962962962963,0.105,0.28,0.105,0.105,0.105,0.105,Viandel Pena
678860,2,1,1,0,1,0.45,0.45,22,R,0.3235294117647059,0.22549019607843138,0.08333333333333333,0.23039215686274508,0.3333333333333333,0.3333333333333333,0.10747663551401869,0.26168224299065423,0.09264705882352942,0.10161290322580645,0.1296875,0.105,Oscar Gonzalez
678863,2,1,1,0,0,0.45,0.45,23,R,0.3235294117647059,0.22549019607843138,0.08333333333333333,0.22058823529411764,0.3333333333333333,0.3333333333333333,0.10396039603960396,0.27722772277227725,0.10161290322580645,0.105,0.105,0.105,Carlos Arroyo
678865,4,1,1,0,0,0.225,0.225,21,L,0.3173076923076923,0.22115384615384615,0.08173076923076923,0.21634615384615385,0.3103448275862069,0.3103448275862069,0.1,0.2666666666666667,0.09,0.105,0.105,0.105,Christopher De La Cruz
678877,228,63,42,15,73,0.318640350877193,0.3115184787993474,23,R,0.2896341463414634,0.1951219512195122,0.07164634146341463,0.29115853658536583,0.22666666666666666,0.232,0.1681081081081081,0.26054054054054054,0.1063855421686747,0.22068452380952383,0.22177914110429447,0.10161290322580645,Jhonkensy Noel
678882,703,195,167,19,183,0.3113086770981508,0.27790035024654786,24,R,0.28268991282689915,0.23536737235367372,0.03424657534246575,0.2559153175591532,0.24,0.216,0.1788633709614636,0.23627870766835343,0.15514327700220426,0.21632096069868997,0.17553571428571427,0.0984375,Ceddanne Rafaela
678893,4,0,0,0,3,0.0,0.0,23,L,0.3076923076923077,0.21153846153846154,0.08173076923076923,0.24519230769230768,0.27586206896551724,0.27586206896551724,0.10849056603773585,0.26415094339622647,0.09545454545454546,0.1338709677419355,0.0984375,0.105,Jefferson Encarnacion
678894,235,64,51,12,75,0.2772340425531915,0.2624982047449018,24,R,0.2865671641791045,0.21791044776119403,0.06119402985074627,0.291044776119403,0.24,0.24,0.1426441351888668,0.15904572564612326,0.08943798449612403,0.21050295857988166,0.17711267605633801,0.105,Liover Peguero
678900,3,1,1,0,1,0.3,0.3,24,L,0.32038834951456313,0.22330097087378642,0.0825242718446602,0.22815533980582525,0.32142857142857145,0.32142857142857145,0.105,0.28,0.105,0.105,0.105,0.105,Alexander Ovalles
678926,11,2,0,2,5,0.20909090909090908,0.20909090909090908,25,R,0.3063063063063063,0.1981981981981982,0.0945945945945946,0.24774774774774774,0.2777777777777778,0.2777777777777778,0.1267123287671233,0.23972602739726026,0.15673076923076923,0.11444444444444445,0.10641025641025642,0.105,Carlos De La Cruz
678962,8,2,2,0,1,0.225,0.225,23,L,0.3148148148148148,0.2222222222222222,0.0787037037037037,0.2175925925925926,0.30303030303030304,0.30303030303030304,0.12704918032786885,0.2786885245901639,0.13085106382978723,0.12575757575757576,0.1296875,0.105,Daniel Vellojin
679027,1,1,0,1,0,0.7,0.7,24,L,0.32673267326732675,0.21782178217821782,0.09405940594059406,0.22277227722772278,0.34615384615384615,0.34615384615384615,0.1,0.2666666666666667,0.09264705882352942,0.10161290322580645,0.105,0.105,Madison Santos
679032,594,168,137,23,132,0.2836700336700337,0.25603593524701335,24,R,0.2881844380403458,0.22910662824207492,0.045389048991354465,0.22262247838616714,0.30666666666666664,0.296,0.10996488147497806,0.18964003511852504,0.08262032085561498,0.15175913396481733,0.1325,0.105,Johan Rojas
679529,1583,476,312,145,409,0.31234996841440305,0.31852786298006613,25,R,0.3018419489007724,0.1984551396316102,0.09120617944147356,0.25638740344622696,0.32,0.328,0.10582939111857165,0.1173508316801465,0.07217253317945758,0.1309190371991247,0.18074494949494951,0.105,Spencer Torkelson
679545,5,3,1,2,0,0.53,0.53,26,R,0.3333333333333333,0.21904761904761905,0.1,0.21428571428571427,0.36666666666666664,0.36666666666666664,0.10245901639344263,0.2295081967213115,0.10510204081632654,0.09545454545454546,0.105,0.105,Joe Suozzi
679552,2,0,0,0,1,0.0,0.0,22,R,0.3137254901960784,0.21568627450980393,0.08333333333333333,0.23039215686274508,0.2962962962962963,0.2962962962962963,0.105,0.28,0.105,0.105,0.105,0.105,Arturo Guerrero
679553,1,0,0,0,1,0.0,0.0,23,R,0.31683168316831684,0.21782178217821782,0.08415841584158416,0.23267326732673269,0.3076923076923077,0.3076923076923077,0.105,0.28,0.105,0.105,0.105,0.105,Johnabiell Laureano
679563,15,4,4,0,4,0.24000000000000002,0.24000000000000002,21,R,0.3130434782608696,0.22608695652173913,0.07391304347826087,0.23043478260869565,0.3,0.3,0.11440677966101695,0.2966101694915254,0.13205128205128205,0.10921052631578948,0.10161290322580645,0.105,José Rodríguez
679602,1,0,0,0,0,0.0,0.0,25,R,0.31683168316831684,0.21782178217821782,0.08415841584158416,0.22277227722772278,0.3076923076923077,0.3076923076923077,0.105,0.28,0.105,0.105,0.105,0.105,Drew Ehrhard
679628,1,0,0,0,0,0.0,0.0,23,L,0.31683168316831684,0.21782178217821782,0.08415841584158416,0.22277227722772278,0.3076923076923077,0.3076923076923077,0.105,0.28,0.105,0.105,0.105,0.105,Jacob Teter
679631,194,68,44,22,40,0.3231958762886598,0.33568649870214795,26,L,0.3401360544217687,0.22448979591836735,0.10374149659863946,0.21258503401360543,0.32,0.32,0.10754716981132076,0.1509433962264151,0.0867170626349892,0.14779411764705883,0.11991525423728813,0.105,Terrin Vavra
679663,3,2,0,2,0,0.4666666666666666,0.4666666666666666,27,L,0.3300970873786408,0.21359223300970873,0.10194174757281553,0.21844660194174756,0.35714285714285715,0.35714285714285715,0.11467889908256881,0.26605504587155965,0.11527777777777778,0.0984375,0.1338709677419355,0.105,Stephen Scott
679718,2,0,0,0,1,0.0,0.0,24,R,0.3137254901960784,0.21568627450980393,0.08333333333333333,0.23039215686274508,0.2962962962962963,0.2962962962962963,0.105,0.28,0.105,0.105,0.105,0.105,Kyle Lovelace
679727,15,5,5,0,3,0.44333333333333336,0.44333333333333336,33,R,0.3217391304347826,0.23478260869565218,0.07391304347826087,0.2217391304347826,0.325,0.325,0.12222222222222222,0.23703703703703705,0.11181818181818183,0.15769230769230771,0.10161290322580645,0.105,Lorenzo Quintana
679733,3,1,1,0,0,0.3,0.3,22,R,0.32038834951456313,0.22330097087378642,0.0825242718446602,0.21844660194174756,0.32142857142857145,0.32142857142857145,0.10550458715596331,0.25688073394495414,0.11216216216216217,0.0984375,0.105,0.105,Raimfer Salinas
679734,19,6,5,1,3,0.2736842105263158,0.2736842105263158,24,R,0.31932773109243695,0.226890756302521,0.07983193277310924,0.21428571428571427,0.3181818181818182,0.3181818181818182,0.08394160583941605,0.21167883211678834,0.059433962264150944,0.09880952380952382,0.0984375,0.105,Julio Carreras
679736,1,0,0,0,1,0.0,0.0,22,L,0.31683168316831684,0.21782178217821782,0.08415841584158416,0.23267326732673269,0.3076923076923077,0.3076923076923077,0.105,0.28,0.105,0.105,0.105,0.105,Keithron Moss
679739,2,0,0,0,0,0.0,0.0,22,L,0.3137254901960784,0.21568627450980393,0.08333333333333333,0.22058823529411764,0.2962962962962963,0.2962962962962963,0.105,0.28,0.105,0.105,0.105,0.105,Jose Guzman
679741,19,6,4,2,4,0.2631578947368421,0.2631578947368421,23,R,0.31932773109243695,0.2184873949579832,0.08823529411764706,0.22268907563025211,0.3181818181818182,0.3181818181818182,0.15878378378378377,0.25675675675675674,0.14051724137931035,0.18522727272727274,0.17083333333333334,0.105,Wilderd Patiño
679751,1,0,0,0,0,0.0,0.0,24,R,0.31683168316831684,0.21782178217821782,0.08415841584158416,0.22277227722772278,0.3076923076923077,0.3076923076923077,0.105,0.28,0.105,0.105,0.105,0.105,Danny Bautista Jr.
679754,17,6,3,3,4,0.4117647058823529,0.4117647058823529,24,L,0.3247863247863248,0.21367521367521367,0.09829059829059829,0.2264957264957265,0.3333333333333333,0.3333333333333333,0.11160714285714286,0.2767857142857143,0.1355263157894737,0.09545454545454546,0.10161290322580645,0.105,Alberto Rodriguez
679788,4,1,1,0,2,0.225,0.225,25,L,0.3173076923076923,0.22115384615384615,0.08173076923076923,0.23557692307692307,0.3103448275862069,0.3103448275862069,0.105,0.28,0.105,0.105,0.105,0.105,Jack Rogers
679821,5,1,0,0,1,0.13999999999999999,0.13999999999999999,25,S,0.3142857142857143,0.20952380952380953,0.08095238095238096,0.22380952380952382,0.3,0.3,0.1,0.2521739130434783,0.08289473684210526,0.11527777777777778,0.10161290322580645,0.105,Rowdey Jordan
679822,79,13,7,4,28,0.189873417721519,0.20844732814021422,25,R,0.25139664804469275,0.16201117318435754,0.06983240223463687,0.28212290502793297,0.17333333333333334,0.20192307692307693,0.13079470198675497,0.1986754966887417,0.15429447852760736,0.09166666666666667,0.12058823529411765,0.105,Justin Foscue
679845,277,85,58,25,46,0.2992779783393502,0.3006861537388458,26,R,0.3103448275862069,0.21220159151193635,0.08885941644562334,0.1816976127320955,0.22666666666666666,0.248,0.07193877551020408,0.12653061224489795,0.024155069582504973,0.12657657657657656,0.11305970149253732,0.105,Nick Loftin
679881,58,15,12,3,21,0.2879310344827586,0.23362126332288402,28,L,0.2974683544303797,0.21518987341772153,0.07278481012658228,0.27531645569620256,0.26666666666666666,0.27710843373493976,0.1349206349206349,0.17777777777777778,0.1438311688311688,0.16648351648351647,0.06916666666666667,0.105,J.P. Martínez
679938,9,3,2,1,1,0.37777777777777777,0.37777777777777777,25,L,0.3211009174311927,0.22018348623853212,0.0871559633027523,0.21559633027522937,0.3235294117647059,0.3235294117647059,0.09583333333333334,0.275,0.10921052631578948,0.0875,0.0875,0.105,Yoyner Fajardo
679972,1,0,0,0,1,0.0,0.0,22,R,0.31683168316831684,0.21782178217821782,0.08415841584158416,0.23267326732673269,0.3076923076923077,0.3076923076923077,0.11904761904761904,0.2666666666666667,0.1338709677419355,0.0984375,0.1296875,0.105,Arturo De Freitas
680118,300,98,73,21,71,0.3461666666666666,0.30083596000934737,31,R,0.325,0.2375,0.07375,0.23375,0.3333333333333333,0.312,0.1430505415162455,0.1651624548736462,0.10403624382207578,0.17090032154340837,0.2286111111111111,0.105,Dairon Blanco
680244,7,3,1,2,2,0.32857142857142857,0.32857142857142857,28,L,0.32710280373831774,0.21495327102803738,0.09813084112149532,0.22897196261682243,0.34375,0.34375,0.09913793103448276,0.25000000000000006,0.075,0.12205882352941178,0.105,0.105,Ross Adolph
680273,1,1,1,0,0,2.0,2.0,25,L,0.32673267326732675,0.22772277227722773,0.08415841584158416,0.22277227722772278,0.34615384615384615,0.34615384615384615,0.09905660377358491,0.2735849056603774,0.09264705882352942,0.105,0.0984375,0.105,Chris Meyers
680396,5,2,2,0,2,0.5,0.5,25,R,0.3238095238095238,0.22857142857142856,0.08095238095238096,0.23333333333333334,0.3333333333333333,0.3333333333333333,0.12272727272727273,0.28181818181818186,0.15606060606060607,0.09264705882352942,0.12575757575757576,0.105,Joe Stewart
680418,13,2,1,0,4,0.19230769230769232,0.21484615384615385,28,R,0.3008849557522124,0.20353982300884957,0.0752212389380531,0.2345132743362832,0.2631578947368421,0.2631578947368421,0.1267123287671233,0.2328767123287671,0.16944444444444445,0.10729166666666667,0.09264705882352942,0.105,Tyler Cropley
680421,1,1,1,0,0,0.9,0.9,25,L,0.32673267326732675,0.22772277227722773,0.08415841584158416,0.22277227722772278,0.34615384615384615,0.34615384615384615,0.105,0.28,0.105,0.105,0.105,0.105,Ben Norman
680438,17,2,1,1,6,0.14705882352941177,0.14705882352941177,27,L,0.2905982905982906,0.19658119658119658,0.0811965811965812,0.24358974358974358,0.23809523809523808,0.23809523809523808,0.10454545454545454,0.26363636363636367,0.09545454545454546,0.12205882352941178,0.09545454545454546,0.105,Robert Neustrom
680474,469,147,90,48,121,0.2904051172707889,0.3006915722859879,27,R,0.3145869947275923,0.1968365553602812,0.09929701230228472,0.2521968365553603,0.29333333333333333,0.264,0.11073997944501542,0.11408016443987667,0.08153384747215082,0.1441385435168739,0.18519417475728156,0.105,Max Schuemann
680518,8,4,4,0,1,0.58125,0.58125,25,S,0.3333333333333333,0.24074074074074073,0.0787037037037037,0.2175925925925926,0.36363636363636365,0.36363636363636365,0.10454545454545454,0.26363636363636367,0.11216216216216217,0.0984375,0.10161290322580645,0.105,Zavier Warren
680552,26,9,5,4,10,0.3230769230769231,0.30896153846153845,26,L,0.3253968253968254,0.21428571428571427,0.0992063492063492,0.25793650793650796,0.3333333333333333,0.3333333333333333,0.14095744680851063,0.19148936170212766,0.13273809523809524,0.15980392156862747,0.1430232558139535,0.105,Travis Swaggerty
680571,9,2,2,0,4,0.3222222222222222,0.3222222222222222,27,L,0.3119266055045872,0.22018348623853212,0.0779816513761468,0.24311926605504589,0.29411764705882354,0.29411764705882354,0.105,0.28,0.105,0.105,0.105,0.105,Greyson Jenista
680574,421,149,108,33,121,0.3815914489311164,0.32872503189327124,25,R,0.3474088291746641,0.2495201535508637,0.07965451055662189,0.27543186180422263,0.30666666666666664,0.296,0.10515984296130118,0.13292204150308468,0.07037586547972305,0.13047016274864376,0.20845410628019323,0.0984375,Matt McLain
680577,19,4,3,0,3,0.23684210526315788,0.2938647145135566,27,L,0.3025210084033613,0.21008403361344538,0.07142857142857142,0.21428571428571427,0.2727272727272727,0.2727272727272727,0.11077844311377245,0.20958083832335328,0.09318181818181819,0.13240740740740742,0.11216216216216217,0.105,DaShawn Keirsey Jr.
680579,1,0,0,0,0,0.0,0.0,22,R,0.31683168316831684,0.21782178217821782,0.08415841584158416,0.22277227722772278,0.3076923076923077,0.3076923076923077,0.10294117647058823,0.27450980392156865,0.10161290322580645,0.10161290322580645,0.105,0.105,Stir Candelario
680586,2,0,0,0,1,0.0,0.0,21,S,0.3137254901960784,0.21568627450980393,0.08333333333333333,0.23039215686274508,0.2962962962962963,0.2962962962962963,0.105,0.28,0.105,0.105,0.105,0.105,Reidy Mercado
680589,6,2,1,1,0,0.325,0.325,22,R,0.32075471698113206,0.2169811320754717,0.08962264150943396,0.21226415094339623,0.3225806451612903,0.3225806451612903,0.105,0.28,0.105,0.105,0.105,0.105,Felix Valerio
680607,5,1,1,0,0,0.18,0.18,22,L,0.3142857142857143,0.21904761904761905,0.08095238095238096,0.21428571428571427,0.3,0.3,0.10096153846153846,0.27884615384615385,0.09545454545454546,0.10161290322580645,0.105,0.105,Daiwer Castellanos
680631,1,1,1,0,0,0.9,0.9,22,R,0.32673267326732675,0.22772277227722773,0.08415841584158416,0.22277227722772278,0.34615384615384615,0.34615384615384615,0.10396039603960396,0.27722772277227725,0.105,0.10161290322580645,0.105,0.105,Oneill Manzueta
680636,9,3,2,1,3,0.31666666666666665,0.31666666666666665,24,R,0.3211009174311927,0.22018348623853212,0.0871559633027523,0.23394495412844038,0.3235294117647059,0.3235294117647059,0.10357142857142858,0.2785714285714286,0.09363636363636364,0.12261904761904763,0.09545454545454546,0.105,Ramon Mendoza
680642,5,2,2,0,1,0.5,0.5,25,R,0.3238095238095238,0.22857142857142856,0.08095238095238096,0.22380952380952382,0.3333333333333333,0.3333333333333333,0.10176991150442478,0.2831858407079646,0.10641025641025642,0.0984375,0.0984375,0.105,Darlin Moquete
680643,4,3,3,0,0,0.675,0.675,25,R,0.33653846153846156,0.2403846153846154,0.08173076923076923,0.21634615384615385,0.3793103448275862,0.3793103448275862,0.10194174757281553,0.28155339805825247,0.0984375,0.105,0.10161290322580645,0.105,Juan Mora
680671,5,2,1,0,1,0.32,0.32,24,R,0.3238095238095238,0.21904761904761905,0.08095238095238096,0.22380952380952382,0.3333333333333333,0.3333333333333333,0.105,0.28,0.105,0.105,0.105,0.105,Michael Guldberg
680672,10,3,2,1,0,0.33999999999999997,0.33999999999999997,26,L,0.3181818181818182,0.21818181818181817,0.08636363636363636,0.20454545454545456,0.3142857142857143,0.3142857142857143,0.11165048543689321,0.2718446601941748,0.1296875,0.105,0.10161290322580645,0.105,Luke Waddell
680683,25,11,7,4,4,0.414,0.414,27,L,0.344,0.232,0.1,0.212,0.38,0.38,0.09064327485380116,0.18128654970760236,0.056081081081081084,0.12300000000000001,0.11216216216216217,0.105,Jameson Hannah
680685,4,1,0,0,1,0.175,0.175,22,R,0.3173076923076923,0.21153846153846154,0.08173076923076923,0.22596153846153846,0.3103448275862069,0.3103448275862069,0.13135593220338984,0.2627118644067797,0.16627906976744186,0.11857142857142858,0.105,0.105,Ryder Green
680686,23,2,1,1,12,0.06956521739130435,0.164379,24,R,0.2764227642276423,0.18699186991869918,0.07723577235772358,0.2804878048780488,0.20833333333333334,0.20833333333333334,0.15363128491620112,0.21787709497206703,0.06280487804878049,0.31842105263157894,0.105,0.105,Josiah Gray
680690,6,1,1,0,4,0.26666666666666666,0.26666666666666666,23,R,0.3113207547169811,0.2169811320754717,0.08018867924528301,0.25,0.2903225806451613,0.2903225806451613,0.13551401869158877,0.28971962616822433,0.15147058823529413,0.1296875,0.1338709677419355,0.105,Korey Holland
680693,18,7,1,6,8,0.2833333333333333,0.2833333333333333,25,L,0.3305084745762712,0.19491525423728814,0.1228813559322034,0.2584745762711864,0.3488372093023256,0.3488372093023256,0.11742424242424243,0.23484848484848486,0.12058823529411765,0.12560975609756098,0.105,0.105,Grant Lavigne
680695,14,7,3,3,5,0.5750000000000001,0.5750000000000001,25,S,0.34210526315789475,0.21929824561403508,0.10087719298245613,0.2412280701754386,0.38461538461538464,0.38461538461538464,0.105,0.28,0.105,0.105,0.105,0.105,Brennen Davis
680700,588,195,122,66,107,0.3134353741496599,0.31420535201011457,27,L,0.32994186046511625,0.20930232558139536,0.10828488372093023,0.1882267441860465,0.32,0.368,0.09020510673922143,0.12348262871494349,0.06899927483683829,0.13198412698412698,0.0977027027027027,0.105,Richie Palacios
680709,4,0,0,0,0,0.0,0.0,27,L,0.3076923076923077,0.21153846153846154,0.08173076923076923,0.21634615384615385,0.27586206896551724,0.27586206896551724,0.10550458715596331,0.27522935779816515,0.09264705882352942,0.10161290322580645,0.12205882352941178,0.105,Nick Dunn
680710,25,8,6,2,5,0.314,0.314,27,L,0.32,0.224,0.084,0.22,0.32,0.32,0.10755813953488372,0.20930232558139536,0.08046875,0.1455357142857143,0.09880952380952382,0.105,Grant Witherspoon
680711,10,3,3,0,2,0.38,0.38,25,L,0.3181818181818182,0.22727272727272727,0.07727272727272727,0.22272727272727272,0.3142857142857143,0.3142857142857143,0.10087719298245613,0.24561403508771934,0.08513513513513513,0.1296875,0.09,0.105,Cole Roederer
680716,70,22,16,4,19,0.30642857142857144,0.3101511357142857,24,R,0.3176470588235294,0.2235294117647059,0.07352941176470588,0.24411764705882352,0.29333333333333333,0.3157894736842105,0.11677631578947369,0.17434210526315788,0.08321917808219179,0.15528846153846151,0.13977272727272727,0.105,Jonathan Ornelas
680718,235,61,46,14,61,0.28595744680851065,0.30156802042934494,25,L,0.27761194029850744,0.20298507462686566,0.06716417910447761,0.24925373134328357,0.29333333333333333,0.304,0.11275510204081633,0.1683673469387755,0.11272189349112426,0.11754716981132075,0.10681818181818181,0.105,Addison Barger
680719,2,1,1,0,1,0.625,0.625,27,R,0.3235294117647059,0.22549019607843138,0.08333333333333333,0.23039215686274508,0.3333333333333333,0.3333333333333333,0.11057692307692307,0.2884615384615385,0.0984375,0.1296875,0.105,0.105,Niko Decolati
680722,11,6,3,3,5,0.5363636363636364,0.5363636363636364,27,R,0.34234234234234234,0.22522522522522523,0.1036036036036036,0.24774774774774774,0.3888888888888889,0.3888888888888889,0.10465116279069768,0.23255813953488375,0.09880952380952382,0.10957446808510639,0.105,0.105,Nick Meyer
680728,89,32,25,7,29,0.3769662921348314,0.2915890791286761,25,L,0.3386243386243386,0.24867724867724866,0.082010582010582,0.2724867724867725,0.3333333333333333,0.3508771929824561,0.13097949886104784,0.18223234624145787,0.13093023255813954,0.11741071428571428,0.14852941176470588,0.105,Adrian Del Castillo
680737,27,9,8,1,8,0.3444444444444445,0.2604444444444444,28,R,0.3228346456692913,0.23622047244094488,0.07480314960629922,0.24015748031496062,0.3269230769230769,0.3269230769230769,0.14333333333333334,0.24,0.18796296296296297,0.1160377358490566,0.12575757575757576,0.105,Michael Helman
680753,4,1,0,0,2,0.175,0.175,24,R,0.3173076923076923,0.21153846153846154,0.08173076923076923,0.23557692307692307,0.3103448275862069,0.3103448275862069,0.105,0.28,0.105,0.105,0.105,0.105,Adam Hackenberg
680756,3,2,1,1,0,0.9,0.9,25,R,0.3300970873786408,0.22330097087378642,0.09223300970873786,0.21844660194174756,0.35714285714285715,0.35714285714285715,0.105,0.28,0.105,0.105,0.105,0.105,Mat Nelson
680757,2067,750,533,201,197,0.3453313981615868,0.3257769931996686,27,L,0.360867558837102,0.2561144439317028,0.09667743424088601,0.1012921089063221,0.4266666666666667,0.408,0.03381197839960726,0.09941089837997054,0.02109009360374415,0.05577414409810935,0.054273504273504275,0.105,Steven Kwan
680763,12,0,0,0,5,0.0,0.0,25,R,0.2857142857142857,0.19642857142857142,0.07589285714285714,0.24553571428571427,0.21621621621621623,0.21621621621621623,0.125,0.2714285714285714,0.08137254901960785,0.15000000000000002,0.1618421052631579,0.105,Eric De La Rosa
680769,28,5,3,2,9,0.15892857142857145,0.18851190476190477,28,L,0.2890625,0.1953125,0.08203125,0.24609375,0.24528301886792453,0.24528301886792453,0.16319444444444445,0.3055555555555556,0.10729166666666667,0.1391891891891892,0.2479591836734694,0.105,CJ Alexander
680771,2,1,1,0,1,0.625,0.625,24,R,0.3235294117647059,0.22549019607843138,0.08333333333333333,0.23039215686274508,0.3333333333333333,0.3333333333333333,0.09722222222222222,0.2592592592592593,0.09,0.09545454545454546,0.105,0.105,Mateo Gil
680776,1495,488,375,100,365,0.3517391304347826,0.3233044853019287,28,L,0.32601880877742945,0.24890282131661443,0.06802507836990596,0.24294670846394983,0.3333333333333333,0.28,0.11405812324929972,0.15178571428571427,0.0860821673116999,0.15576145552560647,0.1516899766899767,0.10161290322580645,Jarren Duran
680777,1404,430,281,119,377,0.3242165242165242,0.31542746825499635,27,R,0.3071808510638298,0.2014627659574468,0.08477393617021277,0.265625,0.25333333333333335,0.272,0.11597938144329897,0.15961606825453253,0.08586130462317922,0.15584795321637426,0.15130208333333334,0.10161290322580645,Ryan Jeffers
680779,394,114,68,41,116,0.2812182741116751,0.2751561879336221,25,R,0.29554655870445345,0.18218623481781376,0.10020242914979757,0.28036437246963564,0.22666666666666666,0.224,0.12471064814814815,0.15219907407407407,0.09456641053787047,0.15345963756177924,0.17575,0.105,Henry Davis
680785,2,1,1,0,0,0.45,0.45,26,L,0.3235294117647059,0.22549019607843138,0.08333333333333333,0.22058823529411764,0.3333333333333333,0.3333333333333333,0.105,0.28,0.105,0.105,0.105,0.105,J.D. Orr
680799,12,5,3,2,7,0.43333333333333335,0.43333333333333335,26,L,0.33035714285714285,0.22321428571428573,0.09375,0.26339285714285715,0.35135135135135137,0.35135135135135137,0.1483050847457627,0.288135593220339,0.12575757575757576,0.15375,0.1757142857142857,0.105,Seth Gray
680810,11,5,4,1,2,0.48636363636363633,0.48636363636363633,26,L,0.3333333333333333,0.23423423423423423,0.08558558558558559,0.22072072072072071,0.3611111111111111,0.3611111111111111,0.11440677966101695,0.24576271186440682,0.13205128205128205,0.10921052631578948,0.10161290322580645,0.105,Quincy Hamilton
680814,149,41,25,13,57,0.28187919463087246,0.27825167606495876,26,R,0.2931726907630522,0.18875502008032127,0.08634538152610442,0.3192771084337349,0.30666666666666664,0.288,0.17841409691629956,0.17327459618208516,0.1821867321867322,0.21140350877192982,0.10913978494623656,0.105,Peyton Burdick
680837,33,11,7,3,6,0.4424242424242424,0.4424242424242424,30,L,0.3233082706766917,0.21804511278195488,0.08646616541353383,0.21428571428571427,0.3275862068965517,0.3275862068965517,0.1388888888888889,0.2698412698412698,0.13085106382978723,0.16621621621621624,0.1296875,0.105,Ryan Fitzgerald
680846,3,0,0,0,2,0.5333333333333333,0.5333333333333333,22,R,0.3106796116504854,0.21359223300970873,0.0825242718446602,0.23786407766990292,0.2857142857142857,0.2857142857142857,0.105,0.28,0.105,0.105,0.105,0.105,Pablo Aliendo
680852,2,0,0,0,0,0.0,0.0,23,L,0.3137254901960784,0.21568627450980393,0.08333333333333333,0.22058823529411764,0.2962962962962963,0.2962962962962963,0.09905660377358491,0.28301886792452835,0.09545454545454546,0.09545454545454546,0.105,0.105,Wilfredo Flores
680858,2,0,0,0,1,0.0,0.0,21,R,0.3137254901960784,0.21568627450980393,0.08333333333333333,0.23039215686274508,0.2962962962962963,0.2962962962962963,0.11739130434782609,0.2956521739130435,0.0875,0.1618421052631579,0.10161290322580645,0.105,Albert Jerez
680862,9,3,2,1,4,0.4,0.4,28,R,0.3211009174311927,0.22018348623853212,0.0871559633027523,0.24311926605504589,0.3235294117647059,0.3235294117647059,0.12083333333333333,0.26666666666666666,0.12261904761904763,0.11527777777777778,0.1296875,0.105,Willie MacIver
680868,2,0,0,0,1,0.0,0.0,24,L,0.3137254901960784,0.21568627450980393,0.08333333333333333,0.23039215686274508,0.2962962962962963,0.2962962962962963,0.1261682242990654,0.26168224299065423,0.14714285714285716,0.1296875,0.105,0.105,Patrick Winkel
680869,878,258,183,68,281,0.30928246013667426,0.29506469227796267,25,R,0.2965235173824131,0.20961145194274028,0.07822085889570553,0.3103271983640082,0.24,0.296,0.1698198198198198,0.14774774774774774,0.13684362377380266,0.2020541958041958,0.2170428893905192,0.105,Zack Gelof
680874,1,0,0,0,1,0.0,0.0,24,R,0.31683168316831684,0.21782178217821782,0.08415841584158416,0.23267326732673269,0.3076923076923077,0.3076923076923077,0.10849056603773585,0.2735849056603774,0.10161290322580645,0.11857142857142858,0.105,0.105,Tim Borden II
680881,23,8,6,2,7,0.34130434782608693,0.34130434782608693,27,R,0.3252032520325203,0.22764227642276422,0.08536585365853659,0.23983739837398374,0.3333333333333333,0.3333333333333333,0.1099290780141844,0.24113475177304963,0.12300000000000001,0.10510204081632654,0.0984375,0.105,Niko Hulsizer
680890,8,1,1,0,1,0.1125,0.1125,27,L,0.3055555555555556,0.21296296296296297,0.0787037037037037,0.2175925925925926,0.2727272727272727,0.2727272727272727,0.105,0.28,0.105,0.105,0.105,0.105,Jax Biggers
680906,2,0,0,0,0,0.0,0.0,25,L,0.3137254901960784,0.21568627450980393,0.08333333333333333,0.22058823529411764,0.2962962962962963,0.2962962962962963,0.12272727272727273,0.26363636363636367,0.1355263157894737,0.1338709677419355,0.10161290322580645,0.105,Josiah Sightler
680910,1,0,0,0,0,0.0,0.0,24,L,0.31683168316831684,0.21782178217821782,0.08415841584158416,0.22277227722772278,0.3076923076923077,0.3076923076923077,0.105,0.28,0.105,0.105,0.105,0.105,Robby Martin Jr.
680911,1092,321,244,66,230,0.29423076923076924,0.2919289300148673,28,R,0.2961409395973154,0.2231543624161074,0.0625,0.2118288590604027,0.22666666666666666,0.24,0.08977525314892566,0.1716473203260064,0.06073398387781078,0.11391270459859704,0.18333333333333335,0.105,Owen Miller
680918,7,0,0,0,4,0.0,0.0,25,R,0.29906542056074764,0.205607476635514,0.0794392523364486,0.24766355140186916,0.25,0.25,0.12301587301587301,0.23015873015873017,0.09021739130434783,0.16621621621621624,0.12575757575757576,0.105,Brady Allen
680932,10,2,2,0,5,0.215,0.215,22,S,0.3090909090909091,0.21818181818181817,0.07727272727272727,0.25,0.2857142857142857,0.2857142857142857,0.1220472440944882,0.28346456692913385,0.11704545454545455,0.14714285714285716,0.10921052631578948,0.105,Pedro Martinez
680938,6,4,3,1,0,0.5666666666666667,0.5666666666666667,27,L,0.33962264150943394,0.2358490566037736,0.08962264150943396,0.21226415094339623,0.3870967741935484,0.3870967741935484,0.10454545454545454,0.26363636363636367,0.0984375,0.0984375,0.11527777777777778,0.105,Andrew Moritz
680963,4,1,1,0,1,0.3125,0.3145,27,R,0.3173076923076923,0.22115384615384615,0.08173076923076923,0.22596153846153846,0.3103448275862069,0.3103448275862069,0.10454545454545454,0.27272727272727276,0.11527777777777778,0.09264705882352942,0.105,0.105,Cody Wilson
680971,8,1,1,0,4,0.225,0.225,27,R,0.3055555555555556,0.21296296296296297,0.0787037037037037,0.24537037037037038,0.2727272727272727,0.2727272727272727,0.11467889908256881,0.26605504587155965,0.15147058823529413,0.09,0.105,0.105,Jake Anchia
680977,1575,568,384,148,218,0.34990476190476194,0.34480448069455755,27,L,0.3582089552238806,0.24238805970149255,0.09343283582089552,0.1435820895522388,0.37333333333333335,0.4,0.057365211810012834,0.11601412066752247,0.03546511627906977,0.08216656608328304,0.1029445727482679,0.10161290322580645,Brendan Donovan
680995,2,1,1,0,0,0.45,0.45,22,R,0.3235294117647059,0.22549019607843138,0.08333333333333333,0.22058823529411764,0.3333333333333333,0.3333333333333333,0.105,0.28,0.105,0.105,0.105,0.105,Jaden Fein
680996,4,0,0,0,2,0.225,0.225,24,L,0.3076923076923077,0.21153846153846154,0.08173076923076923,0.23557692307692307,0.27586206896551724,0.27586206896551724,0.105,0.28,0.105,0.105,0.105,0.105,Luke Mann
681047,6,4,3,1,2,0.9333333333333332,0.9333333333333332,25,R,0.33962264150943394,0.2358490566037736,0.08962264150943396,0.23113207547169812,0.3870967741935484,0.3870967741935484,0.1318181818181818,0.2545454545454546,0.14305555555555557,0.0984375,0.1609375,0.105,Christian Franklin
681068,2,1,0,1,0,0.35,0.35,24,L,0.3235294117647059,0.21568627450980393,0.09313725490196079,0.22058823529411764,0.3333333333333333,0.3333333333333333,0.105,0.28,0.105,0.105,0.105,0.105,Jayce Easley
681082,1885,593,432,150,328,0.31339522546419096,0.30672939673921407,27,L,0.3148614609571788,0.2287153652392947,0.07984886649874055,0.1765743073047859,0.32,0.296,0.06732001024852677,0.14168588265436843,0.05928688189619942,0.08369086908690869,0.07578413284132841,0.105,Bryson Stott
681098,10,3,2,1,2,0.375,0.375,25,R,0.3181818181818182,0.21818181818181817,0.08636363636363636,0.22272727272727272,0.3142857142857143,0.3142857142857143,0.10080645161290322,0.25806451612903225,0.09651162790697675,0.10921052631578948,0.09545454545454546,0.105,Bill Knight
681114,7,2,0,1,2,0.19999999999999998,0.19999999999999998,25,L,0.3177570093457944,0.205607476635514,0.08878504672897196,0.22897196261682243,0.3125,0.3125,0.105,0.28,0.105,0.105,0.105,0.105,Michael Trautwein
681123,7,2,2,0,1,0.3071428571428571,0.3071428571428571,23,R,0.3177570093457944,0.22429906542056074,0.0794392523364486,0.21962616822429906,0.3125,0.3125,0.1,0.2666666666666667,0.09545454545454546,0.0984375,0.105,0.105,Luca Tresh
681132,3,0,0,0,2,0.0,0.0,25,L,0.3106796116504854,0.21359223300970873,0.0825242718446602,0.23786407766990292,0.2857142857142857,0.2857142857142857,0.15566037735849056,0.2924528301886793,0.21029411764705883,0.1609375,0.105,0.105,Max Ferguson
681134,10,2,1,1,1,0.27,0.27,23,L,0.3090909090909091,0.20909090909090908,0.08636363636363636,0.21363636363636362,0.2857142857142857,0.2857142857142857,0.10550458715596331,0.26605504587155965,0.11527777777777778,0.10161290322580645,0.0984375,0.105,Caleb Roberts
681142,2,0,0,0,0,0.0,0.0,23,R,0.3137254901960784,0.21568627450980393,0.08333333333333333,0.22058823529411764,0.2962962962962963,0.2962962962962963,0.105,0.28,0.105,0.105,0.105,0.105,Justice Thompson
681143,11,3,2,1,2,0.22727272727272727,0.22727272727272727,28,L,0.3153153153153153,0.21621621621621623,0.08558558558558559,0.22072072072072071,0.3055555555555556,0.3055555555555556,0.10952380952380952,0.2666666666666667,0.09545454545454546,0.105,0.1296875,0.105,Kyle Kasser
681146,573,188,115,62,112,0.312478184991274,0.3057350091815731,29,R,0.32689450222882616,0.20356612184249628,0.10475482912332838,0.199851411589896,0.36,0.36,0.05988142292490119,0.12055335968379446,0.035849744711889134,0.07236686390532544,0.13207236842105263,0.105,Jonah Bride
681159,5,1,1,0,2,0.18,0.18,24,L,0.3142857142857143,0.21904761904761905,0.08095238095238096,0.23333333333333334,0.3,0.3,0.11061946902654868,0.24778761061946905,0.12875,0.10161290322580645,0.0984375,0.105,Ethan Wilson
681172,2,0,0,0,2,0.0,0.0,24,L,0.3137254901960784,0.21568627450980393,0.08333333333333333,0.24019607843137256,0.2962962962962963,0.2962962962962963,0.105,0.28,0.105,0.105,0.105,0.105,Tyler Tolve
681184,12,2,0,2,5,0.11666666666666665,0.11666666666666665,25,L,0.30357142857142855,0.19642857142857142,0.09375,0.24553571428571427,0.2702702702702703,0.2702702702702703,0.09545454545454546,0.26363636363636367,0.09,0.0984375,0.09545454545454546,0.105,Kevin Graham
681198,8,2,1,1,3,0.2,0.2,24,L,0.3148148148148148,0.21296296296296297,0.08796296296296297,0.2361111111111111,0.30303030303030304,0.30303030303030304,0.125,0.25757575757575757,0.12812500000000002,0.12875,0.12205882352941178,0.105,TJ Rumfield
681230,7,3,1,2,3,0.37857142857142856,0.37857142857142856,23,S,0.32710280373831774,0.21495327102803738,0.09813084112149532,0.2383177570093458,0.34375,0.34375,0.105,0.28,0.105,0.105,0.105,0.105,BJ Murray
681259,1,0,0,0,1,0.0,0.0,27,L,0.31683168316831684,0.21782178217821782,0.08415841584158416,0.23267326732673269,0.3076923076923077,0.3076923076923077,0.105,0.28,0.105,0.105,0.105,0.105,Aaron Pinto
681260,3,1,1,0,0,0.3,0.3,27,L,0.32038834951456313,0.22330097087378642,0.0825242718446602,0.21844660194174756,0.32142857142857145,0.32142857142857145,0.10096153846153846,0.2692307692307693,0.09545454545454546,0.105,0.10161290322580645,0.105,Grant Williams
681286,1,0,0,0,0,0.0,0.0,25,L,0.31683168316831684,0.21782178217821782,0.08415841584158416,0.22277227722772278,0.3076923076923077,0.3076923076923077,0.10294117647058823,0.27450980392156865,0.10161290322580645,0.10161290322580645,0.105,0.105,JT Schwartz
681297,694,220,137,74,215,0.32485590778097984,0.3311925746297766,24,L,0.31738035264483627,0.20025188916876574,0.10390428211586902,0.2991183879093199,0.29333333333333333,0.304,0.1254772648385977,0.13051023950017354,0.08673606447280054,0.14906947890818859,0.19296875000000002,0.105,Colton Cowser
681317,2,1,0,1,1,0.35,0.35,24,R,0.3235294117647059,0.21568627450980393,0.09313725490196079,0.23039215686274508,0.3333333333333333,0.3333333333333333,0.12135922330097088,0.29126213592233013,0.1296875,0.1338709677419355,0.105,0.105,Jeremiah Boyd
681323,11,2,1,1,6,0.14545454545454548,0.14545454545454548,24,L,0.3063063063063063,0.2072072072072072,0.08558558558558559,0.25675675675675674,0.2777777777777778,0.2777777777777778,0.13135593220338984,0.25423728813559326,0.15769230769230771,0.09264705882352942,0.14714285714285716,0.105,Alex Binelas
681326,2,1,1,0,1,0.45,0.45,24,L,0.3235294117647059,0.22549019607843138,0.08333333333333333,0.23039215686274508,0.3333333333333333,0.3333333333333333,0.1036036036036036,0.2522522522522523,0.12205882352941178,0.09264705882352942,0.09545454545454546,0.105,Cole Moore
681333,5,0,0,0,1,0.0,0.0,24,R,0.3047619047619048,0.20952380952380953,0.08095238095238096,0.22380952380952382,0.26666666666666666,0.26666666666666666,0.1059322033898305,0.2627118644067797,0.11444444444444445,0.10161290322580645,0.0984375,0.105,Dru Baker
681334,4,0,0,0,1,0.0,0.0,22,R,0.3076923076923077,0.21153846153846154,0.08173076923076923,0.22596153846153846,0.27586206896551724,0.27586206896551724,0.10454545454545454,0.26363636363636367,0.09264705882352942,0.11527777777777778,0.105,0.105,Justin Williams
681351,778,237,174,53,219,0.3246786632390745,0.3347944989074711,24,R,0.30637813211845105,0.22323462414578588,0.07004555808656036,0.27505694760820043,0.3466666666666667,0.264,0.15933512424445936,0.17830758898589658,0.11810000000000001,0.1930568499534017,0.22569620253164557,0.105,Logan O'Hoppe
681357,5,2,2,0,0,0.36,0.36,24,L,0.3238095238095238,0.22857142857142856,0.08095238095238096,0.21428571428571427,0.3333333333333333,0.3333333333333333,0.09765625,0.2734375,0.10729166666666667,0.09264705882352942,0.0875,0.105,Cody Morissette
681370,3,2,2,0,0,0.6,0.6,25,R,0.3300970873786408,0.23300970873786409,0.0825242718446602,0.21844660194174756,0.35714285714285715,0.35714285714285715,0.09722222222222222,0.2777777777777778,0.09264705882352942,0.09545454545454546,0.10161290322580645,0.105,Hudson Haskin
681371,3,1,0,1,1,0.2333333333333333,0.2333333333333333,24,R,0.32038834951456313,0.21359223300970873,0.09223300970873786,0.22815533980582525,0.32142857142857145,0.32142857142857145,0.1,0.2521739130434783,0.08289473684210526,0.09264705882352942,0.12575757575757576,0.105,Dom Keegan
681377,7,2,1,1,3,0.2285714285714286,0.2285714285714286,24,R,0.3177570093457944,0.21495327102803738,0.08878504672897196,0.2383177570093458,0.3125,0.3125,0.105,0.28,0.105,0.105,0.105,0.105,Josh Hood
681393,214,61,45,16,72,0.31355140186915886,0.3134677530856285,24,R,0.2961783439490446,0.21337579617834396,0.07802547770700637,0.30095541401273884,0.29333333333333333,0.288,0.17262569832402236,0.1888268156424581,0.1335214446952596,0.2113418530351438,0.21821705426356588,0.105,Connor Norby
681400,2,0,0,0,1,0.0,0.0,23,L,0.3137254901960784,0.21568627450980393,0.08333333333333333,0.23039215686274508,0.2962962962962963,0.2962962962962963,0.10176991150442478,0.24778761061946905,0.10375000000000001,0.09545454545454546,0.105,0.105,Danny Serretti
681439,2,0,0,0,1,0.0,0.0,24,R,0.3137254901960784,0.21568627450980393,0.08333333333333333,0.23039215686274508,0.2962962962962963,0.2962962962962963,0.105,0.28,0.105,0.105,0.105,0.105,Zach Morgan
681453,1,1,1,0,0,0.9,0.9,21,R,0.32673267326732675,0.22772277227722773,0.08415841584158416,0.22277227722772278,0.34615384615384615,0.34615384615384615,0.10194174757281553,0.2718446601941748,0.0984375,0.10161290322580645,0.105,0.105,Daneurys De La Cruz
681460,122,31,25,6,31,0.26147540983606554,0.26745766374191543,24,S,0.28378378378378377,0.21171171171171171,0.06531531531531531,0.240990990990991,0.28,0.288,0.12452471482889733,0.188212927756654,0.12426710097719869,0.1361111111111111,0.11158536585365854,0.10161290322580645,Brooks Baldwin
681466,2,1,1,0,1,0.45,0.45,23,R,0.3235294117647059,0.22549019607843138,0.08333333333333333,0.23039215686274508,0.3333333333333333,0.3333333333333333,0.105,0.28,0.105,0.105,0.105,0.105,James Parker
681468,6,2,2,0,3,0.35833333333333334,0.35833333333333334,25,L,0.32075471698113206,0.22641509433962265,0.08018867924528301,0.24056603773584906,0.3225806451612903,0.3225806451612903,0.11261261261261261,0.2522522522522523,0.10921052631578948,0.12575757575757576,0.105,0.105,Corey Rosier
681481,938,316,238,63,242,0.36348614072494667,0.34804222196800216,27,L,0.3352601156069364,0.2504816955684008,0.06888246628131021,0.2548169556840077,0.32,0.328,0.13361481885044946,0.1735222010351403,0.12031339031339032,0.13880778588807785,0.15944940476190478,0.10161290322580645,Kerry Carpenter
681488,4,1,1,0,3,0.225,0.225,24,R,0.3173076923076923,0.22115384615384615,0.08173076923076923,0.24519230769230768,0.3103448275862069,0.3103448275862069,0.12162162162162163,0.2612612612612613,0.14305555555555557,0.11857142857142858,0.105,0.105,Logan Cerny
681495,4,1,1,0,2,0.5,0.5,23,R,0.3173076923076923,0.22115384615384615,0.08173076923076923,0.23557692307692307,0.3103448275862069,0.3103448275862069,0.11467889908256881,0.27522935779816515,0.0875,0.15606060606060607,0.105,0.105,Cade Fergus
681508,32,12,5,5,8,0.29375,0.415022375,29,S,0.3333333333333333,0.20454545454545456,0.10227272727272728,0.23106060606060605,0.3508771929824561,0.3508771929824561,0.07882882882882883,0.1891891891891892,0.051500000000000004,0.1138888888888889,0.08879310344827587,0.105,Mickey Gasper
681526,41,12,2,10,10,0.24512195121951216,0.25193248780487804,26,R,0.3120567375886525,0.1702127659574468,0.13120567375886524,0.23049645390070922,0.30303030303030304,0.30303030303030304,0.09451219512195122,0.1951219512195122,0.08174603174603175,0.1060344827586207,0.09545454545454546,0.105,Bryan Lavastida
681538,2,1,1,0,0,0.625,0.625,28,R,0.3235294117647059,0.22549019607843138,0.08333333333333333,0.22058823529411764,0.3333333333333333,0.3333333333333333,0.1,0.2666666666666667,0.09264705882352942,0.10161290322580645,0.105,0.105,Christian Molfetta
681540,5,2,1,1,2,0.32,0.32,26,R,0.3238095238095238,0.21904761904761905,0.09047619047619047,0.23333333333333334,0.3333333333333333,0.3333333333333333,0.10267857142857142,0.2767857142857143,0.11216216216216217,0.09264705882352942,0.10161290322580645,0.105,Dylan Neuse
681546,798,267,157,92,262,0.33126566416040104,0.3159914077396339,27,L,0.33296213808463254,0.19933184855233854,0.11191536748329621,0.31681514476614697,0.28,0.256,0.1543076923076923,0.13692307692307693,0.12063719862227325,0.19783027965284475,0.18470715835141,0.105,James Outman
681580,4,3,2,1,0,0.7125,0.7125,25,L,0.33653846153846156,0.23076923076923078,0.09134615384615384,0.21634615384615385,0.3793103448275862,0.3793103448275862,0.1,0.26086956521739135,0.07325581395348837,0.1296875,0.105,0.105,Michael Turconi
681581,14,4,3,1,4,0.3071428571428571,0.3071428571428571,25,L,0.3157894736842105,0.21929824561403508,0.08333333333333333,0.2324561403508772,0.3076923076923077,0.3076923076923077,0.105,0.28,0.105,0.105,0.105,0.105,Andy Weber
681584,401,113,72,31,125,0.3008728179551122,0.2968995274051395,27,R,0.2894211576846307,0.18762475049900199,0.07884231536926148,0.2944111776447106,0.29333333333333333,0.264,0.1511326860841424,0.12815533980582525,0.11592977893368012,0.18649328859060404,0.18911764705882353,0.105,David Villar
681623,1,1,1,0,0,0.9,0.9,23,R,0.32673267326732675,0.22772277227722773,0.08415841584158416,0.22277227722772278,0.34615384615384615,0.34615384615384615,0.105,0.28,0.105,0.105,0.105,0.105,Ronaiker Palma
681624,475,143,106,30,116,0.31305263157894736,0.32365449068692465,24,R,0.30434782608695654,0.22260869565217392,0.06695652173913043,0.2408695652173913,0.30666666666666664,0.336,0.11213235294117647,0.15546218487394958,0.09096276112624888,0.1460548885077187,0.12928571428571428,0.105,Andy Pages
681679,9,4,2,2,2,0.39444444444444443,0.39444444444444443,24,R,0.3302752293577982,0.22018348623853212,0.0963302752293578,0.22477064220183487,0.35294117647058826,0.35294117647058826,0.10504201680672269,0.2689075630252101,0.10957446808510639,0.105,0.0984375,0.105,Stanley Consuegra
681715,4,2,2,0,1,0.725,0.725,24,R,0.3269230769230769,0.23076923076923078,0.08173076923076923,0.22596153846153846,0.3448275862068966,0.3448275862068966,0.11057692307692307,0.27884615384615385,0.105,0.12575757575757576,0.10161290322580645,0.105,Heriberto Hernández
681724,1,0,0,0,1,0.0,0.0,22,L,0.31683168316831684,0.21782178217821782,0.08415841584158416,0.23267326732673269,0.3076923076923077,0.3076923076923077,0.12135922330097088,0.29126213592233013,0.1296875,0.1338709677419355,0.105,0.105,Daniel Aguilar
681804,2,0,0,0,0,0.0,0.0,27,R,0.3137254901960784,0.21568627450980393,0.08333333333333333,0.22058823529411764,0.2962962962962963,0.2962962962962963,0.10294117647058823,0.27450980392156865,0.0984375,0.105,0.105,0.105,Chris Bec
681807,577,201,130,57,131,0.35597920277296363,0.3327643105427118,29,R,0.34416543574593794,0.22451994091580502,0.0967503692762186,0.22673559822747416,0.32,0.312,0.11773835920177383,0.15787139689578714,0.10375791139240506,0.12272079772079773,0.1689964157706093,0.105,David Fry
681831,10,1,0,1,4,0.06999999999999999,0.06999999999999999,24,L,0.3,0.2,0.08636363636363636,0.2409090909090909,0.2571428571428571,0.2571428571428571,0.13358778625954199,0.25190839694656486,0.12812500000000002,0.17875000000000002,0.09545454545454546,0.105,Willie Joe Garry Jr.
681862,5,1,0,1,1,0.32,0.32,26,R,0.3142857142857143,0.20952380952380953,0.09047619047619047,0.22380952380952382,0.3,0.3,0.1016260162601626,0.24390243902439027,0.0715909090909091,0.1355263157894737,0.10161290322580645,0.105,Matt Pita
681868,6,2,2,0,2,0.5416666666666666,0.5416666666666666,24,L,0.32075471698113206,0.22641509433962265,0.08018867924528301,0.23113207547169812,0.3225806451612903,0.3225806451612903,0.11165048543689321,0.2718446601941748,0.12575757575757576,0.105,0.105,0.105,Ezequiel Pagan
681888,3,0,0,0,2,0.0,0.0,27,L,0.3106796116504854,0.21359223300970873,0.0825242718446602,0.23786407766990292,0.2857142857142857,0.2857142857142857,0.11467889908256881,0.28440366972477066,0.1355263157894737,0.10161290322580645,0.105,0.105,Greg Cullen
681901,2,1,1,0,0,0.45,0.45,26,R,0.3235294117647059,0.22549019607843138,0.08333333333333333,0.22058823529411764,0.3333333333333333,0.3333333333333333,0.105,0.28,0.105,0.105,0.105,0.105,Alex Holderbach
681909,16,2,1,0,5,0.17812499999999998,0.17812499999999998,28,R,0.29310344827586204,0.19827586206896552,0.07327586206896551,0.23706896551724138,0.24390243902439024,0.24390243902439024,0.10194174757281553,0.2718446601941748,0.0984375,0.10161290322580645,0.105,0.105,Justin Dean
681911,4,1,0,1,3,0.175,0.17292925,25,L,0.3173076923076923,0.21153846153846154,0.09134615384615384,0.24519230769230768,0.3103448275862069,0.3103448275862069,0.12184873949579832,0.24369747899159666,0.13085106382978723,0.1296875,0.105,0.105,Alex Vesia
681941,2,0,0,0,1,0.0,0.0,22,R,0.3137254901960784,0.21568627450980393,0.08333333333333333,0.23039215686274508,0.2962962962962963,0.2962962962962963,0.11274509803921569,0.27450980392156865,0.1296875,0.105,0.105,0.105,Jaylen Palmer
681962,59,19,8,10,10,0.2889830508474576,0.2893609152542373,28,R,0.32075471698113206,0.18867924528301888,0.11635220125786164,0.20440251572327045,0.3333333333333333,0.32142857142857145,0.07730263157894737,0.14473684210526316,0.05903225806451613,0.09531250000000001,0.09651162790697675,0.105,Vinny Capra
681987,225,61,42,16,68,0.2673333333333333,0.27668225957307063,28,R,0.28615384615384615,0.19692307692307692,0.07538461538461538,0.2784615384615385,0.21333333333333335,0.232,0.1225609756097561,0.16341463414634147,0.10715725806451612,0.16222707423580784,0.10764705882352942,0.105,Nate Eaton
682005,2,0,0,0,0,0.0,0.0,27,R,0.3137254901960784,0.21568627450980393,0.08333333333333333,0.22058823529411764,0.2962962962962963,0.2962962962962963,0.105,0.28,0.105,0.105,0.105,0.105,Rusber Estrada
682039,2,2,2,0,0,0.9,0.9,23,L,0.3333333333333333,0.23529411764705882,0.08333333333333333,0.22058823529411764,0.37037037037037035,0.37037037037037035,0.105,0.28,0.105,0.105,0.105,0.105,Jacen Roberson
682040,22,4,3,1,14,0.15454545454545454,0.15454545454545454,28,L,0.29508196721311475,0.20491803278688525,0.0778688524590164,0.29918032786885246,0.2553191489361702,0.2553191489361702,0.14240506329113925,0.21518987341772153,0.11916666666666667,0.1391891891891892,0.17941176470588235,0.105,Jordan Qsar
682073,244,71,41,29,79,0.2682377049180328,0.25734435862881533,28,R,0.29941860465116277,0.18313953488372092,0.10901162790697674,0.29505813953488375,0.29333333333333333,0.264,0.10603204524033931,0.11215834118755891,0.10008912655971479,0.11156156156156155,0.11560509554140126,0.105,David Hensley
682090,2,0,0,0,0,0.0,0.0,24,R,0.3137254901960784,0.21568627450980393,0.08333333333333333,0.22058823529411764,0.2962962962962963,0.2962962962962963,0.10454545454545454,0.27272727272727276,0.11216216216216217,0.09545454545454546,0.105,0.105,Gionti Turner
682109,8,5,3,2,3,0.6,0.6,27,L,0.3425925925925926,0.23148148148148148,0.09722222222222222,0.2361111111111111,0.3939393939393939,0.3939393939393939,0.12916666666666668,0.25833333333333336,0.16627906976744186,0.11857142857142858,0.0984375,0.105,Justin Toerner
682119,22,5,2,2,4,0.20909090909090908,0.21704545454545457,29,S,0.30327868852459017,0.19672131147540983,0.0860655737704918,0.21721311475409835,0.2765957446808511,0.2765957446808511,0.14642857142857144,0.2571428571428571,0.09903846153846155,0.18953488372093025,0.1757142857142857,0.105,Levi Jordan
682177,254,78,48,30,77,0.3043307086614173,0.2927827313266373,27,L,0.3107344632768362,0.1977401129943503,0.10875706214689265,0.2810734463276836,0.24,0.296,0.13069767441860466,0.13674418604651162,0.0895264116575592,0.14950331125827815,0.21098130841121496,0.105,Daniel Schneemann
682182,5,2,1,1,1,0.32,0.32,26,R,0.3238095238095238,0.21904761904761905,0.09047619047619047,0.22380952380952382,0.3333333333333333,0.3333333333333333,0.11057692307692307,0.2692307692307693,0.1296875,0.105,0.0984375,0.105,J.C. Correa
682183,19,8,3,3,7,0.38421052631578945,0.38421052631578945,27,L,0.33613445378151263,0.21008403361344538,0.09663865546218488,0.24789915966386555,0.36363636363636365,0.36363636363636365,0.12719298245614036,0.24561403508771934,0.17439024390243904,0.10161290322580645,0.0984375,0.105,Drew Avans
682187,11,3,0,3,2,0.1909090909090909,0.1909090909090909,29,L,0.3153153153153153,0.1981981981981982,0.1036036036036036,0.22072072072072071,0.3055555555555556,0.3055555555555556,0.09274193548387097,0.25000000000000006,0.09651162790697675,0.08076923076923077,0.0984375,0.105,Nick Ward
682191,2,0,0,0,1,0.0,0.0,25,R,0.3137254901960784,0.21568627450980393,0.08333333333333333,0.23039215686274508,0.2962962962962963,0.2962962962962963,0.105,0.28,0.105,0.105,0.105,0.105,Dawson Dimon
682192,10,1,0,1,4,0.06999999999999999,0.06999999999999999,27,R,0.3,0.2,0.08636363636363636,0.2409090909090909,0.2571428571428571,0.2571428571428571,0.13358778625954199,0.24427480916030533,0.1366666666666667,0.15543478260869567,0.105,0.105,Paul McIntosh
682196,3,2,1,0,1,0.65,0.65,22,R,0.3300970873786408,0.22330097087378642,0.0825242718446602,0.22815533980582525,0.35714285714285715,0.35714285714285715,0.105,0.28,0.105,0.105,0.105,0.105,Miguel Pabon
682204,4,2,2,0,0,0.5375,0.5375,26,L,0.3269230769230769,0.23076923076923078,0.08173076923076923,0.21634615384615385,0.3448275862068966,0.3448275862068966,0.105,0.28,0.105,0.105,0.105,0.105,Logan Brown
682210,1,1,1,0,0,0.9,0.9,26,R,0.32673267326732675,0.22772277227722773,0.08415841584158416,0.22277227722772278,0.34615384615384615,0.34615384615384615,0.105,0.28,0.105,0.105,0.105,0.105,Kody Hoese
682218,3,1,1,0,0,0.3,0.3,24,R,0.32038834951456313,0.22330097087378642,0.0825242718446602,0.21844660194174756,0.32142857142857145,0.32142857142857145,0.09813084112149532,0.2710280373831776,0.08513513513513513,0.105,0.105,0.105,Tyler Reichenborn
682239,4,1,1,0,2,0.225,0.225,27,R,0.3173076923076923,0.22115384615384615,0.08173076923076923,0.23557692307692307,0.3103448275862069,0.3103448275862069,0.10550458715596331,0.28440366972477066,0.09,0.1296875,0.0984375,0.105,Luke Ritter
682265,11,5,3,2,5,0.4681818181818182,0.4681818181818182,25,R,0.3333333333333333,0.22522522522522523,0.0945945945945946,0.24774774774774774,0.3611111111111111,0.3611111111111111,0.1016260162601626,0.23577235772357727,0.10957446808510639,0.0875,0.105,0.105,Wes Clarke
682266,44,16,14,2,11,0.4193181818181818,0.4193181818181818,25,R,0.3333333333333333,0.25,0.07291666666666667,0.2326388888888889,0.34782608695652173,0.34782608695652173,0.092,0.24800000000000003,0.06847826086956521,0.10921052631578948,0.10161290322580645,0.105,Brett Auerbach
682276,1,0,0,0,0,0.0,0.0,24,R,0.31683168316831684,0.21782178217821782,0.08415841584158416,0.22277227722772278,0.3076923076923077,0.3076923076923077,0.10952380952380952,0.2952380952380953,0.10161290322580645,0.12205882352941178,0.105,0.105,Jose Cordova
682452,4,1,0,1,0,0.175,0.175,23,L,0.3173076923076923,0.21153846153846154,0.09134615384615384,0.21634615384615385,0.3103448275862069,0.3103448275862069,0.09722222222222222,0.2592592592592593,0.09,0.0984375,0.10161290322580645,0.105,Cesar Berbesi
682504,1,0,0,0,1,0.0,0.0,23,R,0.31683168316831684,0.21782178217821782,0.08415841584158416,0.23267326732673269,0.3076923076923077,0.3076923076923077,0.105,0.28,0.105,0.105,0.105,0.105,Leonardo Seminati
682515,58,21,12,8,15,0.3568965517241379,0.3407820773759461,29,R,0.33544303797468356,0.21518987341772153,0.10443037974683544,0.23734177215189872,0.3466666666666667,0.3493975903614458,0.12884615384615383,0.2,0.09867256637168142,0.17077922077922078,0.138135593220339,0.10161290322580645,Logan Porter
682616,1,0,0,0,1,0.0,0.0,21,R,0.31683168316831684,0.21782178217821782,0.08415841584158416,0.23267326732673269,0.3076923076923077,0.3076923076923077,0.105,0.28,0.105,0.105,0.105,0.105,Diego Cartaya
682617,165,53,34,19,57,0.32333333333333336,0.3236442998055813,23,R,0.32075471698113206,0.21132075471698114,0.10377358490566038,0.3,0.21333333333333335,0.312,0.125,0.11503067484662577,0.08021472392638036,0.16234042553191488,0.1993827160493827,0.105,Marco Luciano
682618,7,4,3,1,2,0.4857142857142857,0.4857142857142857,22,S,0.3364485981308411,0.2336448598130841,0.08878504672897196,0.22897196261682243,0.375,0.375,0.09504132231404959,0.2479338842975207,0.09431818181818183,0.0875,0.10161290322580645,0.105,Misael Urbina
682619,25,11,8,3,6,0.488,0.48744,23,R,0.344,0.24,0.092,0.228,0.38,0.38,0.1497175141242938,0.22598870056497175,0.09044117647058825,0.24047619047619048,0.11527777777777778,0.105,Orelvis Martinez
682621,6,3,3,0,0,0.6916666666666668,0.6916666666666668,22,R,0.330188679245283,0.2358490566037736,0.08018867924528301,0.21226415094339623,0.3548387096774194,0.3548387096774194,0.10294117647058823,0.27450980392156865,0.0984375,0.105,0.105,0.105,Gabriel Rodriguez
682622,377,110,88,18,104,0.28952254641909814,0.2981424489684808,23,R,0.2976939203354298,0.23060796645702306,0.05555555555555555,0.26519916142557654,0.32,0.296,0.13763066202090593,0.18745644599303135,0.09317841079460269,0.15685053380782918,0.23545918367346938,0.105,Noelvi Marte
682626,865,252,170,72,228,0.31364161849710986,0.30024280881980053,23,R,0.29430051813471503,0.19896373056994818,0.08341968911917098,0.2595854922279793,0.30666666666666664,0.32,0.13204485098849217,0.15107701386839775,0.10162803532008831,0.1603030303030303,0.18725728155339808,0.105,Francisco Alvarez
682628,3,0,0,0,2,0.0,0.0,21,L,0.3106796116504854,0.21359223300970873,0.0825242718446602,0.23786407766990292,0.2857142857142857,0.2857142857142857,0.105,0.28,0.105,0.105,0.105,0.105,Junior Sanquintin
682630,6,1,0,1,2,0.11666666666666665,0.11666666666666665,22,R,0.3113207547169811,0.20754716981132076,0.08962264150943396,0.23113207547169812,0.2903225806451613,0.2903225806451613,0.13247863247863248,0.28205128205128205,0.17023809523809524,0.12205882352941178,0.10161290322580645,0.105,Alvin Guzman
682631,9,4,2,2,1,0.35555555555555557,0.35555555555555557,23,R,0.3302752293577982,0.22018348623853212,0.0963302752293578,0.21559633027522937,0.35294117647058826,0.35294117647058826,0.11467889908256881,0.25688073394495414,0.09264705882352942,0.14714285714285716,0.105,0.105,Eduarqui Fernandez
682633,4,3,2,0,1,0.7125,0.7125,21,R,0.33653846153846156,0.23076923076923078,0.08173076923076923,0.22596153846153846,0.3793103448275862,0.3793103448275862,0.105,0.28,0.105,0.105,0.105,0.105,Eduardo Garcia
682634,26,5,4,1,5,0.17884615384615385,0.22392307692307692,22,R,0.29365079365079366,0.20634920634920634,0.07539682539682539,0.21825396825396826,0.2549019607843137,0.2549019607843137,0.11437908496732026,0.19607843137254904,0.09035087719298246,0.1663265306122449,0.08513513513513513,0.105,Kevin Alcántara
682636,2,0,0,0,1,0.0,0.0,20,R,0.3137254901960784,0.21568627450980393,0.08333333333333333,0.23039215686274508,0.2962962962962963,0.2962962962962963,0.105,0.28,0.105,0.105,0.105,0.105,Alejandro Pie
682637,1,1,1,0,0,2.0,2.0,22,L,0.32673267326732675,0.22772277227722773,0.08415841584158416,0.22277227722772278,0.34615384615384615,0.34615384615384615,0.105,0.28,0.105,0.105,0.105,0.105,Eduardo Lopez
682641,450,129,98,28,66,0.29744444444444446,0.29262328661188397,22,R,0.2927272727272727,0.21818181818181817,0.06636363636363636,0.16090909090909092,0.21333333333333335,0.224,0.07378087397086763,0.16656111462951234,0.05484054669703872,0.1055668016194332,0.07690355329949239,0.105,Luis Matos
682648,4,2,1,1,0,0.4,0.4,22,R,0.3269230769230769,0.22115384615384615,0.09134615384615384,0.21634615384615385,0.3448275862068966,0.3448275862068966,0.09905660377358491,0.26415094339622647,0.09,0.10161290322580645,0.105,0.105,Juan Guerrero
682650,3,0,0,0,2,0.0,0.0,23,R,0.3106796116504854,0.21359223300970873,0.0825242718446602,0.23786407766990292,0.2857142857142857,0.2857142857142857,0.12053571428571429,0.2767857142857143,0.1355263157894737,0.12575757575757576,0.10161290322580645,0.105,Malcom Nuñez
682653,4,2,2,0,0,0.45,0.45,22,R,0.3269230769230769,0.23076923076923078,0.08173076923076923,0.21634615384615385,0.3448275862068966,0.3448275862068966,0.10194174757281553,0.2718446601941748,0.09545454545454546,0.105,0.105,0.105,Warming Bernabel
682656,1,0,0,0,0,0.0,0.0,21,R,0.31683168316831684,0.21782178217821782,0.08415841584158416,0.22277227722772278,0.3076923076923077,0.3076923076923077,0.10294117647058823,0.27450980392156865,0.10161290322580645,0.10161290322580645,0.105,0.105,Sergio Campana
682657,174,52,36,16,33,0.28879310344827586,0.2817414111269463,22,S,0.30656934306569344,0.2116788321167883,0.08941605839416059,0.20255474452554745,0.28,0.264,0.08946700507614214,0.1967005076142132,0.08270588235294117,0.09404145077720207,0.10093749999999999,0.105,Angel Martínez
682658,5,2,1,1,2,0.54,0.54,21,R,0.3238095238095238,0.21904761904761905,0.09047619047619047,0.23333333333333334,0.3333333333333333,0.3333333333333333,0.11363636363636363,0.26363636363636367,0.15147058823529413,0.09264705882352942,0.0984375,0.105,Estanli Castillo
682662,1,0,0,0,0,0.0,0.0,23,R,0.31683168316831684,0.21782178217821782,0.08415841584158416,0.22277227722772278,0.3076923076923077,0.3076923076923077,0.1,0.2666666666666667,0.0984375,0.09545454545454546,0.105,0.105,Rafael Morel
682668,45,14,13,1,8,0.38,0.3151909231152101,22,R,0.31724137931034485,0.2413793103448276,0.06551724137931035,0.2103448275862069,0.3142857142857143,0.3142857142857143,0.11491935483870967,0.21370967741935484,0.12418032786885246,0.10833333333333334,0.10300000000000001,0.105,Luisangel Acuña
682674,12,3,2,1,2,0.2833333333333333,0.2833333333333333,23,R,0.3125,0.21428571428571427,0.08482142857142858,0.21875,0.2972972972972973,0.2972972972972973,0.105,0.28,0.105,0.105,0.105,0.105,Victor Bericoto
682679,3,1,0,1,1,0.2333333333333333,0.2333333333333333,21,S,0.32038834951456313,0.21359223300970873,0.09223300970873786,0.22815533980582525,0.32142857142857145,0.32142857142857145,0.105,0.28,0.105,0.105,0.105,0.105,Dayan Frias
682682,3,1,1,0,2,0.3,0.3,21,L,0.32038834951456313,0.22330097087378642,0.0825242718446602,0.23786407766990292,0.32142857142857145,0.32142857142857145,0.1201923076923077,0.2884615384615385,0.10161290322580645,0.15606060606060607,0.105,0.105,Sterling Romero
682685,3,2,2,0,0,0.7166666666666667,0.7166666666666667,21,R,0.3300970873786408,0.23300970873786409,0.0825242718446602,0.21844660194174756,0.35714285714285715,0.35714285714285715,0.11467889908256881,0.26605504587155965,0.14714285714285716,0.0984375,0.0984375,0.105,Cristian Gonzalez
682687,2,2,1,1,0,0.975,0.975,21,R,0.3333333333333333,0.22549019607843138,0.09313725490196079,0.22058823529411764,0.37037037037037035,0.37037037037037035,0.105,0.28,0.105,0.105,0.105,0.105,Frank Perez
682692,2,0,0,0,1,0.0,0.0,22,R,0.3137254901960784,0.21568627450980393,0.08333333333333333,0.23039215686274508,0.2962962962962963,0.2962962962962963,0.1179245283018868,0.26415094339622647,0.15147058823529413,0.0984375,0.105,0.105,Miguel Palma
682695,2,0,0,0,0,0.0,0.0,20,R,0.3137254901960784,0.21568627450980393,0.08333333333333333,0.22058823529411764,0.2962962962962963,0.2962962962962963,0.10096153846153846,0.2692307692307693,0.09545454545454546,0.10161290322580645,0.105,0.105,Yohander Martinez
682705,2,1,1,0,0,0.45,0.45,21,R,0.3235294117647059,0.22549019607843138,0.08333333333333333,0.22058823529411764,0.3333333333333333,0.3333333333333333,0.105,0.28,0.105,0.105,0.105,0.105,Yeuri Amparo
682707,1,0,0,0,0,0.0,0.0,22,L,0.31683168316831684,0.21782178217821782,0.08415841584158416,0.22277227722772278,0.3076923076923077,0.3076923076923077,0.105,0.28,0.105,0.105,0.105,0.105,Jeremy De La Rosa
682714,1,0,0,0,0,0.0,0.0,21,R,0.31683168316831684,0.21782178217821782,0.08415841584158416,0.22277227722772278,0.3076923076923077,0.3076923076923077,0.11057692307692307,0.2692307692307693,0.12575757575757576,0.10161290322580645,0.105,0.105,Yoander Rivero
682722,1,0,0,0,0,0.0,0.0,23,R,0.31683168316831684,0.21782178217821782,0.08415841584158416,0.22277227722772278,0.3076923076923077,0.3076923076923077,0.10294117647058823,0.27450980392156865,0.0984375,0.105,0.105,0.105,Isaac De León
682725,3,0,0,0,2,0.0,0.0,23,L,0.3106796116504854,0.21359223300970873,0.0825242718446602,0.23786407766990292,0.2857142857142857,0.2857142857142857,0.1318181818181818,0.2545454545454546,0.15147058823529413,0.12205882352941178,0.1296875,0.105,Cristhian Rodriguez
682728,1,0,0,0,0,0.0,0.0,22,L,0.31683168316831684,0.21782178217821782,0.08415841584158416,0.22277227722772278,0.3076923076923077,0.3076923076923077,0.105,0.28,0.105,0.105,0.105,0.105,Luis Chevalier
682729,71,20,15,3,19,0.27746478873239433,0.20576798591549295,22,S,0.30409356725146197,0.21637426900584794,0.06725146198830409,0.24269005847953215,0.30666666666666664,0.2916666666666667,0.11580381471389646,0.1880108991825613,0.09371584699453551,0.15290697674418605,0.12670454545454546,0.105,Jonatan Clase
682732,6,0,0,0,5,0.0,0.0,23,L,0.3018867924528302,0.20754716981132076,0.08018867924528301,0.25943396226415094,0.25806451612903225,0.25806451612903225,0.12385321100917432,0.27522935779816515,0.10161290322580645,0.15147058823529413,0.12205882352941178,0.105,Gabriel Moncada
682793,3,1,1,0,1,0.3,0.3,21,R,0.32038834951456313,0.22330097087378642,0.0825242718446602,0.22815533980582525,0.32142857142857145,0.32142857142857145,0.105,0.28,0.105,0.105,0.105,0.105,Bryan Gonzalez
682796,10,2,1,1,5,0.16,0.16,21,L,0.3090909090909091,0.20909090909090908,0.08636363636363636,0.25,0.2857142857142857,0.2857142857142857,0.1134453781512605,0.24369747899159666,0.11216216216216217,0.10921052631578948,0.12205882352941178,0.105,Eddinson Paulino
682799,1,0,0,0,0,0.0,0.0,23,R,0.31683168316831684,0.21782178217821782,0.08415841584158416,0.22277227722772278,0.3076923076923077,0.3076923076923077,0.105,0.28,0.105,0.105,0.105,0.105,Elio Prado
682829,1152,371,256,107,374,0.34210069444444446,0.3203046521534525,22,S,0.3218849840255591,0.2220447284345048,0.09225239616613419,0.3166932907348243,0.30666666666666664,0.304,0.13167607468519324,0.15914025184541902,0.0973914949583516,0.1591166077738516,0.17572222222222222,0.105,Elly De La Cruz
682830,3,1,0,1,1,0.2333333333333333,0.2333333333333333,21,R,0.32038834951456313,0.21359223300970873,0.09223300970873786,0.22815533980582525,0.32142857142857145,0.32142857142857145,0.10964912280701754,0.2543859649122807,0.08289473684210526,0.09545454545454546,0.15606060606060607,0.105,Ilvin Fernandez
682844,1,0,0,0,0,0.0,0.0,23,R,0.31683168316831684,0.21782178217821782,0.08415841584158416,0.22277227722772278,0.3076923076923077,0.3076923076923077,0.10396039603960396,0.27722772277227725,0.10161290322580645,0.105,0.105,0.105,Lazaro Benitez
682848,210,61,42,19,50,0.2869047619047619,0.30330583966314784,23,S,0.3,0.2064516129032258,0.08870967741935484,0.23387096774193547,0.30666666666666664,0.264,0.09308807134894091,0.15384615384615385,0.07189473684210526,0.1317622950819672,0.09613095238095237,0.105,Endy Rodríguez
682868,111,29,22,7,22,0.2990990990990991,0.30652894792651314,22,R,0.2890995260663507,0.20853080568720378,0.07345971563981042,0.2109004739336493,0.28,0.264,0.1167953667953668,0.15444015444015444,0.1094758064516129,0.12877906976744186,0.11534090909090909,0.105,Bryan Ramos
682877,1,0,0,0,0,0.0,0.0,22,L,0.31683168316831684,0.21782178217821782,0.08415841584158416,0.22277227722772278,0.3076923076923077,0.3076923076923077,0.10294117647058823,0.2843137254901961,0.0984375,0.105,0.105,0.105,Juan Brito
682927,18,4,3,1,5,0.18888888888888888,0.18888888888888888,24,S,0.3050847457627119,0.211864406779661,0.08050847457627118,0.2330508474576271,0.27906976744186046,0.27906976744186046,0.12828947368421054,0.21052631578947367,0.12058823529411765,0.1663265306122449,0.09880952380952382,0.105,Ronny Simon
682928,1599,485,365,81,315,0.3153533458411507,0.3059907657861302,24,L,0.3042966450853443,0.22778104767510302,0.05267804590935845,0.19864626250735726,0.30666666666666664,0.288,0.11486606350895867,0.18201170835550826,0.08529803529803529,0.15654761904761905,0.13288707799767172,0.10161290322580645,CJ Abrams
682942,4,1,0,1,2,0.175,0.175,21,R,0.3173076923076923,0.21153846153846154,0.09134615384615384,0.23557692307692307,0.3103448275862069,0.3103448275862069,0.11363636363636363,0.26363636363636367,0.0875,0.15147058823529413,0.105,0.105,Alex De Jesus
682947,8,2,2,0,2,0.26875,0.26875,22,R,0.3148148148148148,0.2222222222222222,0.0787037037037037,0.22685185185185186,0.30303030303030304,0.30303030303030304,0.1,0.2761904761904762,0.09545454545454546,0.0984375,0.105,0.105,Jose Ramos
682983,5,2,1,1,3,0.32,0.32,24,R,0.3238095238095238,0.21904761904761905,0.09047619047619047,0.24285714285714285,0.3333333333333333,0.3333333333333333,0.09905660377358491,0.26415094339622647,0.10161290322580645,0.09,0.105,0.105,Jud Fabian
682985,1525,521,364,146,417,0.3487868852459016,0.3526605322367765,24,L,0.3403076923076923,0.23753846153846153,0.09507692307692307,0.2704615384615385,0.32,0.304,0.11082352941176471,0.13145098039215686,0.07998567335243552,0.14715691634773098,0.15038277511961723,0.10161290322580645,Riley Greene
682987,8,7,3,3,0,0.73125,0.73125,23,L,0.3611111111111111,0.23148148148148148,0.10648148148148148,0.20833333333333334,0.45454545454545453,0.45454545454545453,0.09663865546218488,0.24369747899159666,0.09222222222222223,0.09545454545454546,0.10161290322580645,0.105,Spencer Jones
682988,59,14,9,4,24,0.2584745762711864,0.24572650586701433,24,R,0.2893081761006289,0.1949685534591195,0.07861635220125786,0.29245283018867924,0.25333333333333335,0.2619047619047619,0.15371621621621623,0.20945945945945946,0.13776978417266186,0.18520408163265303,0.14591836734693878,0.105,Tyler Locklear
682997,2,1,0,1,1,0.35,0.35,23,L,0.3235294117647059,0.21568627450980393,0.09313725490196079,0.23039215686274508,0.3333333333333333,0.3333333333333333,0.105,0.28,0.105,0.105,0.105,0.105,Tyler Callihan
682998,1577,548,361,160,309,0.36166772352568166,0.3375312981126181,24,L,0.345855694692904,0.2283840190816935,0.10047704233750746,0.19767441860465115,0.32,0.344,0.0856412792614573,0.13814704912627762,0.06794332210998878,0.10309005297233667,0.12771464646464648,0.10161290322580645,Corbin Carroll
683001,1,0,0,0,1,0.0,0.0,23,L,0.31683168316831684,0.21782178217821782,0.08415841584158416,0.23267326732673269,0.3076923076923077,0.3076923076923077,0.105,0.28,0.105,0.105,0.105,0.105,Ethan Hearn
683002,1538,537,368,159,370,0.3726918075422627,0.3621897010930048,23,L,0.34737484737484736,0.23809523809523808,0.10225885225885226,0.23962148962148963,0.32,0.336,0.10553633217993079,0.1240731586752348,0.08780017788319003,0.12479977116704806,0.13342217484008528,0.105,Gunnar Henderson
683007,1,0,0,0,1,0.0,0.0,23,R,0.31683168316831684,0.21782178217821782,0.08415841584158416,0.23267326732673269,0.3076923076923077,0.3076923076923077,0.11165048543689321,0.2718446601941748,0.12575757575757576,0.105,0.105,0.105,Darius Perry
683011,1403,416,296,111,349,0.3045616535994298,0.3008083039312057,23,R,0.2980705256154358,0.21157684630738524,0.0795076513639388,0.24717232202262143,0.38666666666666666,0.344,0.1086197871226662,0.13854475658698306,0.09087052168447517,0.12494964753272911,0.15216998191681738,0.105,Anthony Volpe
683013,2,0,0,0,2,0.0,0.0,22,R,0.3137254901960784,0.21568627450980393,0.08333333333333333,0.24019607843137256,0.2962962962962963,0.2962962962962963,0.12272727272727273,0.2545454545454546,0.14305555555555557,0.1296875,0.0984375,0.105,Alan Mejia
683021,296,101,64,31,47,0.2998310810810811,0.29637774388674387,28,R,0.33585858585858586,0.21717171717171718,0.09974747474747475,0.1755050505050505,0.26666666666666666,0.296,0.04701230228471002,0.11072056239015818,0.025482912332838035,0.0747142857142857,0.08714285714285715,0.105,Michael Stefanic
683031,3,1,1,0,1,0.3,0.3,23,L,0.32038834951456313,0.22330097087378642,0.0825242718446602,0.22815533980582525,0.32142857142857145,0.32142857142857145,0.11057692307692307,0.27884615384615385,0.0984375,0.1296875,0.105,0.105,Jean Ramirez
683061,5,3,2,1,1,0.5700000000000001,0.5700000000000001,23,S,0.3333333333333333,0.22857142857142856,0.09047619047619047,0.22380952380952382,0.36666666666666664,0.36666666666666664,0.11507936507936507,0.2380952380952381,0.11195652173913044,0.1355263157894737,0.0984375,0.105,Alexander Vargas
683079,3,1,1,0,2,0.3,0.3,23,L,0.32038834951456313,0.22330097087378642,0.0825242718446602,0.23786407766990292,0.32142857142857145,0.32142857142857145,0.09913793103448276,0.25000000000000006,0.08289473684210526,0.11857142857142858,0.09545454545454546,0.105,Omar Martinez
683083,88,30,18,12,17,0.3039772727272727,0.25151786363636364,24,S,0.32978723404255317,0.2127659574468085,0.10904255319148937,0.21010638297872342,0.37333333333333335,0.336283185840708,0.0773542600896861,0.14573991031390135,0.06447368421052631,0.08232323232323233,0.1147887323943662,0.105,Nasim Nuñez
683090,10,4,3,1,1,0.33999999999999997,0.33999999999999997,23,R,0.32727272727272727,0.22727272727272727,0.08636363636363636,0.21363636363636362,0.34285714285714286,0.34285714285714286,0.13135593220338984,0.2711864406779661,0.08513513513513513,0.14305555555555557,0.1757142857142857,0.105,Matthew Lugo
683091,1,0,0,0,1,0.0,0.0,24,R,0.31683168316831684,0.21782178217821782,0.08415841584158416,0.23267326732673269,0.3076923076923077,0.3076923076923077,0.105,0.28,0.105,0.105,0.105,0.105,Logan Tanner
683103,1,1,0,1,0,0.7,0.7,22,R,0.32673267326732675,0.21782178217821782,0.09405940594059406,0.22277227722772278,0.34615384615384615,0.34615384615384615,0.10096153846153846,0.2692307692307693,0.0984375,0.0984375,0.105,0.105,Cade Doughty
683104,2,0,0,0,1,0.0,0.0,23,R,0.3137254901960784,0.21568627450980393,0.08333333333333333,0.23039215686274508,0.2962962962962963,0.2962962962962963,0.105,0.28,0.105,0.105,0.105,0.105,Trey Faltine
683145,4,1,1,0,2,0.225,0.225,24,L,0.3173076923076923,0.22115384615384615,0.08173076923076923,0.23557692307692307,0.3103448275862069,0.3103448275862069,0.09813084112149532,0.26168224299065423,0.09264705882352942,0.0984375,0.10161290322580645,0.105,Colin Barber
683146,647,188,126,57,173,0.28724884080370944,0.3013226950220516,25,L,0.29451137884872824,0.19812583668005354,0.08768406961178045,0.2617135207496653,0.28,0.296,0.12606177606177607,0.14864864864864866,0.09927184466019418,0.1568537859007833,0.16706989247311826,0.105,Brett Baty
683152,1,0,0,0,0,0.0,0.0,23,R,0.31683168316831684,0.21782178217821782,0.08415841584158416,0.22277227722772278,0.3076923076923077,0.3076923076923077,0.105,0.28,0.105,0.105,0.105,0.105,Michael Curialle
683169,3,0,0,0,2,0.0,0.0,22,R,0.3106796116504854,0.21359223300970873,0.0825242718446602,0.23786407766990292,0.2857142857142857,0.2857142857142857,0.105,0.28,0.105,0.105,0.105,0.105,Sean McLain
683170,1,0,0,0,1,0.0,0.0,23,R,0.31683168316831684,0.21782178217821782,0.08415841584158416,0.23267326732673269,0.3076923076923077,0.3076923076923077,0.10849056603773585,0.2735849056603774,0.0984375,0.12205882352941178,0.105,0.105,Kadon Morton
683172,10,3,2,1,1,0.375,0.375,23,L,0.3181818181818182,0.21818181818181817,0.08636363636363636,0.21363636363636362,0.3142857142857143,0.3142857142857143,0.10416666666666667,0.2416666666666667,0.11195652173913044,0.0984375,0.0984375,0.105,Joe Naranjo
683227,1,0,0,0,0,0.0,0.0,23,R,0.31683168316831684,0.21782178217821782,0.08415841584158416,0.22277227722772278,0.3076923076923077,0.3076923076923077,0.105,0.28,0.105,0.105,0.105,0.105,Cody Freeman
683232,1,0,0,0,1,0.0,0.0,25,R,0.31683168316831684,0.21782178217821782,0.08415841584158416,0.23267326732673269,0.3076923076923077,0.3076923076923077,0.09905660377358491,0.26415094339622647,0.09545454545454546,0.105,0.09545454545454546,0.105,Nick Mears
683297,2,0,0,0,2,0.0,0.0,21,S,0.3137254901960784,0.21568627450980393,0.08333333333333333,0.24019607843137256,0.2962962962962963,0.2962962962962963,0.11904761904761904,0.2761904761904762,0.12205882352941178,0.1338709677419355,0.105,0.105,Landy Pena
683341,7,2,1,1,2,0.2785714285714286,0.2785714285714286,21,L,0.3177570093457944,0.21495327102803738,0.08878504672897196,0.22897196261682243,0.3125,0.3125,0.105,0.28,0.105,0.105,0.105,0.105,David Calabrese
683344,3,0,0,0,0,0.0,0.0,23,R,0.3106796116504854,0.21359223300970873,0.0825242718446602,0.21844660194174756,0.2857142857142857,0.2857142857142857,0.10747663551401869,0.26168224299065423,0.12205882352941178,0.09545454545454546,0.105,0.105,Homer Bush Jr.
683357,26,9,8,1,9,0.37307692307692303,0.37307692307692303,22,L,0.3253968253968254,0.23809523809523808,0.07539682539682539,0.25,0.3333333333333333,0.3333333333333333,0.105,0.28,0.105,0.105,0.105,0.105,Owen Caissie
683364,2,0,0,0,2,0.0,0.0,23,R,0.3137254901960784,0.21568627450980393,0.08333333333333333,0.24019607843137256,0.2962962962962963,0.2962962962962963,0.105,0.28,0.105,0.105,0.105,0.105,Carlos Dominguez
683389,2,0,0,0,0,0.0,0.0,20,L,0.3137254901960784,0.21568627450980393,0.08333333333333333,0.22058823529411764,0.2962962962962963,0.2962962962962963,0.10194174757281553,0.2718446601941748,0.105,0.10161290322580645,0.0984375,0.105,Danyer Sanabria
683399,1,0,0,0,0,0.0,0.0,21,L,0.31683168316831684,0.21782178217821782,0.08415841584158416,0.22277227722772278,0.3076923076923077,0.3076923076923077,0.105,0.28,0.105,0.105,0.105,0.105,Jose Baez
683414,1,0,0,0,0,0.0,0.0,22,R,0.31683168316831684,0.21782178217821782,0.08415841584158416,0.22277227722772278,0.3076923076923077,0.3076923076923077,0.10194174757281553,0.2718446601941748,0.0984375,0.10161290322580645,0.105,0.105,Freddy Guilamo
683427,1,0,0,0,0,0.0,0.0,22,R,0.31683168316831684,0.21782178217821782,0.08415841584158416,0.22277227722772278,0.3076923076923077,0.3076923076923077,0.105,0.28,0.105,0.105,0.105,0.105,Omar Hernandez
683447,10,6,4,2,1,0.6799999999999999,0.6799999999999999,22,R,0.34545454545454546,0.23636363636363636,0.09545454545454546,0.21363636363636362,0.4,0.4,0.10465116279069768,0.26356589147286824,0.07325581395348837,0.1430232558139535,0.09545454545454546,0.105,Gabriel Martinez
683451,1,1,0,1,0,0.7,0.7,20,R,0.32673267326732675,0.21782178217821782,0.09405940594059406,0.22277227722772278,0.34615384615384615,0.34615384615384615,0.105,0.28,0.105,0.105,0.105,0.105,Jesus Parra
683454,1,0,0,0,1,0.0,0.0,21,R,0.31683168316831684,0.21782178217821782,0.08415841584158416,0.23267326732673269,0.3076923076923077,0.3076923076923077,0.105,0.28,0.105,0.105,0.105,0.105,Brayan Buelvas
683469,4,1,1,0,1,0.3125,0.3125,25,R,0.3173076923076923,0.22115384615384615,0.08173076923076923,0.22596153846153846,0.3103448275862069,0.3103448275862069,0.11061946902654868,0.25663716814159293,0.0875,0.12205882352941178,0.12575757575757576,0.105,Warren Saunders
683481,4,2,2,0,1,0.45,0.45,21,S,0.3269230769230769,0.23076923076923078,0.08173076923076923,0.22596153846153846,0.3448275862068966,0.3448275862068966,0.11057692307692307,0.27884615384615385,0.0984375,0.1338709677419355,0.10161290322580645,0.105,Nerwilian Cedeño
683485,3,1,0,1,1,0.2333333333333333,0.2333333333333333,23,R,0.32038834951456313,0.21359223300970873,0.09223300970873786,0.22815533980582525,0.32142857142857145,0.32142857142857145,0.105,0.28,0.105,0.105,0.105,0.105,Nelson Beltran
683493,6,2,2,0,3,0.35833333333333334,0.35833333333333334,22,R,0.32075471698113206,0.22641509433962265,0.08018867924528301,0.24056603773584906,0.3225806451612903,0.3225806451612903,0.12083333333333333,0.2416666666666667,0.10375000000000001,0.1355263157894737,0.1296875,0.105,William Lugo
683494,2,1,1,0,0,0.45,0.45,20,R,0.3235294117647059,0.22549019607843138,0.08333333333333333,0.22058823529411764,0.3333333333333333,0.3333333333333333,0.105,0.28,0.105,0.105,0.105,0.105,Euribiel Angeles
683500,7,2,1,1,3,0.38571428571428573,0.38571428571428573,22,R,0.3177570093457944,0.21495327102803738,0.08878504672897196,0.2383177570093458,0.3125,0.3125,0.11061946902654868,0.25663716814159293,0.09264705882352942,0.11216216216216217,0.1296875,0.105,Maikol Escotto
683504,1,1,0,0,0,0.7,0.7,21,R,0.32673267326732675,0.21782178217821782,0.08415841584158416,0.22277227722772278,0.34615384615384615,0.34615384615384615,0.10396039603960396,0.27722772277227725,0.10161290322580645,0.105,0.105,0.105,Deivis Nadal
683536,4,1,0,1,2,0.175,0.175,21,R,0.3173076923076923,0.21153846153846154,0.09134615384615384,0.23557692307692307,0.3103448275862069,0.3103448275862069,0.105,0.28,0.105,0.105,0.105,0.105,Jose Escorche
683539,5,2,2,0,1,0.36,0.36,23,L,0.3238095238095238,0.22857142857142856,0.08095238095238096,0.22380952380952382,0.3333333333333333,0.3333333333333333,0.12601626016260162,0.2926829268292683,0.10121951219512196,0.09545454545454546,0.18333333333333335,0.105,Cristopher Barete
683549,1,0,0,0,1,0.0,0.0,20,R,0.31683168316831684,0.21782178217821782,0.08415841584158416,0.23267326732673269,0.3076923076923077,0.3076923076923077,0.105,0.28,0.105,0.105,0.105,0.105,Alexander Mojica
683550,1,0,0,0,1,0.0,0.0,21,R,0.31683168316831684,0.21782178217821782,0.08415841584158416,0.23267326732673269,0.3076923076923077,0.3076923076923077,0.12980769230769232,0.29807692307692313,0.105,0.1808823529411765,0.105,0.105,Marcos Cabrera
683593,2,1,0,1,1,0.35,0.35,20,R,0.3235294117647059,0.21568627450980393,0.09313725490196079,0.23039215686274508,0.3333333333333333,0.3333333333333333,0.09375,0.25892857142857145,0.09545454545454546,0.0875,0.09545454545454546,0.105,Dariel Lopez
683610,5,3,3,0,1,0.76,0.76,22,L,0.3333333333333333,0.23809523809523808,0.08095238095238096,0.22380952380952382,0.36666666666666664,0.36666666666666664,0.10683760683760683,0.2478632478632479,0.10121951219512196,0.12205882352941178,0.0984375,0.105,Leandro Pineda
683649,1,1,0,1,0,0.7,0.7,22,L,0.32673267326732675,0.21782178217821782,0.09405940594059406,0.22277227722772278,0.34615384615384615,0.34615384615384615,0.09905660377358491,0.26415094339622647,0.09,0.10161290322580645,0.105,0.105,Angeudis Santos
683679,1,0,0,0,0,0.0,0.0,22,R,0.31683168316831684,0.21782178217821782,0.08415841584158416,0.22277227722772278,0.3076923076923077,0.3076923076923077,0.10096153846153846,0.2692307692307693,0.0984375,0.10161290322580645,0.10161290322580645,0.105,Jesus Rodriguez
683734,2316,725,543,150,467,0.3289291882556131,0.3252868484782002,26,R,0.3133278145695364,0.23385761589403972,0.06560430463576158,0.20260761589403972,0.28,0.328,0.09887005649717515,0.16522541219877782,0.06347951914514692,0.1363251879699248,0.13907048008171605,0.105,Andrew Vaughn
683735,19,8,4,2,5,0.35526315789473684,0.35526315789473684,26,R,0.33613445378151263,0.2184873949579832,0.08823529411764706,0.23109243697478993,0.36363636363636365,0.36363636363636365,0.1054421768707483,0.24489795918367346,0.07980769230769232,0.14019607843137255,0.09264705882352942,0.105,Will Holland
683737,687,225,147,72,198,0.3372634643377001,0.32454308895116357,27,L,0.32655654383735705,0.21473951715374842,0.102287166454892,0.28017789072426935,0.3333333333333333,0.312,0.11755375396545646,0.13041945717307016,0.0841849935316947,0.1602832512315271,0.15416666666666667,0.10161290322580645,Michael Busch
683748,7,3,3,0,1,0.5428571428571428,0.5428571428571428,22,L,0.32710280373831774,0.2336448598130841,0.0794392523364486,0.21962616822429906,0.34375,0.34375,0.09583333333333334,0.25833333333333336,0.0715909090909091,0.11857142857142858,0.10161290322580645,0.105,Victor Mesa Jr.
683766,26,6,5,1,11,0.36730769230769234,0.36730769230769234,26,R,0.30158730158730157,0.21428571428571427,0.07539682539682539,0.26587301587301587,0.27450980392156865,0.27450980392156865,0.10869565217391304,0.2782608695652174,0.11527777777777778,0.11527777777777778,0.09545454545454546,0.105,Christian Koss
683770,23,2,1,1,8,0.06956521739130435,0.06956521739130435,27,L,0.2764227642276423,0.18699186991869918,0.07723577235772358,0.24796747967479674,0.20833333333333334,0.20833333333333334,0.12130177514792899,0.23668639053254437,0.12936507936507938,0.13977272727272727,0.09903846153846155,0.105,Will Robertson
684081,4,0,0,0,0,0.0,0.0,22,R,0.3076923076923077,0.21153846153846154,0.08173076923076923,0.21634615384615385,0.27586206896551724,0.27586206896551724,0.09813084112149532,0.26168224299065423,0.09264705882352942,0.10161290322580645,0.0984375,0.105,Erick Brito
684093,1,1,0,0,0,0.7,0.7,22,R,0.32673267326732675,0.21782178217821782,0.08415841584158416,0.22277227722772278,0.34615384615384615,0.34615384615384615,0.10294117647058823,0.27450980392156865,0.0984375,0.105,0.105,0.105,Adony Mejia
684109,3,1,1,0,1,0.5333333333333333,0.5333333333333333,21,R,0.32038834951456313,0.22330097087378642,0.0825242718446602,0.22815533980582525,0.32142857142857145,0.32142857142857145,0.12735849056603774,0.2924528301886793,0.12575757575757576,0.1296875,0.1338709677419355,0.105,Jesus Bugarin
684222,1,1,0,1,0,0.7,0.7,21,L,0.32673267326732675,0.21782178217821782,0.09405940594059406,0.22277227722772278,0.34615384615384615,0.34615384615384615,0.09905660377358491,0.26415094339622647,0.09545454545454546,0.09545454545454546,0.105,0.105,Jorge Burgos
684494,1,0,0,0,0,0.0,0.0,22,R,0.31683168316831684,0.21782178217821782,0.08415841584158416,0.22277227722772278,0.3076923076923077,0.3076923076923077,0.105,0.28,0.105,0.105,0.105,0.105,Jeremy Celedonio
684495,1,0,0,0,0,0.0,0.0,23,R,0.31683168316831684,0.21782178217821782,0.08415841584158416,0.22277227722772278,0.3076923076923077,0.3076923076923077,0.10747663551401869,0.28971962616822433,0.09545454545454546,0.12205882352941178,0.105,0.105,Dyron Campos
684519,4,1,1,0,2,0.3125,0.3125,25,R,0.3173076923076923,0.22115384615384615,0.08173076923076923,0.23557692307692307,0.3103448275862069,0.3103448275862069,0.12393162393162394,0.2905982905982906,0.11704545454545455,0.10161290322580645,0.1609375,0.105,Omar De Los Santos
684525,2,2,1,1,0,0.975,0.975,22,R,0.3333333333333333,0.22549019607843138,0.09313725490196079,0.22058823529411764,0.37037037037037035,0.37037037037037035,0.105,0.28,0.105,0.105,0.105,0.105,Darel Belen
684543,4,1,1,0,2,0.5,0.5,27,R,0.3173076923076923,0.22115384615384615,0.08173076923076923,0.23557692307692307,0.3103448275862069,0.3103448275862069,0.12393162393162394,0.27350427350427353,0.08513513513513513,0.17875000000000002,0.105,0.105,Daniel Cope
684576,6,1,0,1,1,0.11666666666666665,0.11666666666666665,26,R,0.3113207547169811,0.20754716981132076,0.08962264150943396,0.22169811320754718,0.2903225806451613,0.2903225806451613,0.1,0.2521739130434783,0.11857142857142858,0.08289473684210526,0.0984375,0.105,Alex Isola
684712,4,1,1,0,1,0.225,0.225,22,R,0.3173076923076923,0.22115384615384615,0.08173076923076923,0.22596153846153846,0.3103448275862069,0.3103448275862069,0.105,0.28,0.105,0.105,0.105,0.105,Wilber Sanchez
684715,2,1,1,0,0,0.45,0.45,24,R,0.3235294117647059,0.22549019607843138,0.08333333333333333,0.22058823529411764,0.3333333333333333,0.3333333333333333,0.105,0.28,0.105,0.105,0.105,0.105,Nic Kent
684852,7,2,1,1,2,0.2285714285714286,0.2285714285714286,23,L,0.3177570093457944,0.21495327102803738,0.08878504672897196,0.22897196261682243,0.3125,0.3125,0.10550458715596331,0.26605504587155965,0.11216216216216217,0.10161290322580645,0.10161290322580645,0.105,Geraldo Quintero
684922,4,1,1,0,2,0.225,0.225,25,R,0.3173076923076923,0.22115384615384615,0.08173076923076923,0.23557692307692307,0.3103448275862069,0.3103448275862069,0.11946902654867257,0.24778761061946905,0.1391891891891892,0.11857142857142858,0.10161290322580645,0.105,Dalton Shuffield
685084,8,3,2,1,3,0.49375,0.49375,27,R,0.32407407407407407,0.2222222222222222,0.08796296296296297,0.2361111111111111,0.3333333333333333,0.3333333333333333,0.10267857142857142,0.2678571428571429,0.11527777777777778,0.09,0.10161290322580645,0.105,Jordan Brewer
685087,6,2,2,0,2,0.48333333333333334,0.48333333333333334,25,R,0.32075471698113206,0.22641509433962265,0.08018867924528301,0.23113207547169812,0.3225806451612903,0.3225806451612903,0.105,0.28,0.105,0.105,0.105,0.105,Jordan Nwogu
685091,6,2,1,1,2,0.26666666666666666,0.26666666666666666,26,L,0.32075471698113206,0.2169811320754717,0.08962264150943396,0.23113207547169812,0.3225806451612903,0.3225806451612903,0.11160714285714286,0.25892857142857145,0.11216216216216217,0.10161290322580645,0.12205882352941178,0.105,Parker Chavers
685096,8,2,2,0,4,0.225,0.225,27,R,0.3148148148148148,0.2222222222222222,0.0787037037037037,0.24537037037037038,0.30303030303030304,0.30303030303030304,0.105,0.28,0.105,0.105,0.105,0.105,Scott McKeon
685121,6,3,3,0,3,0.5666666666666667,0.5666666666666667,25,R,0.330188679245283,0.2358490566037736,0.08018867924528301,0.24056603773584906,0.3548387096774194,0.3548387096774194,0.105,0.28,0.105,0.105,0.105,0.105,Beau Philip
685127,9,7,4,3,1,0.6333333333333333,0.6333333333333333,26,L,0.3577981651376147,0.23853211009174313,0.10550458715596331,0.21559633027522937,0.4411764705882353,0.4411764705882353,0.10747663551401869,0.26168224299065423,0.12205882352941178,0.0984375,0.10161290322580645,0.105,Alex McGarry
685133,72,23,15,6,27,0.2923611111111111,0.27301033040935674,24,L,0.31976744186046513,0.21511627906976744,0.08430232558139535,0.2877906976744186,0.3466666666666667,0.31958762886597936,0.11994609164420485,0.14555256064690028,0.05683229813664596,0.15921052631578947,0.18779069767441858,0.105,Wade Meckler
685277,1,0,0,0,1,0.0,0.0,26,R,0.31683168316831684,0.21782178217821782,0.08415841584158416,0.23267326732673269,0.3076923076923077,0.3076923076923077,0.105,0.28,0.105,0.105,0.105,0.105,Nick Kahle
685298,14,5,4,1,5,0.38571428571428573,0.38571428571428573,27,L,0.32456140350877194,0.22807017543859648,0.08333333333333333,0.2412280701754386,0.3333333333333333,0.3333333333333333,0.14963503649635038,0.25547445255474455,0.15212765957446808,0.15375,0.15375,0.105,Cade Bunnell
685300,4,1,0,1,2,0.175,0.175,25,L,0.3173076923076923,0.21153846153846154,0.09134615384615384,0.23557692307692307,0.3103448275862069,0.3103448275862069,0.12719298245614036,0.26315789473684215,0.1355263157894737,0.0984375,0.15147058823529413,0.105,Grant Richardson
685301,6,2,2,0,1,0.48333333333333334,0.48333333333333334,27,R,0.32075471698113206,0.22641509433962265,0.08018867924528301,0.22169811320754718,0.3225806451612903,0.3225806451612903,0.12393162393162394,0.28205128205128205,0.10375000000000001,0.1757142857142857,0.0984375,0.105,Matt Gorski
685313,11,4,1,3,5,0.2727272727272727,0.2727272727272727,26,S,0.32432432432432434,0.2072072072072072,0.1036036036036036,0.24774774774774774,0.3333333333333333,0.3333333333333333,0.12109375,0.25,0.12812500000000002,0.11857142857142858,0.11857142857142858,0.105,Elijah Dunham
685328,1,0,0,0,1,0.0,0.0,23,L,0.31683168316831684,0.21782178217821782,0.08415841584158416,0.23267326732673269,0.3076923076923077,0.3076923076923077,0.1179245283018868,0.26415094339622647,0.15147058823529413,0.0984375,0.105,0.105,Ronis Aybar
685332,5,2,2,0,0,0.36,0.36,25,L,0.3238095238095238,0.22857142857142856,0.08095238095238096,0.21428571428571427,0.3333333333333333,0.3333333333333333,0.1059322033898305,0.2627118644067797,0.11976744186046512,0.09264705882352942,0.10161290322580645,0.105,Carlos Mendoza
685341,3,0,0,0,1,0.3,0.3,26,S,0.3106796116504854,0.21359223300970873,0.0825242718446602,0.22815533980582525,0.2857142857142857,0.2857142857142857,0.105,0.28,0.105,0.105,0.105,0.105,Ripken Reyes
685382,4,2,0,1,0,0.35,0.35,26,R,0.3269230769230769,0.21153846153846154,0.09134615384615384,0.21634615384615385,0.3448275862068966,0.3448275862068966,0.0945945945945946,0.2522522522522523,0.08513513513513513,0.09264705882352942,0.105,0.105,Andrew Navigato
685388,3,0,0,0,1,0.0,0.0,28,L,0.3106796116504854,0.21359223300970873,0.0825242718446602,0.22815533980582525,0.2857142857142857,0.2857142857142857,0.10747663551401869,0.2710280373831776,0.0875,0.1338709677419355,0.105,0.105,Colin Simpson
685392,2,2,2,0,0,1.45,1.45,27,R,0.3333333333333333,0.23529411764705882,0.08333333333333333,0.22058823529411764,0.37037037037037035,0.37037037037037035,0.10454545454545454,0.2545454545454546,0.10921052631578948,0.0984375,0.105,0.105,Trevor Boone
685474,1,1,1,0,0,1.25,1.25,24,R,0.32673267326732675,0.22772277227722773,0.08415841584158416,0.22277227722772278,0.34615384615384615,0.34615384615384615,0.105,0.28,0.105,0.105,0.105,0.105,Felix Stevens
685503,2,0,0,0,1,0.0,0.048,29,R,0.3137254901960784,0.21568627450980393,0.08333333333333333,0.23039215686274508,0.2962962962962963,0.2962962962962963,0.12053571428571429,0.2678571428571429,0.13205128205128205,0.12575757575757576,0.105,0.105,Kohei Arihara
685580,3,0,0,0,0,0.0,0.0,23,L,0.3106796116504854,0.21359223300970873,0.0825242718446602,0.21844660194174756,0.2857142857142857,0.2857142857142857,0.10952380952380952,0.2952380952380953,0.0984375,0.105,0.12575757575757576,0.105,Cristian More
685744,7,2,2,0,1,0.2571428571428572,0.2571428571428572,24,R,0.3177570093457944,0.22429906542056074,0.0794392523364486,0.21962616822429906,0.3125,0.3125,0.10775862068965517,0.25000000000000006,0.08289473684210526,0.11527777777777778,0.1296875,0.105,Kenedy Corona
686217,813,265,191,69,127,0.3104551045510455,0.2919895792872908,24,L,0.3253012048192771,0.23329682365826945,0.08488499452354874,0.16374589266155531,0.28,0.272,0.05277423469387755,0.13871173469387754,0.04370805369127517,0.0669719827586207,0.05890243902439024,0.105,Sal Frelick
686251,1,0,0,0,1,0.0,0.0,26,L,0.31683168316831684,0.21782178217821782,0.08415841584158416,0.23267326732673269,0.3076923076923077,0.3076923076923077,0.10849056603773585,0.26415094339622647,0.11857142857142858,0.10161290322580645,0.105,0.105,Brady Lindsly
686438,6,0,0,0,1,0.0,0.0,24,L,0.3018867924528302,0.20754716981132076,0.08018867924528301,0.22169811320754718,0.25806451612903225,0.25806451612903225,0.11061946902654868,0.25663716814159293,0.1355263157894737,0.09,0.105,0.105,Rubel Cespedes
686445,1,1,1,0,0,0.9,0.9,23,L,0.32673267326732675,0.22772277227722773,0.08415841584158416,0.22277227722772278,0.34615384615384615,0.34615384615384615,0.10096153846153846,0.2692307692307693,0.09264705882352942,0.105,0.105,0.105,Sammy Siani
686452,100,32,23,9,23,0.3115,0.2885837834746606,26,S,0.32,0.225,0.0875,0.2275,0.3333333333333333,0.32,0.09897959183673469,0.16122448979591836,0.06528776978417265,0.13803418803418802,0.1547058823529412,0.105,Drew Millas
686469,1190,395,280,106,158,0.33903361344537813,0.34719277856567154,27,L,0.3310077519379845,0.23410852713178296,0.08875968992248062,0.13992248062015503,0.24,0.296,0.0678482727477986,0.16143599006547754,0.041624257845631896,0.09018691588785047,0.107757644394111,0.10161290322580645,Vinnie Pasquantino
686475,23,6,4,2,8,0.2478260869565217,0.2478260869565217,26,R,0.3089430894308943,0.21138211382113822,0.08536585365853659,0.24796747967479674,0.2916666666666667,0.2916666666666667,0.09745762711864407,0.24576271186440682,0.07682926829268293,0.11216216216216217,0.105,0.105,Tyler Tolbert
686482,42,8,7,1,8,0.21904761904761902,0.27635728881642296,27,L,0.28169014084507044,0.20422535211267606,0.06690140845070422,0.2147887323943662,0.23880597014925373,0.23880597014925373,0.13453815261044177,0.20080321285140562,0.13282828282828282,0.12364864864864865,0.1537878787878788,0.105,Logan Driscoll
686490,9,3,3,0,2,0.4222222222222222,0.4974740740740741,26,R,0.3211009174311927,0.22935779816513763,0.0779816513761468,0.22477064220183487,0.3235294117647059,0.3235294117647059,0.1124031007751938,0.2558139534883721,0.09021739130434783,0.15769230769230771,0.09264705882352942,0.105,Cam Eden
686523,6,0,0,0,2,0.15,0.15,25,S,0.3018867924528302,0.20754716981132076,0.08018867924528301,0.23113207547169812,0.25806451612903225,0.25806451612903225,0.11682242990654206,0.2710280373831776,0.0984375,0.10161290322580645,0.15147058823529413,0.105,Peyton Wilson
686527,418,115,85,29,97,0.3166267942583732,0.3377670294732048,27,L,0.28378378378378377,0.20656370656370657,0.07239382239382239,0.2306949806949807,0.25333333333333335,0.296,0.14703903095558546,0.20592193808882908,0.11099683544303798,0.18298076923076925,0.1609567901234568,0.105,Dominic Canzone
686531,50,16,13,3,12,0.305,0.28516787047619047,25,R,0.32,0.23333333333333334,0.07666666666666666,0.23,0.32,0.32,0.12376237623762376,0.19471947194719472,0.12249999999999998,0.10825242718446602,0.163,0.105,Andre Lipcius
686546,5,1,1,0,1,0.4,0.4,26,R,0.3142857142857143,0.21904761904761905,0.08095238095238096,0.22380952380952382,0.3,0.3,0.11160714285714286,0.25892857142857145,0.12205882352941178,0.10921052631578948,0.105,0.105,Matthew Dyer
686551,10,2,2,0,1,0.18,0.18,23,R,0.3090909090909091,0.21818181818181817,0.07727272727272727,0.21363636363636362,0.2857142857142857,0.2857142857142857,0.11165048543689321,0.28155339805825247,0.10161290322580645,0.1296875,0.105,0.105,Christian Cairo
686554,119,38,27,9,45,0.31092436974789917,0.3083852322466788,27,L,0.319634703196347,0.2237442922374429,0.07990867579908675,0.3082191780821918,0.30666666666666664,0.288,0.13022813688212928,0.12927756653992395,0.1298951048951049,0.09598540145985401,0.18440860215053761,0.105,Oliver Dunn
686555,35,9,4,4,15,0.20285714285714285,0.2100074857142857,27,S,0.3037037037037037,0.1925925925925926,0.09259259259259259,0.2777777777777778,0.2833333333333333,0.2833333333333333,0.1325581395348837,0.16279069767441862,0.1202970297029703,0.13360655737704918,0.16627906976744186,0.105,Isaac Collins
686577,4,2,2,0,1,0.45,0.45,23,R,0.3269230769230769,0.23076923076923078,0.08173076923076923,0.22596153846153846,0.3448275862068966,0.3448275862068966,0.10454545454545454,0.28181818181818186,0.12205882352941178,0.09264705882352942,0.0984375,0.105,Keoni Cavaco
686601,5,2,2,0,2,0.43,0.43,26,L,0.3238095238095238,0.22857142857142856,0.08095238095238096,0.23333333333333334,0.3333333333333333,0.3333333333333333,0.105,0.28,0.105,0.105,0.105,0.105,Drew Campbell
686611,138,39,27,11,29,0.2916666666666667,0.3173061309603814,22,R,0.29831932773109243,0.20588235294117646,0.0819327731092437,0.21638655462184875,0.30666666666666664,0.296,0.10080645161290322,0.1596774193548387,0.05118243243243244,0.13722466960352422,0.17413793103448277,0.105,Dylan Crews
686619,2,0,0,0,1,0.0,0.0,26,R,0.3137254901960784,0.21568627450980393,0.08333333333333333,0.23039215686274508,0.2962962962962963,0.2962962962962963,0.09905660377358491,0.28301886792452835,0.0984375,0.09545454545454546,0.10161290322580645,0.105,Kyle Schmidt
686659,5,2,2,0,0,0.36,0.36,25,L,0.3238095238095238,0.22857142857142856,0.08095238095238096,0.21428571428571427,0.3333333333333333,0.3333333333333333,0.10849056603773585,0.2735849056603774,0.12205882352941178,0.10161290322580645,0.10161290322580645,0.105,Julian Escobedo
686668,1080,312,235,70,321,0.30699074074074073,0.29975921383427245,26,R,0.29152542372881357,0.21779661016949153,0.06652542372881357,0.2911016949152542,0.24,0.272,0.15373961218836565,0.1634349030470914,0.11123055809698079,0.19791970802919706,0.2349382716049383,0.105,Brenton Doyle
686673,6,1,0,1,2,0.11666666666666665,0.11666666666666665,23,R,0.3113207547169811,0.20754716981132076,0.08962264150943396,0.23113207547169812,0.2903225806451613,0.2903225806451613,0.10849056603773585,0.26415094339622647,0.10161290322580645,0.11857142857142858,0.105,0.105,Will Bartlett
686676,527,123,96,27,164,0.2562618595825427,0.2543644515525896,26,R,0.24720893141945774,0.18819776714513556,0.05661881977671451,0.2974481658692185,0.25333333333333335,0.232,0.18536460989291179,0.17134115247322795,0.14024154589371982,0.2337173579109063,0.2458490566037736,0.105,Korey Lee
686677,5,1,0,0,3,0.13999999999999999,0.13999999999999999,26,R,0.3142857142857143,0.20952380952380953,0.08095238095238096,0.24285714285714285,0.3,0.3,0.11165048543689321,0.28155339805825247,0.10161290322580645,0.1296875,0.105,0.105,Landon Stephens
686681,1073,309,241,53,219,0.3107642124883504,0.31817951524222027,26,L,0.2907075873827792,0.22421142369991476,0.052429667519181586,0.20588235294117646,0.3466666666666667,0.336,0.10573908849770919,0.17747769471907404,0.07404188948306596,0.13540239726027398,0.15628453038674034,0.10161290322580645,Michael Massey
686742,1,0,0,0,1,0.0,0.0,22,R,0.31683168316831684,0.21782178217821782,0.08415841584158416,0.23267326732673269,0.3076923076923077,0.3076923076923077,0.105,0.28,0.105,0.105,0.105,0.105,Leodany Perez
686759,49,13,10,2,17,0.22653061224489796,0.24911859183673468,27,R,0.30201342281879195,0.21476510067114093,0.07046979865771812,0.2651006711409396,0.28378378378378377,0.28378378378378377,0.13345195729537365,0.19572953736654805,0.094921875,0.14464285714285716,0.2059322033898305,0.105,TJ Hopkins
686765,106,35,25,10,31,0.3033018867924528,0.31606166082659476,27,S,0.32524271844660196,0.22815533980582525,0.08980582524271845,0.25970873786407767,0.32,0.336,0.10390946502057613,0.16049382716049382,0.09566115702479339,0.10912162162162162,0.1180232558139535,0.105,Nick Sogard
686766,5,0,0,0,3,0.0,0.0,28,R,0.3047619047619048,0.20952380952380953,0.08095238095238096,0.24285714285714285,0.26666666666666666,0.26666666666666666,0.12608695652173912,0.2695652173913044,0.11216216216216217,0.1391891891891892,0.1338709677419355,0.105,William Simoneit
686770,3,0,0,0,2,0.0,0.0,25,R,0.3106796116504854,0.21359223300970873,0.0825242718446602,0.23786407766990292,0.2857142857142857,0.2857142857142857,0.13551401869158877,0.28971962616822433,0.09545454545454546,0.21029411764705883,0.105,0.105,Dillan Shrum
686780,245,70,52,18,68,0.28897959183673466,0.27885094864770665,26,R,0.2956521739130435,0.2144927536231884,0.07681159420289856,0.26231884057971017,0.28,0.272,0.11312438785504407,0.17531831537708129,0.08646551724137931,0.13491803278688524,0.18373015873015872,0.105,Pedro Pagés
686781,11,4,2,2,4,0.29090909090909095,0.29090909090909095,25,R,0.32432432432432434,0.21621621621621623,0.0945945945945946,0.23873873873873874,0.3333333333333333,0.3333333333333333,0.1336206896551724,0.26724137931034486,0.14305555555555557,0.15769230769230771,0.10161290322580645,0.105,Brandon Lewis
686797,207,55,43,12,32,0.26714975845410627,0.2852637204342637,23,S,0.28338762214983715,0.21172638436482086,0.06677524429967427,0.1775244299674267,0.25333333333333335,0.256,0.1016839378238342,0.1878238341968912,0.05744416873449131,0.1364321608040201,0.1696875,0.105,Brooks Lee
686798,8,3,3,0,1,0.425,0.425,22,S,0.32407407407407407,0.23148148148148148,0.0787037037037037,0.2175925925925926,0.3333333333333333,0.3333333333333333,0.10648148148148148,0.26851851851851855,0.11857142857142858,0.09545454545454546,0.105,0.105,Yordys Valdes
686808,2,0,0,0,1,0.0,0.0,23,R,0.3137254901960784,0.21568627450980393,0.08333333333333333,0.23039215686274508,0.2962962962962963,0.2962962962962963,0.105,0.28,0.105,0.105,0.105,0.105,James Beard
686823,928,284,237,38,126,0.3103448275862069,0.3049505489982231,26,L,0.30739299610894943,0.2519455252918288,0.045233463035019454,0.14445525291828792,0.3333333333333333,0.32,0.09585010839269123,0.1811706410653453,0.07888457269700333,0.12142032332563511,0.11118181818181817,0.10161290322580645,Will Brennan
686843,2,1,1,0,0,0.45,0.45,25,R,0.3235294117647059,0.22549019607843138,0.08333333333333333,0.22058823529411764,0.3333333333333333,0.3333333333333333,0.10194174757281553,0.28155339805825247,0.0984375,0.10161290322580645,0.105,0.105,Will Matthiessen
686863,1,1,1,0,0,0.9,0.9,23,R,0.32673267326732675,0.22772277227722773,0.08415841584158416,0.22277227722772278,0.34615384615384615,0.34615384615384615,0.105,0.28,0.105,0.105,0.105,0.105,Daniel Mateo
686887,1,0,0,0,1,0.0,0.0,25,R,0.31683168316831684,0.21782178217821782,0.08415841584158416,0.23267326732673269,0.3076923076923077,0.3076923076923077,0.10294117647058823,0.27450980392156865,0.10161290322580645,0.10161290322580645,0.105,0.105,Chris Givin
686894,491,134,88,41,139,0.284928716904277,0.28156189350671096,25,R,0.2808798646362098,0.18612521150592218,0.08375634517766498,0.2732656514382403,0.24,0.232,0.14520624303232998,0.15496098104793757,0.09466257668711657,0.19405080213903744,0.1680995475113122,0.105,Joey Wiemer
686948,12,4,3,1,5,0.3125,0.3125,23,L,0.32142857142857145,0.22321428571428573,0.08482142857142858,0.24553571428571427,0.32432432432432434,0.32432432432432434,0.11788617886178862,0.2601626016260163,0.11704545454545455,0.15147058823529413,0.09,0.105,Drake Baldwin
686956,1,0,0,0,1,0.0,0.0,22,R,0.31683168316831684,0.21782178217821782,0.08415841584158416,0.23267326732673269,0.3076923076923077,0.3076923076923077,0.1179245283018868,0.2735849056603774,0.14714285714285716,0.10161290322580645,0.105,0.105,Adam Crampton
686958,8,2,1,1,2,0.2,0.2,25,R,0.3148148148148148,0.21296296296296297,0.08796296296296297,0.22685185185185186,0.30303030303030304,0.30303030303030304,0.10648148148148148,0.26851851851851855,0.09,0.12575757575757576,0.105,0.105,Jose Torres
686977,10,4,4,0,2,0.36,0.36,26,R,0.32727272727272727,0.23636363636363636,0.07727272727272727,0.22272727272727272,0.34285714285714286,0.34285714285714286,0.105,0.28,0.105,0.105,0.105,0.105,Bradlee Beesley
686981,3,1,0,1,2,0.2333333333333333,0.2333333333333333,24,R,0.32038834951456313,0.21359223300970873,0.09223300970873786,0.23786407766990292,0.32142857142857145,0.32142857142857145,0.11574074074074074,0.26851851851851855,0.14305555555555557,0.10161290322580645,0.10161290322580645,0.105,Brenden Dixon
686982,4,1,1,0,1,0.225,0.225,22,L,0.3173076923076923,0.22115384615384615,0.08173076923076923,0.22596153846153846,0.3103448275862069,0.3103448275862069,0.1179245283018868,0.28301886792452835,0.12575757575757576,0.12575757575757576,0.105,0.105,Jared McKenzie
686984,3,0,0,0,1,0.0,0.0,23,L,0.3106796116504854,0.21359223300970873,0.0825242718446602,0.22815533980582525,0.2857142857142857,0.2857142857142857,0.10087719298245613,0.2719298245614035,0.08513513513513513,0.11527777777777778,0.10161290322580645,0.105,Marcus Lee Sang
687005,8,1,1,0,3,0.15625,0.15625,27,R,0.3055555555555556,0.21296296296296297,0.0787037037037037,0.2361111111111111,0.2727272727272727,0.2727272727272727,0.105,0.28,0.105,0.105,0.105,0.105,Kellen Strahm
687013,1,0,0,0,0,0.0,0.0,26,R,0.31683168316831684,0.21782178217821782,0.08415841584158416,0.22277227722772278,0.3076923076923077,0.3076923076923077,0.105,0.28,0.105,0.105,0.105,0.105,Cooper Uhl
687019,5,3,2,1,1,0.5700000000000001,0.5700000000000001,26,R,0.3333333333333333,0.22857142857142856,0.09047619047619047,0.22380952380952382,0.36666666666666664,0.36666666666666664,0.125,0.2661290322580645,0.10375000000000001,0.12875,0.15147058823529413,0.105,Andrés Alvarez
687020,18,4,4,0,10,0.21944444444444444,0.21944444444444444,23,R,0.3050847457627119,0.22033898305084745,0.07203389830508475,0.2754237288135593,0.27906976744186046,0.27906976744186046,0.11956521739130435,0.2608695652173913,0.11444444444444445,0.12551020408163266,0.12205882352941178,0.105,Mason Auer
687036,5,3,0,3,1,0.41999999999999993,0.41999999999999993,27,R,0.3333333333333333,0.20952380952380953,0.10952380952380952,0.22380952380952382,0.36666666666666664,0.36666666666666664,0.08984375,0.24218750000000003,0.063,0.11216216216216217,0.10161290322580645,0.105,Zach Zubia
687044,3,1,1,0,1,0.3,0.3,26,L,0.32038834951456313,0.22330097087378642,0.0825242718446602,0.22815533980582525,0.32142857142857145,0.32142857142857145,0.10294117647058823,0.27450980392156865,0.105,0.105,0.0984375,0.105,Ernie Yake
687052,1,1,0,1,0,0.7,0.7,23,R,0.32673267326732675,0.21782178217821782,0.09405940594059406,0.22277227722772278,0.34615384615384615,0.34615384615384615,0.09905660377358491,0.26415094339622647,0.09264705882352942,0.0984375,0.105,0.105,Javeon Cody
687066,4,1,0,1,1,0.175,0.175,26,R,0.3173076923076923,0.21153846153846154,0.09134615384615384,0.22596153846153846,0.3103448275862069,0.3103448275862069,0.1261682242990654,0.28971962616822433,0.14305555555555557,0.1338709677419355,0.105,0.105,Eric Yang
687069,4,0,0,0,2,0.225,0.225,24,R,0.3076923076923077,0.21153846153846154,0.08173076923076923,0.23557692307692307,0.27586206896551724,0.27586206896551724,0.10648148148148148,0.2777777777777778,0.09264705882352942,0.105,0.12205882352941178,0.105,Josh Rivera
687071,7,3,1,2,3,0.37857142857142856,0.37857142857142856,24,R,0.32710280373831774,0.21495327102803738,0.09813084112149532,0.2383177570093458,0.34375,0.34375,0.10775862068965517,0.26724137931034486,0.08076923076923077,0.1391891891891892,0.105,0.105,Shane Sasaki
687073,2,1,1,0,0,0.45,0.45,23,R,0.3235294117647059,0.22549019607843138,0.08333333333333333,0.22058823529411764,0.3333333333333333,0.3333333333333333,0.105,0.28,0.105,0.105,0.105,0.105,Yan Contreras
687084,1,0,0,0,1,0.0,0.0,21,R,0.31683168316831684,0.21782178217821782,0.08415841584158416,0.23267326732673269,0.3076923076923077,0.3076923076923077,0.105,0.28,0.105,0.105,0.105,0.105,Joshua Mears
687086,1,0,0,0,1,0.0,0.0,21,R,0.31683168316831684,0.21782178217821782,0.08415841584158416,0.23267326732673269,0.3076923076923077,0.3076923076923077,0.11057692307692307,0.2692307692307693,0.12205882352941178,0.105,0.105,0.105,Jordan Brown
687093,370,117,90,21,81,0.30405405405405406,0.3203839985917835,23,R,0.3170212765957447,0.23829787234042554,0.0627659574468085,0.22021276595744682,0.3333333333333333,0.272,0.10883171070931849,0.17663421418636996,0.054882812499999996,0.17953156822810593,0.14881656804733728,0.105,Vaughn Grissom
687136,7,4,0,1,1,0.39999999999999997,0.39999999999999997,27,R,0.3364485981308411,0.205607476635514,0.08878504672897196,0.21962616822429906,0.375,0.375,0.11065573770491803,0.2540983606557377,0.09651162790697675,0.1355263157894737,0.10161290322580645,0.105,Spencer Henson
687144,2,0,0,0,0,0.0,0.0,26,R,0.3137254901960784,0.21568627450980393,0.08333333333333333,0.22058823529411764,0.2962962962962963,0.2962962962962963,0.09905660377358491,0.26415094339622647,0.09264705882352942,0.0984375,0.105,0.105,Corey Joyce
687152,1,0,0,0,1,0.0,0.0,23,L,0.31683168316831684,0.21782178217821782,0.08415841584158416,0.23267326732673269,0.3076923076923077,0.3076923076923077,0.1179245283018868,0.26415094339622647,0.15147058823529413,0.10161290322580645,0.10161290322580645,0.105,Darrien Miller
687201,13,5,2,3,5,0.3,0.3,24,R,0.3274336283185841,0.21238938053097345,0.10176991150442478,0.24336283185840707,0.34210526315789475,0.34210526315789475,0.09051724137931035,0.25000000000000006,0.08076923076923077,0.09,0.0984375,0.105,Kevin Kilpatrick Jr.
687206,4,1,1,0,1,0.225,0.225,24,L,0.3173076923076923,0.22115384615384615,0.08173076923076923,0.22596153846153846,0.3103448275862069,0.3103448275862069,0.11061946902654868,0.24778761061946905,0.11527777777777778,0.12205882352941178,0.09545454545454546,0.105,Tres Gonzalez
687210,3,0,0,0,1,0.0,0.0,22,L,0.3106796116504854,0.21359223300970873,0.0825242718446602,0.22815533980582525,0.2857142857142857,0.2857142857142857,0.105,0.28,0.105,0.105,0.105,0.105,Nathan Martorella
687221,2,1,1,0,0,0.45,0.45,22,L,0.3235294117647059,0.22549019607843138,0.08333333333333333,0.22058823529411764,0.3333333333333333,0.3333333333333333,0.105,0.28,0.105,0.105,0.105,0.105,Dalton Rushing
687231,157,45,30,14,30,0.2662420382165605,0.29101669414502696,23,R,0.29961089494163423,0.20233463035019456,0.08754863813229571,0.20428015564202334,0.30666666666666664,0.288,0.10230769230769231,0.14923076923076922,0.06857585139318885,0.14693396226415092,0.11571428571428571,0.105,Darell Hernaiz
687248,12,3,2,1,5,0.2833333333333333,0.2833333333333333,23,R,0.3125,0.21428571428571427,0.08482142857142858,0.24553571428571427,0.2972972972972973,0.2972972972972973,0.12608695652173912,0.2695652173913044,0.1391891891891892,0.1391891891891892,0.10161290322580645,0.105,Keshawn Ogans
687257,4,0,0,0,2,0.0,0.0,21,R,0.3076923076923077,0.21153846153846154,0.08173076923076923,0.23557692307692307,0.27586206896551724,0.27586206896551724,0.12385321100917432,0.29357798165137616,0.10161290322580645,0.16621621621621624,0.10161290322580645,0.105,Christian Johnson
687260,3,0,0,0,0,0.0,0.0,24,R,0.3106796116504854,0.21359223300970873,0.0825242718446602,0.21844660194174756,0.2857142857142857,0.2857142857142857,0.105,0.28,0.105,0.105,0.105,0.105,Brian Kalmer
687263,961,307,212,62,220,0.3323100936524454,0.3232406269511091,23,R,0.31950989632422244,0.22054665409990576,0.06644674835061264,0.2285579641847314,0.26666666666666666,0.312,0.12550013336889837,0.15070685516137636,0.08336803748047893,0.16347241867043846,0.19344059405940595,0.105,Zach Neto
687272,3,0,0,0,2,0.0,0.0,23,L,0.3106796116504854,0.21359223300970873,0.0825242718446602,0.23786407766990292,0.2857142857142857,0.2857142857142857,0.105,0.28,0.105,0.105,0.105,0.105,Tucker Flint
687279,2,1,1,0,1,0.625,0.625,22,R,0.3235294117647059,0.22549019607843138,0.08333333333333333,0.23039215686274508,0.3333333333333333,0.3333333333333333,0.105,0.28,0.105,0.105,0.105,0.105,Logan Glass
687282,5,2,1,1,2,0.54,0.54,23,L,0.3238095238095238,0.21904761904761905,0.09047619047619047,0.23333333333333334,0.3333333333333333,0.3333333333333333,0.11983471074380166,0.25619834710743805,0.07875,0.0984375,0.18333333333333335,0.105,Gabriel Rincones Jr.
687285,2,0,0,0,0,0.0,0.0,23,R,0.3137254901960784,0.21568627450980393,0.08333333333333333,0.22058823529411764,0.2962962962962963,0.2962962962962963,0.10096153846153846,0.27884615384615385,0.09264705882352942,0.105,0.105,0.105,Troy Schreffler Jr.
687310,2,1,1,0,1,1.0,1.0,23,R,0.3235294117647059,0.22549019607843138,0.08333333333333333,0.23039215686274508,0.3333333333333333,0.3333333333333333,0.105,0.28,0.105,0.105,0.105,0.105,Will Simpson
687331,3,1,0,0,1,0.2333333333333333,0.2333333333333333,27,R,0.32038834951456313,0.21359223300970873,0.0825242718446602,0.22815533980582525,0.32142857142857145,0.32142857142857145,0.105,0.28,0.105,0.105,0.105,0.105,Quincy McAfee
687347,3,0,0,0,2,0.0,0.0,27,R,0.3106796116504854,0.21359223300970873,0.0825242718446602,0.23786407766990292,0.2857142857142857,0.2857142857142857,0.11946902654867257,0.26548672566371684,0.0875,0.17083333333333334,0.10161290322580645,0.105,Vito Friscia
687349,3,1,0,0,2,0.2333333333333333,0.2333333333333333,27,R,0.32038834951456313,0.21359223300970873,0.0825242718446602,0.23786407766990292,0.32142857142857145,0.32142857142857145,0.105,0.28,0.105,0.105,0.105,0.105,Jimmy Govern
687363,176,41,29,9,46,0.2417613636363636,0.2519058170437654,23,L,0.2644927536231884,0.18478260869565216,0.06340579710144928,0.24818840579710144,0.3466666666666667,0.264,0.11711079943899018,0.15568022440392706,0.06355263157894736,0.1976063829787234,0.15666666666666665,0.105,Victor Scott II
687382,4,1,0,1,2,0.175,0.175,25,S,0.3173076923076923,0.21153846153846154,0.09134615384615384,0.23557692307692307,0.3103448275862069,0.3103448275862069,0.10747663551401869,0.26168224299065423,0.12205882352941178,0.09545454545454546,0.105,0.105,Chad Bell
687394,3,2,2,0,0,0.9666666666666667,0.9666666666666667,23,R,0.3300970873786408,0.23300970873786409,0.0825242718446602,0.21844660194174756,0.35714285714285715,0.35714285714285715,0.0945945945945946,0.2522522522522523,0.0875,0.09,0.105,0.105,Jack Brannigan
687398,4,0,0,0,3,0.0,0.0,24,L,0.3076923076923077,0.21153846153846154,0.08173076923076923,0.24519230769230768,0.27586206896551724,0.27586206896551724,0.105,0.28,0.105,0.105,0.105,0.105,J.D. Mundy
687401,579,180,116,58,120,0.3096718480138169,0.29606103420762847,26,R,0.3122238586156112,0.203240058910162,0.0979381443298969,0.20986745213549338,0.22666666666666666,0.264,0.0652627189324437,0.13219349457881568,0.045180305131761446,0.0932638888888889,0.10243362831858406,0.105,Joey Ortiz
687426,3,0,0,0,1,0.0,0.0,24,R,0.3106796116504854,0.21359223300970873,0.0825242718446602,0.22815533980582525,0.2857142857142857,0.2857142857142857,0.10267857142857142,0.2678571428571429,0.08289473684210526,0.12575757575757576,0.10161290322580645,0.105,Glenn Santiago
687431,1,1,1,0,0,1.25,1.25,23,L,0.32673267326732675,0.22772277227722773,0.08415841584158416,0.22277227722772278,0.34615384615384615,0.34615384615384615,0.09813084112149532,0.28037383177570097,0.09,0.105,0.0984375,0.105,Hudson Head
687462,456,158,102,48,90,0.337390350877193,0.3256572800580618,27,L,0.34172661870503596,0.22302158273381295,0.10161870503597123,0.20233812949640287,0.30666666666666664,0.376,0.08453237410071943,0.13206577595066804,0.06999080882352941,0.10417515274949084,0.10126050420168067,0.105,Spencer Horwitz
687470,4,1,1,0,1,0.5,0.5,26,L,0.3173076923076923,0.22115384615384615,0.08173076923076923,0.22596153846153846,0.3103448275862069,0.3103448275862069,0.1179245283018868,0.2735849056603774,0.09545454545454546,0.15606060606060607,0.105,0.105,Chandler Redmond
687478,16,6,5,1,7,0.39375,0.39375,27,R,0.3275862068965517,0.23275862068965517,0.08189655172413793,0.2543103448275862,0.34146341463414637,0.34146341463414637,0.13716814159292035,0.24778761061946905,0.1355263157894737,0.1757142857142857,0.105,0.105,Cam Devanney
687493,1,0,0,0,0,0.0,0.0,23,L,0.31683168316831684,0.21782178217821782,0.08415841584158416,0.22277227722772278,0.3076923076923077,0.3076923076923077,0.10396039603960396,0.27722772277227725,0.10161290322580645,0.105,0.105,0.105,Luke Brown
687515,5,3,3,0,0,0.6799999999999999,0.6799999999999999,23,R,0.3333333333333333,0.23809523809523808,0.08095238095238096,0.21428571428571427,0.36666666666666664,0.36666666666666664,0.10294117647058823,0.27450980392156865,0.10161290322580645,0.105,0.10161290322580645,0.105,Colby Thomas
687518,3,2,1,0,1,0.5333333333333333,0.5333333333333333,25,R,0.3300970873786408,0.22330097087378642,0.0825242718446602,0.22815533980582525,0.35714285714285715,0.35714285714285715,0.105,0.28,0.105,0.105,0.105,0.105,Patrick Frick
687521,5,2,1,1,0,0.32,0.32,24,R,0.3238095238095238,0.21904761904761905,0.09047619047619047,0.21428571428571427,0.3333333333333333,0.3333333333333333,0.10267857142857142,0.25892857142857145,0.08513513513513513,0.0984375,0.12575757575757576,0.105,Eric Brown Jr.
687526,1,1,0,1,0,0.7,0.7,22,L,0.32673267326732675,0.21782178217821782,0.09405940594059406,0.22277227722772278,0.34615384615384615,0.34615384615384615,0.105,0.28,0.105,0.105,0.105,0.105,Marcus Smith
687529,145,37,27,9,60,0.3031034482758621,0.27603524509774074,24,L,0.2816326530612245,0.2,0.07142857142857142,0.336734693877551,0.24,0.248,0.19021739130434784,0.16925465838509315,0.16858407079646018,0.25081521739130436,0.1635135135135135,0.105,Grant McCray
687551,4,0,0,0,0,0.0,0.0,24,L,0.3076923076923077,0.21153846153846154,0.08173076923076923,0.21634615384615385,0.27586206896551724,0.27586206896551724,0.09813084112149532,0.2710280373831776,0.09264705882352942,0.10161290322580645,0.0984375,0.105,Drew Gilbert
687554,8,3,3,0,2,0.38125,0.38125,23,R,0.32407407407407407,0.23148148148148148,0.0787037037037037,0.22685185185185186,0.3333333333333333,0.3333333333333333,0.105,0.28,0.105,0.105,0.105,0.105,DJ Gladney
687567,2,0,0,0,1,0.0,0.0,22,R,0.3137254901960784,0.21568627450980393,0.08333333333333333,0.23039215686274508,0.2962962962962963,0.2962962962962963,0.1,0.2666666666666667,0.09545454545454546,0.0984375,0.105,0.105,Jorel Ortega
687573,1,0,0,0,0,0.0,0.0,27,R,0.31683168316831684,0.21782178217821782,0.08415841584158416,0.22277227722772278,0.3076923076923077,0.3076923076923077,0.10396039603960396,0.27722772277227725,0.10161290322580645,0.105,0.105,0.105,Nic Ready
687588,21,6,4,2,4,0.33095238095238094,0.33095238095238094,26,L,0.3140495867768595,0.21487603305785125,0.08677685950413223,0.2190082644628099,0.30434782608695654,0.30434782608695654,0.1,0.2521739130434783,0.08076923076923077,0.11857142857142858,0.10161290322580645,0.105,Micah Pries
687597,195,47,34,12,73,0.2482051282051282,0.2602810728169748,23,R,0.2677966101694915,0.18983050847457628,0.06949152542372881,0.32372881355932204,0.24,0.288,0.15929778933680103,0.18075422626788037,0.1285897435897436,0.20197841726618704,0.16648351648351647,0.105,Jordan Beck
687605,3,0,0,0,1,0.0,0.0,24,R,0.3106796116504854,0.21359223300970873,0.0825242718446602,0.22815533980582525,0.2857142857142857,0.2857142857142857,0.10454545454545454,0.27272727272727276,0.10641025641025642,0.10161290322580645,0.105,0.105,Andrew Pinckney
687608,6,3,2,0,2,0.4166666666666667,0.4166666666666667,26,R,0.330188679245283,0.22641509433962265,0.08018867924528301,0.23113207547169812,0.3548387096774194,0.3548387096774194,0.10294117647058823,0.27450980392156865,0.0984375,0.105,0.105,0.105,Liam Spence
687614,8,1,0,1,3,0.0875,0.0875,26,L,0.3055555555555556,0.2037037037037037,0.08796296296296297,0.2361111111111111,0.2727272727272727,0.2727272727272727,0.11574074074074074,0.2962962962962963,0.12575757575757576,0.11857142857142858,0.105,0.105,Parker Bates
687625,4,0,0,0,1,0.0,0.0,24,L,0.3076923076923077,0.21153846153846154,0.08173076923076923,0.22596153846153846,0.27586206896551724,0.27586206896551724,0.10550458715596331,0.26605504587155965,0.11857142857142858,0.09545454545454546,0.10161290322580645,0.105,Kai Murphy
687626,4,0,0,0,2,0.0,0.0,25,R,0.3076923076923077,0.21153846153846154,0.08173076923076923,0.23557692307692307,0.27586206896551724,0.27586206896551724,0.10096153846153846,0.2692307692307693,0.0984375,0.0984375,0.105,0.105,Simon Whiteman
687637,3,2,2,0,1,0.6,0.6,23,L,0.3300970873786408,0.23300970873786409,0.0825242718446602,0.22815533980582525,0.35714285714285715,0.35714285714285715,0.10096153846153846,0.2692307692307693,0.10161290322580645,0.10161290322580645,0.0984375,0.105,Dylan Beavers
687705,2,1,1,0,0,0.45,0.45,24,R,0.3235294117647059,0.22549019607843138,0.08333333333333333,0.22058823529411764,0.3333333333333333,0.3333333333333333,0.105,0.28,0.105,0.105,0.105,0.105,Ike Freeman
687714,4,1,0,1,0,0.175,0.175,27,L,0.3173076923076923,0.21153846153846154,0.09134615384615384,0.21634615384615385,0.3103448275862069,0.3103448275862069,0.105,0.28,0.105,0.105,0.105,0.105,Jackson Cluff
687724,4,1,0,1,2,0.175,0.175,25,R,0.3173076923076923,0.21153846153846154,0.09134615384615384,0.23557692307692307,0.3103448275862069,0.3103448275862069,0.10087719298245613,0.2543859649122807,0.11857142857142858,0.08289473684210526,0.10161290322580645,0.105,Jake Holton
687730,1,0,0,0,0,0.0,0.0,24,R,0.31683168316831684,0.21782178217821782,0.08415841584158416,0.22277227722772278,0.3076923076923077,0.3076923076923077,0.105,0.28,0.105,0.105,0.105,0.105,Caleb Cali
687731,3,1,1,0,2,0.4166666666666667,0.4166666666666667,24,R,0.32038834951456313,0.22330097087378642,0.0825242718446602,0.23786407766990292,0.32142857142857145,0.32142857142857145,0.105,0.28,0.105,0.105,0.105,0.105,Trevor Werner
687749,3,0,0,0,1,0.0,0.0,24,R,0.3106796116504854,0.21359223300970873,0.0825242718446602,0.22815533980582525,0.2857142857142857,0.2857142857142857,0.11637931034482758,0.27586206896551724,0.10121951219512196,0.1609375,0.09545454545454546,0.105,Jase Bowen
687783,4,2,1,0,0,0.4,0.4,23,L,0.3269230769230769,0.22115384615384615,0.08173076923076923,0.21634615384615385,0.3448275862068966,0.3448275862068966,0.0945945945945946,0.2612612612612613,0.09,0.0984375,0.09264705882352942,0.105,Matthew Wood
687799,116,38,25,13,35,0.32198275862068965,0.2788541050767787,27,L,0.32407407407407407,0.2175925925925926,0.09953703703703703,0.2662037037037037,0.28,0.32,0.13716814159292035,0.1663716814159292,0.1347560975609756,0.15075,0.12064220183486239,0.105,Cade Marlowe
687823,2,0,0,0,1,0.0,0.0,28,L,0.3137254901960784,0.21568627450980393,0.08333333333333333,0.23039215686274508,0.2962962962962963,0.2962962962962963,0.10747663551401869,0.28037383177570097,0.09264705882352942,0.105,0.12575757575757576,0.105,Aaron Shackelford
687833,7,3,2,1,2,0.4571428571428572,0.4571428571428572,27,L,0.32710280373831774,0.22429906542056074,0.08878504672897196,0.22897196261682243,0.34375,0.34375,0.10267857142857142,0.25000000000000006,0.10375000000000001,0.10161290322580645,0.10161290322580645,0.105,Shayne Fontana
687859,15,5,3,2,5,0.38999999999999996,0.38999999999999996,27,S,0.3217391304347826,0.21739130434782608,0.09130434782608696,0.2391304347826087,0.325,0.325,0.13028169014084506,0.23943661971830985,0.11826923076923078,0.1366666666666667,0.14714285714285716,0.105,Troy Johnston
687862,7,0,0,0,2,0.1285714285714286,0.1285714285714286,26,L,0.29906542056074764,0.205607476635514,0.0794392523364486,0.22897196261682243,0.25,0.25,0.11842105263157894,0.26315789473684215,0.1391891891891892,0.12205882352941178,0.09545454545454546,0.105,Cody Milligan
687867,34,12,11,0,6,0.3852941176470588,0.3852941176470588,27,L,0.3283582089552239,0.2462686567164179,0.06343283582089553,0.2126865671641791,0.3389830508474576,0.3389830508474576,0.09722222222222222,0.2592592592592593,0.09545454545454546,0.09264705882352942,0.10161290322580645,0.105,Clay Dungan
687882,4,0,0,0,2,0.0,0.0,26,R,0.3076923076923077,0.21153846153846154,0.08173076923076923,0.23557692307692307,0.27586206896551724,0.27586206896551724,0.11165048543689321,0.28155339805825247,0.105,0.1296875,0.10161290322580645,0.105,Hill Alexander
687930,1,0,0,0,0,0.0,0.0,23,L,0.31683168316831684,0.21782178217821782,0.08415841584158416,0.22277227722772278,0.3076923076923077,0.3076923076923077,0.105,0.28,0.105,0.105,0.105,0.105,Tyresse Turner
687942,1,0,0,0,0,0.9,0.9,23,R,0.31683168316831684,0.21782178217821782,0.08415841584158416,0.22277227722772278,0.3076923076923077,0.3076923076923077,0.105,0.28,0.105,0.105,0.105,0.105,Torin Montgomery
687952,392,120,93,21,107,0.3278061224489796,0.347047715291531,25,R,0.3089430894308943,0.23373983739837398,0.059959349593495935,0.2632113821138211,0.26666666666666666,0.248,0.14357429718875503,0.2034805890227577,0.10799763033175357,0.1954035874439462,0.18118556701030927,0.105,Christian Encarnacion-Strand
687957,22,8,6,1,5,0.4477272727272727,0.3853429451410658,25,L,0.32786885245901637,0.22950819672131148,0.0778688524590164,0.22540983606557377,0.3404255319148936,0.3404255319148936,0.10975609756097561,0.2520325203252033,0.10121951219512196,0.13205128205128205,0.09545454545454546,0.105,Dustin Harris
687981,10,5,5,0,1,0.78,0.78,24,R,0.33636363636363636,0.24545454545454545,0.07727272727272727,0.21363636363636362,0.37142857142857144,0.37142857142857144,0.10849056603773585,0.28301886792452835,0.11857142857142858,0.10161290322580645,0.105,0.105,John Rhodes
687982,1,0,0,0,1,0.0,0.0,24,L,0.31683168316831684,0.21782178217821782,0.08415841584158416,0.23267326732673269,0.3076923076923077,0.3076923076923077,0.105,0.28,0.105,0.105,0.105,0.105,Carson Jones
687997,3,2,1,1,0,0.5333333333333333,0.5333333333333333,25,L,0.3300970873786408,0.22330097087378642,0.09223300970873786,0.21844660194174756,0.35714285714285715,0.35714285714285715,0.105,0.28,0.105,0.105,0.105,0.105,Garrett Hiott
688002,1,0,0,0,1,0.0,0.0,25,R,0.31683168316831684,0.21782178217821782,0.08415841584158416,0.23267326732673269,0.3076923076923077,0.3076923076923077,0.11904761904761904,0.2666666666666667,0.1296875,0.12575757575757576,0.105,0.105,Javier Valdes
688005,6,3,3,0,1,0.5083333333333333,0.5083333333333333,27,R,0.330188679245283,0.2358490566037736,0.08018867924528301,0.22169811320754718,0.3548387096774194,0.3548387096774194,0.105,0.28,0.105,0.105,0.105,0.105,Francisco Urbaez
688226,8,4,2,1,2,0.44375,0.44375,25,R,0.3333333333333333,0.2222222222222222,0.08796296296296297,0.22685185185185186,0.36363636363636365,0.36363636363636365,0.11165048543689321,0.29126213592233013,0.0984375,0.1338709677419355,0.105,0.105,Anthony Mulrine
688311,2,0,0,0,1,0.0,0.0,26,R,0.3137254901960784,0.21568627450980393,0.08333333333333333,0.23039215686274508,0.2962962962962963,0.2962962962962963,0.11165048543689321,0.28155339805825247,0.10161290322580645,0.1296875,0.105,0.105,Drake Osborn
688359,1,0,0,0,1,0.0,0.0,21,R,0.31683168316831684,0.21782178217821782,0.08415841584158416,0.23267326732673269,0.3076923076923077,0.3076923076923077,0.10849056603773585,0.2735849056603774,0.105,0.11527777777777778,0.105,0.105,Deion Walker
688363,35,6,4,2,15,0.2057142857142857,0.23532894784249403,24,L,0.2814814814814815,0.1925925925925926,0.07777777777777778,0.2777777777777778,0.23333333333333334,0.23333333333333334,0.11568627450980393,0.17647058823529413,0.12217741935483871,0.11319444444444444,0.10510204081632654,0.105,Graham Pauley
688392,4,2,2,0,2,0.45,0.45,24,L,0.3269230769230769,0.23076923076923078,0.08173076923076923,0.23557692307692307,0.3448275862068966,0.3448275862068966,0.105,0.28,0.105,0.105,0.105,0.105,Terence Doston
688394,3,0,0,0,0,0.0,0.0,22,R,0.3106796116504854,0.21359223300970873,0.0825242718446602,0.21844660194174756,0.2857142857142857,0.2857142857142857,0.105,0.28,0.105,0.105,0.105,0.105,Jordan Sprinkle
688403,6,1,1,0,2,0.20833333333333334,0.20833333333333334,25,R,0.3113207547169811,0.2169811320754717,0.08018867924528301,0.23113207547169812,0.2903225806451613,0.2903225806451613,0.14102564102564102,0.27350427350427353,0.17439024390243904,0.09264705882352942,0.1609375,0.105,Michael Sandle
688410,1,1,1,0,0,0.9,0.9,25,L,0.32673267326732675,0.22772277227722773,0.08415841584158416,0.22277227722772278,0.34615384615384615,0.34615384615384615,0.10396039603960396,0.27722772277227725,0.10161290322580645,0.105,0.105,0.105,Hunter Markwardt
688449,4,0,0,0,2,0.0,0.0,26,R,0.3076923076923077,0.21153846153846154,0.08173076923076923,0.23557692307692307,0.27586206896551724,0.27586206896551724,0.13716814159292035,0.2831858407079646,0.15147058823529413,0.11857142857142858,0.15147058823529413,0.105,TT Bowens
688457,13,5,4,1,3,0.3576923076923077,0.3576923076923077,23,L,0.3274336283185841,0.23008849557522124,0.084070796460177,0.22566371681415928,0.34210526315789475,0.34210526315789475,0.10096153846153846,0.2692307692307693,0.0984375,0.105,0.0984375,0.105,Gavin Cross
688460,8,2,0,2,1,0.175,0.175,23,R,0.3148148148148148,0.2037037037037037,0.09722222222222222,0.2175925925925926,0.30303030303030304,0.30303030303030304,0.10245901639344263,0.24590163934426232,0.08829787234042553,0.12575757575757576,0.0984375,0.105,Josh Kasevich
688500,6,4,3,0,1,0.6833333333333332,0.6833333333333332,23,L,0.33962264150943394,0.2358490566037736,0.08018867924528301,0.22169811320754718,0.3870967741935484,0.3870967741935484,0.10294117647058823,0.27450980392156865,0.0984375,0.105,0.105,0.105,Stephen Paolini
688507,2,0,0,0,1,0.0,0.0,27,R,0.3137254901960784,0.21568627450980393,0.08333333333333333,0.23039215686274508,0.2962962962962963,0.2962962962962963,0.105,0.28,0.105,0.105,0.105,0.105,Frank Nigro
688658,2,0,0,0,1,0.45,0.45,24,R,0.3137254901960784,0.21568627450980393,0.08333333333333333,0.23039215686274508,0.2962962962962963,0.2962962962962963,0.10294117647058823,0.27450980392156865,0.0984375,0.105,0.105,0.105,Ernny Ordonez
688682,10,2,2,0,4,0.29,0.29,24,R,0.3090909090909091,0.21818181818181817,0.07727272727272727,0.2409090909090909,0.2857142857142857,0.2857142857142857,0.09545454545454546,0.26363636363636367,0.0875,0.09264705882352942,0.105,0.105,Cooper Bowman
688714,3,1,1,0,0,0.3,0.3,23,R,0.32038834951456313,0.22330097087378642,0.0825242718446602,0.21844660194174756,0.32142857142857145,0.32142857142857145,0.1,0.2666666666666667,0.09545454545454546,0.0984375,0.105,0.105,Ryan Cermak
688760,30,7,4,2,10,0.19,0.19,27,R,0.3,0.2,0.08076923076923077,0.25,0.2727272727272727,0.2727272727272727,0.09905660377358491,0.26415094339622647,0.09,0.10161290322580645,0.105,0.105,Blaine Crim
688808,1,1,1,0,0,0.9,0.9,24,L,0.32673267326732675,0.22772277227722773,0.08415841584158416,0.22277227722772278,0.34615384615384615,0.34615384615384615,0.105,0.28,0.105,0.105,0.105,0.105,David Martin
688815,1,0,0,0,1,0.0,0.0,26,R,0.31683168316831684,0.21782178217821782,0.08415841584158416,0.23267326732673269,0.3076923076923077,0.3076923076923077,0.12857142857142856,0.28571428571428575,0.15147058823529413,0.105,0.1338709677419355,0.105,Anthony Quirion
688832,1,0,0,0,0,0.0,0.0,25,L,0.31683168316831684,0.21782178217821782,0.08415841584158416,0.22277227722772278,0.3076923076923077,0.3076923076923077,0.105,0.28,0.105,0.105,0.105,0.105,Carter Williams
688869,22,7,6,1,8,0.36590909090909096,0.36590909090909096,26,L,0.319672131147541,0.22950819672131148,0.0778688524590164,0.25,0.3191489361702128,0.3191489361702128,0.1482758620689655,0.23448275862068965,0.10982142857142858,0.15000000000000002,0.21447368421052632,0.105,Justin Dirden
688907,3,1,1,0,0,0.3,0.3,24,L,0.32038834951456313,0.22330097087378642,0.0825242718446602,0.21844660194174756,0.32142857142857145,0.32142857142857145,0.10096153846153846,0.2692307692307693,0.0984375,0.10161290322580645,0.10161290322580645,0.105,Pres Cavenaugh
688963,1,0,0,0,1,0.0,0.0,24,L,0.31683168316831684,0.21782178217821782,0.08415841584158416,0.23267326732673269,0.3076923076923077,0.3076923076923077,0.105,0.28,0.105,0.105,0.105,0.105,William Sullivan
689041,2,1,0,1,0,0.8,0.8,24,L,0.3235294117647059,0.21568627450980393,0.09313725490196079,0.22058823529411764,0.3333333333333333,0.3333333333333333,0.09905660377358491,0.26415094339622647,0.09,0.10161290322580645,0.105,0.105,Rhylan Thomas
689047,11,5,2,3,3,0.48636363636363633,0.48636363636363633,24,S,0.3333333333333333,0.21621621621621623,0.1036036036036036,0.22972972972972974,0.3611111111111111,0.3611111111111111,0.12135922330097088,0.29126213592233013,0.1609375,0.105,0.10161290322580645,0.105,Jacob Wetzel
689070,8,3,3,0,2,0.3375,0.3375,27,L,0.32407407407407407,0.23148148148148148,0.0787037037037037,0.22685185185185186,0.3333333333333333,0.3333333333333333,0.105,0.28,0.105,0.105,0.105,0.105,Spencer Packard
689141,1,0,0,0,1,0.0,0.0,23,L,0.31683168316831684,0.21782178217821782,0.08415841584158416,0.23267326732673269,0.3076923076923077,0.3076923076923077,0.12135922330097088,0.29126213592233013,0.105,0.10161290322580645,0.1609375,0.105,Anthony Hall
689172,441,119,87,29,121,0.2673469387755102,0.26083734729781677,25,L,0.27911275415896486,0.20147874306839186,0.06931608133086876,0.26524953789279115,0.28,0.248,0.11491813220133414,0.1637355973317162,0.08603260869565219,0.1384187082405345,0.17593283582089553,0.0984375,Brett Wisely
689200,10,1,1,0,3,0.09,0.09,24,L,0.3,0.20909090909090908,0.07727272727272727,0.2318181818181818,0.2571428571428571,0.2571428571428571,0.09722222222222222,0.2592592592592593,0.0875,0.10161290322580645,0.10161290322580645,0.105,Jacob Melton
689235,1,0,0,0,0,0.0,0.0,21,R,0.31683168316831684,0.21782178217821782,0.08415841584158416,0.22277227722772278,0.3076923076923077,0.3076923076923077,0.10194174757281553,0.2718446601941748,0.0984375,0.10161290322580645,0.105,0.105,Yassel Pino
689288,23,7,6,1,7,0.2956521739130435,0.2956521739130435,26,L,0.3170731707317073,0.22764227642276422,0.07723577235772358,0.23983739837398374,0.3125,0.3125,0.12313432835820895,0.23134328358208958,0.17264150943396228,0.09,0.0875,0.105,Matt Koperniak
689302,3,1,1,0,1,0.3,0.3,23,R,0.32038834951456313,0.22330097087378642,0.0825242718446602,0.22815533980582525,0.32142857142857145,0.32142857142857145,0.10952380952380952,0.2761904761904762,0.0984375,0.12575757575757576,0.105,0.105,Karson Simas
689328,3,1,1,0,1,0.3,0.3,23,R,0.32038834951456313,0.22330097087378642,0.0825242718446602,0.22815533980582525,0.32142857142857145,0.32142857142857145,0.11057692307692307,0.27884615384615385,0.1296875,0.0984375,0.105,0.105,Ashton Creal
689355,1,0,0,0,1,0.0,0.0,23,R,0.31683168316831684,0.21782178217821782,0.08415841584158416,0.23267326732673269,0.3076923076923077,0.3076923076923077,0.105,0.28,0.105,0.105,0.105,0.105,Brett Roberts
689374,10,2,2,0,4,0.36,0.36,27,R,0.3090909090909091,0.21818181818181817,0.07727272727272727,0.2409090909090909,0.2857142857142857,0.2857142857142857,0.0963302752293578,0.25688073394495414,0.09545454545454546,0.0875,0.105,0.105,Jake Means
689456,2,0,0,0,0,0.0,0.0,24,L,0.3137254901960784,0.21568627450980393,0.08333333333333333,0.22058823529411764,0.2962962962962963,0.2962962962962963,0.09722222222222222,0.26851851851851855,0.09,0.105,0.09545454545454546,0.105,Austin Murr
689531,1,0,0,0,0,0.0,0.0,24,L,0.31683168316831684,0.21782178217821782,0.08415841584158416,0.22277227722772278,0.3076923076923077,0.3076923076923077,0.105,0.28,0.105,0.105,0.105,0.105,Brett Squires
689651,4,1,1,0,2,0.225,0.225,25,R,0.3173076923076923,0.22115384615384615,0.08173076923076923,0.23557692307692307,0.3103448275862069,0.3103448275862069,0.10396039603960396,0.27722772277227725,0.105,0.10161290322580645,0.105,0.105,Phillip Sikes
689688,6,2,2,0,3,0.3,0.3,23,R,0.32075471698113206,0.22641509433962265,0.08018867924528301,0.24056603773584906,0.3225806451612903,0.3225806451612903,0.11946902654867257,0.27433628318584075,0.11216216216216217,0.14305555555555557,0.105,0.105,Ethan Workinger
689750,9,4,4,0,2,0.5222222222222223,0.5222222222222223,27,R,0.3302752293577982,0.23853211009174313,0.0779816513761468,0.22477064220183487,0.35294117647058826,0.35294117647058826,0.10194174757281553,0.2718446601941748,0.10161290322580645,0.0984375,0.105,0.105,Jacob Buchberger
689763,3,1,1,0,1,0.3,0.3,27,R,0.32038834951456313,0.22330097087378642,0.0825242718446602,0.22815533980582525,0.32142857142857145,0.32142857142857145,0.09545454545454546,0.27272727272727276,0.09264705882352942,0.0875,0.105,0.105,Kyler Castillo
689822,4,1,1,0,1,0.3125,0.3125,24,L,0.3173076923076923,0.22115384615384615,0.08173076923076923,0.22596153846153846,0.3103448275862069,0.3103448275862069,0.11261261261261261,0.2792792792792793,0.09,0.14305555555555557,0.105,0.105,Matt Rudick
689858,1,0,0,0,0,0.9,0.9,23,R,0.31683168316831684,0.21782178217821782,0.08415841584158416,0.22277227722772278,0.3076923076923077,0.3076923076923077,0.10194174757281553,0.2718446601941748,0.10161290322580645,0.0984375,0.105,0.105,Carmine Lane
689880,2,1,1,0,0,0.625,0.625,25,R,0.3235294117647059,0.22549019607843138,0.08333333333333333,0.22058823529411764,0.3333333333333333,0.3333333333333333,0.105,0.28,0.105,0.105,0.105,0.105,Myles Emmerson
689909,1,0,0,0,0,0.0,0.0,21,L,0.31683168316831684,0.21782178217821782,0.08415841584158416,0.22277227722772278,0.3076923076923077,0.3076923076923077,0.10294117647058823,0.27450980392156865,0.105,0.10161290322580645,0.10161290322580645,0.105,Jadiel Sanchez
689931,2,1,0,1,1,0.35,0.35,22,R,0.3235294117647059,0.21568627450980393,0.09313725490196079,0.23039215686274508,0.3333333333333333,0.3333333333333333,0.12135922330097088,0.28155339805825247,0.1338709677419355,0.1296875,0.105,0.105,Peyton Graham
689959,1,0,0,0,1,0.0,0.0,23,L,0.31683168316831684,0.21782178217821782,0.08415841584158416,0.23267326732673269,0.3076923076923077,0.3076923076923077,0.105,0.28,0.105,0.105,0.105,0.105,Caeden Trenkle
689984,1,0,0,0,0,0.0,0.0,23,R,0.31683168316831684,0.21782178217821782,0.08415841584158416,0.22277227722772278,0.3076923076923077,0.3076923076923077,0.09905660377358491,0.2735849056603774,0.09,0.10161290322580645,0.105,0.105,Zach Arnold
690022,3,0,0,0,2,0.0,0.0,24,R,0.3106796116504854,0.21359223300970873,0.0825242718446602,0.23786407766990292,0.2857142857142857,0.2857142857142857,0.11682242990654206,0.29906542056074764,0.09545454545454546,0.15147058823529413,0.105,0.105,Ryan Ritter
690180,3,1,0,1,0,0.2333333333333333,0.2333333333333333,28,L,0.32038834951456313,0.21359223300970873,0.09223300970873786,0.21844660194174756,0.32142857142857145,0.32142857142857145,0.105,0.28,0.105,0.105,0.105,0.105,Bryce Windham
690291,106,38,21,17,32,0.30707547169811317,0.2952082641509434,24,L,0.33980582524271846,0.2087378640776699,0.12378640776699029,0.2645631067961165,0.3466666666666667,0.352,0.13128491620111732,0.15828677839851024,0.13050541516245487,0.13930817610062893,0.12252747252747254,0.105,Jace Jung
690443,11,1,1,0,3,0.08181818181818182,0.08181818181818182,26,L,0.2972972972972973,0.2072072072072072,0.07657657657657657,0.22972972972972974,0.25,0.25,0.12301587301587301,0.2619047619047619,0.14895833333333333,0.12575757575757576,0.09,0.105,Mike Antico
690448,6,2,1,1,3,0.26666666666666666,0.26666666666666666,26,R,0.32075471698113206,0.2169811320754717,0.08962264150943396,0.24056603773584906,0.3225806451612903,0.3225806451612903,0.10416666666666667,0.25000000000000006,0.09222222222222223,0.11857142857142858,0.105,0.105,Mike Jarvis
690474,7,3,1,2,2,0.37857142857142856,0.37857142857142856,25,L,0.32710280373831774,0.21495327102803738,0.09813084112149532,0.22897196261682243,0.34375,0.34375,0.0942622950819672,0.23770491803278693,0.06999999999999999,0.11857142857142858,0.0984375,0.105,Tommy Sacco Jr.
690571,2,1,1,0,0,0.45,0.45,25,R,0.3235294117647059,0.22549019607843138,0.08333333333333333,0.22058823529411764,0.3333333333333333,0.3333333333333333,0.10194174757281553,0.2718446601941748,0.0984375,0.10161290322580645,0.105,0.105,Peter Zimmermann
690702,7,1,1,0,1,0.2571428571428572,0.2571428571428572,26,L,0.308411214953271,0.21495327102803738,0.0794392523364486,0.21962616822429906,0.28125,0.28125,0.0963302752293578,0.26605504587155965,0.09264705882352942,0.09264705882352942,0.10161290322580645,0.105,Roby Enriquez
690841,2,1,1,0,1,0.625,0.625,27,R,0.3235294117647059,0.22549019607843138,0.08333333333333333,0.23039215686274508,0.3333333333333333,0.3333333333333333,0.09813084112149532,0.2710280373831776,0.08513513513513513,0.105,0.105,0.105,Matt O'Neill
690904,3,1,1,0,0,0.5333333333333333,0.5333333333333333,25,R,0.32038834951456313,0.22330097087378642,0.0825242718446602,0.21844660194174756,0.32142857142857145,0.32142857142857145,0.105,0.28,0.105,0.105,0.105,0.105,Cameron Masterman
690914,3,1,1,0,1,0.6666666666666666,0.6666666666666666,24,R,0.32038834951456313,0.22330097087378642,0.0825242718446602,0.22815533980582525,0.32142857142857145,0.32142857142857145,0.11842105263157894,0.24561403508771934,0.15375,0.09545454545454546,0.10161290322580645,0.105,Brody Moore
690924,4,1,0,1,2,0.175,0.175,25,R,0.3173076923076923,0.21153846153846154,0.09134615384615384,0.23557692307692307,0.3103448275862069,0.3103448275862069,0.11946902654867257,0.27433628318584075,0.08513513513513513,0.17083333333333334,0.105,0.105,Braxton Fulford
690956,1,0,0,0,0,0.0,0.0,21,L,0.31683168316831684,0.21782178217821782,0.08415841584158416,0.22277227722772278,0.3076923076923077,0.3076923076923077,0.105,0.28,0.105,0.105,0.105,0.105,Werner Blakely
690958,1,1,1,0,0,0.9,0.9,23,R,0.32673267326732675,0.22772277227722773,0.08415841584158416,0.22277227722772278,0.34615384615384615,0.34615384615384615,0.10294117647058823,0.2843137254901961,0.0984375,0.105,0.105,0.105,Drew Bowser
690969,3,0,0,0,1,0.0,0.0,23,L,0.3106796116504854,0.21359223300970873,0.0825242718446602,0.22815533980582525,0.2857142857142857,0.2857142857142857,0.10683760683760683,0.264957264957265,0.10375000000000001,0.10161290322580645,0.11527777777777778,0.105,Kellum Clark
690976,3,1,1,0,1,0.3,0.3,22,L,0.32038834951456313,0.22330097087378642,0.0825242718446602,0.22815533980582525,0.32142857142857145,0.32142857142857145,0.10194174757281553,0.2718446601941748,0.09545454545454546,0.105,0.105,0.105,Alex Freeland
690983,2,0,0,0,0,0.0,0.0,22,R,0.3137254901960784,0.21568627450980393,0.08333333333333333,0.22058823529411764,0.2962962962962963,0.2962962962962963,0.105,0.28,0.105,0.105,0.105,0.105,Hunter Haas
690984,6,3,3,0,2,0.5083333333333333,0.5083333333333333,22,L,0.330188679245283,0.2358490566037736,0.08018867924528301,0.23113207547169812,0.3548387096774194,0.3548387096774194,0.105,0.28,0.105,0.105,0.105,0.105,Petey Halpin
690985,3,1,1,0,1,0.4166666666666667,0.4166666666666667,23,L,0.32038834951456313,0.22330097087378642,0.0825242718446602,0.22815533980582525,0.32142857142857145,0.32142857142857145,0.105,0.28,0.105,0.105,0.105,0.105,Colby Halter
690987,3,1,1,0,2,0.3,0.3,21,L,0.32038834951456313,0.22330097087378642,0.0825242718446602,0.23786407766990292,0.32142857142857145,0.32142857142857145,0.105,0.28,0.105,0.105,0.105,0.105,Robert Hassell III
690988,1,0,0,0,0,0.0,0.0,23,L,0.31683168316831684,0.21782178217821782,0.08415841584158416,0.22277227722772278,0.3076923076923077,0.3076923076923077,0.105,0.28,0.105,0.105,0.105,0.105,Austin Hendrick
690992,16,3,2,0,5,0.178125,0.178125,22,S,0.3017241379310345,0.20689655172413793,0.07327586206896551,0.23706896551724138,0.2682926829268293,0.2682926829268293,0.10849056603773585,0.26415094339622647,0.09264705882352942,0.1296875,0.105,0.105,Ed Howard
690993,617,191,144,45,122,0.31118314424635335,0.31492301173237686,23,L,0.3110181311018131,0.2315202231520223,0.07461645746164575,0.201534170153417,0.29333333333333333,0.312,0.10560985975350616,0.1572460688482788,0.07250415973377704,0.13658357771260998,0.1462962962962963,0.105,Colt Keith
691001,6,1,1,0,1,0.15,0.15,21,S,0.3113207547169811,0.2169811320754717,0.08018867924528301,0.22169811320754718,0.2903225806451613,0.2903225806451613,0.105,0.28,0.105,0.105,0.105,0.105,Robert Moore
691002,5,2,1,1,2,0.39,0.39,23,R,0.3238095238095238,0.21904761904761905,0.09047619047619047,0.23333333333333334,0.3333333333333333,0.3333333333333333,0.128099173553719,0.25619834710743805,0.17717391304347826,0.09264705882352942,0.10161290322580645,0.105,Yohandy Morales
691003,2,0,0,0,0,0.0,0.0,22,L,0.3137254901960784,0.21568627450980393,0.08333333333333333,0.22058823529411764,0.2962962962962963,0.2962962962962963,0.11165048543689321,0.2718446601941748,0.1296875,0.10161290322580645,0.105,0.105,Tre' Morgan
691011,65,15,12,3,20,0.24461538461538462,0.21149111349782293,23,S,0.28484848484848485,0.20606060606060606,0.0696969696969697,0.25757575757575757,0.25333333333333335,0.25555555555555554,0.13765822784810128,0.21518987341772153,0.07807692307692309,0.18244680851063827,0.1847560975609756,0.105,Drew Romo
691016,375,104,67,33,99,0.28359999999999996,0.31306528102688164,23,L,0.2863157894736842,0.18736842105263157,0.08736842105263158,0.2557894736842105,0.3333333333333333,0.28,0.14290856731461482,0.15910727141828654,0.0982843137254902,0.18019271948608137,0.17716666666666667,0.105,Tyler Soderstrom
691020,1,0,0,0,0,0.0,0.0,20,R,0.31683168316831684,0.21782178217821782,0.08415841584158416,0.22277227722772278,0.3076923076923077,0.3076923076923077,0.105,0.28,0.105,0.105,0.105,0.105,Carson Tucker
691021,4,2,2,0,0,0.5375,0.5375,23,R,0.3269230769230769,0.23076923076923078,0.08173076923076923,0.21634615384615385,0.3448275862068966,0.3448275862068966,0.0945945945945946,0.2612612612612613,0.09264705882352942,0.09,0.0984375,0.105,A.J. Vukovich
691023,702,219,158,53,170,0.31880341880341884,0.3101525286915573,22,R,0.31296758104738154,0.22443890274314215,0.07668329177057356,0.24002493765586036,0.29333333333333333,0.28,0.1417910447761194,0.17680826636050517,0.07750379362670713,0.2088586956521739,0.20589041095890412,0.105,Jordan Walker
691024,5,0,0,0,1,0.18,0.18,22,R,0.3047619047619048,0.20952380952380953,0.08095238095238096,0.22380952380952382,0.26666666666666666,0.26666666666666666,0.105,0.28,0.105,0.105,0.105,0.105,Cayden Wallace
691026,819,248,193,53,150,0.315018315018315,0.2934477916432795,22,R,0.30467899891186073,0.23394994559303592,0.06692056583242655,0.18770402611534276,0.28,0.248,0.08113377324535093,0.14487102579484104,0.051479750778816204,0.10449275362318841,0.17168508287292816,0.10161290322580645,Masyn Winn
691176,101,32,19,13,27,0.35297029702970295,0.33622218283447086,21,S,0.31840796019900497,0.20398009950248755,0.10696517412935323,0.2462686567164179,0.3466666666666667,0.312,0.11391129032258064,0.16532258064516128,0.09748062015503875,0.1357142857142857,0.12981651376146788,0.105,Jasson Domínguez
691181,6,2,2,0,2,0.48333333333333334,0.48333333333333334,20,L,0.32075471698113206,0.22641509433962265,0.08018867924528301,0.23113207547169812,0.3225806451612903,0.3225806451612903,0.08015267175572519,0.22137404580152675,0.06176470588235294,0.08513513513513513,0.09545454545454546,0.105,Emmanuel Rodriguez
691182,42,8,7,1,6,0.21785714285714286,0.29002840173594524,21,S,0.28169014084507044,0.20422535211267606,0.06690140845070422,0.2007042253521127,0.23880597014925373,0.23880597014925373,0.10493827160493827,0.2222222222222222,0.11791666666666667,0.09179104477611941,0.09021739130434783,0.105,Adael Amador
691183,5,3,2,1,1,0.5,0.5,22,S,0.3333333333333333,0.22857142857142856,0.09047619047619047,0.22380952380952382,0.36666666666666664,0.36666666666666664,0.105,0.28,0.105,0.105,0.105,0.105,Kevin Made
691184,8,2,2,0,4,0.26875,0.26875,21,S,0.3148148148148148,0.2222222222222222,0.0787037037037037,0.24537037037037038,0.30303030303030304,0.30303030303030304,0.105,0.28,0.105,0.105,0.105,0.105,Dauri Lorenzo
691185,4,0,0,0,1,0.0,0.0,21,R,0.3076923076923077,0.21153846153846154,0.08173076923076923,0.22596153846153846,0.27586206896551724,0.27586206896551724,0.105,0.28,0.105,0.105,0.105,0.105,Maximo Acosta
691186,13,2,2,0,2,0.13846153846153847,0.13846153846153847,22,S,0.3008849557522124,0.21238938053097345,0.0752212389380531,0.2168141592920354,0.2631578947368421,0.2631578947368421,0.10194174757281553,0.2718446601941748,0.10161290322580645,0.105,0.0984375,0.105,Arol Vera
691190,1,1,0,1,0,0.7,0.7,20,L,0.32673267326732675,0.21782178217821782,0.09405940594059406,0.22277227722772278,0.34615384615384615,0.34615384615384615,0.105,0.28,0.105,0.105,0.105,0.105,Ismael Mena
691191,4,1,0,1,1,0.175,0.175,21,S,0.3173076923076923,0.21153846153846154,0.09134615384615384,0.22596153846153846,0.3103448275862069,0.3103448275862069,0.09292035398230089,0.24778761061946905,0.08076923076923077,0.09545454545454546,0.10161290322580645,0.105,Jose Salas
691193,1,1,0,0,0,0.7,0.7,24,R,0.32673267326732675,0.21782178217821782,0.08415841584158416,0.22277227722772278,0.34615384615384615,0.34615384615384615,0.105,0.28,0.105,0.105,0.105,0.105,Patrick Merino
691252,3,1,1,0,0,0.3,0.3,22,L,0.32038834951456313,0.22330097087378642,0.0825242718446602,0.21844660194174756,0.32142857142857145,0.32142857142857145,0.11467889908256881,0.25688073394495414,0.0875,0.1338709677419355,0.1296875,0.105,Jhon Diaz
691261,3,0,0,0,3,0.0,0.0,21,S,0.3106796116504854,0.21359223300970873,0.0825242718446602,0.24757281553398058,0.2857142857142857,0.2857142857142857,0.10747663551401869,0.26168224299065423,0.11216216216216217,0.105,0.105,0.105,Jose Pastrano
691262,8,2,1,1,2,0.2,0.2,19,S,0.3148148148148148,0.21296296296296297,0.08796296296296297,0.22685185185185186,0.30303030303030304,0.30303030303030304,0.105,0.28,0.105,0.105,0.105,0.105,Reginald Preciado
691267,12,2,1,1,2,0.20833333333333334,0.20833333333333334,21,R,0.30357142857142855,0.20535714285714285,0.08482142857142858,0.21875,0.2702702702702703,0.2702702702702703,0.116,0.24800000000000003,0.09651162790697675,0.14642857142857144,0.105,0.105,Alex Ramírez
691268,6,2,2,0,1,0.35833333333333334,0.35833333333333334,22,R,0.32075471698113206,0.22641509433962265,0.08018867924528301,0.22169811320754718,0.3225806451612903,0.3225806451612903,0.09913793103448276,0.28448275862068967,0.07682926829268293,0.12205882352941178,0.10161290322580645,0.105,Yiddi Cappe
691269,6,1,1,0,1,0.15,0.15,20,S,0.3113207547169811,0.2169811320754717,0.08018867924528301,0.22169811320754718,0.2903225806451613,0.2903225806451613,0.1,0.2666666666666667,0.09,0.105,0.105,0.105,Adrian Placencia
691277,26,4,3,1,8,0.1576923076923077,0.1576923076923077,21,R,0.2857142857142857,0.1984126984126984,0.07539682539682539,0.24206349206349206,0.23529411764705882,0.23529411764705882,0.13829787234042554,0.22695035460992907,0.17500000000000002,0.12261904761904763,0.10161290322580645,0.105,Deyvison De Los Santos
691283,3,2,1,1,0,0.5333333333333333,0.5333333333333333,24,L,0.3300970873786408,0.22330097087378642,0.09223300970873786,0.21844660194174756,0.35714285714285715,0.35714285714285715,0.10849056603773585,0.2735849056603774,0.11527777777777778,0.105,0.105,0.105,Sheng-Ping Chen
691284,3,0,0,0,0,0.0,0.0,20,S,0.3106796116504854,0.21359223300970873,0.0825242718446602,0.21844660194174756,0.2857142857142857,0.2857142857142857,0.105,0.28,0.105,0.105,0.105,0.105,Juan Corniel
691285,1,0,0,0,1,0.0,0.0,20,L,0.31683168316831684,0.21782178217821782,0.08415841584158416,0.23267326732673269,0.3076923076923077,0.3076923076923077,0.105,0.28,0.105,0.105,0.105,0.105,Junior Franco
691369,2,1,1,0,0,0.45,0.45,21,S,0.3235294117647059,0.22549019607843138,0.08333333333333333,0.22058823529411764,0.3333333333333333,0.3333333333333333,0.105,0.28,0.105,0.105,0.105,0.105,Allan Castro
691370,7,3,2,1,2,0.40714285714285714,0.40714285714285714,22,R,0.32710280373831774,0.22429906542056074,0.08878504672897196,0.22897196261682243,0.34375,0.34375,0.11574074074074074,0.2777777777777778,0.09264705882352942,0.15606060606060607,0.10161290322580645,0.105,Juan Chacon
691373,4,1,1,0,1,0.225,0.225,22,R,0.3173076923076923,0.22115384615384615,0.08173076923076923,0.22596153846153846,0.3103448275862069,0.3103448275862069,0.1,0.2761904761904762,0.09545454545454546,0.0984375,0.105,0.105,Jhostynxon Garcia
691385,1,1,1,0,0,0.9,0.9,19,R,0.32673267326732675,0.22772277227722773,0.08415841584158416,0.22277227722772278,0.34615384615384615,0.34615384615384615,0.105,0.28,0.105,0.105,0.105,0.105,Ronald Rosario
691387,1,1,0,0,0,0.7,0.7,19,R,0.32673267326732675,0.21782178217821782,0.08415841584158416,0.22277227722772278,0.34615384615384615,0.34615384615384615,0.105,0.28,0.105,0.105,0.105,0.105,Diego Viloria
691392,1,0,0,0,0,0.0,0.0,21,R,0.31683168316831684,0.21782178217821782,0.08415841584158416,0.22277227722772278,0.3076923076923077,0.3076923076923077,0.105,0.28,0.105,0.105,0.105,0.105,Johnny Ascanio
691398,1,0,0,0,1,0.0,0.0,22,L,0.31683168316831684,0.21782178217821782,0.08415841584158416,0.23267326732673269,0.3076923076923077,0.3076923076923077,0.105,0.28,0.105,0.105,0.105,0.105,Yerlin Confidan
691399,1,0,0,0,0,0.0,0.0,19,L,0.31683168316831684,0.21782178217821782,0.08415841584158416,0.22277227722772278,0.3076923076923077,0.3076923076923077,0.105,0.28,0.105,0.105,0.105,0.105,Braylin Minier
691403,3,2,1,1,0,0.5333333333333333,0.5333333333333333,24,L,0.3300970873786408,0.22330097087378642,0.09223300970873786,0.21844660194174756,0.35714285714285715,0.35714285714285715,0.105,0.28,0.105,0.105,0.105,0.105,Michel Triana
691406,220,64,49,14,49,0.30363636363636365,0.28897817124507774,21,R,0.3,0.221875,0.0703125,0.2234375,0.28,0.264,0.13728813559322034,0.20564971751412428,0.10196304849884526,0.17748447204968942,0.15958333333333333,0.105,Junior Caminero
691407,1,0,0,0,1,0.0,0.0,20,R,0.31683168316831684,0.21782178217821782,0.08415841584158416,0.23267326732673269,0.3076923076923077,0.3076923076923077,0.105,0.28,0.105,0.105,0.105,0.105,Erick Caripa
691408,4,0,0,0,2,0.0,0.0,22,S,0.3076923076923077,0.21153846153846154,0.08173076923076923,0.23557692307692307,0.27586206896551724,0.27586206896551724,0.09905660377358491,0.26415094339622647,0.09,0.10161290322580645,0.105,0.105,Maick Collado
691409,1,0,0,0,1,0.0,0.0,20,L,0.31683168316831684,0.21782178217821782,0.08415841584158416,0.23267326732673269,0.3076923076923077,0.3076923076923077,0.105,0.28,0.105,0.105,0.105,0.105,Angel Contreras
691410,13,0,0,0,8,0.0,0.0,21,R,0.2831858407079646,0.19469026548672566,0.0752212389380531,0.26991150442477874,0.21052631578947367,0.21052631578947367,0.11065573770491803,0.2540983606557377,0.10375000000000001,0.12875,0.0984375,0.105,Jose Devers
691411,2,1,0,1,0,0.35,0.35,20,L,0.3235294117647059,0.21568627450980393,0.09313725490196079,0.22058823529411764,0.3333333333333333,0.3333333333333333,0.10087719298245613,0.26315789473684215,0.10121951219512196,0.0984375,0.10161290322580645,0.105,Luis Durango
691416,2,0,0,0,0,0.0,0.0,20,L,0.3137254901960784,0.21568627450980393,0.08333333333333333,0.22058823529411764,0.2962962962962963,0.2962962962962963,0.11165048543689321,0.28155339805825247,0.10161290322580645,0.105,0.1296875,0.105,Esteban González
691419,1,0,0,0,0,0.0,0.0,21,L,0.31683168316831684,0.21782178217821782,0.08415841584158416,0.22277227722772278,0.3076923076923077,0.3076923076923077,0.105,0.28,0.105,0.105,0.105,0.105,Angel Mendoza
691437,2,1,1,0,0,0.45,0.45,20,R,0.3235294117647059,0.22549019607843138,0.08333333333333333,0.22058823529411764,0.3333333333333333,0.3333333333333333,0.0963302752293578,0.27522935779816515,0.08289473684210526,0.105,0.10161290322580645,0.105,Adrian Pinto
691442,4,0,0,0,1,0.0,0.0,22,R,0.3076923076923077,0.21153846153846154,0.08173076923076923,0.22596153846153846,0.27586206896551724,0.27586206896551724,0.105,0.28,0.105,0.105,0.105,0.105,Wilfred Veras
691449,8,1,1,0,4,0.25,0.25,20,R,0.3055555555555556,0.21296296296296297,0.0787037037037037,0.24537037037037038,0.2727272727272727,0.2727272727272727,0.11440677966101695,0.2627118644067797,0.10921052631578948,0.12875,0.105,0.105,Roberto Campos
691458,3,2,2,0,1,0.6,0.6,21,R,0.3300970873786408,0.23300970873786409,0.0825242718446602,0.22815533980582525,0.35714285714285715,0.35714285714285715,0.11061946902654868,0.24778761061946905,0.10921052631578948,0.12575757575757576,0.0984375,0.105,Blaze Jordan
691466,2,0,0,0,1,0.0,0.0,20,R,0.3137254901960784,0.21568627450980393,0.08333333333333333,0.23039215686274508,0.2962962962962963,0.2962962962962963,0.1,0.2666666666666667,0.0984375,0.0984375,0.10161290322580645,0.105,Juan Santander
691478,3,1,0,1,2,0.2333333333333333,0.2333333333333333,20,R,0.32038834951456313,0.21359223300970873,0.09223300970873786,0.23786407766990292,0.32142857142857145,0.32142857142857145,0.13551401869158877,0.28971962616822433,0.15147058823529413,0.15606060606060607,0.105,0.105,Richi Gonzalez
691503,17,9,6,3,1,0.5147058823529411,0.5147058823529411,27,R,0.3504273504273504,0.23931623931623933,0.09829059829059829,0.20085470085470086,0.40476190476190477,0.40476190476190477,0.11261261261261261,0.2702702702702703,0.11216216216216217,0.12205882352941178,0.105,0.105,Yolbert Sanchez
691513,2,0,0,0,1,0.0,0.0,21,R,0.3137254901960784,0.21568627450980393,0.08333333333333333,0.23039215686274508,0.2962962962962963,0.2962962962962963,0.105,0.28,0.105,0.105,0.105,0.105,Roilan Machandy
691586,1,0,0,0,1,0.0,0.0,22,R,0.31683168316831684,0.21782178217821782,0.08415841584158416,0.23267326732673269,0.3076923076923077,0.3076923076923077,0.105,0.28,0.105,0.105,0.105,0.105,Renny Hidalgo
691588,2,1,0,1,1,0.35,0.35,20,L,0.3235294117647059,0.21568627450980393,0.09313725490196079,0.23039215686274508,0.3333333333333333,0.3333333333333333,0.11363636363636363,0.27272727272727276,0.09,0.12575757575757576,0.1296875,0.105,Ian Lewis Jr.
691594,44,11,10,1,4,0.2772727272727273,0.2300484318181818,22,R,0.2986111111111111,0.2222222222222222,0.06597222222222222,0.1840277777777778,0.2753623188405797,0.2753623188405797,0.08666666666666667,0.2088888888888889,0.06275510204081633,0.1147887323943662,0.09021739130434783,0.105,Javier Sanoja
691598,1,0,0,0,0,0.0,0.0,21,R,0.31683168316831684,0.21782178217821782,0.08415841584158416,0.22277227722772278,0.3076923076923077,0.3076923076923077,0.10096153846153846,0.2692307692307693,0.0984375,0.0984375,0.105,0.105,Uziel Viloria
691616,3,0,0,0,2,0.0,0.0,20,L,0.3106796116504854,0.21359223300970873,0.0825242718446602,0.23786407766990292,0.2857142857142857,0.2857142857142857,0.12385321100917432,0.27522935779816515,0.15147058823529413,0.11857142857142858,0.105,0.105,Hedbert Perez
691617,2,1,1,0,1,0.45,0.45,19,R,0.3235294117647059,0.22549019607843138,0.08333333333333333,0.23039215686274508,0.3333333333333333,0.3333333333333333,0.11165048543689321,0.28155339805825247,0.12575757575757576,0.105,0.105,0.105,Beyker Pastran
691620,7,2,1,1,2,0.2285714285714286,0.2285714285714286,21,R,0.3177570093457944,0.21495327102803738,0.08878504672897196,0.22897196261682243,0.3125,0.3125,0.09905660377358491,0.2735849056603774,0.09545454545454546,0.0984375,0.10161290322580645,0.105,Jeferson Quero
691623,1,0,0,0,0,0.0,0.0,20,R,0.31683168316831684,0.21782178217821782,0.08415841584158416,0.22277227722772278,0.3076923076923077,0.3076923076923077,0.105,0.28,0.105,0.105,0.105,0.105,Alexander Perez
691645,4,1,0,1,1,0.175,0.175,20,L,0.3173076923076923,0.21153846153846154,0.09134615384615384,0.22596153846153846,0.3103448275862069,0.3103448275862069,0.12135922330097088,0.2718446601941748,0.15606060606060607,0.105,0.105,0.105,Jefrey De Los Santos
691708,3,0,0,0,1,0.0,0.0,22,R,0.3106796116504854,0.21359223300970873,0.0825242718446602,0.22815533980582525,0.2857142857142857,0.2857142857142857,0.11261261261261261,0.2792792792792793,0.11216216216216217,0.0984375,0.1296875,0.105,Junior Tilien
691710,1,0,0,0,1,0.0,0.0,21,L,0.31683168316831684,0.21782178217821782,0.08415841584158416,0.23267326732673269,0.3076923076923077,0.3076923076923077,0.10952380952380952,0.2666666666666667,0.12575757575757576,0.105,0.0984375,0.105,Vincent Perozo
691718,432,122,90,25,109,0.2878472222222222,0.2835609562215673,22,L,0.2894736842105263,0.21052631578947367,0.06296992481203008,0.24718045112781956,0.28,0.296,0.1609159347553325,0.20451693851944794,0.14302455357142857,0.1808788598574822,0.19229323308270677,0.10161290322580645,Pete Crow-Armstrong
691720,1,0,0,0,0,0.0,0.0,22,R,0.31683168316831684,0.21782178217821782,0.08415841584158416,0.22277227722772278,0.3076923076923077,0.3076923076923077,0.10294117647058823,0.27450980392156865,0.10161290322580645,0.10161290322580645,0.105,0.105,Kyle Karros
691723,66,18,12,4,27,0.23787878787878786,0.2849653939393939,23,R,0.30120481927710846,0.20481927710843373,0.07530120481927711,0.29819277108433734,0.26666666666666666,0.2857142857142857,0.17269736842105263,0.20394736842105263,0.13152173913043477,0.20157894736842102,0.2319672131147541,0.105,Coby Mayo
691726,3,1,0,1,2,0.2333333333333333,0.2333333333333333,22,R,0.32038834951456313,0.21359223300970873,0.09223300970873786,0.23786407766990292,0.32142857142857145,0.32142857142857145,0.105,0.28,0.105,0.105,0.105,0.105,Kevin Sim
691728,25,8,7,1,7,0.28,0.28,23,L,0.32,0.232,0.076,0.236,0.32,0.32,0.1531791907514451,0.26011560693641617,0.13355263157894737,0.19901960784313727,0.14305555555555557,0.105,Zac Veen
691740,6,3,3,0,1,0.8166666666666668,0.8166666666666668,23,R,0.330188679245283,0.2358490566037736,0.08018867924528301,0.22169811320754718,0.3548387096774194,0.3548387096774194,0.10267857142857142,0.2857142857142857,0.08513513513513513,0.1296875,0.09545454545454546,0.105,Daniel Susac
691770,1,0,0,0,1,0.0,0.0,21,L,0.31683168316831684,0.21782178217821782,0.08415841584158416,0.23267326732673269,0.3076923076923077,0.3076923076923077,0.105,0.28,0.105,0.105,0.105,0.105,Braylon Bishop
691775,4,0,0,0,2,0.0,0.0,21,L,0.3076923076923077,0.21153846153846154,0.08173076923076923,0.23557692307692307,0.27586206896551724,0.27586206896551724,0.10087719298245613,0.24561403508771934,0.11527777777777778,0.09545454545454546,0.09,0.105,Ryan Clifford
691777,14,3,2,1,7,0.20357142857142854,0.20357142857142854,22,R,0.30701754385964913,0.21052631578947367,0.08333333333333333,0.25877192982456143,0.28205128205128205,0.28205128205128205,0.105,0.28,0.105,0.105,0.105,0.105,Max Muncy
691781,9,1,1,0,0,0.2,0.2,21,R,0.30275229357798167,0.21100917431192662,0.0779816513761468,0.20642201834862386,0.2647058823529412,0.2647058823529412,0.1318181818181818,0.27272727272727276,0.1391891891891892,0.15606060606060607,0.105,0.105,Brady House
691783,43,10,6,3,13,0.2534883720930233,0.25824451162790696,21,R,0.2937062937062937,0.1958041958041958,0.08041958041958042,0.24825174825174826,0.2647058823529412,0.2647058823529412,0.11992619926199262,0.17343173431734318,0.09962121212121212,0.14450549450549452,0.1355263157894737,0.105,Jordan Lawlar
691785,13,3,2,1,3,0.19230769230769232,0.19230769230769232,22,L,0.30973451327433627,0.21238938053097345,0.084070796460177,0.22566371681415928,0.2894736842105263,0.2894736842105263,0.11788617886178862,0.2764227642276423,0.10375000000000001,0.12560975609756098,0.1296875,0.105,Marcelo Mayer
691788,2,0,0,0,2,0.0,0.0,22,L,0.3137254901960784,0.21568627450980393,0.08333333333333333,0.24019607843137256,0.2962962962962963,0.2962962962962963,0.11160714285714286,0.25892857142857145,0.10375000000000001,0.1296875,0.105,0.105,Joe Mack
691789,2,0,0,0,1,0.0,0.0,20,L,0.3137254901960784,0.21568627450980393,0.08333333333333333,0.23039215686274508,0.2962962962962963,0.2962962962962963,0.11904761904761904,0.28571428571428575,0.105,0.0984375,0.15606060606060607,0.105,Izaac Pacheco
691797,5,1,1,0,2,0.25,0.25,21,R,0.3142857142857143,0.21904761904761905,0.08095238095238096,0.23333333333333334,0.3,0.3,0.1,0.2761904761904762,0.0984375,0.09545454545454546,0.105,0.105,Ryan Spikes
691858,2,0,0,0,0,0.0,0.0,22,R,0.3137254901960784,0.21568627450980393,0.08333333333333333,0.22058823529411764,0.2962962962962963,0.2962962962962963,0.09545454545454546,0.26363636363636367,0.09,0.0984375,0.09545454545454546,0.105,Jared Serna
691905,2,0,0,0,2,0.0,0.0,20,R,0.3137254901960784,0.21568627450980393,0.08333333333333333,0.24019607843137256,0.2962962962962963,0.2962962962962963,0.12272727272727273,0.27272727272727276,0.12205882352941178,0.15147058823529413,0.0984375,0.105,Ricardo Rosario
691907,8,5,3,2,1,0.69375,0.69375,23,L,0.3425925925925926,0.23148148148148148,0.09722222222222222,0.2175925925925926,0.3939393939393939,0.3939393939393939,0.12272727272727273,0.26363636363636367,0.11216216216216217,0.10161290322580645,0.1609375,0.105,Tsung-Che Cheng
691910,1,0,0,0,0,0.0,0.0,20,L,0.31683168316831684,0.21782178217821782,0.08415841584158416,0.22277227722772278,0.3076923076923077,0.3076923076923077,0.10194174757281553,0.2718446601941748,0.10161290322580645,0.0984375,0.105,0.105,Randy Vasquez
691913,2,0,0,0,1,0.0,0.0,21,L,0.3137254901960784,0.21568627450980393,0.08333333333333333,0.23039215686274508,0.2962962962962963,0.2962962962962963,0.11904761904761904,0.28571428571428575,0.14714285714285716,0.105,0.105,0.105,Jesus Castillo
691919,2,0,0,0,1,0.0,0.0,21,L,0.3137254901960784,0.21568627450980393,0.08333333333333333,0.23039215686274508,0.2962962962962963,0.2962962962962963,0.10952380952380952,0.2761904761904762,0.12205882352941178,0.10161290322580645,0.105,0.105,Ewry Espinal
691922,2,1,1,0,1,0.45,0.45,21,R,0.3235294117647059,0.22549019607843138,0.08333333333333333,0.23039215686274508,0.3333333333333333,0.3333333333333333,0.13302752293577982,0.27522935779816515,0.15147058823529413,0.12205882352941178,0.1338709677419355,0.105,Javier Rivas
691926,1,0,0,0,1,0.0,0.0,19,L,0.31683168316831684,0.21782178217821782,0.08415841584158416,0.23267326732673269,0.3076923076923077,0.3076923076923077,0.1201923076923077,0.2884615384615385,0.12575757575757576,0.105,0.1338709677419355,0.105,Jeral Toledo
691938,2,1,1,0,1,0.625,0.625,23,R,0.3235294117647059,0.22549019607843138,0.08333333333333333,0.23039215686274508,0.3333333333333333,0.3333333333333333,0.1201923076923077,0.2884615384615385,0.10161290322580645,0.1338709677419355,0.1296875,0.105,Willy Vasquez
691939,2,2,2,0,0,1.45,1.45,23,R,0.3333333333333333,0.23529411764705882,0.08333333333333333,0.22058823529411764,0.37037037037037035,0.37037037037037035,0.09813084112149532,0.26168224299065423,0.09,0.10161290322580645,0.10161290322580645,0.105,Jake DeLeo
691949,2,0,0,0,0,0.0,0.0,22,R,0.3137254901960784,0.21568627450980393,0.08333333333333333,0.22058823529411764,0.2962962962962963,0.2962962962962963,0.105,0.28,0.105,0.105,0.105,0.105,Jake Vogel
691968,5,2,1,1,3,0.32,0.32,22,R,0.3238095238095238,0.21904761904761905,0.09047619047619047,0.24285714285714285,0.3333333333333333,0.3333333333333333,0.105,0.28,0.105,0.105,0.105,0.105,Zion Bannister
692031,6,0,0,0,4,0.11666666666666665,0.11666666666666665,20,R,0.3018867924528302,0.20754716981132076,0.08018867924528301,0.25,0.25806451612903225,0.25806451612903225,0.105,0.28,0.105,0.105,0.105,0.105,George Feliz
692036,2,0,0,0,2,0.0,0.0,20,R,0.3137254901960784,0.21568627450980393,0.08333333333333333,0.24019607843137256,0.2962962962962963,0.2962962962962963,0.105,0.28,0.105,0.105,0.105,0.105,Andres Mesa
692043,2,1,1,0,1,0.625,0.625,20,R,0.3235294117647059,0.22549019607843138,0.08333333333333333,0.23039215686274508,0.3333333333333333,0.3333333333333333,0.105,0.28,0.105,0.105,0.105,0.105,Edryn Rodriguez
692044,7,0,0,0,3,0.0,0.0,21,S,0.29906542056074764,0.205607476635514,0.0794392523364486,0.2383177570093458,0.25,0.25,0.10294117647058823,0.2843137254901961,0.0984375,0.105,0.105,0.105,Luis Suisbel
692046,16,6,4,2,5,0.35625,0.35625,22,R,0.3275862068965517,0.22413793103448276,0.09051724137931035,0.23706896551724138,0.34146341463414637,0.34146341463414637,0.11885245901639344,0.29508196721311475,0.09431818181818183,0.1618421052631579,0.105,0.105,Axel Sanchez
692190,2,1,0,1,0,0.35,0.35,21,R,0.3235294117647059,0.21568627450980393,0.09313725490196079,0.22058823529411764,0.3333333333333333,0.3333333333333333,0.10454545454545454,0.2909090909090909,0.10921052631578948,0.0984375,0.105,0.105,Donovan Antonia
692222,1,0,0,0,1,0.0,0.0,21,R,0.31683168316831684,0.21782178217821782,0.08415841584158416,0.23267326732673269,0.3076923076923077,0.3076923076923077,0.105,0.28,0.105,0.105,0.105,0.105,Jose Izarra
692348,1,0,0,0,0,0.0,0.0,20,R,0.31683168316831684,0.21782178217821782,0.08415841584158416,0.22277227722772278,0.3076923076923077,0.3076923076923077,0.105,0.28,0.105,0.105,0.105,0.105,Aeverson Arteaga
692368,1,0,0,0,0,0.0,0.0,20,R,0.31683168316831684,0.21782178217821782,0.08415841584158416,0.22277227722772278,0.3076923076923077,0.3076923076923077,0.105,0.28,0.105,0.105,0.105,0.105,Adrián Sugastey
692390,1,0,0,0,0,0.0,0.0,21,R,0.31683168316831684,0.21782178217821782,0.08415841584158416,0.22277227722772278,0.3076923076923077,0.3076923076923077,0.105,0.28,0.105,0.105,0.105,0.105,Jose Cordoba
692405,16,4,2,2,8,0.2,0.2,20,R,0.3103448275862069,0.20689655172413793,0.09051724137931035,0.2629310344827586,0.2926829268292683,0.2926829268292683,0.1326530612244898,0.23129251700680273,0.13145161290322582,0.16627906976744186,0.0984375,0.105,Jeremy Rivas
692412,1,1,1,0,0,0.9,0.9,21,R,0.32673267326732675,0.22772277227722773,0.08415841584158416,0.22277227722772278,0.34615384615384615,0.34615384615384615,0.10396039603960396,0.27722772277227725,0.10161290322580645,0.105,0.105,0.105,Elis Barreat
692416,3,0,0,0,1,0.0,0.0,22,R,0.3106796116504854,0.21359223300970873,0.0825242718446602,0.22815533980582525,0.2857142857142857,0.2857142857142857,0.10747663551401869,0.26168224299065423,0.09,0.1296875,0.105,0.105,Christian Cerda
692422,3,0,0,0,1,0.0,0.0,21,S,0.3106796116504854,0.21359223300970873,0.0825242718446602,0.22815533980582525,0.2857142857142857,0.2857142857142857,0.10454545454545454,0.26363636363636367,0.09545454545454546,0.10161290322580645,0.11527777777777778,0.105,Odalys Peguero
692446,4,1,1,0,1,0.45,0.45,21,R,0.3173076923076923,0.22115384615384615,0.08173076923076923,0.22596153846153846,0.3103448275862069,0.3103448275862069,0.105,0.28,0.105,0.105,0.105,0.105,Miguel Villarroel
692478,1,0,0,0,1,0.0,0.0,21,L,0.31683168316831684,0.21782178217821782,0.08415841584158416,0.23267326732673269,0.3076923076923077,0.3076923076923077,0.11057692307692307,0.27884615384615385,0.0984375,0.10161290322580645,0.1338709677419355,0.105,Victor Arias
692489,2,0,0,0,1,0.0,0.0,19,R,0.3137254901960784,0.21568627450980393,0.08333333333333333,0.23039215686274508,0.2962962962962963,0.2962962962962963,0.11904761904761904,0.2761904761904762,0.1296875,0.12575757575757576,0.105,0.105,Angel Del Rosario
692497,9,1,1,0,1,0.1,0.1,21,S,0.30275229357798167,0.21100917431192662,0.0779816513761468,0.21559633027522937,0.2647058823529412,0.2647058823529412,0.12184873949579832,0.2605042016806723,0.09880952380952382,0.105,0.16621621621621624,0.105,Estiven Machado
692564,3,2,1,1,0,0.65,0.65,19,R,0.3300970873786408,0.22330097087378642,0.09223300970873786,0.21844660194174756,0.35714285714285715,0.35714285714285715,0.105,0.28,0.105,0.105,0.105,0.105,Johnfrank Salazar
692568,5,0,0,0,1,0.0,0.0,22,R,0.3047619047619048,0.20952380952380953,0.08095238095238096,0.22380952380952382,0.26666666666666666,0.26666666666666666,0.0963302752293578,0.25688073394495414,0.09545454545454546,0.0984375,0.09264705882352942,0.105,Miguel Ugueto
692585,11,3,1,2,3,0.2409090909090909,0.2409090909090909,21,L,0.3153153153153153,0.2072072072072072,0.0945945945945946,0.22972972972972974,0.3055555555555556,0.3055555555555556,0.11574074074074074,0.2777777777777778,0.11527777777777778,0.1296875,0.105,0.105,Yanquiel Fernández
692596,1,0,0,0,1,0.0,0.0,21,R,0.31683168316831684,0.21782178217821782,0.08415841584158416,0.23267326732673269,0.3076923076923077,0.3076923076923077,0.105,0.28,0.105,0.105,0.105,0.105,Layant Tapia
692657,2,1,0,1,0,0.35,0.35,20,L,0.3235294117647059,0.21568627450980393,0.09313725490196079,0.22058823529411764,0.3333333333333333,0.3333333333333333,0.105,0.28,0.105,0.105,0.105,0.105,Omar Alfonzo
692670,1,0,0,0,0,0.9,0.9,22,R,0.31683168316831684,0.21782178217821782,0.08415841584158416,0.22277227722772278,0.3076923076923077,0.3076923076923077,0.10294117647058823,0.27450980392156865,0.0984375,0.105,0.105,0.105,Jhonson Pena
693049,340,87,67,17,92,0.25,0.25616062546481727,26,L,0.27045454545454545,0.20227272727272727,0.05795454545454545,0.26022727272727275,0.30666666666666664,0.288,0.1532258064516129,0.21731748726655348,0.136219739292365,0.207742782152231,0.10859999999999999,0.105,Oscar Colás
693073,2,0,0,0,2,0.0,0.0,21,R,0.3137254901960784,0.21568627450980393,0.08333333333333333,0.24019607843137256,0.2962962962962963,0.2962962962962963,0.1261682242990654,0.28971962616822433,0.09264705882352942,0.18636363636363637,0.105,0.105,Clayton Campbell
693304,543,166,130,27,115,0.31537753222836096,0.3114979064848724,25,S,0.30793157076205285,0.2363919129082426,0.0552099533437014,0.21384136858475894,0.3333333333333333,0.344,0.13420019627085378,0.16584887144259078,0.11254844961240311,0.15202879581151832,0.1730603448275862,0.105,Nick Gonzales
693306,10,1,0,1,6,0.06999999999999999,0.06999999999999999,23,S,0.3,0.2,0.08636363636363636,0.2590909090909091,0.2571428571428571,0.2571428571428571,0.1228813559322034,0.24576271186440682,0.11216216216216217,0.14305555555555557,0.11857142857142858,0.105,Aaron Sabato
693307,99,20,16,4,34,0.2292929292929293,0.280651979273591,26,R,0.2613065326633166,0.19095477386934673,0.06281407035175879,0.28391959798994976,0.21333333333333335,0.22580645161290322,0.12710084033613445,0.20798319327731093,0.1033596837944664,0.15551470588235294,0.1577922077922078,0.105,Dillon Dingler
693309,2,1,1,0,1,0.45,0.45,22,L,0.3235294117647059,0.22549019607843138,0.08333333333333333,0.23039215686274508,0.3333333333333333,0.3333333333333333,0.105,0.28,0.105,0.105,0.105,0.105,Isaiah Greene
693409,17,7,7,0,3,0.3911764705882353,0.3911764705882353,25,L,0.3333333333333333,0.24786324786324787,0.07264957264957266,0.21794871794871795,0.35714285714285715,0.35714285714285715,0.10869565217391304,0.2782608695652174,0.08076923076923077,0.15147058823529413,0.0984375,0.105,César Prieto
693486,1,0,0,0,0,0.0,0.0,25,R,0.31683168316831684,0.21782178217821782,0.08415841584158416,0.22277227722772278,0.3076923076923077,0.3076923076923077,0.105,0.28,0.105,0.105,0.105,0.105,Erik Stock
693819,3,0,0,0,2,0.0,0.0,22,R,0.3106796116504854,0.21359223300970873,0.0825242718446602,0.23786407766990292,0.2857142857142857,0.2857142857142857,0.13063063063063063,0.2882882882882883,0.09264705882352942,0.14714285714285716,0.1609375,0.105,Kyle Nevin
693850,14,3,1,2,9,0.16428571428571428,0.16428571428571428,22,R,0.30701754385964913,0.20175438596491227,0.09210526315789473,0.27631578947368424,0.28205128205128205,0.28205128205128205,0.13087248322147652,0.21476510067114093,0.16052631578947368,0.12058823529411765,0.10161290322580645,0.105,Kala'i Rosario
694025,1,0,0,0,0,0.0,0.0,21,R,0.31683168316831684,0.21782178217821782,0.08415841584158416,0.22277227722772278,0.3076923076923077,0.3076923076923077,0.10194174757281553,0.2718446601941748,0.0984375,0.105,0.10161290322580645,0.105,Felix Reyes
694070,1,0,0,0,0,0.0,0.0,21,R,0.31683168316831684,0.21782178217821782,0.08415841584158416,0.22277227722772278,0.3076923076923077,0.3076923076923077,0.10396039603960396,0.27722772277227725,0.10161290322580645,0.105,0.105,0.105,Yhoswar Garcia
694175,46,9,7,2,20,0.23478260869565218,0.26499026201372994,26,R,0.2808219178082192,0.19863013698630136,0.07191780821917808,0.2910958904109589,0.23943661971830985,0.23943661971830985,0.13617886178861788,0.22357723577235772,0.11141732283464567,0.16052631578947368,0.17596153846153847,0.105,Pedro León
694181,7,1,1,0,4,0.1285714285714286,0.1285714285714286,21,L,0.308411214953271,0.21495327102803738,0.0794392523364486,0.24766355140186916,0.28125,0.28125,0.10775862068965517,0.25000000000000006,0.13205128205128205,0.08513513513513513,0.105,0.105,Carlos Colmenarez
694182,4,0,0,0,2,0.0,0.0,20,R,0.3076923076923077,0.21153846153846154,0.08173076923076923,0.23557692307692307,0.27586206896551724,0.27586206896551724,0.11574074074074074,0.2777777777777778,0.11527777777777778,0.10161290322580645,0.1338709677419355,0.105,Armando Cruz
694183,1,0,0,0,1,0.0,0.0,19,R,0.31683168316831684,0.21782178217821782,0.08415841584158416,0.23267326732673269,0.3076923076923077,0.3076923076923077,0.105,0.28,0.105,0.105,0.105,0.105,Cristian Hernández
694184,1,0,0,0,1,0.0,0.0,19,R,0.31683168316831684,0.21782178217821782,0.08415841584158416,0.23267326732673269,0.3076923076923077,0.3076923076923077,0.11165048543689321,0.29126213592233013,0.1296875,0.10161290322580645,0.105,0.105,Cristian Santana
694185,2,0,0,0,2,0.0,0.0,20,R,0.3137254901960784,0.21568627450980393,0.08333333333333333,0.24019607843137256,0.2962962962962963,0.2962962962962963,0.105,0.28,0.105,0.105,0.105,0.105,Danny De Andrade
694186,5,0,0,0,2,0.0,0.0,20,L,0.3047619047619048,0.20952380952380953,0.08095238095238096,0.23333333333333334,0.26666666666666666,0.26666666666666666,0.13414634146341464,0.2845528455284553,0.08289473684210526,0.18333333333333335,0.14305555555555557,0.105,Shalin Polanco
694187,1,0,0,0,0,0.0,0.0,20,R,0.31683168316831684,0.21782178217821782,0.08415841584158416,0.22277227722772278,0.3076923076923077,0.3076923076923077,0.105,0.28,0.105,0.105,0.105,0.105,Daniel Vazquez
694191,3,1,1,0,2,0.4166666666666667,0.4166666666666667,20,R,0.32038834951456313,0.22330097087378642,0.0825242718446602,0.23786407766990292,0.32142857142857145,0.32142857142857145,0.105,0.28,0.105,0.105,0.105,0.105,Pedro Pineda
694192,624,205,158,44,130,0.346875,0.327696332502598,20,R,0.32734806629834257,0.24861878453038674,0.07251381215469613,0.2106353591160221,0.3466666666666667,0.328,0.11899563318777293,0.1633187772925764,0.09634334103156275,0.1495850622406639,0.1496078431372549,0.09545454545454546,Jackson Chourio
694193,4,1,1,0,2,0.225,0.225,18,S,0.3173076923076923,0.22115384615384615,0.08173076923076923,0.23557692307692307,0.3103448275862069,0.3103448275862069,0.105,0.28,0.105,0.105,0.105,0.105,Victor Acosta
694194,5,1,0,1,3,0.13999999999999999,0.13999999999999999,19,R,0.3142857142857143,0.20952380952380953,0.09047619047619047,0.24285714285714285,0.3,0.3,0.11061946902654868,0.25663716814159293,0.11857142857142858,0.08513513513513513,0.1338709677419355,0.105,Miguel Bleis
694196,2,1,1,0,0,0.625,0.625,21,S,0.3235294117647059,0.22549019607843138,0.08333333333333333,0.22058823529411764,0.3333333333333333,0.3333333333333333,0.10294117647058823,0.27450980392156865,0.10161290322580645,0.10161290322580645,0.105,0.105,Diego Velasquez
694199,1,0,0,0,0,0.0,0.0,19,L,0.31683168316831684,0.21782178217821782,0.08415841584158416,0.22277227722772278,0.3076923076923077,0.3076923076923077,0.10396039603960396,0.27722772277227725,0.10161290322580645,0.105,0.105,0.105,Fran Alduey
694200,4,1,1,0,2,0.3125,0.3125,21,L,0.3173076923076923,0.22115384615384615,0.08173076923076923,0.23557692307692307,0.3103448275862069,0.3103448275862069,0.105,0.28,0.105,0.105,0.105,0.105,Ariel Almonte
694202,6,0,0,0,4,0.15,0.15,20,R,0.3018867924528302,0.20754716981132076,0.08018867924528301,0.25,0.25806451612903225,0.25806451612903225,0.14227642276422764,0.2845528455284553,0.1430232558139535,0.17875000000000002,0.105,0.105,Manuel Beltre
694203,8,0,0,0,3,0.1125,0.1125,20,R,0.2962962962962963,0.2037037037037037,0.0787037037037037,0.2361111111111111,0.24242424242424243,0.24242424242424243,0.10683760683760683,0.2478632478632479,0.08076923076923077,0.1355263157894737,0.105,0.105,Denzer Guzman
694206,9,1,1,0,4,0.1,0.1,21,R,0.30275229357798167,0.21100917431192662,0.0779816513761468,0.24311926605504589,0.2647058823529412,0.2647058823529412,0.0945945945945946,0.2612612612612613,0.08076923076923077,0.10161290322580645,0.10161290322580645,0.105,Daniel Guilarte
694208,4,0,0,0,2,0.0,0.0,19,L,0.3076923076923077,0.21153846153846154,0.08173076923076923,0.23557692307692307,0.27586206896551724,0.27586206896551724,0.105,0.28,0.105,0.105,0.105,0.105,Moisés Ballesteros
694211,2,0,0,0,1,0.0,0.0,21,L,0.3137254901960784,0.21568627450980393,0.08333333333333333,0.23039215686274508,0.2962962962962963,0.2962962962962963,0.105,0.28,0.105,0.105,0.105,0.105,Manuel Pena
694213,1,0,0,0,1,0.0,0.0,19,R,0.31683168316831684,0.21782178217821782,0.08415841584158416,0.23267326732673269,0.3076923076923077,0.3076923076923077,0.11057692307692307,0.27884615384615385,0.0984375,0.10161290322580645,0.1338709677419355,0.105,Yemal Flores
694214,2,1,0,1,1,0.35,0.35,20,L,0.3235294117647059,0.21568627450980393,0.09313725490196079,0.23039215686274508,0.3333333333333333,0.3333333333333333,0.105,0.28,0.105,0.105,0.105,0.105,Samuel Zavala
694217,1,0,0,0,1,0.0,0.0,19,L,0.31683168316831684,0.21782178217821782,0.08415841584158416,0.23267326732673269,0.3076923076923077,0.3076923076923077,0.105,0.28,0.105,0.105,0.105,0.105,Willy Fanas
694218,2,0,0,0,0,0.0,0.0,19,L,0.3137254901960784,0.21568627450980393,0.08333333333333333,0.22058823529411764,0.2962962962962963,0.2962962962962963,0.105,0.28,0.105,0.105,0.105,0.105,Yeison Morrobel
694222,5,1,1,0,2,0.25,0.25,21,R,0.3142857142857143,0.21904761904761905,0.08095238095238096,0.23333333333333334,0.3,0.3,0.105,0.28,0.105,0.105,0.105,0.105,Ambioris Tavarez
694224,17,5,3,0,4,0.39999999999999997,0.39999999999999997,20,R,0.3162393162393162,0.21367521367521367,0.07264957264957266,0.2264957264957265,0.30952380952380953,0.30952380952380953,0.1134453781512605,0.2857142857142857,0.07875,0.11216216216216217,0.1609375,0.105,Gabriel Gonzalez
694230,3,0,0,0,3,0.0,0.0,20,L,0.3106796116504854,0.21359223300970873,0.0825242718446602,0.24757281553398058,0.2857142857142857,0.2857142857142857,0.105,0.28,0.105,0.105,0.105,0.105,Hendry Mendez
694246,3,0,0,0,2,0.0,0.0,24,R,0.3106796116504854,0.21359223300970873,0.0825242718446602,0.23786407766990292,0.2857142857142857,0.2857142857142857,0.10087719298245613,0.24561403508771934,0.08289473684210526,0.11527777777777778,0.105,0.105,Brad Malm
694249,1,0,0,0,0,0.0,0.0,22,L,0.31683168316831684,0.21782178217821782,0.08415841584158416,0.22277227722772278,0.3076923076923077,0.3076923076923077,0.105,0.28,0.105,0.105,0.105,0.105,Cole Carrigg
694266,2,0,0,0,1,0.0,0.0,23,R,0.3137254901960784,0.21568627450980393,0.08333333333333333,0.23039215686274508,0.2962962962962963,0.2962962962962963,0.11160714285714286,0.2767857142857143,0.12560975609756098,0.10161290322580645,0.105,0.105,D'Andre Smith
694271,8,4,4,0,1,0.60625,0.60625,26,R,0.3333333333333333,0.24074074074074073,0.0787037037037037,0.2175925925925926,0.36363636363636365,0.36363636363636365,0.10648148148148148,0.2592592592592593,0.09264705882352942,0.12205882352941178,0.105,0.105,R.J. Yeager
694292,4,0,0,0,1,0.0,0.0,25,R,0.3076923076923077,0.21153846153846154,0.08173076923076923,0.22596153846153846,0.27586206896551724,0.27586206896551724,0.11904761904761904,0.28571428571428575,0.1296875,0.12575757575757576,0.105,0.105,Jeffrey Wehler
694304,7,4,3,1,2,0.5857142857142856,0.5857142857142856,22,L,0.3364485981308411,0.2336448598130841,0.08878504672897196,0.22897196261682243,0.375,0.375,0.10096153846153846,0.2692307692307693,0.09264705882352942,0.105,0.105,0.105,Cole Fontenelle
694351,5,1,0,1,2,0.13999999999999999,0.13999999999999999,23,L,0.3142857142857143,0.20952380952380953,0.09047619047619047,0.23333333333333334,0.3,0.3,0.0984251968503937,0.24409448818897642,0.06702127659574468,0.09545454545454546,0.1391891891891892,0.105,Jacob Berry
694355,23,6,3,2,9,0.2565217391304348,0.2732173913043478,25,R,0.3089430894308943,0.2032520325203252,0.08536585365853659,0.25609756097560976,0.2916666666666667,0.2916666666666667,0.1062992125984252,0.22834645669291342,0.11704545454545455,0.11527777777777778,0.08513513513513513,0.105,Tyler Gentry
694359,125,37,18,16,46,0.2796,0.2905155121560432,26,L,0.30666666666666664,0.17777777777777778,0.10888888888888888,0.30444444444444446,0.3333333333333333,0.296,0.12193126022913257,0.11456628477905073,0.12109929078014184,0.13075,0.11050420168067228,0.105,Niko Kavadas
694362,31,7,4,2,12,0.2306451612903226,0.2290102175838077,26,R,0.29770992366412213,0.1984732824427481,0.08015267175572519,0.2633587786259542,0.26785714285714285,0.26785714285714285,0.12045454545454545,0.20909090909090908,0.0706896551724138,0.10833333333333334,0.2131578947368421,0.105,Blake Dunn
694368,18,5,4,1,7,0.25833333333333336,0.25833333333333336,25,R,0.3135593220338983,0.22033898305084745,0.08050847457627118,0.25,0.3023255813953488,0.3023255813953488,0.1201923076923077,0.2692307692307693,0.0984375,0.1609375,0.105,0.105,Jimmy Glowenke
694371,5,1,1,0,3,0.18,0.18,22,R,0.3142857142857143,0.21904761904761905,0.08095238095238096,0.24285714285714285,0.3,0.3,0.11538461538461539,0.27350427350427353,0.10121951219512196,0.14305555555555557,0.105,0.105,Tommy Troy
694374,25,12,9,3,3,0.494,0.494,25,R,0.352,0.248,0.092,0.204,0.4,0.4,0.09854014598540146,0.22627737226277375,0.063,0.12261904761904763,0.11857142857142858,0.105,Tim Tawa
694376,65,21,14,7,14,0.3130769230769231,0.3597516293364814,26,S,0.3212121212121212,0.21818181818181817,0.09393939393939393,0.22121212121212122,0.3333333333333333,0.32222222222222224,0.0878594249201278,0.16613418530351437,0.07,0.09955357142857144,0.11195652173913044,0.105,Shay Whitcomb
694377,54,16,9,7,16,0.28148148148148144,0.3504035209080048,22,R,0.3116883116883117,0.2012987012987013,0.10064935064935066,0.25,0.30666666666666664,0.3037974683544304,0.13368055555555555,0.18055555555555555,0.13152173913043477,0.15459183673469387,0.09880952380952382,0.105,Nick Yorke
694384,748,264,162,90,125,0.32593582887700534,0.3259641313992647,22,L,0.3490566037735849,0.2169811320754717,0.11615566037735849,0.17393867924528303,0.36,0.32,0.058833223467369807,0.11371127224785761,0.04095744680851064,0.0885403329065301,0.07691466083150984,0.105,Nolan Schanuel
694385,7,5,2,3,1,0.7142857142857143,0.7142857142857143,22,R,0.34579439252336447,0.22429906542056074,0.10747663551401869,0.21962616822429906,0.40625,0.40625,0.0992063492063492,0.22222222222222224,0.10510204081632654,0.08513513513513513,0.105,0.105,Brock Wilken
694388,278,78,57,17,100,0.2919064748201439,0.2693180283105589,25,L,0.291005291005291,0.20899470899470898,0.06746031746031746,0.32407407407407407,0.26666666666666666,0.28,0.16176470588235295,0.17201426024955438,0.14470304975922954,0.19267100977198698,0.17115384615384616,0.105,Joey Loperfido
694420,1,0,0,0,0,0.0,0.0,25,L,0.31683168316831684,0.21782178217821782,0.08415841584158416,0.22277227722772278,0.3076923076923077,0.3076923076923077,0.105,0.28,0.105,0.105,0.105,0.105,Tatem Levins
694425,2,1,0,1,1,0.35,0.35,25,R,0.3235294117647059,0.21568627450980393,0.09313725490196079,0.23039215686274508,0.3333333333333333,0.3333333333333333,0.11061946902654868,0.25663716814159293,0.10375000000000001,0.12575757575757576,0.105,0.105,Justice Bigbie
694484,2,1,0,1,1,0.35,0.35,22,R,0.3235294117647059,0.21568627450980393,0.09313725490196079,0.23039215686274508,0.3333333333333333,0.3333333333333333,0.10096153846153846,0.2692307692307693,0.09545454545454546,0.10161290322580645,0.105,0.105,Max Wagner
694497,335,111,67,40,92,0.33865671641791045,0.30107726587513506,22,L,0.32873563218390806,0.2045977011494253,0.11149425287356322,0.2632183908045977,0.22666666666666666,0.232,0.09311314125087843,0.09908643710470837,0.059251968503937005,0.1322139303482587,0.13313253012048193,0.105,Evan Carter
694514,4,1,1,0,2,0.3125,0.3125,23,L,0.3173076923076923,0.22115384615384615,0.08173076923076923,0.23557692307692307,0.3103448275862069,0.3103448275862069,0.1375,0.26666666666666666,0.1430232558139535,0.14305555555555557,0.1338709677419355,0.105,Sterlin Thompson
694580,1,1,1,0,0,1.25,1.25,22,R,0.32673267326732675,0.22772277227722773,0.08415841584158416,0.22277227722772278,0.34615384615384615,0.34615384615384615,0.10849056603773585,0.2735849056603774,0.12205882352941178,0.10161290322580645,0.10161290322580645,0.105,Kemp Alderman
694661,6,2,2,0,0,0.3,0.3,25,R,0.32075471698113206,0.22641509433962265,0.08018867924528301,0.21226415094339623,0.3225806451612903,0.3225806451612903,0.1016260162601626,0.24390243902439027,0.083,0.12575757575757576,0.105,0.105,Riley Tirotta
694671,585,192,136,52,120,0.3343589743589743,0.3366519172549681,23,R,0.327007299270073,0.23065693430656933,0.08832116788321168,0.20802919708029197,0.3466666666666667,0.368,0.08818600754084625,0.12568077084206117,0.07410373760488177,0.09192506459948321,0.14092465753424657,0.105,Wyatt Langford
694673,1,0,0,0,1,0.0,0.0,22,L,0.31683168316831684,0.21782178217821782,0.08415841584158416,0.23267326732673269,0.3076923076923077,0.3076923076923077,0.105,0.28,0.105,0.105,0.105,0.105,Abimelec Ortiz
694689,2,0,0,0,0,0.0,0.0,22,L,0.3137254901960784,0.21568627450980393,0.08333333333333333,0.22058823529411764,0.2962962962962963,0.2962962962962963,0.105,0.28,0.105,0.105,0.105,0.105,Dominic Pitelli
694757,1,0,0,0,0,0.0,0.0,22,L,0.31683168316831684,0.21782178217821782,0.08415841584158416,0.22277227722772278,0.3076923076923077,0.3076923076923077,0.105,0.28,0.105,0.105,0.105,0.105,Maui Ahuna
694760,1,0,0,0,0,0.0,0.0,24,L,0.31683168316831684,0.21782178217821782,0.08415841584158416,0.22277227722772278,0.3076923076923077,0.3076923076923077,0.10294117647058823,0.2843137254901961,0.0984375,0.105,0.105,0.105,Jackson Coutts
694812,7,1,1,0,4,0.2285714285714286,0.2285714285714286,25,S,0.308411214953271,0.21495327102803738,0.0794392523364486,0.24766355140186916,0.28125,0.28125,0.105,0.28,0.105,0.105,0.105,0.105,Tyler McDonough
694815,2,0,0,0,2,0.0,0.0,22,L,0.3137254901960784,0.21568627450980393,0.08333333333333333,0.24019607843137256,0.2962962962962963,0.2962962962962963,0.105,0.28,0.105,0.105,0.105,0.105,Jack Hurley
694848,7,1,1,0,2,0.17857142857142858,0.17857142857142858,23,L,0.308411214953271,0.21495327102803738,0.0794392523364486,0.22897196261682243,0.28125,0.28125,0.105,0.28,0.105,0.105,0.105,0.105,Sam Brown
694929,1,0,0,0,1,0.0,0.0,23,R,0.31683168316831684,0.21782178217821782,0.08415841584158416,0.23267326732673269,0.3076923076923077,0.3076923076923077,0.105,0.28,0.105,0.105,0.105,0.105,Gus Steiger
694930,8,2,1,1,2,0.2,0.2,25,S,0.3148148148148148,0.21296296296296297,0.08796296296296297,0.22685185185185186,0.30303030303030304,0.30303030303030304,0.11983471074380166,0.2727272727272727,0.09880952380952382,0.09264705882352942,0.1757142857142857,0.105,Carson Taylor
694966,1,1,1,0,0,0.9,0.9,22,L,0.32673267326732675,0.22772277227722773,0.08415841584158416,0.22277227722772278,0.34615384615384615,0.34615384615384615,0.105,0.28,0.105,0.105,0.105,0.105,Brayden Taylor
694974,2,1,0,1,0,0.35,0.35,23,R,0.3235294117647059,0.21568627450980393,0.09313725490196079,0.22058823529411764,0.3333333333333333,0.3333333333333333,0.10176991150442478,0.25663716814159293,0.08289473684210526,0.11857142857142858,0.105,0.105,Colby Shade
694976,5,1,1,0,1,0.18,0.18,25,L,0.3142857142857143,0.21904761904761905,0.08095238095238096,0.22380952380952382,0.3,0.3,0.11739130434782609,0.2521739130434783,0.1391891891891892,0.09545454545454546,0.11857142857142858,0.105,Osvaldo Tovalin
695013,2,1,0,1,1,0.35,0.35,22,L,0.3235294117647059,0.21568627450980393,0.09313725490196079,0.23039215686274508,0.3333333333333333,0.3333333333333333,0.10550458715596331,0.26605504587155965,0.0875,0.12575757575757576,0.105,0.105,Kalae Harrison
695020,15,4,2,2,4,0.2733333333333333,0.2733333333333333,25,R,0.3130434782608696,0.20869565217391303,0.09130434782608696,0.23043478260869565,0.3,0.3,0.11693548387096774,0.2661290322580645,0.11704545454545455,0.12875,0.105,0.105,Tanner Murray
695031,3,2,2,0,0,0.6,0.6,25,R,0.3300970873786408,0.23300970873786409,0.0825242718446602,0.21844660194174756,0.35714285714285715,0.35714285714285715,0.11261261261261261,0.2612612612612613,0.1355263157894737,0.10161290322580645,0.0984375,0.105,Josh Zamora
695078,2,1,1,0,1,0.625,0.625,23,L,0.3235294117647059,0.22549019607843138,0.08333333333333333,0.23039215686274508,0.3333333333333333,0.3333333333333333,0.09813084112149532,0.2710280373831776,0.08513513513513513,0.105,0.105,0.105,Jean Walters
695238,103,37,29,8,17,0.3616504854368932,0.372081152596245,26,L,0.3399014778325123,0.2512315270935961,0.0812807881773399,0.19458128078817735,0.3333333333333333,0.352,0.08726899383983573,0.16427104722792607,0.06599999999999999,0.09798387096774194,0.14294871794871794,0.105,Will Wagner
695257,53,14,13,1,20,0.3160377358490566,0.31054697198047776,25,R,0.3006535947712418,0.22875816993464052,0.06209150326797386,0.2777777777777778,0.26666666666666666,0.28205128205128205,0.17857142857142858,0.20068027210884354,0.1846938775510204,0.18035714285714285,0.17264150943396228,0.105,Billy Cook
695299,2,1,0,1,0,0.35,0.35,25,L,0.3235294117647059,0.21568627450980393,0.09313725490196079,0.22058823529411764,0.3333333333333333,0.3333333333333333,0.105,0.28,0.105,0.105,0.105,0.105,Terrell Tatum
695312,2,1,0,1,0,0.35,0.35,26,R,0.3235294117647059,0.21568627450980393,0.09313725490196079,0.22058823529411764,0.3333333333333333,0.3333333333333333,0.1,0.2666666666666667,0.09264705882352942,0.10161290322580645,0.105,0.105,Aaron Palensky
695336,72,20,14,5,19,0.27569444444444446,0.2776821234567901,22,R,0.3023255813953488,0.20930232558139536,0.07848837209302326,0.24127906976744187,0.28,0.28865979381443296,0.11477987421383648,0.21069182389937108,0.09691780821917809,0.12175925925925926,0.15092592592592594,0.105,Thomas Saggese
695342,7,3,2,0,1,0.35714285714285715,0.35714285714285715,25,R,0.32710280373831774,0.22429906542056074,0.0794392523364486,0.21962616822429906,0.34375,0.34375,0.10550458715596331,0.27522935779816515,0.09,0.12205882352941178,0.105,0.105,Colin Davis
695358,3,1,0,1,1,0.2333333333333333,0.2333333333333333,25,L,0.32038834951456313,0.21359223300970873,0.09223300970873786,0.22815533980582525,0.32142857142857145,0.32142857142857145,0.10176991150442478,0.26548672566371684,0.08289473684210526,0.11857142857142858,0.105,0.105,Jonny Butler
695391,128,36,16,18,27,0.276953125,0.27757816204571384,26,R,0.2982456140350877,0.16666666666666666,0.1162280701754386,0.21710526315789475,0.26666666666666666,0.28,0.09219269102990033,0.1212624584717608,0.06939655172413793,0.09129032258064516,0.18146067415730335,0.105,Brett Harris
695461,4,0,0,0,2,0.0,0.0,26,R,0.3076923076923077,0.21153846153846154,0.08173076923076923,0.23557692307692307,0.27586206896551724,0.27586206896551724,0.09722222222222222,0.2592592592592593,0.09264705882352942,0.09264705882352942,0.105,0.105,Harrison Spohn
695462,9,2,2,0,4,0.3222222222222222,0.3222222222222222,25,L,0.3119266055045872,0.22018348623853212,0.0779816513761468,0.24311926605504589,0.29411764705882354,0.29411764705882354,0.11061946902654868,0.3008849557522124,0.10641025641025642,0.12205882352941178,0.105,0.105,Cal Conley
695481,1,0,0,0,1,0.0,0.0,22,R,0.31683168316831684,0.21782178217821782,0.08415841584158416,0.23267326732673269,0.3076923076923077,0.3076923076923077,0.105,0.28,0.105,0.105,0.105,0.105,Jay Allen II
695490,2,0,0,0,1,0.0,0.0,20,S,0.3137254901960784,0.21568627450980393,0.08333333333333333,0.23039215686274508,0.2962962962962963,0.2962962962962963,0.105,0.28,0.105,0.105,0.105,0.105,Edwin Arroyo
695491,2,1,0,1,0,0.35,0.35,19,R,0.3235294117647059,0.21568627450980393,0.09313725490196079,0.22058823529411764,0.3333333333333333,0.3333333333333333,0.11574074074074074,0.26851851851851855,0.14714285714285716,0.09545454545454546,0.105,0.105,Joshua Báez
695508,17,7,6,1,5,0.3588235294117647,0.3588235294117647,21,R,0.3333333333333333,0.23931623931623933,0.0811965811965812,0.23504273504273504,0.35714285714285715,0.35714285714285715,0.105,0.28,0.105,0.105,0.105,0.105,Cam Cauley
695521,9,4,3,0,3,0.47777777777777775,0.47777777777777775,21,L,0.3302752293577982,0.22935779816513763,0.0779816513761468,0.23394495412844038,0.35294117647058826,0.35294117647058826,0.10849056603773585,0.26415094339622647,0.11527777777777778,0.105,0.105,0.105,Gavin Conticello
695554,7,4,2,2,0,0.4571428571428572,0.4571428571428572,20,L,0.3364485981308411,0.22429906542056074,0.09813084112149532,0.2102803738317757,0.375,0.375,0.105,0.28,0.105,0.105,0.105,0.105,Tayden Hall
695578,351,128,82,44,103,0.35854700854700855,0.3617231345885121,22,L,0.35476718403547675,0.23059866962305986,0.1164079822616408,0.27827050997782704,0.32,0.32,0.10510610079575597,0.11671087533156499,0.07011873350923482,0.15000000000000002,0.11940639269406392,0.105,James Wood
695587,5,1,1,0,2,0.25,0.25,25,L,0.3142857142857143,0.21904761904761905,0.08095238095238096,0.23333333333333334,0.3,0.3,0.09813084112149532,0.28037383177570097,0.09264705882352942,0.09545454545454546,0.105,0.105,Bryson Horne
695595,2,0,0,0,2,0.0,0.0,23,R,0.3137254901960784,0.21568627450980393,0.08333333333333333,0.24019607843137256,0.2962962962962963,0.2962962962962963,0.105,0.28,0.105,0.105,0.105,0.105,Cody Orr
695596,7,1,0,1,0,0.2285714285714286,0.2285714285714286,26,R,0.308411214953271,0.205607476635514,0.08878504672897196,0.2102803738317757,0.28125,0.28125,0.08677685950413223,0.23966942148760334,0.07325581395348837,0.0875,0.0984375,0.105,Nick Raposo
695600,3,1,0,1,1,0.2333333333333333,0.2333333333333333,20,L,0.32038834951456313,0.21359223300970873,0.09223300970873786,0.22815533980582525,0.32142857142857145,0.32142857142857145,0.105,0.28,0.105,0.105,0.105,0.105,Carter Jensen
695603,8,2,2,0,6,0.3125,0.3125,22,R,0.3148148148148148,0.2222222222222222,0.0787037037037037,0.2638888888888889,0.30303030303030304,0.30303030303030304,0.12135922330097088,0.28155339805825247,0.105,0.15606060606060607,0.105,0.105,Benny Montgomery
695604,2,0,0,0,1,0.0,0.0,21,L,0.3137254901960784,0.21568627450980393,0.08333333333333333,0.23039215686274508,0.2962962962962963,0.2962962962962963,0.11904761904761904,0.2952380952380953,0.1296875,0.12575757575757576,0.105,0.105,T.J. White
695653,7,2,2,0,2,0.2571428571428572,0.2571428571428572,20,L,0.3177570093457944,0.22429906542056074,0.0794392523364486,0.22897196261682243,0.3125,0.3125,0.10964912280701754,0.26315789473684215,0.1355263157894737,0.0875,0.105,0.105,Noah Miller
695657,4,2,1,1,1,0.4,0.4,22,L,0.3269230769230769,0.22115384615384615,0.09134615384615384,0.22596153846153846,0.3448275862068966,0.3448275862068966,0.105,0.28,0.105,0.105,0.105,0.105,Colson Montgomery
695670,5,1,0,1,3,0.13999999999999999,0.13999999999999999,21,S,0.3142857142857143,0.20952380952380953,0.09047619047619047,0.24285714285714285,0.3,0.3,0.10194174757281553,0.2718446601941748,0.0984375,0.10161290322580645,0.105,0.105,Harry Ford
695692,6,2,1,1,2,0.4166666666666667,0.4166666666666667,21,L,0.32075471698113206,0.2169811320754717,0.08962264150943396,0.23113207547169812,0.3225806451612903,0.3225806451612903,0.12301587301587301,0.24603174603174607,0.12812500000000002,0.12205882352941178,0.12205882352941178,0.105,Cooper Kinney
695707,2,0,0,0,2,0.0,0.0,22,R,0.3137254901960784,0.21568627450980393,0.08333333333333333,0.24019607843137256,0.2962962962962963,0.2962962962962963,0.105,0.28,0.105,0.105,0.105,0.105,Brennon McNair
695734,4,1,1,0,2,0.225,0.225,21,L,0.3173076923076923,0.22115384615384615,0.08173076923076923,0.23557692307692307,0.3103448275862069,0.3103448275862069,0.09905660377358491,0.26415094339622647,0.09264705882352942,0.10161290322580645,0.10161290322580645,0.105,Daylen Lile
695744,5,2,0,2,3,0.27999999999999997,0.27999999999999997,20,S,0.3238095238095238,0.20952380952380953,0.1,0.24285714285714285,0.3333333333333333,0.3333333333333333,0.105,0.28,0.105,0.105,0.105,0.105,Ian Moller
695758,5,1,0,1,4,0.27999999999999997,0.27999999999999997,20,L,0.3142857142857143,0.20952380952380953,0.09047619047619047,0.2523809523809524,0.3,0.3,0.12719298245614036,0.2719298245614035,0.1391891891891892,0.12205882352941178,0.12575757575757576,0.105,Hector Nieves
695770,5,2,2,0,1,0.36,0.36,21,L,0.3238095238095238,0.22857142857142856,0.08095238095238096,0.22380952380952382,0.3333333333333333,0.3333333333333333,0.105,0.28,0.105,0.105,0.105,0.105,Wes Kath
695780,6,1,0,0,3,0.11666666666666665,0.11666666666666665,21,L,0.3113207547169811,0.20754716981132076,0.08018867924528301,0.24056603773584906,0.2903225806451613,0.2903225806451613,0.10294117647058823,0.27450980392156865,0.105,0.0984375,0.105,0.105,Jake Fox
695805,3,2,2,0,0,0.7166666666666667,0.7166666666666667,24,R,0.3300970873786408,0.23300970873786409,0.0825242718446602,0.21844660194174756,0.35714285714285715,0.35714285714285715,0.105,0.28,0.105,0.105,0.105,0.105,Landon Dieterich
695930,5,2,1,1,0,0.32,0.32,22,L,0.3238095238095238,0.21904761904761905,0.09047619047619047,0.21428571428571427,0.3333333333333333,0.3333333333333333,0.105,0.28,0.105,0.105,0.105,0.105,Frederick Bencosme
695940,1,0,0,0,1,0.0,0.0,24,L,0.31683168316831684,0.21782178217821782,0.08415841584158416,0.23267326732673269,0.3076923076923077,0.3076923076923077,0.105,0.28,0.105,0.105,0.105,0.105,Bryan Serra
696020,1,0,0,0,1,0.0,0.0,22,L,0.31683168316831684,0.21782178217821782,0.08415841584158416,0.23267326732673269,0.3076923076923077,0.3076923076923077,0.11057692307692307,0.27884615384615385,0.10161290322580645,0.105,0.12575757575757576,0.105,Raudelis Martinez
696100,315,75,58,14,94,0.2873015873015873,0.2907608472073914,25,R,0.25783132530120484,0.1927710843373494,0.05421686746987952,0.28072289156626506,0.26666666666666666,0.248,0.16265060240963855,0.20963855421686747,0.11308777429467086,0.21312056737588653,0.22630057803468207,0.10161290322580645,Hunter Goodman
696135,7,2,1,1,5,0.2285714285714286,0.2285714285714286,21,L,0.3177570093457944,0.21495327102803738,0.08878504672897196,0.2570093457943925,0.3125,0.3125,0.1134453781512605,0.2605042016806723,0.10641025641025642,0.11857142857142858,0.11857142857142858,0.105,Kahlil Watson
696140,3,1,1,0,2,0.3,0.3,24,R,0.32038834951456313,0.22330097087378642,0.0825242718446602,0.23786407766990292,0.32142857142857145,0.32142857142857145,0.10648148148148148,0.2777777777777778,0.09264705882352942,0.12575757575757576,0.10161290322580645,0.105,Ethan Murray
696145,2,1,0,1,0,0.35,0.35,22,R,0.3235294117647059,0.21568627450980393,0.09313725490196079,0.22058823529411764,0.3333333333333333,0.3333333333333333,0.11574074074074074,0.2592592592592593,0.11527777777777778,0.1296875,0.105,0.105,Lonnie White Jr.
696160,15,4,2,2,5,0.21333333333333335,0.21333333333333335,25,R,0.3130434782608696,0.20869565217391303,0.09130434782608696,0.2391304347826087,0.3,0.3,0.10714285714285714,0.23015873015873017,0.083,0.14714285714285716,0.10161290322580645,0.105,Jake Rucker
696264,3,0,0,0,3,0.0,0.0,22,R,0.3106796116504854,0.21359223300970873,0.0825242718446602,0.24757281553398058,0.2857142857142857,0.2857142857142857,0.1261682242990654,0.28037383177570097,0.12205882352941178,0.15606060606060607,0.105,0.105,Tyler Whitaker
696281,7,2,2,0,3,0.3071428571428571,0.3071428571428571,25,L,0.3177570093457944,0.22429906542056074,0.0794392523364486,0.2383177570093458,0.3125,0.3125,0.09782608695652174,0.2463768115942029,0.07410714285714286,0.11527777777777778,0.11527777777777778,0.105,Wyatt Young
696285,649,205,152,40,127,0.30161787365177195,0.2859748457410978,25,R,0.3164218958611482,0.23230974632843793,0.06475300400534045,0.19959946595460615,0.32,0.328,0.0800395256916996,0.1391304347826087,0.056364275668073144,0.11446428571428573,0.09748062015503875,0.105,Jacob Young
696291,2,1,1,0,1,0.45,0.45,22,L,0.3235294117647059,0.22549019607843138,0.08333333333333333,0.23039215686274508,0.3333333333333333,0.3333333333333333,0.10952380952380952,0.2666666666666667,0.09264705882352942,0.1338709677419355,0.105,0.105,Jordan McCants
696501,1,1,0,1,0,0.7,0.7,24,R,0.32673267326732675,0.21782178217821782,0.09405940594059406,0.22277227722772278,0.34615384615384615,0.34615384615384615,0.09722222222222222,0.2592592592592593,0.0875,0.0984375,0.105,0.105,Mark Coley II
696513,4,1,1,0,1,0.225,0.225,24,R,0.3173076923076923,0.22115384615384615,0.08173076923076923,0.22596153846153846,0.3103448275862069,0.3103448275862069,0.105,0.28,0.105,0.105,0.105,0.105,Andy Garriola
696521,12,3,3,0,4,0.25416666666666665,0.25416666666666665,24,L,0.3125,0.22321428571428573,0.07589285714285714,0.23660714285714285,0.2972972972972973,0.2972972972972973,0.15413533834586465,0.24060150375939848,0.15377358490566037,0.1881578947368421,0.1296875,0.105,Garrett Spain
698933,1,0,0,0,0,0.0,0.0,21,L,0.31683168316831684,0.21782178217821782,0.08415841584158416,0.22277227722772278,0.3076923076923077,0.3076923076923077,0.09905660377358491,0.2735849056603774,0.09,0.105,0.10161290322580645,0.105,Ronald Hernandez
698941,2,2,2,0,0,1.25,1.25,20,R,0.3333333333333333,0.23529411764705882,0.08333333333333333,0.22058823529411764,0.37037037037037035,0.37037037037037035,0.09722222222222222,0.26851851851851855,0.0984375,0.0875,0.105,0.105,Angel Tejada
699013,1,1,0,1,0,0.7,0.7,20,R,0.32673267326732675,0.21782178217821782,0.09405940594059406,0.22277227722772278,0.34615384615384615,0.34615384615384615,0.105,0.28,0.105,0.105,0.105,0.105,Esmerlyn Valdez
699014,2,0,0,0,0,0.0,0.0,21,R,0.3137254901960784,0.21568627450980393,0.08333333333333333,0.22058823529411764,0.2962962962962963,0.2962962962962963,0.105,0.28,0.105,0.105,0.105,0.105,Eddy Rodriguez
699031,1,0,0,0,1,0.0,0.0,20,R,0.31683168316831684,0.21782178217821782,0.08415841584158416,0.23267326732673269,0.3076923076923077,0.3076923076923077,0.105,0.28,0.105,0.105,0.105,0.105,Anyelo Encarnación
699052,2,0,0,0,1,0.0,0.0,18,R,0.3137254901960784,0.21568627450980393,0.08333333333333333,0.23039215686274508,0.2962962962962963,0.2962962962962963,0.10747663551401869,0.28037383177570097,0.12205882352941178,0.10161290322580645,0.0984375,0.105,Manuel Mejias
699061,1,0,0,0,1,0.7,0.7,20,R,0.31683168316831684,0.21782178217821782,0.08415841584158416,0.23267326732673269,0.3076923076923077,0.3076923076923077,0.105,0.28,0.105,0.105,0.105,0.105,Rayne Doncon
699073,4,1,1,0,2,0.225,0.225,21,S,0.3173076923076923,0.22115384615384615,0.08173076923076923,0.23557692307692307,0.3103448275862069,0.3103448275862069,0.11637931034482758,0.27586206896551724,0.12875,0.0984375,0.12205882352941178,0.105,Thayron Liranzo
699082,4,1,0,1,2,0.175,0.175,20,R,0.3173076923076923,0.21153846153846154,0.09134615384615384,0.23557692307692307,0.3103448275862069,0.3103448275862069,0.12393162393162394,0.23931623931623935,0.1625,0.09545454545454546,0.105,0.105,Yhoangel Aponte
699097,3,0,0,0,1,0.0,0.0,21,R,0.3106796116504854,0.21359223300970873,0.0825242718446602,0.22815533980582525,0.2857142857142857,0.2857142857142857,0.10550458715596331,0.28440366972477066,0.10921052631578948,0.105,0.10161290322580645,0.105,Yeuni Munoz
699114,6,2,1,1,2,0.26666666666666666,0.26666666666666666,20,R,0.32075471698113206,0.2169811320754717,0.08962264150943396,0.23113207547169812,0.3225806451612903,0.3225806451612903,0.105,0.28,0.105,0.105,0.105,0.105,Leo Balcazar
699115,1,0,0,0,0,0.9,0.9,19,L,0.31683168316831684,0.21782178217821782,0.08415841584158416,0.22277227722772278,0.3076923076923077,0.3076923076923077,0.105,0.28,0.105,0.105,0.105,0.105,Carlos Jorge
699126,9,3,2,0,2,0.2777777777777778,0.2777777777777778,20,R,0.3211009174311927,0.22018348623853212,0.0779816513761468,0.22477064220183487,0.3235294117647059,0.3235294117647059,0.12162162162162163,0.2972972972972973,0.11527777777777778,0.14714285714285716,0.105,0.105,Gregory Barrios
699130,7,4,4,0,1,0.5142857142857143,0.5142857142857143,20,R,0.3364485981308411,0.24299065420560748,0.0794392523364486,0.21962616822429906,0.375,0.375,0.08974358974358974,0.25641025641025644,0.0715909090909091,0.0984375,0.10161290322580645,0.105,Jadher Areinamo
699144,5,3,2,1,1,0.6799999999999999,0.6799999999999999,21,S,0.3333333333333333,0.22857142857142856,0.09047619047619047,0.22380952380952382,0.36666666666666664,0.36666666666666664,0.1036036036036036,0.2612612612612613,0.09,0.12575757575757576,0.09545454545454546,0.105,Luis Ravelo
699157,4,1,1,0,2,0.225,0.225,20,S,0.3173076923076923,0.22115384615384615,0.08173076923076923,0.23557692307692307,0.3103448275862069,0.3103448275862069,0.11842105263157894,0.2719298245614035,0.10921052631578948,0.12575757575757576,0.12575757575757576,0.105,Ahbram Liendo
699228,8,1,1,0,3,0.1125,0.1125,20,L,0.3055555555555556,0.21296296296296297,0.0787037037037037,0.2361111111111111,0.2727272727272727,0.2727272727272727,0.14344262295081966,0.28688524590163933,0.12875,0.17439024390243904,0.1338709677419355,0.105,Jakey Josepha
699232,1,0,0,0,1,0.0,0.0,20,L,0.31683168316831684,0.21782178217821782,0.08415841584158416,0.23267326732673269,0.3076923076923077,0.3076923076923077,0.11057692307692307,0.2692307692307693,0.0984375,0.10161290322580645,0.1338709677419355,0.105,Anderdson Rojas
699293,6,2,2,0,2,0.35833333333333334,0.35833333333333334,21,L,0.32075471698113206,0.22641509433962265,0.08018867924528301,0.23113207547169812,0.3225806451612903,0.3225806451612903,0.11261261261261261,0.2702702702702703,0.11527777777777778,0.12205882352941178,0.10161290322580645,0.105,Yohairo Cuevas
699305,3,1,1,0,0,0.3,0.3,20,R,0.32038834951456313,0.22330097087378642,0.0825242718446602,0.21844660194174756,0.32142857142857145,0.32142857142857145,0.10747663551401869,0.2710280373831776,0.12575757575757576,0.09264705882352942,0.105,0.105,Diego Mosquera
699393,2,0,0,0,1,0.0,0.0,20,L,0.3137254901960784,0.21568627450980393,0.08333333333333333,0.23039215686274508,0.2962962962962963,0.2962962962962963,0.105,0.28,0.105,0.105,0.105,0.105,Pedro Ramírez
699471,3,0,0,0,3,0.0,0.0,24,R,0.3106796116504854,0.21359223300970873,0.0825242718446602,0.24757281553398058,0.2857142857142857,0.2857142857142857,0.12719298245614036,0.2719298245614035,0.11527777777777778,0.16621621621621624,0.10161290322580645,0.105,Ivan Melendez
699625,4,3,1,2,0,0.575,0.575,23,L,0.33653846153846156,0.22115384615384615,0.10096153846153846,0.21634615384615385,0.3793103448275862,0.3793103448275862,0.09813084112149532,0.26168224299065423,0.0875,0.105,0.10161290322580645,0.105,Jimmy Crooks
699806,2,1,0,0,1,0.35,0.35,19,S,0.3235294117647059,0.21568627450980393,0.08333333333333333,0.23039215686274508,0.3333333333333333,0.3333333333333333,0.105,0.28,0.105,0.105,0.105,0.105,Emerson Purroy
699816,2,1,0,1,0,0.35,0.35,23,R,0.3235294117647059,0.21568627450980393,0.09313725490196079,0.22058823529411764,0.3333333333333333,0.3333333333333333,0.105,0.28,0.105,0.105,0.105,0.105,Jackson Loftin
699912,15,2,1,1,3,0.16666666666666666,0.16666666666666666,21,R,0.2956521739130435,0.2,0.08260869565217391,0.2217391304347826,0.25,0.25,0.10245901639344263,0.27049180327868855,0.09431818181818183,0.11216216216216217,0.10161290322580645,0.105,Jose Fernandez
700242,155,39,28,10,47,0.2658064516129032,0.28510715931028713,24,L,0.2784313725490196,0.19607843137254902,0.07254901960784314,0.2725490196078431,0.22666666666666666,0.28,0.1570796460176991,0.18141592920353983,0.0969298245614035,0.22846534653465345,0.21088709677419354,0.105,Trey Sweeney
700246,5,1,0,0,3,0.13999999999999999,0.13999999999999999,21,R,0.3142857142857143,0.20952380952380953,0.08095238095238096,0.24285714285714285,0.3,0.3,0.12053571428571429,0.25892857142857145,0.11216216216216217,0.14714285714285716,0.105,0.105,Carson Williams
700250,185,49,26,22,51,0.2762162162162162,0.3344230774632306,25,L,0.28421052631578947,0.16842105263157894,0.10701754385964912,0.2578947368421053,0.22666666666666666,0.232,0.110011641443539,0.1280558789289872,0.09187643020594966,0.1187007874015748,0.14651898734177216,0.105,Ben Rice
700337,4,1,1,0,0,0.225,0.225,20,S,0.3173076923076923,0.22115384615384615,0.08173076923076923,0.21634615384615385,0.3103448275862069,0.3103448275862069,0.0963302752293578,0.27522935779816515,0.0875,0.10161290322580645,0.0984375,0.105,Edgar Quero
700341,1,0,0,0,0,0.9,0.9,20,R,0.31683168316831684,0.21782178217821782,0.08415841584158416,0.22277227722772278,0.3076923076923077,0.3076923076923077,0.105,0.28,0.105,0.105,0.105,0.105,Kenny Castillo
700358,2,0,0,0,2,0.0,0.0,24,R,0.3137254901960784,0.21568627450980393,0.08333333333333333,0.24019607843137256,0.2962962962962963,0.2962962962962963,0.105,0.28,0.105,0.105,0.105,0.105,Narbe Cruz
700652,2,1,0,0,0,0.8,0.8,25,R,0.3235294117647059,0.21568627450980393,0.08333333333333333,0.22058823529411764,0.3333333333333333,0.3333333333333333,0.09545454545454546,0.2545454545454546,0.09545454545454546,0.08513513513513513,0.105,0.105,Kenny Piper
700681,2,2,2,0,0,1.075,1.075,24,R,0.3333333333333333,0.23529411764705882,0.08333333333333333,0.22058823529411764,0.37037037037037035,0.37037037037037035,0.10849056603773585,0.28301886792452835,0.0984375,0.12205882352941178,0.105,0.105,Nick Lorusso
700685,3,1,1,0,0,0.3,0.3,25,R,0.32038834951456313,0.22330097087378642,0.0825242718446602,0.21844660194174756,0.32142857142857145,0.32142857142857145,0.11274509803921569,0.2843137254901961,0.1296875,0.105,0.105,0.105,Paul Witt
700731,1,0,0,0,0,0.0,0.0,20,L,0.31683168316831684,0.21782178217821782,0.08415841584158416,0.22277227722772278,0.3076923076923077,0.3076923076923077,0.10952380952380952,0.2761904761904762,0.12205882352941178,0.105,0.10161290322580645,0.105,Keiner Delgado
700824,1,0,0,0,0,0.0,0.0,23,R,0.31683168316831684,0.21782178217821782,0.08415841584158416,0.22277227722772278,0.3076923076923077,0.3076923076923077,0.11057692307692307,0.2692307692307693,0.12575757575757576,0.10161290322580645,0.105,0.105,Freylin Minyety
700840,3,1,1,0,1,0.6,0.6,21,R,0.32038834951456313,0.22330097087378642,0.0825242718446602,0.22815533980582525,0.32142857142857145,0.32142857142857145,0.105,0.28,0.105,0.105,0.105,0.105,Christian Olivo
700845,6,2,2,0,2,0.6916666666666668,0.6916666666666668,24,R,0.32075471698113206,0.22641509433962265,0.08018867924528301,0.23113207547169812,0.3225806451612903,0.3225806451612903,0.105,0.28,0.105,0.105,0.105,0.105,Adam Zebrowski
700931,1,0,0,0,0,0.0,0.0,22,R,0.31683168316831684,0.21782178217821782,0.08415841584158416,0.22277227722772278,0.3076923076923077,0.3076923076923077,0.10294117647058823,0.27450980392156865,0.10161290322580645,0.10161290322580645,0.105,0.105,Seth Stephenson
700932,187,55,44,10,50,0.31737967914438503,0.292088268201534,24,L,0.30313588850174217,0.22996515679442509,0.06445993031358885,0.25261324041811845,0.3333333333333333,0.312,0.12173396674584323,0.15320665083135393,0.08516209476309226,0.15469924812030075,0.15848484848484848,0.105,Kyle Manzardo
700936,6,1,1,0,1,0.3,0.3,24,L,0.3113207547169811,0.2169811320754717,0.08018867924528301,0.22169811320754718,0.2903225806451613,0.2903225806451613,0.11538461538461539,0.25641025641025644,0.10921052631578948,0.12205882352941178,0.11857142857142858,0.105,Collin Burns
701106,3,2,0,2,0,0.4666666666666666,0.4666666666666666,21,R,0.3300970873786408,0.21359223300970873,0.10194174757281553,0.21844660194174756,0.35714285714285715,0.35714285714285715,0.105,0.28,0.105,0.105,0.105,0.105,Chase Valentine
701120,1,0,0,0,1,0.0,0.0,22,R,0.31683168316831684,0.21782178217821782,0.08415841584158416,0.23267326732673269,0.3076923076923077,0.3076923076923077,0.1201923076923077,0.27884615384615385,0.15147058823529413,0.105,0.105,0.105,Carson Matthews
701162,1,0,0,0,1,0.0,0.0,23,R,0.31683168316831684,0.21782178217821782,0.08415841584158416,0.23267326732673269,0.3076923076923077,0.3076923076923077,0.105,0.28,0.105,0.105,0.105,0.105,Ben Malgeri
701305,67,19,16,3,22,0.3164179104477612,0.3088871734186212,24,R,0.30538922155688625,0.2275449101796407,0.0688622754491018,0.26646706586826346,0.29333333333333333,0.29347826086956524,0.13983050847457626,0.19491525423728814,0.11331360946745561,0.14913043478260868,0.2025,0.105,Zach Dezenzo
701327,4,2,0,2,1,0.35,0.35,21,R,0.3269230769230769,0.21153846153846154,0.10096153846153846,0.22596153846153846,0.3448275862068966,0.3448275862068966,0.10176991150442478,0.26548672566371684,0.09880952380952382,0.105,0.10161290322580645,0.105,Elijah Green
701350,3,0,0,0,2,0.0,0.0,20,L,0.3106796116504854,0.21359223300970873,0.0825242718446602,0.23786407766990292,0.2857142857142857,0.2857142857142857,0.11739130434782609,0.26086956521739135,0.08513513513513513,0.1618421052631579,0.105,0.105,Roman Anthony
701398,2,0,0,0,0,0.0,0.0,21,R,0.3137254901960784,0.21568627450980393,0.08333333333333333,0.22058823529411764,0.2962962962962963,0.2962962962962963,0.105,0.28,0.105,0.105,0.105,0.105,Sal Stewart
701424,2,1,1,0,0,0.45,0.45,19,L,0.3235294117647059,0.22549019607843138,0.08333333333333333,0.22058823529411764,0.3333333333333333,0.3333333333333333,0.105,0.28,0.105,0.105,0.105,0.105,JoJo Blackmon
701437,2,1,1,0,1,0.45,0.45,22,L,0.3235294117647059,0.22549019607843138,0.08333333333333333,0.23039215686274508,0.3333333333333333,0.3333333333333333,0.11363636363636363,0.2545454545454546,0.1391891891891892,0.10161290322580645,0.0984375,0.105,Jaden Rudd
701496,12,6,5,1,2,0.6458333333333334,0.6458333333333334,24,R,0.3392857142857143,0.24107142857142858,0.08482142857142858,0.21875,0.3783783783783784,0.3783783783783784,0.09124087591240876,0.20437956204379565,0.06916666666666667,0.0875,0.1338709677419355,0.105,Ben Cowles
701538,641,209,175,33,110,0.3597503900156006,0.3721258012617767,21,L,0.3252361673414305,0.2658569500674764,0.05600539811066127,0.1788124156545209,0.3333333333333333,0.328,0.1102216748768473,0.18267651888341543,0.0966470154753132,0.1225179856115108,0.13676470588235293,0.105,Jackson Merrill
701544,1,1,1,0,0,0.9,0.9,24,R,0.32673267326732675,0.22772277227722773,0.08415841584158416,0.22277227722772278,0.34615384615384615,0.34615384615384615,0.105,0.28,0.105,0.105,0.105,0.105,Andy Blake
701618,1,1,1,0,0,0.9,0.9,23,R,0.32673267326732675,0.22772277227722773,0.08415841584158416,0.22277227722772278,0.34615384615384615,0.34615384615384615,0.10194174757281553,0.2718446601941748,0.0984375,0.105,0.10161290322580645,0.105,Damon Keith
701634,4,1,1,0,1,0.225,0.225,24,R,0.3173076923076923,0.22115384615384615,0.08173076923076923,0.22596153846153846,0.3103448275862069,0.3103448275862069,0.105,0.28,0.105,0.105,0.105,0.105,Connor Kokx
701648,1,0,0,0,0,0.0,0.0,24,L,0.31683168316831684,0.21782178217821782,0.08415841584158416,0.22277227722772278,0.3076923076923077,0.3076923076923077,0.105,0.28,0.105,0.105,0.105,0.105,Aaron Zavala
701649,5,3,3,0,1,0.54,0.54,19,R,0.3333333333333333,0.23809523809523808,0.08095238095238096,0.22380952380952382,0.36666666666666664,0.36666666666666664,0.10550458715596331,0.26605504587155965,0.09,0.12205882352941178,0.105,0.105,James Triantos
701655,2,2,1,1,0,0.975,0.975,24,S,0.3333333333333333,0.22549019607843138,0.09313725490196079,0.22058823529411764,0.37037037037037035,0.37037037037037035,0.10294117647058823,0.27450980392156865,0.10161290322580645,0.10161290322580645,0.105,0.105,Reed Trimble
701675,13,4,3,1,2,0.28846153846153844,0.28846153846153844,24,L,0.3185840707964602,0.22123893805309736,0.084070796460177,0.2168141592920354,0.3157894736842105,0.3157894736842105,0.0942622950819672,0.23770491803278693,0.09222222222222223,0.09,0.0984375,0.105,Nathan Church
701678,3,1,0,1,1,0.2333333333333333,0.2333333333333333,21,R,0.32038834951456313,0.21359223300970873,0.09223300970873786,0.22815533980582525,0.32142857142857145,0.32142857142857145,0.1336206896551724,0.27586206896551724,0.10375000000000001,0.2042857142857143,0.10161290322580645,0.105,Hao-Yu Lee
701703,4,1,0,1,2,0.175,0.175,20,L,0.3173076923076923,0.21153846153846154,0.09134615384615384,0.23557692307692307,0.3103448275862069,0.3103448275862069,0.10952380952380952,0.2761904761904762,0.0984375,0.12575757575757576,0.105,0.105,Quinton Low
701778,6,0,0,0,2,0.0,0.0,20,R,0.3018867924528302,0.20754716981132076,0.08018867924528301,0.23113207547169812,0.25806451612903225,0.25806451612903225,0.10849056603773585,0.28301886792452835,0.0984375,0.12205882352941178,0.105,0.105,Jace Avina
701800,1,0,0,0,0,0.0,0.0,22,R,0.31683168316831684,0.21782178217821782,0.08415841584158416,0.22277227722772278,0.3076923076923077,0.3076923076923077,0.11165048543689321,0.2718446601941748,0.10161290322580645,0.1296875,0.105,0.105,Carlos Linarez
701817,2,0,0,0,1,0.0,0.0,25,L,0.3137254901960784,0.21568627450980393,0.08333333333333333,0.23039215686274508,0.2962962962962963,0.2962962962962963,0.105,0.28,0.105,0.105,0.105,0.105,River Town
702068,1,1,0,0,0,0.7,0.7,24,R,0.32673267326732675,0.21782178217821782,0.08415841584158416,0.22277227722772278,0.34615384615384615,0.34615384615384615,0.10396039603960396,0.27722772277227725,0.10161290322580645,0.105,0.105,0.105,Cole Gabrielson
702112,3,0,0,0,1,0.0,0.0,25,R,0.3106796116504854,0.21359223300970873,0.0825242718446602,0.22815533980582525,0.2857142857142857,0.2857142857142857,0.105,0.28,0.105,0.105,0.105,0.105,Hogan Windish
702176,8,3,1,2,1,0.2875,0.2875,25,L,0.32407407407407407,0.21296296296296297,0.09722222222222222,0.2175925925925926,0.3333333333333333,0.3333333333333333,0.11068702290076336,0.22900763358778628,0.06702127659574468,0.1355263157894737,0.14305555555555557,0.105,Alan Roden
702208,3,2,0,2,1,0.4666666666666666,0.4666666666666666,22,R,0.3300970873786408,0.21359223300970873,0.10194174757281553,0.22815533980582525,0.35714285714285715,0.35714285714285715,0.1,0.2666666666666667,0.09264705882352942,0.10161290322580645,0.105,0.105,Dillon Tatum
702222,1,0,0,0,0,0.0,0.0,20,L,0.31683168316831684,0.21782178217821782,0.08415841584158416,0.22277227722772278,0.3076923076923077,0.3076923076923077,0.10396039603960396,0.27722772277227725,0.10161290322580645,0.105,0.105,0.105,Justin Crawford
702250,4,0,0,0,1,0.0,0.0,24,L,0.3076923076923077,0.21153846153846154,0.08173076923076923,0.22596153846153846,0.27586206896551724,0.27586206896551724,0.10849056603773585,0.2735849056603774,0.11857142857142858,0.10161290322580645,0.105,0.105,Jared Carr
702258,3,1,1,0,1,0.3,0.3,21,R,0.32038834951456313,0.22330097087378642,0.0825242718446602,0.22815533980582525,0.32142857142857145,0.32142857142857145,0.09130434782608696,0.2521739130434783,0.08289473684210526,0.08513513513513513,0.105,0.105,Druw Jones
702261,4,1,1,0,2,0.225,0.225,20,L,0.3173076923076923,0.22115384615384615,0.08173076923076923,0.23557692307692307,0.3103448275862069,0.3103448275862069,0.105,0.28,0.105,0.105,0.105,0.105,Termarr Johnson
702283,3,0,0,0,1,0.0,0.0,21,S,0.3106796116504854,0.21359223300970873,0.0825242718446602,0.22815533980582525,0.2857142857142857,0.2857142857142857,0.11363636363636363,0.26363636363636367,0.08513513513513513,0.1296875,0.1338709677419355,0.105,Tucker Toman
702284,3,3,2,1,0,1.3166666666666667,1.3166666666666667,21,L,0.33980582524271846,0.23300970873786409,0.09223300970873786,0.21844660194174756,0.39285714285714285,0.39285714285714285,0.105,0.28,0.105,0.105,0.105,0.105,Cole Young
702292,4,1,1,0,0,0.225,0.225,24,L,0.3173076923076923,0.22115384615384615,0.08173076923076923,0.21634615384615385,0.3103448275862069,0.3103448275862069,0.09722222222222222,0.2777777777777778,0.0875,0.0984375,0.105,0.105,Chase Luttrell
702302,6,3,3,0,1,0.6333333333333333,0.6333333333333333,24,L,0.330188679245283,0.2358490566037736,0.08018867924528301,0.22169811320754718,0.3548387096774194,0.3548387096774194,0.0963302752293578,0.27522935779816515,0.09264705882352942,0.09545454545454546,0.0984375,0.105,RJ Schreck
702311,1,0,0,0,0,0.0,0.0,25,L,0.31683168316831684,0.21782178217821782,0.08415841584158416,0.22277227722772278,0.3076923076923077,0.3076923076923077,0.10194174757281553,0.2718446601941748,0.09545454545454546,0.105,0.105,0.105,Angel Zarate
702328,4,2,1,0,2,0.575,0.575,25,L,0.3269230769230769,0.22115384615384615,0.08173076923076923,0.23557692307692307,0.3448275862068966,0.3448275862068966,0.1125,0.2416666666666667,0.1430232558139535,0.09,0.0984375,0.105,Wade Stauss
702331,2,1,1,0,0,0.9,0.9,23,L,0.3235294117647059,0.22549019607843138,0.08333333333333333,0.22058823529411764,0.3333333333333333,0.3333333333333333,0.09722222222222222,0.26851851851851855,0.0984375,0.0875,0.105,0.105,Noah Mendlinger
702332,19,6,4,1,1,0.35789473684210527,0.35789473684210527,24,R,0.31932773109243695,0.2184873949579832,0.07983193277310924,0.19747899159663865,0.3181818181818182,0.3181818181818182,0.11071428571428571,0.2357142857142857,0.10098039215686275,0.12875,0.10641025641025642,0.105,Caleb Durbin
702333,6,1,1,0,3,0.20833333333333334,0.20833333333333334,25,R,0.3113207547169811,0.2169811320754717,0.08018867924528301,0.24056603773584906,0.2903225806451613,0.2903225806451613,0.10952380952380952,0.2666666666666667,0.11857142857142858,0.105,0.105,0.105,Haydn McGeary
702358,235,69,48,19,42,0.27085106382978724,0.2946403071445824,24,R,0.30149253731343284,0.208955223880597,0.08208955223880597,0.1925373134328358,0.22666666666666666,0.232,0.11572535991140642,0.1760797342192691,0.05668058455114822,0.20256849315068493,0.14057377049180328,0.105,Trey Lipscomb
702409,3,0,0,0,0,0.0,0.0,20,L,0.3106796116504854,0.21359223300970873,0.0825242718446602,0.21844660194174756,0.2857142857142857,0.2857142857142857,0.105,0.28,0.105,0.105,0.105,0.105,Jorge Ruiz
702416,9,1,1,0,4,0.1,0.1,23,R,0.30275229357798167,0.21100917431192662,0.0779816513761468,0.24311926605504589,0.2647058823529412,0.2647058823529412,0.1059322033898305,0.25423728813559326,0.11976744186046512,0.09545454545454546,0.0984375,0.105,Leosdany Molina
702461,4,3,3,0,1,0.675,0.675,21,S,0.33653846153846156,0.2403846153846154,0.08173076923076923,0.22596153846153846,0.3793103448275862,0.3793103448275862,0.105,0.28,0.105,0.105,0.105,0.105,Kay-Lan Nicasia
702472,4,3,1,2,0,0.575,0.575,22,L,0.33653846153846156,0.22115384615384615,0.10096153846153846,0.21634615384615385,0.3793103448275862,0.3793103448275862,0.10396039603960396,0.27722772277227725,0.10161290322580645,0.105,0.105,0.105,Austin Callahan
702476,2,0,0,0,2,0.0,0.0,23,R,0.3137254901960784,0.21568627450980393,0.08333333333333333,0.24019607843137256,0.2962962962962963,0.2962962962962963,0.13551401869158877,0.28037383177570097,0.12575757575757576,0.1808823529411765,0.105,0.105,Noah Williamson
702478,2,1,0,1,0,0.35,0.35,22,R,0.3235294117647059,0.21568627450980393,0.09313725490196079,0.22058823529411764,0.3333333333333333,0.3333333333333333,0.11057692307692307,0.2692307692307693,0.10161290322580645,0.12575757575757576,0.105,0.105,Justin Guerrera
702616,222,60,41,17,71,0.2822072072072072,0.2793468100806968,21,L,0.2857142857142857,0.1956521739130435,0.07919254658385093,0.29037267080745344,0.32,0.288,0.13238396624472573,0.1550632911392405,0.12840909090909092,0.1423758865248227,0.12877906976744186,0.105,Jackson Holliday
702708,1,0,0,0,0,0.0,0.0,21,R,0.31683168316831684,0.21782178217821782,0.08415841584158416,0.22277227722772278,0.3076923076923077,0.3076923076923077,0.10194174757281553,0.2718446601941748,0.0984375,0.10161290322580645,0.105,0.105,Emaarion Boyd
702726,6,3,1,2,1,0.3833333333333333,0.3833333333333333,20,R,0.330188679245283,0.2169811320754717,0.09905660377358491,0.22169811320754718,0.3548387096774194,0.3548387096774194,0.0963302752293578,0.25688073394495414,0.09,0.09264705882352942,0.105,0.105,Luke Adams
702789,5,0,0,0,3,0.0,0.0,25,R,0.3047619047619048,0.20952380952380953,0.08095238095238096,0.24285714285714285,0.26666666666666666,0.26666666666666666,0.12831858407079647,0.26548672566371684,0.16621621621621624,0.11857142857142858,0.10161290322580645,0.105,Austin Gauthier
703070,4,1,1,0,0,0.3125,0.3125,22,L,0.3173076923076923,0.22115384615384615,0.08173076923076923,0.21634615384615385,0.3103448275862069,0.3103448275862069,0.105,0.28,0.105,0.105,0.105,0.105,Loidel Chapelli
703143,2,1,1,0,1,0.625,0.625,20,L,0.3235294117647059,0.22549019607843138,0.08333333333333333,0.23039215686274508,0.3333333333333333,0.3333333333333333,0.11274509803921569,0.2843137254901961,0.10161290322580645,0.1338709677419355,0.105,0.105,Cristhian Vaquero
703149,7,5,5,0,1,0.6928571428571428,0.6928571428571428,20,S,0.34579439252336447,0.2523364485981308,0.0794392523364486,0.21962616822429906,0.40625,0.40625,0.10150375939849623,0.2180451127819549,0.08137254901960785,0.11527777777777778,0.11527777777777778,0.105,Roderick Arias
703151,1,1,1,0,0,0.9,0.9,20,L,0.32673267326732675,0.22772277227722773,0.08415841584158416,0.22277227722772278,0.34615384615384615,0.34615384615384615,0.10396039603960396,0.27722772277227725,0.10161290322580645,0.105,0.105,0.105,William Bergolla Jr.
703152,2,0,0,0,1,0.0,0.0,19,R,0.3137254901960784,0.21568627450980393,0.08333333333333333,0.23039215686274508,0.2962962962962963,0.2962962962962963,0.105,0.28,0.105,0.105,0.105,0.105,Anthony Gutierrez
703154,2,0,0,0,1,0.0,0.0,18,R,0.3137254901960784,0.21568627450980393,0.08333333333333333,0.23039215686274508,0.2962962962962963,0.2962962962962963,0.10648148148148148,0.26851851851851855,0.10161290322580645,0.09,0.1296875,0.105,Yordany De Los Santos
703155,5,2,1,1,2,0.32,0.32,20,L,0.3238095238095238,0.21904761904761905,0.09047619047619047,0.23333333333333334,0.3333333333333333,0.3333333333333333,0.105,0.28,0.105,0.105,0.105,0.105,Lazaro Montes
703159,4,1,1,0,2,0.225,0.225,19,R,0.3173076923076923,0.22115384615384615,0.08173076923076923,0.23557692307692307,0.3103448275862069,0.3103448275862069,0.1336206896551724,0.26724137931034486,0.12875,0.17083333333333334,0.105,0.105,Simon Juan
703185,6,2,1,0,2,0.45,0.45,19,L,0.32075471698113206,0.2169811320754717,0.08018867924528301,0.23113207547169812,0.3225806451612903,0.3225806451612903,0.105,0.28,0.105,0.105,0.105,0.105,Nelson Rada
703197,3,1,0,0,1,0.2333333333333333,0.2333333333333333,20,R,0.32038834951456313,0.21359223300970873,0.0825242718446602,0.22815533980582525,0.32142857142857145,0.32142857142857145,0.1179245283018868,0.28301886792452835,0.14714285714285716,0.10161290322580645,0.105,0.105,Michael Arroyo
703245,6,2,1,1,2,0.26666666666666666,0.26666666666666666,26,R,0.32075471698113206,0.2169811320754717,0.08962264150943396,0.23113207547169812,0.3225806451612903,0.3225806451612903,0.09051724137931035,0.25862068965517243,0.075,0.09264705882352942,0.105,0.105,Andres Sosa
703607,3,1,1,0,2,0.3,0.3,21,R,0.32038834951456313,0.22330097087378642,0.0825242718446602,0.23786407766990292,0.32142857142857145,0.32142857142857145,0.105,0.28,0.105,0.105,0.105,0.105,Henry Bolte
703612,1,0,0,0,1,0.0,0.0,20,L,0.31683168316831684,0.21782178217821782,0.08415841584158416,0.23267326732673269,0.3076923076923077,0.3076923076923077,0.105,0.28,0.105,0.105,0.105,0.105,Nick Peoples
703715,4,2,1,1,1,0.4,0.4,24,R,0.3269230769230769,0.22115384615384615,0.09134615384615384,0.22596153846153846,0.3448275862068966,0.3448275862068966,0.105,0.28,0.105,0.105,0.105,0.105,Wyatt Hoffman
703766,2,0,0,0,0,0.0,0.0,22,R,0.3137254901960784,0.21568627450980393,0.08333333333333333,0.22058823529411764,0.2962962962962963,0.2962962962962963,0.10849056603773585,0.2735849056603774,0.12575757575757576,0.10161290322580645,0.0984375,0.105,Dakota Harris
703920,2,1,1,0,1,0.8,0.8,25,R,0.3235294117647059,0.22549019607843138,0.08333333333333333,0.23039215686274508,0.3333333333333333,0.3333333333333333,0.105,0.28,0.105,0.105,0.105,0.105,Alsander Womack
703939,2,0,0,0,1,0.0,0.0,19,L,0.3137254901960784,0.21568627450980393,0.08333333333333333,0.23039215686274508,0.2962962962962963,0.2962962962962963,0.09722222222222222,0.2592592592592593,0.09,0.09545454545454546,0.105,0.105,Gregori Cano
800029,2,0,0,0,2,0.0,0.0,22,R,0.3137254901960784,0.21568627450980393,0.08333333333333333,0.24019607843137256,0.2962962962962963,0.2962962962962963,0.11057692307692307,0.27884615384615385,0.1338709677419355,0.0984375,0.10161290322580645,0.105,Modeifi Marte
800050,11,8,5,3,1,0.8,0.8,23,L,0.36036036036036034,0.24324324324324326,0.1036036036036036,0.21171171171171171,0.4444444444444444,0.4444444444444444,0.08677685950413223,0.25619834710743805,0.06999999999999999,0.09264705882352942,0.0984375,0.105,Chase DeLauter
800051,1,0,0,0,1,0.0,0.0,21,R,0.31683168316831684,0.21782178217821782,0.08415841584158416,0.23267326732673269,0.3076923076923077,0.3076923076923077,0.105,0.28,0.105,0.105,0.105,0.105,Austin Charles
800056,4,0,0,0,1,0.0,0.0,23,S,0.3076923076923077,0.21153846153846154,0.08173076923076923,0.22596153846153846,0.27586206896551724,0.27586206896551724,0.09722222222222222,0.26851851851851855,0.08513513513513513,0.10161290322580645,0.105,0.105,Jace Grady
800060,8,2,0,2,5,0.175,0.175,21,L,0.3148148148148148,0.2037037037037037,0.09722222222222222,0.25462962962962965,0.30303030303030304,0.30303030303030304,0.1375,0.275,0.17875000000000002,0.11857142857142858,0.11857142857142858,0.105,Xavier Isaac
800145,1,0,0,0,0,0.0,0.0,19,R,0.31683168316831684,0.21782178217821782,0.08415841584158416,0.22277227722772278,0.3076923076923077,0.3076923076923077,0.10294117647058823,0.27450980392156865,0.105,0.0984375,0.105,0.105,Pedro Hernandez
800180,1,0,0,0,1,0.0,0.0,18,R,0.31683168316831684,0.21782178217821782,0.08415841584158416,0.23267326732673269,0.3076923076923077,0.3076923076923077,0.105,0.28,0.105,0.105,0.105,0.105,Douglas Glod
800185,1,0,0,0,1,0.0,0.0,18,R,0.31683168316831684,0.21782178217821782,0.08415841584158416,0.23267326732673269,0.3076923076923077,0.3076923076923077,0.11165048543689321,0.28155339805825247,0.0984375,0.1338709677419355,0.105,0.105,Ruben Santana
800198,7,1,1,0,3,0.1285714285714286,0.1285714285714286,19,R,0.308411214953271,0.21495327102803738,0.0794392523364486,0.2383177570093458,0.28125,0.28125,0.09813084112149532,0.26168224299065423,0.09,0.0984375,0.105,0.105,Cristofer Torin
800201,4,1,1,0,1,0.225,0.225,18,L,0.3173076923076923,0.22115384615384615,0.08173076923076923,0.22596153846153846,0.3103448275862069,0.3103448275862069,0.11057692307692307,0.2884615384615385,0.12575757575757576,0.105,0.10161290322580645,0.105,Rafael Ramirez Jr.
800209,4,0,0,0,2,0.0,0.0,19,S,0.3076923076923077,0.21153846153846154,0.08173076923076923,0.23557692307692307,0.27586206896551724,0.27586206896551724,0.09813084112149532,0.28037383177570097,0.09,0.0984375,0.105,0.105,Estuar Suero
800231,1,0,0,0,0,0.0,0.0,21,L,0.31683168316831684,0.21782178217821782,0.08415841584158416,0.22277227722772278,0.3076923076923077,0.3076923076923077,0.10849056603773585,0.26415094339622647,0.0984375,0.12575757575757576,0.10161290322580645,0.105,Won-Bin Cho
800232,2,1,0,1,1,0.35,0.35,20,R,0.3235294117647059,0.21568627450980393,0.09313725490196079,0.23039215686274508,0.3333333333333333,0.3333333333333333,0.09905660377358491,0.28301886792452835,0.09264705882352942,0.0984375,0.105,0.105,Luis Baez
800253,1,0,0,0,0,0.0,0.0,20,L,0.31683168316831684,0.21782178217821782,0.08415841584158416,0.22277227722772278,0.3076923076923077,0.3076923076923077,0.10396039603960396,0.28712871287128716,0.10161290322580645,0.105,0.105,0.105,Jeffrey Mercedes
800294,1,1,1,0,0,1.25,1.25,19,R,0.32673267326732675,0.22772277227722773,0.08415841584158416,0.22277227722772278,0.34615384615384615,0.34615384615384615,0.10849056603773585,0.26415094339622647,0.12575757575757576,0.09545454545454546,0.105,0.105,Waner Luciano
800305,1,1,0,1,0,0.7,0.7,18,R,0.32673267326732675,0.21782178217821782,0.09405940594059406,0.22277227722772278,0.34615384615384615,0.34615384615384615,0.09905660377358491,0.26415094339622647,0.09264705882352942,0.0984375,0.105,0.105,Jesús  Báez
800306,1,0,0,0,0,0.0,0.0,19,L,0.31683168316831684,0.21782178217821782,0.08415841584158416,0.22277227722772278,0.3076923076923077,0.3076923076923077,0.105,0.28,0.105,0.105,0.105,0.105,Jansel Luis
800316,1,0,0,0,0,0.0,0.0,20,R,0.31683168316831684,0.21782178217821782,0.08415841584158416,0.22277227722772278,0.3076923076923077,0.3076923076923077,0.11165048543689321,0.2718446601941748,0.10161290322580645,0.105,0.1296875,0.105,Alexander Albertus
800325,11,4,4,0,3,0.4272727272727273,0.4272727272727273,20,S,0.32432432432432434,0.23423423423423423,0.07657657657657657,0.22972972972972974,0.3333333333333333,0.3333333333333333,0.08333333333333333,0.24603174603174607,0.06999999999999999,0.08513513513513513,0.09545454545454546,0.10161290322580645,Luis Lara
800329,2,0,0,0,1,0.0,0.0,19,R,0.3137254901960784,0.21568627450980393,0.08333333333333333,0.23039215686274508,0.2962962962962963,0.2962962962962963,0.105,0.28,0.105,0.105,0.105,0.105,Alexander Martinez
800343,2,0,0,0,2,0.0,0.0,19,R,0.3137254901960784,0.21568627450980393,0.08333333333333333,0.24019607843137256,0.2962962962962963,0.2962962962962963,0.1261682242990654,0.2710280373831776,0.14714285714285716,0.1296875,0.105,0.105,Jose Sanabria
800345,2,1,0,1,1,0.35,0.35,19,R,0.3235294117647059,0.21568627450980393,0.09313725490196079,0.23039215686274508,0.3333333333333333,0.3333333333333333,0.11261261261261261,0.2522522522522523,0.12560975609756098,0.105,0.105,0.105,Juan Baez
800357,3,1,0,1,0,0.2333333333333333,0.2333333333333333,20,S,0.32038834951456313,0.21359223300970873,0.09223300970873786,0.21844660194174756,0.32142857142857145,0.32142857142857145,0.09813084112149532,0.26168224299065423,0.0875,0.10161290322580645,0.105,0.105,Ricardo Gonzalez
800385,1,0,0,0,0,0.0,0.0,19,L,0.31683168316831684,0.21782178217821782,0.08415841584158416,0.22277227722772278,0.3076923076923077,0.3076923076923077,0.105,0.28,0.105,0.105,0.105,0.105,Robert Gonzalez
800440,1,0,0,0,0,0.9,0.9,20,L,0.31683168316831684,0.21782178217821782,0.08415841584158416,0.22277227722772278,0.3076923076923077,0.3076923076923077,0.10396039603960396,0.27722772277227725,0.10161290322580645,0.105,0.105,0.105,Narciso Polanco
800473,3,0,0,0,1,0.0,0.0,19,R,0.3106796116504854,0.21359223300970873,0.0825242718446602,0.22815533980582525,0.2857142857142857,0.2857142857142857,0.12053571428571429,0.25000000000000006,0.15375,0.0984375,0.105,0.105,Jefferson Rojas
800506,2,0,0,0,1,0.0,0.0,19,R,0.3137254901960784,0.21568627450980393,0.08333333333333333,0.23039215686274508,0.2962962962962963,0.2962962962962963,0.105,0.28,0.105,0.105,0.105,0.105,Luis Sanchez
800516,1,0,0,0,1,0.0,0.0,20,R,0.31683168316831684,0.21782178217821782,0.08415841584158416,0.23267326732673269,0.3076923076923077,0.3076923076923077,0.105,0.28,0.105,0.105,0.105,0.105,Alberto Hernandez
800522,3,1,1,0,0,0.3,0.3,20,L,0.32038834951456313,0.22330097087378642,0.0825242718446602,0.21844660194174756,0.32142857142857145,0.32142857142857145,0.10096153846153846,0.27884615384615385,0.10161290322580645,0.0984375,0.10161290322580645,0.105,Josue Briceño
800542,1,0,0,0,1,0.0,0.0,21,R,0.31683168316831684,0.21782178217821782,0.08415841584158416,0.23267326732673269,0.3076923076923077,0.3076923076923077,0.105,0.28,0.105,0.105,0.105,0.105,Angel Pierre
800543,4,0,0,0,1,0.0,0.0,19,L,0.3076923076923077,0.21153846153846154,0.08173076923076923,0.22596153846153846,0.27586206896551724,0.27586206896551724,0.0945945945945946,0.2702702702702703,0.08289473684210526,0.09545454545454546,0.105,0.105,Josue De Paula
800597,3,1,0,1,2,0.2333333333333333,0.2333333333333333,25,R,0.32038834951456313,0.21359223300970873,0.09223300970873786,0.23786407766990292,0.32142857142857145,0.32142857142857145,0.09274193548387097,0.25000000000000006,0.0715909090909091,0.10641025641025642,0.10161290322580645,0.105,Nik McClaughry
800683,4,0,0,0,1,0.0,0.0,24,R,0.3076923076923077,0.21153846153846154,0.08173076923076923,0.22596153846153846,0.27586206896551724,0.27586206896551724,0.105,0.28,0.105,0.105,0.105,0.105,Blake Rambusch
800765,5,2,0,2,3,0.27999999999999997,0.27999999999999997,25,R,0.3238095238095238,0.20952380952380953,0.1,0.24285714285714285,0.3333333333333333,0.3333333333333333,0.0945945945945946,0.2522522522522523,0.0875,0.09,0.105,0.105,Carter Howell
800959,1,0,0,0,1,0.0,0.0,23,R,0.31683168316831684,0.21782178217821782,0.08415841584158416,0.23267326732673269,0.3076923076923077,0.3076923076923077,0.105,0.28,0.105,0.105,0.105,0.105,Nick Goodwin
801039,1,0,0,0,1,0.0,0.0,24,R,0.31683168316831684,0.21782178217821782,0.08415841584158416,0.23267326732673269,0.3076923076923077,0.3076923076923077,0.105,0.28,0.105,0.105,0.105,0.105,John Garcia
801076,1,0,0,0,0,0.0,0.0,23,R,0.31683168316831684,0.21782178217821782,0.08415841584158416,0.22277227722772278,0.3076923076923077,0.3076923076923077,0.105,0.28,0.105,0.105,0.105,0.105,Justin Wishkoski
801126,8,5,3,1,1,0.65,0.65,24,S,0.3425925925925926,0.23148148148148148,0.08796296296296297,0.2175925925925926,0.3939393939393939,0.3939393939393939,0.0942622950819672,0.2540983606557377,0.09021739130434783,0.09,0.10161290322580645,0.105,Brock Rodden
801176,1,0,0,0,1,0.0,0.0,23,L,0.31683168316831684,0.21782178217821782,0.08415841584158416,0.23267326732673269,0.3076923076923077,0.3076923076923077,0.105,0.28,0.105,0.105,0.105,0.105,Cam Fisher
801194,1,0,0,0,0,0.0,0.0,22,R,0.31683168316831684,0.21782178217821782,0.08415841584158416,0.22277227722772278,0.3076923076923077,0.3076923076923077,0.10396039603960396,0.27722772277227725,0.10161290322580645,0.105,0.105,0.105,Max Anderson
801442,3,1,1,0,2,0.4166666666666667,0.4166666666666667,25,L,0.32038834951456313,0.22330097087378642,0.0825242718446602,0.23786407766990292,0.32142857142857145,0.32142857142857145,0.105,0.28,0.105,0.105,0.105,0.105,Jack Pineda
801464,1,0,0,0,0,0.0,0.0,23,R,0.31683168316831684,0.21782178217821782,0.08415841584158416,0.22277227722772278,0.3076923076923077,0.3076923076923077,0.105,0.28,0.105,0.105,0.105,0.105,Andrew Pintar
801501,2,1,0,1,0,0.8,0.8,23,L,0.3235294117647059,0.21568627450980393,0.09313725490196079,0.22058823529411764,0.3333333333333333,0.3333333333333333,0.10096153846153846,0.2692307692307693,0.0984375,0.0984375,0.105,0.105,Nate Furman
801507,1,0,0,0,1,0.0,0.0,22,R,0.31683168316831684,0.21782178217821782,0.08415841584158416,0.23267326732673269,0.3076923076923077,0.3076923076923077,0.10952380952380952,0.2761904761904762,0.12575757575757576,0.10161290322580645,0.10161290322580645,0.105,Jake Cunningham
801600,4,1,1,0,1,0.225,0.225,25,L,0.3173076923076923,0.22115384615384615,0.08173076923076923,0.22596153846153846,0.3103448275862069,0.3103448275862069,0.105,0.28,0.105,0.105,0.105,0.105,Bryce Willits
801670,1,0,0,0,0,0.9,0.9,22,L,0.31683168316831684,0.21782178217821782,0.08415841584158416,0.22277227722772278,0.3076923076923077,0.3076923076923077,0.105,0.28,0.105,0.105,0.105,0.105,Mike Boeve
801740,1,0,0,0,1,0.0,0.0,25,L,0.31683168316831684,0.21782178217821782,0.08415841584158416,0.23267326732673269,0.3076923076923077,0.3076923076923077,0.11057692307692307,0.27884615384615385,0.12575757575757576,0.105,0.10161290322580645,0.105,Karell Paz
801822,4,2,2,0,2,0.45,0.45,23,R,0.3269230769230769,0.23076923076923078,0.08173076923076923,0.23557692307692307,0.3448275862068966,0.3448275862068966,0.10194174757281553,0.2718446601941748,0.09545454545454546,0.105,0.105,0.105,Jackson Feltner
802018,1,1,1,0,0,0.9,0.9,19,R,0.32673267326732675,0.22772277227722773,0.08415841584158416,0.22277227722772278,0.34615384615384615,0.34615384615384615,0.105,0.28,0.105,0.105,0.105,0.105,Ryan Burrowes
802066,1,0,0,0,0,0.0,0.0,21,R,0.31683168316831684,0.21782178217821782,0.08415841584158416,0.22277227722772278,0.3076923076923077,0.3076923076923077,0.105,0.28,0.105,0.105,0.105,0.105,Yaisel Ramos
802355,5,2,0,2,1,0.45999999999999996,0.45999999999999996,22,R,0.3238095238095238,0.20952380952380953,0.1,0.22380952380952382,0.3333333333333333,0.3333333333333333,0.10887096774193548,0.24193548387096778,0.13369565217391305,0.09,0.09545454545454546,0.105,Tanner Schobel
802407,3,1,0,1,0,0.2333333333333333,0.2333333333333333,24,L,0.32038834951456313,0.21359223300970873,0.09223300970873786,0.21844660194174756,0.32142857142857145,0.32142857142857145,0.10294117647058823,0.27450980392156865,0.10161290322580645,0.10161290322580645,0.105,0.105,Joe Lampe
802415,2,1,0,1,0,0.35,0.35,24,L,0.3235294117647059,0.21568627450980393,0.09313725490196079,0.22058823529411764,0.3333333333333333,0.3333333333333333,0.1,0.26086956521739135,0.10121951219512196,0.09545454545454546,0.10161290322580645,0.105,Chandler Simpson
802504,2,0,0,0,1,0.0,0.0,19,R,0.3137254901960784,0.21568627450980393,0.08333333333333333,0.23039215686274508,0.2962962962962963,0.2962962962962963,0.1201923076923077,0.27884615384615385,0.12575757575757576,0.105,0.1338709677419355,0.105,Myles Naylor
802506,4,1,0,1,1,0.175,0.175,20,L,0.3173076923076923,0.21153846153846154,0.09134615384615384,0.22596153846153846,0.3103448275862069,0.3103448275862069,0.09663865546218488,0.2689075630252101,0.07325581395348837,0.0984375,0.12205882352941178,0.105,Dylan O'Rae
802544,1,0,0,0,0,0.0,0.0,22,L,0.31683168316831684,0.21782178217821782,0.08415841584158416,0.22277227722772278,0.3076923076923077,0.3076923076923077,0.10194174757281553,0.2718446601941748,0.0984375,0.10161290322580645,0.105,0.105,Brock Vradenburg
802991,6,1,1,0,2,0.15,0.15,23,R,0.3113207547169811,0.2169811320754717,0.08018867924528301,0.23113207547169812,0.2903225806451613,0.2903225806451613,0.1,0.2761904761904762,0.0984375,0.105,0.09545454545454546,0.105,E.J. Exposito
803033,2,0,0,0,2,0.0,0.0,22,L,0.3137254901960784,0.21568627450980393,0.08333333333333333,0.24019607843137256,0.2962962962962963,0.2962962962962963,0.105,0.28,0.105,0.105,0.105,0.105,Matthew Etzel
803385,3,1,1,0,0,0.3,0.3,22,L,0.32038834951456313,0.22330097087378642,0.0825242718446602,0.21844660194174756,0.32142857142857145,0.32142857142857145,0.10747663551401869,0.26168224299065423,0.11857142857142858,0.10161290322580645,0.10161290322580645,0.105,Jay Harry
803745,1,1,1,0,0,1.25,1.25,19,L,0.32673267326732675,0.22772277227722773,0.08415841584158416,0.22277227722772278,0.34615384615384615,0.34615384615384615,0.10952380952380952,0.2761904761904762,0.0984375,0.10161290322580645,0.1296875,0.105,Adrian Santana
804240,2,1,1,0,0,0.45,0.45,23,R,0.3235294117647059,0.22549019607843138,0.08333333333333333,0.22058823529411764,0.3333333333333333,0.3333333333333333,0.105,0.28,0.105,0.105,0.105,0.105,Jacob Burke
804596,1,0,0,0,1,0.0,0.0,24,R,0.31683168316831684,0.21782178217821782,0.08415841584158416,0.23267326732673269,0.3076923076923077,0.3076923076923077,0.105,0.28,0.105,0.105,0.105,0.105,Matt Donlan
804622,2,0,0,0,2,0.0,0.0,23,L,0.3137254901960784,0.21568627450980393,0.08333333333333333,0.24019607843137256,0.2962962962962963,0.2962962962962963,0.105,0.28,0.105,0.105,0.105,0.105,Ke'Shun Collier
804645,2,1,1,0,0,0.625,0.625,24,L,0.3235294117647059,0.22549019607843138,0.08333333333333333,0.22058823529411764,0.3333333333333333,0.3333333333333333,0.105,0.28,0.105,0.105,0.105,0.105,Caden Connor
804668,1,0,0,0,0,0.0,0.0,24,R,0.31683168316831684,0.21782178217821782,0.08415841584158416,0.22277227722772278,0.3076923076923077,0.3076923076923077,0.10294117647058823,0.27450980392156865,0.10161290322580645,0.10161290322580645,0.105,0.105,Rafael Flores Jr.
804710,5,1,1,0,1,0.18,0.18,23,L,0.3142857142857143,0.21904761904761905,0.08095238095238096,0.22380952380952382,0.3,0.3,0.10550458715596331,0.25688073394495414,0.11527777777777778,0.09545454545454546,0.105,0.105,Brennan Orf
805168,2,0,0,0,1,0.0,0.0,20,L,0.3137254901960784,0.21568627450980393,0.08333333333333333,0.23039215686274508,0.2962962962962963,0.2962962962962963,0.105,0.28,0.105,0.105,0.105,0.105,Alejandro Nuñez
805249,1,1,1,0,0,1.25,1.25,25,R,0.32673267326732675,0.22772277227722773,0.08415841584158416,0.22277227722772278,0.34615384615384615,0.34615384615384615,0.10194174757281553,0.28155339805825247,0.10161290322580645,0.0984375,0.105,0.105,Otto Kemp
805268,7,4,2,2,2,0.5571428571428572,0.5571428571428572,23,L,0.3364485981308411,0.22429906542056074,0.09813084112149532,0.22897196261682243,0.375,0.375,0.10869565217391304,0.24347826086956526,0.08513513513513513,0.0984375,0.14305555555555557,0.105,Peyton Williams
805280,1,0,0,0,0,0.0,0.0,24,L,0.31683168316831684,0.21782178217821782,0.08415841584158416,0.22277227722772278,0.3076923076923077,0.3076923076923077,0.10096153846153846,0.2692307692307693,0.0984375,0.0984375,0.105,0.105,Alex Iadisernia
805297,1,0,0,0,1,0.0,0.0,24,R,0.31683168316831684,0.21782178217821782,0.08415841584158416,0.23267326732673269,0.3076923076923077,0.3076923076923077,0.105,0.28,0.105,0.105,0.105,0.105,Alec Sayre
805300,2,0,0,0,1,0.0,0.0,22,L,0.3137254901960784,0.21568627450980393,0.08333333333333333,0.23039215686274508,0.2962962962962963,0.2962962962962963,0.1,0.2666666666666667,0.09545454545454546,0.0984375,0.105,0.105,Jakob Marsee
805339,4,1,0,1,3,0.175,0.175,26,R,0.3173076923076923,0.21153846153846154,0.09134615384615384,0.24519230769230768,0.3103448275862069,0.3103448275862069,0.12735849056603774,0.28301886792452835,0.1808823529411765,0.0984375,0.105,0.105,Nick Clarno
805367,4,2,2,0,1,0.45,0.45,23,R,0.3269230769230769,0.23076923076923078,0.08173076923076923,0.22596153846153846,0.3448275862068966,0.3448275862068966,0.10294117647058823,0.27450980392156865,0.105,0.0984375,0.105,0.105,Chase Meidroth
805373,42,9,7,0,12,0.20833333333333334,0.2712710476190476,21,R,0.2887323943661972,0.20422535211267606,0.05985915492957746,0.24295774647887325,0.2537313432835821,0.2537313432835821,0.10669456066945607,0.20920502092050208,0.094921875,0.08306451612903226,0.18333333333333335,0.105,Nacho Alvarez Jr.
805672,6,1,0,1,2,0.11666666666666665,0.11666666666666665,25,R,0.3113207547169811,0.20754716981132076,0.08962264150943396,0.23113207547169812,0.2903225806451613,0.2903225806451613,0.11261261261261261,0.2612612612612613,0.11527777777777778,0.11857142857142858,0.105,0.105,Collin Price
805701,1,0,0,0,1,0.0,0.0,25,L,0.31683168316831684,0.21782178217821782,0.08415841584158416,0.23267326732673269,0.3076923076923077,0.3076923076923077,0.10952380952380952,0.2761904761904762,0.12205882352941178,0.10161290322580645,0.105,0.105,Angelo DiSpigna
805704,2,0,0,0,0,0.0,0.0,23,R,0.3137254901960784,0.21568627450980393,0.08333333333333333,0.22058823529411764,0.2962962962962963,0.2962962962962963,0.11467889908256881,0.26605504587155965,0.1355263157894737,0.10161290322580645,0.105,0.105,Keaton Anthony
805779,105,33,24,8,10,0.28904761904761905,0.294688,22,R,0.3170731707317073,0.22439024390243903,0.08048780487804878,0.15853658536585366,0.3333333333333333,0.312,0.06923076923076923,0.21978021978021978,0.02930327868852459,0.11215277777777777,0.12543859649122807,0.105,Jacob Wilson
805795,2,0,0,0,2,0.0,0.0,20,R,0.3137254901960784,0.21568627450980393,0.08333333333333333,0.24019607843137256,0.2962962962962963,0.2962962962962963,0.1036036036036036,0.2522522522522523,0.11857142857142858,0.09,0.10161290322580645,0.105,Aidan Miller
805796,3,3,1,2,0,1.1333333333333335,1.1333333333333335,19,R,0.33980582524271846,0.22330097087378642,0.10194174757281553,0.21844660194174756,0.39285714285714285,0.39285714285714285,0.105,0.28,0.105,0.105,0.105,0.105,Arjun Nimmala
805810,3,0,0,0,3,0.0,0.0,20,L,0.3106796116504854,0.21359223300970873,0.0825242718446602,0.24757281553398058,0.2857142857142857,0.2857142857142857,0.105,0.28,0.105,0.105,0.105,0.105,Blake Mitchell
805834,3,2,2,0,1,0.6,0.6,24,L,0.3300970873786408,0.23300970873786409,0.0825242718446602,0.22815533980582525,0.35714285714285715,0.35714285714285715,0.105,0.28,0.105,0.105,0.105,0.105,Javi Vaz
805842,12,4,1,3,4,0.2791666666666666,0.2791666666666666,24,L,0.32142857142857145,0.20535714285714285,0.10267857142857142,0.23660714285714285,0.32432432432432434,0.32432432432432434,0.10330578512396695,0.25619834710743805,0.075,0.13205128205128205,0.105,0.105,Brett Johnson
805862,1,0,0,0,0,0.0,0.0,23,R,0.31683168316831684,0.21782178217821782,0.08415841584158416,0.22277227722772278,0.3076923076923077,0.3076923076923077,0.10747663551401869,0.2710280373831776,0.0984375,0.11857142857142858,0.105,0.105,Matt Alifano
805865,3,2,0,2,1,0.4666666666666666,0.4666666666666666,23,L,0.3300970873786408,0.21359223300970873,0.10194174757281553,0.22815533980582525,0.35714285714285715,0.35714285714285715,0.12162162162162163,0.2612612612612613,0.0875,0.10161290322580645,0.1808823529411765,0.105,Guy Lipscomb
805904,4,0,0,0,2,0.0,0.0,23,L,0.3076923076923077,0.21153846153846154,0.08173076923076923,0.23557692307692307,0.27586206896551724,0.27586206896551724,0.12385321100917432,0.27522935779816515,0.11857142857142858,0.1338709677419355,0.12575757575757576,0.105,Zach Cole
805999,1,0,0,0,1,0.0,0.0,20,L,0.31683168316831684,0.21782178217821782,0.08415841584158416,0.23267326732673269,0.3076923076923077,0.3076923076923077,0.10849056603773585,0.26415094339622647,0.12205882352941178,0.10161290322580645,0.10161290322580645,0.105,A.J. Ewing
806005,3,0,0,0,1,0.0,0.0,25,R,0.3106796116504854,0.21359223300970873,0.0825242718446602,0.22815533980582525,0.2857142857142857,0.2857142857142857,0.11261261261261261,0.2702702702702703,0.09,0.14305555555555557,0.105,0.105,Ryan McCarty
806012,1,0,0,0,1,0.0,0.0,26,R,0.31683168316831684,0.21782178217821782,0.08415841584158416,0.23267326732673269,0.3076923076923077,0.3076923076923077,0.105,0.28,0.105,0.105,0.105,0.105,Taishi Nakawake
806068,3,1,1,0,1,0.4166666666666667,0.4166666666666667,19,L,0.32038834951456313,0.22330097087378642,0.0825242718446602,0.22815533980582525,0.32142857142857145,0.32142857142857145,0.11574074074074074,0.2870370370370371,0.12205882352941178,0.12205882352941178,0.105,0.105,Colt Emerson
806077,2,2,1,1,0,0.8,0.8,20,L,0.3333333333333333,0.22549019607843138,0.09313725490196079,0.22058823529411764,0.37037037037037035,0.37037037037037035,0.09722222222222222,0.2592592592592593,0.09,0.10161290322580645,0.0984375,0.105,Kendall George
806146,4,1,0,1,3,0.175,0.175,19,R,0.3173076923076923,0.21153846153846154,0.09134615384615384,0.24519230769230768,0.3103448275862069,0.3103448275862069,0.125,0.27586206896551724,0.12560975609756098,0.12575757575757576,0.1296875,0.105,George Lombard Jr.
806187,1,0,0,0,0,0.0,0.0,24,R,0.31683168316831684,0.21782178217821782,0.08415841584158416,0.22277227722772278,0.3076923076923077,0.3076923076923077,0.105,0.28,0.105,0.105,0.105,0.105,Griffin Cheney
806191,1,0,0,0,0,0.0,0.0,19,L,0.31683168316831684,0.21782178217821782,0.08415841584158416,0.22277227722772278,0.3076923076923077,0.3076923076923077,0.105,0.28,0.105,0.105,0.105,0.105,Tai Peete
806210,1,0,0,0,0,0.0,0.0,20,R,0.31683168316831684,0.21782178217821782,0.08415841584158416,0.22277227722772278,0.3076923076923077,0.3076923076923077,0.105,0.28,0.105,0.105,0.105,0.105,Alfonsin Rosario
806223,3,1,0,1,1,0.5333333333333333,0.5333333333333333,20,R,0.32038834951456313,0.21359223300970873,0.09223300970873786,0.22815533980582525,0.32142857142857145,0.32142857142857145,0.10964912280701754,0.26315789473684215,0.08076923076923077,0.14714285714285716,0.105,0.105,Aidan Smith
806267,1,0,0,0,1,0.0,0.0,19,R,0.31683168316831684,0.21782178217821782,0.08415841584158416,0.23267326732673269,0.3076923076923077,0.3076923076923077,0.10194174757281553,0.2718446601941748,0.0984375,0.10161290322580645,0.105,0.105,Jake Zitella
806368,6,2,1,1,3,0.26666666666666666,0.26666666666666666,25,R,0.32075471698113206,0.2169811320754717,0.08962264150943396,0.24056603773584906,0.3225806451612903,0.3225806451612903,0.10648148148148148,0.26851851851851855,0.0875,0.10161290322580645,0.1338709677419355,0.105,Maddux Houghton
806534,2,1,1,0,0,0.625,0.625,24,R,0.3235294117647059,0.22549019607843138,0.08333333333333333,0.22058823529411764,0.3333333333333333,0.3333333333333333,0.105,0.28,0.105,0.105,0.105,0.105,Ben Gobbel
806639,1,0,0,0,1,0.0,0.0,27,R,0.31683168316831684,0.21782178217821782,0.08415841584158416,0.23267326732673269,0.3076923076923077,0.3076923076923077,0.12135922330097088,0.28155339805825247,0.1338709677419355,0.1338709677419355,0.10161290322580645,0.105,Joshuan Sandoval
806956,2,0,0,0,0,0.0,0.0,18,L,0.3137254901960784,0.21568627450980393,0.08333333333333333,0.22058823529411764,0.2962962962962963,0.2962962962962963,0.1,0.2666666666666667,0.10161290322580645,0.09545454545454546,0.10161290322580645,0.105,Ethan Salas
806958,2,1,0,1,1,0.35,0.35,19,S,0.3235294117647059,0.21568627450980393,0.09313725490196079,0.23039215686274508,0.3333333333333333,0.3333333333333333,0.105,0.28,0.105,0.105,0.105,0.105,Felnin Celesten
806962,1,1,1,0,0,0.9,0.9,18,R,0.32673267326732675,0.22772277227722773,0.08415841584158416,0.22277227722772278,0.34615384615384615,0.34615384615384615,0.10396039603960396,0.27722772277227725,0.10161290322580645,0.105,0.105,0.105,Enmanuel Bonilla
806964,4,3,0,3,0,0.5249999999999999,0.5249999999999999,18,R,0.33653846153846156,0.21153846153846154,0.11057692307692307,0.21634615384615385,0.3793103448275862,0.3793103448275862,0.105,0.28,0.105,0.105,0.105,0.105,Sebastian Walcott
806983,5,1,1,0,2,0.18,0.18,19,L,0.3142857142857143,0.21904761904761905,0.08095238095238096,0.23333333333333334,0.3,0.3,0.10454545454545454,0.27272727272727276,0.09,0.0984375,0.12575757575757576,0.105,Yophery Rodriguez
807713,11,3,2,1,4,0.32727272727272727,0.32727272727272727,23,R,0.3153153153153153,0.21621621621621623,0.08558558558558559,0.23873873873873874,0.3055555555555556,0.3055555555555556,0.13063063063063063,0.2522522522522523,0.11527777777777778,0.1757142857142857,0.105,0.105,Matt Shaw
807720,1,0,0,0,1,0.0,0.0,23,R,0.31683168316831684,0.21782178217821782,0.08415841584158416,0.23267326732673269,0.3076923076923077,0.3076923076923077,0.11165048543689321,0.2718446601941748,0.12575757575757576,0.105,0.105,0.105,Garret Forrester
807727,1,0,0,0,0,0.0,0.0,22,R,0.31683168316831684,0.21782178217821782,0.08415841584158416,0.22277227722772278,0.3076923076923077,0.3076923076923077,0.10096153846153846,0.27884615384615385,0.09545454545454546,0.105,0.10161290322580645,0.105,Charles McAdoo
807742,4,2,2,0,0,0.45,0.45,23,L,0.3269230769230769,0.23076923076923078,0.08173076923076923,0.21634615384615385,0.3448275862068966,0.3448275862068966,0.1059322033898305,0.288135593220339,0.08289473684210526,0.1391891891891892,0.09545454545454546,0.105,Colton Ledbetter
807746,4,1,1,0,3,0.225,0.225,23,R,0.3173076923076923,0.22115384615384615,0.08173076923076923,0.24519230769230768,0.3103448275862069,0.3103448275862069,0.105,0.28,0.105,0.105,0.105,0.105,Kade Kern
807747,1,0,0,0,0,0.0,0.0,23,L,0.31683168316831684,0.21782178217821782,0.08415841584158416,0.22277227722772278,0.3076923076923077,0.3076923076923077,0.105,0.28,0.105,0.105,0.105,0.105,Rikuu Nishida
807751,1,0,0,0,0,0.0,0.0,22,L,0.31683168316831684,0.21782178217821782,0.08415841584158416,0.22277227722772278,0.3076923076923077,0.3076923076923077,0.105,0.28,0.105,0.105,0.105,0.105,Ethan O'Donnell
807799,1040,359,270,67,137,0.3507211538461538,0.32746039204009114,31,L,0.3429824561403509,0.256140350877193,0.0662280701754386,0.13991228070175438,0.30666666666666664,0.304,0.06868764389869532,0.1330263494499872,0.03833858622242233,0.1079460966542751,0.10988372093023256,0.105,Masataka Yoshida
808516,1,0,0,0,0,0.0,0.0,19,R,0.31683168316831684,0.21782178217821782,0.08415841584158416,0.22277227722772278,0.3076923076923077,0.3076923076923077,0.1,0.2761904761904762,0.0984375,0.09545454545454546,0.105,0.105,Andres Valor
808982,172,55,42,12,14,0.3061046511627907,0.32655449668902525,26,L,0.31985294117647056,0.23529411764705882,0.07536764705882353,0.13419117647058823,0.28,0.312,0.04778887303851641,0.14265335235378032,0.029575596816976128,0.05465686274509804,0.09227272727272727,0.105,Jung Hoo Lee
809846,4,0,0,0,2,0.0,0.0,24,L,0.3076923076923077,0.21153846153846154,0.08173076923076923,0.23557692307692307,0.27586206896551724,0.27586206896551724,0.12135922330097088,0.28155339805825247,0.1338709677419355,0.1296875,0.105,0.105,Wyatt Crenshaw
809945,1,0,0,0,0,0.0,0.0,23,L,0.31683168316831684,0.21782178217821782,0.08415841584158416,0.22277227722772278,0.3076923076923077,0.3076923076923077,0.105,0.28,0.105,0.105,0.105,0.105,Jonah Advincula
810938,5,4,3,1,1,0.82,0.82,24,R,0.34285714285714286,0.23809523809523808,0.09047619047619047,0.22380952380952382,0.4,0.4,0.10747663551401869,0.2710280373831776,0.0875,0.1338709677419355,0.105,0.105,Ben Williamson
811210,2,0,0,0,0,0.0,0.0,24,L,0.3137254901960784,0.21568627450980393,0.08333333333333333,0.22058823529411764,0.2962962962962963,0.2962962962962963,0.10194174757281553,0.2718446601941748,0.0984375,0.10161290322580645,0.105,0.105,Kade Kretzschmar
811287,1,0,0,0,0,0.0,0.0,22,L,0.31683168316831684,0.21782178217821782,0.08415841584158416,0.22277227722772278,0.3076923076923077,0.3076923076923077,0.105,0.28,0.105,0.105,0.105,0.105,Carson Roccaforte
812470,1,0,0,0,0,0.0,0.0,23,L,0.31683168316831684,0.21782178217821782,0.08415841584158416,0.22277227722772278,0.3076923076923077,0.3076923076923077,0.105,0.28,0.105,0.105,0.105,0.105,Joe Redfield
813852,2,0,0,0,2,0.0,0.0,24,L,0.3137254901960784,0.21568627450980393,0.08333333333333333,0.24019607843137256,0.2962962962962963,0.2962962962962963,0.13425925925925927,0.26851851851851855,0.1296875,0.15606060606060607,0.12575757575757576,0.105,Trey Paige
813860,3,2,2,0,0,0.9666666666666667,0.9666666666666667,24,L,0.3300970873786408,0.23300970873786409,0.0825242718446602,0.21844660194174756,0.35714285714285715,0.35714285714285715,0.11057692307692307,0.27884615384615385,0.10161290322580645,0.12575757575757576,0.105,0.105,Charlie Pagliarini
814154,1,0,0,0,1,0.0,0.0,23,L,0.31683168316831684,0.21782178217821782,0.08415841584158416,0.23267326732673269,0.3076923076923077,0.3076923076923077,0.11904761904761904,0.2666666666666667,0.15606060606060607,0.0984375,0.105,0.105,Scott Bandura
814307,2,1,1,0,0,0.625,0.625,19,L,0.3235294117647059,0.22549019607843138,0.08333333333333333,0.22058823529411764,0.3333333333333333,0.3333333333333333,0.10194174757281553,0.2718446601941748,0.0984375,0.10161290322580645,0.105,0.105,Zyhir Hope
814431,1,0,0,0,0,0.0,0.0,21,L,0.31683168316831684,0.21782178217821782,0.08415841584158416,0.22277227722772278,0.3076923076923077,0.3076923076923077,0.10194174757281553,0.2718446601941748,0.10161290322580645,0.105,0.0984375,0.105,Jackson Castillo
814806,1,0,0,0,1,0.0,0.0,22,L,0.31683168316831684,0.21782178217821782,0.08415841584158416,0.23267326732673269,0.3076923076923077,0.3076923076923077,0.105,0.28,0.105,0.105,0.105,0.105,Barrett Riebock
814816,1,1,1,0,0,0.9,0.9,23,R,0.32673267326732675,0.22772277227722773,0.08415841584158416,0.22277227722772278,0.34615384615384615,0.34615384615384615,0.105,0.28,0.105,0.105,0.105,0.105,Johnny Tincher
815151,1,0,0,0,0,0.0,0.0,25,R,0.31683168316831684,0.21782178217821782,0.08415841584158416,0.22277227722772278,0.3076923076923077,0.3076923076923077,0.105,0.28,0.105,0.105,0.105,0.105,Mac McCroskey
815694,2,1,0,1,1,0.35,0.35,23,R,0.3235294117647059,0.21568627450980393,0.09313725490196079,0.23039215686274508,0.3333333333333333,0.3333333333333333,0.09545454545454546,0.2545454545454546,0.08513513513513513,0.09545454545454546,0.105,0.105,Lou Albrecht
815842,4,1,1,0,2,0.3125,0.3125,24,R,0.3173076923076923,0.22115384615384615,0.08173076923076923,0.23557692307692307,0.3103448275862069,0.3103448275862069,0.10747663551401869,0.2710280373831776,0.09264705882352942,0.0984375,0.1338709677419355,0.105,JT Mabry
815888,3,1,1,0,1,0.3,0.3,18,L,0.32038834951456313,0.22330097087378642,0.0825242718446602,0.22815533980582525,0.32142857142857145,0.32142857142857145,0.11160714285714286,0.2767857142857143,0.10921052631578948,0.12205882352941178,0.105,0.105,Leo De Vries
