player_id,batters_faced,on_base,hits,walks,strikeouts,woba,xwoba,age,p_throws,hist_rate,hist_hit_rate,hist_walk_rate,hist_strikeout_rate,recent_50_obp,recent_100_obp,hist_whiff_rate,hist_chase_rate,fastball_usage,breaking_usage,offspeed_usage,other_usage,player_name
405395,7,4,3,1,0,0.7999999999999999,0.46036128034371643,42,R,0.3364485981308411,0.2336448598130841,0.08878504672897196,0.2102803738317757,0.375,0.375,0.08267716535433071,0.2677165354330709,0.4090909090909091,0.2662337662337662,0.16233766233766234,0.16233766233766234,"Pujols, Albert"
424144,53,18,14,2,5,0.34622641509433966,0.2859578102725367,41,L,0.32679738562091504,0.23529411764705882,0.06862745098039216,0.17973856209150327,0.3466666666666667,0.3333333333333333,0.07991803278688525,0.20081967213114754,0.5747422680412371,0.2963917525773196,0.06443298969072164,0.06443298969072164,"Pérez, Oliver"
425794,2169,689,524,147,384,0.3240663900414938,0.33530275640348867,42,R,0.31776112825033054,0.24063464081092992,0.06853239312472455,0.17915381225209343,0.32,0.36,0.07027190332326284,0.13015105740181268,0.6127051671732523,0.3240729483282675,0.06170212765957447,0.001519756838905775,"Wainwright, Adam"
425844,1970,610,507,93,303,0.3349746192893401,0.33667811245629387,40,R,0.3101449275362319,0.25555555555555554,0.04903381642512077,0.1572463768115942,0.28,0.32,0.07982396750169261,0.15423155044008124,0.4994546693933197,0.310906612133606,0.18793456032719835,0.0017041581458759373,"Greinke, Zack"
425877,12,6,6,0,1,0.6916666666666668,0.438421875,40,R,0.3392857142857143,0.25,0.07589285714285714,0.20982142857142858,0.3783783783783784,0.3783783783783784,0.08214285714285714,0.22142857142857145,0.3388888888888889,0.37222222222222223,0.15,0.1388888888888889,"Molina, Yadier"
429722,277,89,65,22,52,0.33501805054151623,0.3625563596370543,39,R,0.3209549071618037,0.23076923076923078,0.08090185676392574,0.1976127320954907,0.4,0.328,0.11306964746345657,0.17540842648323302,0.4415992812219227,0.504492362982929,0.0426774483378257,0.011230907457322551,"Santana, Ervin"
431148,54,21,15,6,10,0.4027777777777778,0.40039466680082597,37,L,0.34415584415584416,0.24025974025974026,0.09415584415584416,0.21103896103896103,0.37333333333333335,0.3670886075949367,0.09283387622149837,0.18566775244299674,0.4883268482490272,0.16536964980544747,0.29766536964980544,0.048638132295719845,"Kazmir, Scott"
433589,311,82,69,12,37,0.29260450160771706,0.3204221759191761,37,R,0.2773722627737226,0.22141119221411193,0.049878345498783457,0.14476885644768855,0.30666666666666664,0.256,0.10279187817258884,0.16243654822335024,0.6674028268551236,0.14090106007067138,0.17977031802120141,0.011925795053003533,"Petit, Yusmeiro"
434378,2012,562,414,129,471,0.28613320079522864,0.2849129426501311,41,R,0.28125,0.20643939393939395,0.06510416666666667,0.23366477272727273,0.3333333333333333,0.368,0.10485122897800776,0.1520051746442432,0.4994140625,0.4498046875,0.049153645833333336,0.0016276041666666667,"Verlander, Justin"
434671,326,109,67,38,53,0.34003067484662575,0.34609601108769394,38,R,0.33098591549295775,0.20892018779342722,0.10915492957746478,0.1772300469483568,0.28,0.296,0.08220720720720721,0.1539039039039039,0.6166146645865834,0.11817472698907956,0.25546021840873634,0.009750390015600624,"Sánchez, Aníbal"
444482,9,5,4,0,1,0.7388888888888889,0.6159924444444445,34,L,0.3394495412844037,0.23853211009174313,0.0779816513761468,0.21559633027522937,0.38235294117647056,0.38235294117647056,0.09765625,0.23437500000000003,0.5192307692307693,0.16025641025641027,0.16025641025641027,0.16025641025641027,"Peralta, David"
444876,10,5,3,1,0,0.445,0.3921123666666667,36,R,0.33636363636363636,0.22727272727272727,0.08636363636363636,0.20454545454545456,0.37142857142857144,0.37142857142857144,0.0846774193548387,0.25806451612903225,0.20945945945945946,0.3310810810810811,0.2905405405405405,0.16891891891891891,"Escobar, Alcides"
445213,141,54,45,8,22,0.42624113475177305,0.3758472891200841,37,R,0.35684647302904565,0.27800829875518673,0.06846473029045644,0.18464730290456433,0.3333333333333333,0.392,0.07459016393442623,0.15081967213114755,0.70625,0.14910714285714285,0.12232142857142857,0.022321428571428572,"Kintzler, Brandon"
445276,1021,281,172,102,311,0.2669441723800196,0.2692856437339264,37,R,0.2792149866190901,0.17305976806422838,0.09857270294380018,0.29750223015165034,0.25333333333333335,0.272,0.13236828377673449,0.13536776212832552,0.866146934460888,0.1272463002114165,0.0033033826638477802,0.0033033826638477802,"Jansen, Kenley"
445926,933,276,201,70,225,0.30643086816720255,0.3107426698170164,41,R,0.29816069699903197,0.2158760890609874,0.07599225556631171,0.23959341723136496,0.29333333333333333,0.336,0.08379501385041552,0.13739612188365652,0.8110955056179775,0.05856741573033708,0.12598314606741573,0.004353932584269663,"Chavez, Jesse"
446099,5,4,2,1,0,0.64,0.45312979999999997,38,R,0.34285714285714286,0.22857142857142856,0.09047619047619047,0.21428571428571427,0.4,0.4,0.0942622950819672,0.2540983606557377,0.4375,0.2152777777777778,0.1736111111111111,0.1736111111111111,"Axford, John"
446321,351,116,75,30,90,0.3455840455840456,0.3283688155604256,36,L,0.328159645232816,0.21507760532150777,0.08536585365853659,0.24944567627494457,0.36,0.368,0.09492803289924606,0.1418779986291981,0.8775727466288148,0.06777856635911994,0.04577714691270404,0.008871540099361249,"Detwiler, Ross"
446372,1364,441,342,79,279,0.34248533724340174,0.32923871715182285,37,R,0.32308743169398907,0.24863387978142076,0.05976775956284153,0.20594262295081966,0.4266666666666667,0.392,0.11367297623842126,0.1703584373741442,0.5930634662327096,0.28020748576078114,0.12418633034987794,0.0025427176566314076,"Kluber, Corey"
448179,1921,635,453,154,402,0.3446642373763665,0.3370451548029355,44,L,0.33003463631865415,0.23503216229589313,0.08040573973280554,0.21004453240969817,0.30666666666666664,0.376,0.08977163954601394,0.12293176534937782,0.513355362797742,0.4534627564367341,0.031460828858598376,0.001721051906925513,"Hill, Rich"
448281,252,83,55,26,61,0.3390873015873016,0.31855618462575275,36,L,0.32670454545454547,0.21875,0.09801136363636363,0.2372159090909091,0.24,0.296,0.12487757100881489,0.14495592556317335,0.778063851699279,0.15396498455200824,0.05509783728115345,0.012873326467559218,"Doolittle, Sean"
448855,307,116,67,46,61,0.3534201954397394,0.32402900130416656,36,R,0.36363636363636365,0.21867321867321868,0.1339066339066339,0.20515970515970516,0.37333333333333335,0.4,0.10981132075471699,0.15245283018867925,0.547843137254902,0.2803921568627451,0.1619607843137255,0.00980392156862745,"Guerra, Junior"
450203,3075,981,621,289,822,0.3147967479674797,0.31445067791992654,41,R,0.31905511811023624,0.20251968503937007,0.09370078740157481,0.26598425196850395,0.36,0.328,0.12299221725451234,0.14720980294750788,0.5125956102427669,0.399442966411706,0.08692218157632192,0.0010392417692051878,"Morton, Charlie"
451584,189,65,44,19,38,0.34973544973544973,0.3721105676263904,36,R,0.3356401384083045,0.22837370242214533,0.09515570934256055,0.2093425605536332,0.3466666666666667,0.336,0.10299194476409666,0.1622554660529344,0.7551892551892552,0.19963369963369965,0.029914529914529916,0.015262515262515262,"Davis, Wade"
452027,89,34,24,9,12,0.44887640449438204,0.44924844486711246,36,L,0.3492063492063492,0.24338624338624337,0.09259259259259259,0.18253968253968253,0.4266666666666667,0.3684210526315789,0.05268817204301075,0.14193548387096774,0.591566265060241,0.22048192771084338,0.1578313253012048,0.030120481927710843,"Albers, Andrew"
452657,621,217,159,55,91,0.3678743961352657,0.34583423263553326,37,L,0.34535367545076284,0.2510402219140083,0.08807212205270458,0.15742024965325938,0.38666666666666666,0.32,0.08810483870967742,0.15846774193548388,0.7240740740740741,0.08786008230452674,0.1829218106995885,0.0051440329218107,"Lester, Jon"
452678,4,1,1,0,0,0.225,0.349,36,R,0.3173076923076923,0.22115384615384615,0.08173076923076923,0.21634615384615385,0.3103448275862069,0.3103448275862069,0.08974358974358974,0.264957264957265,0.4253731343283582,0.20149253731343283,0.1865671641791045,0.1865671641791045,"Cabrera, Asdrúbal"
453178,564,176,120,51,131,0.3346631205673759,0.3297174267603084,39,R,0.3132530120481928,0.21385542168674698,0.08960843373493976,0.2311746987951807,0.3333333333333333,0.328,0.11397223466188984,0.13390058217644424,0.7922583600549702,0.06802565277141548,0.13398992212551536,0.0057260650480989465,"Kennedy, Ian"
453192,162,62,41,16,40,0.38209876543209875,0.3352590995932036,36,L,0.35877862595419846,0.24045801526717558,0.09351145038167939,0.2385496183206107,0.3333333333333333,0.36,0.11041666666666666,0.15,0.3455223880597015,0.6171641791044776,0.018656716417910446,0.018656716417910446,"Miller, Andrew"
453265,225,58,40,18,44,0.2491111111111111,0.2879120000575308,36,L,0.27692307692307694,0.19076923076923077,0.08153846153846153,0.20461538461538462,0.24,0.248,0.11645962732919254,0.18219461697722567,0.4164847161572052,0.2418122270742358,0.32805676855895194,0.013646288209606987,"Watson, Tony"
453268,806,276,145,113,206,0.3248759305210918,0.31264687314412326,38,R,0.33995584988962474,0.18432671081677704,0.13410596026490065,0.2522075055187638,0.4266666666666667,0.44,0.11106018942865872,0.11732355637030248,0.5077567483710829,0.45563139931740615,0.032423208191126277,0.004188644120384734,"Bard, Daniel"
453281,219,77,56,17,29,0.36141552511415526,0.3596049174839081,37,L,0.34169278996865204,0.2445141065830721,0.07993730407523511,0.1614420062695925,0.30666666666666664,0.328,0.09340044742729306,0.16554809843400448,0.643957345971564,0.11670616113744076,0.2245260663507109,0.01481042654028436,"LeBlanc, Wade"
453284,189,61,45,14,37,0.3288359788359788,0.31575079850141274,37,R,0.3217993079584775,0.23183391003460208,0.07785467128027682,0.20588235294117646,0.36,0.336,0.10363636363636364,0.1781818181818182,0.555483870967742,0.09096774193548388,0.33741935483870966,0.016129032258064516,"Parker, Blake"
453286,2271,593,435,128,688,0.2784896521356231,0.2744248636837771,40,R,0.2636018557570645,0.1927456769295656,0.05757064529734289,0.29966258962463094,0.29333333333333333,0.312,0.14756192380317673,0.1577252027102077,0.5521612867195353,0.30688037529319784,0.13956215793588742,0.0013961800513794258,"Scherzer, Max"
453343,533,177,124,50,96,0.3136960600375234,0.33447096216787614,37,R,0.330173775671406,0.23064770932069512,0.0924170616113744,0.1872037914691943,0.28,0.328,0.0905456255879586,0.13640639698965193,0.6500481695568401,0.3273121387283237,0.016618497109826588,0.006021194605009634,"Melancon, Mark"
453562,466,181,131,44,83,0.41738197424892703,0.37247450545029087,35,R,0.3763250883392226,0.2703180212014134,0.09275618374558305,0.18639575971731448,0.37333333333333335,0.432,0.07448537378114843,0.12296858071505959,0.5192093541202673,0.38780623608017817,0.08602449888641425,0.006959910913140312,"Arrieta, Jake"
455117,10,7,5,1,0,0.77,0.6025092424271381,37,R,0.35454545454545455,0.24545454545454545,0.08636363636363636,0.20454545454545456,0.42857142857142855,0.42857142857142855,0.08076923076923077,0.22307692307692312,0.18125,0.15625,0.50625,0.15625,"Maldonado, Martín"
455119,859,246,215,23,218,0.2956344586728754,0.28825924563672545,38,R,0.28988529718456724,0.24713242961418144,0.032846715328467155,0.2507820646506778,0.32,0.312,0.1133376082077589,0.15068932350112216,0.8036819811013359,0.07706093189964158,0.1151840990550668,0.004072987943955686,"Martin, Chris"
456034,496,158,119,35,98,0.33780241935483873,0.30725983643444027,37,L,0.3187919463087248,0.23657718120805368,0.07298657718120806,0.20218120805369127,0.21333333333333335,0.264,0.08552631578947369,0.11105263157894738,0.7554054054054054,0.035405405405405405,0.20243243243243242,0.006756756756756757,"Price, David"
456501,1398,447,353,81,245,0.3407725321888412,0.333856978032084,38,R,0.3197596795727637,0.25033377837116155,0.059746328437917225,0.17857142857142858,0.3333333333333333,0.328,0.08638646085177608,0.16068439650362656,0.5758400600713347,0.20640135160503098,0.2154120518115262,0.0023465365121081282,"Cueto, Johnny"
456713,338,96,64,28,96,0.3306213017751479,0.3057503815956961,37,R,0.2922374429223744,0.1963470319634703,0.08333333333333333,0.2705479452054795,0.3333333333333333,0.328,0.12460691823899371,0.14544025157232704,0.6166121112929623,0.36292962356792147,0.010229132569558102,0.010229132569558102,"Bush, Matt"
457759,5,2,2,0,0,0.36,0.6222715873015872,37,R,0.3238095238095238,0.22857142857142856,0.08095238095238096,0.21428571428571427,0.3333333333333333,0.3333333333333333,0.09545454545454546,0.26363636363636367,0.35833333333333334,0.225,0.20833333333333334,0.20833333333333334,"Turner, Justin"
457915,35,18,12,3,4,0.5685714285714285,0.5289286344448655,36,R,0.37037037037037035,0.2518518518518518,0.08518518518518518,0.1962962962962963,0.43333333333333335,0.43333333333333335,0.07862903225806452,0.18951612903225806,0.4722222222222222,0.3813131313131313,0.08333333333333333,0.06313131313131314,"Guerra, Javy"
457918,669,228,177,48,122,0.3680866965620329,0.3571082999996945,39,L,0.3381014304291287,0.258777633289987,0.07347204161248375,0.18790637191157347,0.3466666666666667,0.304,0.082732516222062,0.14888248017303532,0.7075991189427313,0.16501468428781205,0.12279735682819383,0.004588839941262849,"Happ, J.A."
458676,91,39,26,10,19,0.4642857142857143,0.44799213303141094,35,R,0.3717277486910995,0.2513089005235602,0.0968586387434555,0.21727748691099477,0.37333333333333335,0.4051724137931034,0.09615384615384616,0.16968325791855204,0.5395408163265306,0.24872448979591838,0.1798469387755102,0.03188775510204082,"Lindblom, Josh"
458677,403,132,100,29,96,0.35521091811414396,0.32375313636564734,37,L,0.3260437375745527,0.24254473161033796,0.07455268389662027,0.2355864811133201,0.41333333333333333,0.336,0.1076874205844981,0.150571791613723,0.7982283464566929,0.17946194225721784,0.01410761154855643,0.008202099737532808,"Wilson, Justin"
458681,2592,795,583,186,629,0.3308449074074074,0.3174915033695397,37,R,0.3072065378900446,0.22473997028231799,0.07225111441307577,0.24201337295690936,0.28,0.28,0.12131844237991699,0.14617513342557817,0.8488776321017084,0.0923222089789432,0.05755860150973381,0.0012415574096146206,"Lynn, Lance"
458708,218,75,69,5,37,0.39013761467889907,0.3438458418602908,37,R,0.33647798742138363,0.2861635220125786,0.04245283018867924,0.1871069182389937,0.37333333333333335,0.336,0.1183920704845815,0.21145374449339208,0.6707459207459208,0.28613053613053613,0.028554778554778556,0.014568764568764568,"Tomlin, Josh"
459429,425,113,89,22,86,0.2952941176470588,0.30191345705474243,36,L,0.2761904761904762,0.21142857142857144,0.058095238095238096,0.20666666666666667,0.3333333333333333,0.32,0.09975445058317986,0.12584407612031923,0.8476884103863205,0.136478784040532,0.007916402786573781,0.007916402786573781,"McGee, Jake"
461325,141,49,28,15,27,0.3407801418439716,0.348472264830293,37,R,0.3360995850622407,0.2074688796680498,0.0975103734439834,0.2053941908713693,0.3466666666666667,0.36,0.10032102728731943,0.12841091492776885,0.42670157068062825,0.08464223385689354,0.4668411867364747,0.02181500872600349,"Clippard, Tyler"
461865,5,2,2,0,1,0.58,0.47429999999999994,36,R,0.3238095238095238,0.22857142857142856,0.08095238095238096,0.22380952380952382,0.3333333333333333,0.3333333333333333,0.10869565217391304,0.2521739130434783,0.2692307692307692,0.19230769230769232,0.34615384615384615,0.19230769230769232,"Romine, Andrew"
461872,56,22,20,1,9,0.46249999999999997,0.40600733373734105,36,R,0.34615384615384615,0.2692307692307692,0.060897435897435896,0.20192307692307693,0.36,0.37037037037037035,0.08862876254180602,0.1705685618729097,0.4036144578313253,0.4959839357429719,0.050200803212851405,0.050200803212851405,"Swarzak, Anthony"
465657,159,52,39,12,40,0.34811320754716985,0.30361899228409606,37,R,0.32432432432432434,0.23552123552123552,0.07915057915057915,0.2413127413127413,0.32,0.32,0.12411347517730496,0.16312056737588654,0.5732824427480916,0.25572519083969464,0.15190839694656488,0.019083969465648856,"Soria, Joakim"
467008,10,4,2,2,3,0.32,0.3361434,36,R,0.32727272727272727,0.21818181818181817,0.09545454545454546,0.2318181818181818,0.34285714285714286,0.34285714285714286,0.10689655172413794,0.23448275862068965,0.46842105263157896,0.26842105263157895,0.13157894736842105,0.13157894736842105,"Strop, Pedro"
468504,506,166,113,51,86,0.35276679841897235,0.33069724282113255,34,R,0.32673267326732675,0.22277227722772278,0.09818481848184818,0.17904290429042904,0.41333333333333333,0.36,0.09306387225548902,0.13373253493013973,0.422978505629478,0.5324974411463664,0.03812691914022518,0.0063971340839304,"Chacín, Jhoulys"
471911,1816,614,461,134,376,0.35886563876651983,0.3374513451242288,37,R,0.33716075156576203,0.2520876826722338,0.07437369519832986,0.20798538622129437,0.36,0.336,0.11844044811320754,0.1711379716981132,0.45077220077220076,0.2932135432135432,0.25415800415800416,0.0018562518562518563,"Carrasco, Carlos"
472551,132,50,39,11,16,0.3965909090909091,0.3524696765382943,38,L,0.35344827586206895,0.2629310344827586,0.08405172413793104,0.16594827586206898,0.37333333333333335,0.352,0.0632582322357019,0.15771230502599654,0.5834914611005693,0.22675521821631878,0.16603415559772297,0.023719165085388995,"Abad, Fernando"
472610,966,299,217,68,219,0.3153209109730849,0.2994760035178034,37,R,0.31050656660412757,0.22420262664165103,0.07176360225140713,0.22654784240150094,0.3466666666666667,0.304,0.12468584194359117,0.1586149120357442,0.5744831492495044,0.2935429056924384,0.1281506655338431,0.0038232795242141037,"García, Luis"
474463,404,132,102,28,58,0.34368811881188116,0.36021118839731203,33,L,0.3253968253968254,0.24603174603174602,0.07242063492063493,0.1597222222222222,0.36,0.376,0.06871890547263682,0.15796019900497513,0.5292041078305519,0.2063543003851091,0.25641848523748395,0.008023106546854942,"Anderson, Brett"
475054,4,2,1,1,2,0.575,0.6070681388888889,35,R,0.3269230769230769,0.22115384615384615,0.09134615384615384,0.23557692307692307,0.3448275862068966,0.3448275862068966,0.10975609756097561,0.2520325203252033,0.3219178082191781,0.3356164383561644,0.17123287671232876,0.17123287671232876,"Roe, Chaz"
475479,328,104,64,35,80,0.2913109756097561,0.30253678416310764,36,R,0.3177570093457944,0.20093457943925233,0.10163551401869159,0.23948598130841123,0.30666666666666664,0.344,0.07700067249495629,0.1425689307330195,0.6482254697286013,0.26687543493389004,0.07620041753653445,0.008698677800974252,"Phelps, David"
476454,5,2,0,1,1,0.27999999999999997,0.3901298,33,R,0.3238095238095238,0.20952380952380953,0.09047619047619047,0.22380952380952382,0.3333333333333333,0.3333333333333333,0.09504132231404959,0.2479338842975207,0.34507042253521125,0.3028169014084507,0.176056338028169,0.176056338028169,"Betances, Dellin"
476594,56,26,13,12,10,0.4428571428571429,0.4114001200349224,34,R,0.3717948717948718,0.22435897435897437,0.13141025641025642,0.20833333333333334,0.4,0.41975308641975306,0.10634328358208955,0.17537313432835822,0.6307339449541285,0.1628440366972477,0.14908256880733944,0.05733944954128441,"Stock, Robert"
476595,668,203,154,40,172,0.30441616766467067,0.2845093214517009,37,L,0.3059895833333333,0.22916666666666666,0.06315104166666667,0.2532552083333333,0.3333333333333333,0.32,0.1262010347376201,0.19696969696969696,0.573230421686747,0.4173569277108434,0.00470632530120482,0.00470632530120482,"Luetge, Lucas"
477132,1762,472,365,97,475,0.2880249716231555,0.28044409019231065,36,L,0.2706766917293233,0.20784103114930183,0.05665950590762621,0.26718582169709987,0.37333333333333335,0.344,0.14284616566774244,0.15982787767020132,0.3807495741056218,0.6012854266687316,0.016029115688400188,0.0019358835372463993,"Kershaw, Clayton"
488748,83,34,17,15,16,0.41566265060240964,0.40274720953918147,35,L,0.36065573770491804,0.21311475409836064,0.1284153005464481,0.2103825136612022,0.41333333333333333,0.3888888888888889,0.09517766497461928,0.15736040609137056,0.5712209302325582,0.3561046511627907,0.036337209302325583,0.036337209302325583,"Buchter, Ryan"
488984,244,72,55,14,54,0.32274590163934425,0.32477109457788483,37,R,0.3023255813953488,0.2238372093023256,0.06540697674418605,0.22238372093023256,0.3333333333333333,0.336,0.0954118873826903,0.1710114702815433,0.786028602860286,0.14686468646864687,0.05335533553355336,0.013751375137513752,"Hunter, Tommy"
489119,1401,429,309,110,239,0.3189150606709493,0.3155510006286209,38,L,0.30712858094603596,0.22051965356429049,0.07894736842105263,0.17421718854097268,0.30666666666666664,0.304,0.09268432082301391,0.1630786816536483,0.6490671282939027,0.08299673014041162,0.2655318330448163,0.002404308520869398,"Miley, Wade"
489265,346,107,77,28,76,0.3296242774566474,0.30566678594213786,40,R,0.3116591928251121,0.2219730941704036,0.08183856502242152,0.22085201793721973,0.37333333333333335,0.336,0.11517797179314976,0.18200134318334452,0.33599722029186935,0.5361362056984017,0.11917998610145934,0.008686587908269632,"Romo, Sergio"
489334,552,159,131,23,122,0.3135869565217391,0.2964933755268373,38,R,0.2929447852760736,0.23466257668711657,0.04831288343558282,0.22162576687116564,0.3466666666666667,0.352,0.10834518729255571,0.17022285443338075,0.7117532782904322,0.26396308887809616,0.018212724623603693,0.006070908207867897,"Stammen, Craig"
489446,565,156,74,75,185,0.26017699115044246,0.2860995249226096,37,R,0.28270676691729324,0.1443609022556391,0.1255639097744361,0.31203007518796994,0.22666666666666666,0.24,0.13933389544688027,0.16568296795952783,0.5613695090439277,0.015719207579672698,0.41623600344530576,0.006675279931093884,"Yates, Kirby"
491624,252,90,73,16,55,0.3785714285714286,0.3424136315889366,38,R,0.3465909090909091,0.26988636363636365,0.06960227272727272,0.22017045454545456,0.3333333333333333,0.352,0.1378737541528239,0.21040974529346623,0.20457209847596716,0.0615474794841735,0.7192262602579133,0.014654161781946073,"Valdez, César"
491703,19,7,5,1,3,0.4052631578947368,0.4194594465437097,33,R,0.3277310924369748,0.226890756302521,0.07983193277310924,0.21428571428571427,0.3409090909090909,0.3409090909090909,0.10479041916167664,0.2754491017964072,0.5085470085470085,0.2094017094017094,0.1752136752136752,0.10683760683760683,"Feliz, Neftalí"
493603,1089,347,207,112,294,0.3071625344352617,0.2820579562842263,39,R,0.3187552565180824,0.19259882253994953,0.10134566862910008,0.2661900756938604,0.30666666666666664,0.336,0.11005798394290811,0.13849241748438895,0.5296571944068561,0.3983987370320253,0.06912494361750113,0.002819124943617501,"Ottavino, Adam"
500610,271,77,53,20,63,0.2867158671586716,0.26936155620825036,33,R,0.29380053908355797,0.20215633423180593,0.07681940700808626,0.23045822102425875,0.3333333333333333,0.312,0.12268128161888701,0.1821247892074199,0.445862676056338,0.2363556338028169,0.3067781690140845,0.011003521126760563,"Guerra, Deolis"
500743,18,6,4,1,0,0.36666666666666664,0.315272432748538,35,R,0.3220338983050847,0.22033898305084745,0.08050847457627118,0.1906779661016949,0.32558139534883723,0.32558139534883723,0.076158940397351,0.24503311258278146,0.2623762376237624,0.12376237623762376,0.4900990099009901,0.12376237623762376,"Rojas, Miguel"
500779,2167,694,492,185,446,0.3236040609137056,0.32776627407921366,35,L,0.3202470224966917,0.2267313630348478,0.08535509483899427,0.2066607851786502,0.30666666666666664,0.288,0.0977602559707462,0.17278025368529312,0.5401103321457303,0.272554878749569,0.18589817262383634,0.0014366164808642685,"Quintana, Jose"
500871,16,4,2,1,0,0.278125,0.27624425,34,R,0.3103448275862069,0.20689655172413793,0.08189655172413793,0.1939655172413793,0.2926829268292683,0.2926829268292683,0.0798611111111111,0.2569444444444444,0.30319148936170215,0.13297872340425532,0.4308510638297872,0.13297872340425532,"Escobar, Eduardo"
501303,4,1,0,1,1,0.175,0.178186,33,R,0.3173076923076923,0.21153846153846154,0.09134615384615384,0.22596153846153846,0.3103448275862069,0.3103448275862069,0.10267857142857142,0.25892857142857145,0.3951612903225806,0.20161290322580644,0.20161290322580644,0.20161290322580644,"Adrianza, Ehire"
501381,655,203,172,29,114,0.35061068702290077,0.35227939192444874,33,R,0.31125827814569534,0.25695364238410595,0.04966887417218543,0.18079470198675496,0.41333333333333333,0.368,0.0975177304964539,0.16666666666666666,0.5508440514469454,0.2666800643086817,0.17745176848874597,0.00502411575562701,"Pineda, Michael"
501593,27,11,7,3,4,0.4111111111111111,0.3813274674329502,32,L,0.33858267716535434,0.2283464566929134,0.09055118110236221,0.20866141732283464,0.36538461538461536,0.36538461538461536,0.0889423076923077,0.1778846153846154,0.370253164556962,0.12341772151898735,0.4272151898734177,0.07911392405063292,"Avilán, Luis"
501625,355,105,74,29,61,0.30014084507042255,0.3163723206077559,33,L,0.3010989010989011,0.210989010989011,0.08241758241758242,0.1835164835164835,0.41333333333333333,0.352,0.09472511144130757,0.15230312035661217,0.589891975308642,0.10686728395061729,0.2935956790123457,0.009645061728395061,"Alvarez, Jose"
501697,3,2,2,0,1,0.7166666666666667,0.7166666666666667,34,R,0.3300970873786408,0.23300970873786409,0.0825242718446602,0.22815533980582525,0.35714285714285715,0.35714285714285715,0.105,0.28,0.25,0.25,0.25,0.25,"Mariñez, Jhan"
501789,35,12,8,3,10,0.4185714285714286,0.36127181798284536,38,R,0.32592592592592595,0.2222222222222222,0.08518518518518518,0.24074074074074073,0.3333333333333333,0.3333333333333333,0.1127659574468085,0.2127659574468085,0.6567567567567567,0.20810810810810812,0.06756756756756757,0.06756756756756757,"Harris, Will"
501925,306,104,81,19,53,0.36519607843137253,0.31532172105710776,38,R,0.33497536945812806,0.2536945812807882,0.06773399014778325,0.18596059113300492,0.38666666666666666,0.36,0.08528698464025869,0.16572352465642684,0.6558550968828981,0.3112889637742207,0.02232518955349621,0.010530749789385004,"Smith, Joe"
501985,1122,369,276,81,225,0.357397504456328,0.32453384043138295,35,L,0.3281505728314239,0.24386252045826515,0.07324058919803601,0.20253682487725042,0.41333333333333333,0.384,0.09785282934466562,0.15701185417132632,0.42218954987559376,0.3649626781271206,0.21002035738520697,0.0028274146120787153,"Minor, Mike"
502042,532,169,110,56,106,0.325,0.34752361488270045,34,R,0.3180379746835443,0.2088607594936709,0.10205696202531646,0.20332278481012658,0.3333333333333333,0.336,0.10004416961130742,0.1356007067137809,0.37240289069557364,0.47854561878952123,0.1434056007226739,0.005645889792231256,"Archer, Chris"
502043,3161,1016,745,242,644,0.3308763049667827,0.32957057214558844,37,R,0.3213738117141981,0.23520392517632627,0.07681692732290708,0.20438515792701625,0.36,0.304,0.1072236654655158,0.15469705857705524,0.59845998485231,0.27076495834385256,0.12972313388874862,0.0010519229150887824,"Gibson, Kyle"
502083,41,16,11,3,7,0.48048780487804876,0.3950924814814815,36,R,0.3404255319148936,0.23404255319148937,0.08156028368794327,0.20921985815602837,0.36363636363636365,0.36363636363636365,0.08458646616541353,0.20300751879699247,0.7152777777777778,0.11805555555555555,0.1087962962962963,0.05787037037037037,"McAllister, Zach"
502085,962,282,172,99,299,0.28529106029106027,0.2840472400873458,39,R,0.295668549905838,0.18267419962335216,0.1012241054613936,0.3027306967984934,0.29333333333333333,0.32,0.12518987341772153,0.14075949367088608,0.5670512820512821,0.4167948717948718,0.012948717948717948,0.003205128205128205,"Robertson, David"
502154,90,39,18,19,17,0.3994444444444445,0.3385664703703704,35,L,0.3736842105263158,0.21052631578947367,0.14473684210526316,0.20789473684210527,0.4,0.40869565217391307,0.09334763948497854,0.19742489270386265,0.765625,0.17427884615384615,0.030048076923076924,0.030048076923076924,"Britton, Zack"
502171,1803,565,430,123,409,0.314891846921797,0.3071536710093299,37,R,0.3137151865475565,0.2375197057277982,0.06910141881240148,0.22674724119810824,0.30666666666666664,0.336,0.09703639764062724,0.1661631419939577,0.42392406897551077,0.1768584263150268,0.3972612664831184,0.001956238226344008,"Cobb, Alex"
502179,1062,341,279,58,207,0.3526365348399247,0.34719004415632665,37,R,0.32099827882960413,0.25903614457831325,0.0572289156626506,0.19750430292598967,0.4,0.384,0.08693001706900756,0.1397220190197513,0.4977783263391755,0.4405085164156998,0.05862749938286843,0.003085657862256233,"Espino, Paolo"
502202,653,200,123,68,175,0.2983154670750383,0.3056741430168104,35,R,0.30810092961487384,0.19256308100929614,0.10159362549800798,0.26228419654714474,0.32,0.344,0.10971019947308995,0.11479111780203237,0.5479478327579593,0.24530111238972,0.20195627157652474,0.004794783275795934,"Boxberger, Brad"
502210,5,3,2,1,0,0.79,0.7220537448275862,34,R,0.3333333333333333,0.22857142857142856,0.09047619047619047,0.21428571428571427,0.36666666666666664,0.36666666666666664,0.08974358974358974,0.25641025641025644,0.4253731343283582,0.20149253731343283,0.1865671641791045,0.1865671641791045,"Reddick, Josh"
502239,165,57,42,14,32,0.34727272727272723,0.3337965577115664,33,R,0.33584905660377357,0.24150943396226415,0.08490566037735849,0.20566037735849058,0.3466666666666667,0.336,0.09215686274509804,0.1568627450980392,0.5237762237762238,0.21888111888111889,0.23986013986013985,0.017482517482517484,"Cahill, Trevor"
502273,1,0,0,0,1,0.0,0.0,34,R,0.31683168316831684,0.21782178217821782,0.08415841584158416,0.23267326732673269,0.3076923076923077,0.3076923076923077,0.10096153846153846,0.2692307692307693,0.23148148148148148,0.3055555555555556,0.23148148148148148,0.23148148148148148,"Freeman, Mike"
502327,117,38,27,11,30,0.3162393162393162,0.25826880423280424,34,L,0.3225806451612903,0.22580645161290322,0.08986175115207373,0.24193548387096775,0.38666666666666666,0.328,0.12098138747884941,0.18274111675126903,0.6312384473197782,0.09149722735674677,0.2541589648798521,0.02310536044362292,"Santiago, Héctor"
502522,81,28,20,6,13,0.37222222222222223,0.4101012316263747,34,R,0.3314917127071823,0.23204419889502761,0.08011049723756906,0.19613259668508287,0.3333333333333333,0.33962264150943394,0.0949367088607595,0.17974683544303796,0.6536231884057971,0.27391304347826084,0.036231884057971016,0.036231884057971016,"Miller, Justin"
502578,6,3,2,1,0,0.6,0.6,34,R,0.330188679245283,0.22641509433962265,0.08962264150943396,0.21226415094339623,0.3548387096774194,0.3548387096774194,0.09130434782608696,0.2521739130434783,0.34615384615384615,0.2692307692307692,0.19230769230769232,0.19230769230769232,"Barrett, Aaron"
502593,32,14,6,7,8,0.3796875,0.41447069633838385,33,R,0.3484848484848485,0.21212121212121213,0.11742424242424243,0.23106060606060605,0.38596491228070173,0.38596491228070173,0.10851063829787234,0.2127659574468085,0.45135135135135135,0.14864864864864866,0.3324324324324324,0.06756756756756757,"Petricka, Jake"
502624,983,335,227,91,172,0.35483214649033573,0.3407837431874695,37,R,0.33887349953831947,0.2299168975069252,0.09187442289935364,0.1795937211449677,0.4,0.352,0.09766584766584767,0.14054054054054055,0.5737562189054727,0.15286069651741294,0.270273631840796,0.003109452736318408,"Anderson, Chase"
502706,231,79,58,20,53,0.3489177489177489,0.3030450904709389,36,L,0.33534743202416917,0.24169184290030213,0.08610271903323263,0.2280966767371601,0.25333333333333335,0.288,0.10748663101604278,0.1443850267379679,0.5485875706214689,0.3327683615819209,0.10451977401129943,0.014124293785310734,"Holland, Derek"
502748,47,19,10,6,6,0.4340425531914893,0.4167895962122984,34,R,0.3469387755102041,0.21768707482993196,0.09863945578231292,0.19387755102040816,0.375,0.375,0.09027777777777778,0.18981481481481483,0.39457831325301207,0.32228915662650603,0.20783132530120482,0.07530120481927711,"Peacock, Brad"
503285,152,48,30,15,40,0.3134868421052632,0.28716712216175094,40,R,0.31746031746031744,0.20634920634920634,0.09325396825396826,0.24801587301587302,0.3333333333333333,0.312,0.12240356083086053,0.18991097922848665,0.49759615384615385,0.4623397435897436,0.020032051282051284,0.020032051282051284,"O'Day, Darren"
503449,605,205,134,66,95,0.33859504132231405,0.3381566023999676,35,R,0.33617021276595743,0.22127659574468084,0.10567375886524823,0.16666666666666666,0.4,0.392,0.08811390837804375,0.13495666529096162,0.5286557100716393,0.24715549936788875,0.21892119679730299,0.005267593763168985,"Peralta, Wily"
503556,4,0,0,0,0,0.0,0.1205,33,R,0.3076923076923077,0.21153846153846154,0.08173076923076923,0.21634615384615385,0.27586206896551724,0.27586206896551724,0.09130434782608696,0.2782608695652174,0.2692307692307692,0.2076923076923077,0.33076923076923076,0.19230769230769232,"Gonzalez, Marwin"
503569,156,59,29,27,39,0.3554487179487179,0.3249302089595008,33,R,0.35546875,0.19921875,0.138671875,0.240234375,0.36,0.408,0.10567375886524823,0.14468085106382977,0.6206106870229008,0.23129770992366414,0.12900763358778625,0.019083969465648856,"Dolis, Rafael"
505447,10,5,5,0,1,0.63,0.41421111111111114,37,R,0.33636363636363636,0.24545454545454545,0.07727272727272727,0.21363636363636362,0.37142857142857144,0.37142857142857144,0.1,0.24444444444444444,0.38235294117647056,0.31176470588235294,0.1588235294117647,0.14705882352941177,"Dickson, Brandon"
506433,2546,712,521,156,659,0.2962686567164179,0.2968732471212877,38,R,0.2811791383219955,0.20521541950113378,0.062169312169312166,0.2575585789871504,0.24,0.24,0.11543141032140322,0.1332251850349792,0.38026087842657696,0.5470804035463162,0.07128299194945481,0.0013757260776520942,"Darvish, Yu"
506702,37,10,8,1,2,0.3608108108108108,0.3383976803655176,34,R,0.30656934306569344,0.21897810218978103,0.06934306569343066,0.17883211678832117,0.2903225806451613,0.2903225806451613,0.06553398058252427,0.1941747572815534,0.7596153846153846,0.08012820512820513,0.08012820512820513,0.08012820512820513,"León, Sandy"
516853,18,9,5,3,4,0.4861111111111111,0.4861111111111111,34,R,0.3474576271186441,0.2288135593220339,0.09745762711864407,0.2245762711864407,0.3953488372093023,0.3953488372093023,0.10511363636363637,0.19886363636363635,0.6388888888888888,0.1626984126984127,0.0992063492063492,0.0992063492063492,"Rodríguez, Wilking"
517008,554,191,134,53,100,0.3617328519855596,0.347377034902658,35,R,0.3409785932721712,0.23853211009174313,0.09403669724770643,0.18730886850152906,0.36,0.392,0.11327392120075047,0.1721388367729831,0.9819884726224783,0.006003842459173871,0.006003842459173871,0.006003842459173871,"Colomé, Alex"
518397,504,151,116,31,81,0.29444444444444445,0.2969663505858603,35,L,0.3029801324503311,0.22847682119205298,0.06539735099337748,0.17135761589403972,0.32,0.304,0.09618528610354224,0.1667574931880109,0.6988795518207283,0.18123249299719887,0.11288515406162465,0.0070028011204481795,"Alexander, Scott"
518435,14,6,4,2,2,0.5142857142857142,0.4529118604522891,33,R,0.3333333333333333,0.22807017543859648,0.09210526315789473,0.2149122807017544,0.358974358974359,0.358974358974359,0.09797297297297297,0.20945945945945948,0.45408163265306123,0.2602040816326531,0.15816326530612246,0.12755102040816327,"Barreda, Manny"
518464,18,6,4,1,2,0.4083333333333333,0.4083333333333333,33,R,0.3220338983050847,0.22033898305084745,0.08050847457627118,0.2076271186440678,0.32558139534883723,0.32558139534883723,0.105,0.28,0.25,0.25,0.25,0.25,"Blair, Seth"
518489,770,232,179,49,177,0.32272727272727275,0.3207388272643569,37,R,0.30344827586206896,0.23103448275862068,0.06609195402298851,0.2293103448275862,0.30666666666666664,0.264,0.1227112676056338,0.1591549295774648,0.5976702508960573,0.38870967741935486,0.00913978494623656,0.004480286738351254,"Brasier, Ryan"
518516,1475,484,353,109,262,0.35261016949152546,0.34609531483323946,34,L,0.32761904761904764,0.23809523809523808,0.0746031746031746,0.18063492063492065,0.4266666666666667,0.44,0.08494378074490513,0.13475052705551652,0.6939914923785891,0.2009039347749025,0.10288904643743353,0.0022155264090747964,"Bumgarner, Madison"
518553,610,209,120,69,141,0.3244262295081967,0.31705403679275324,36,R,0.33943661971830985,0.2,0.10915492957746478,0.23028169014084507,0.30666666666666664,0.336,0.0904296875,0.144140625,0.6109561752988047,0.3758964143426295,0.008167330677290837,0.0049800796812749,"Cishek, Steve"
518566,13,4,2,1,3,0.24615384615384617,0.24615384615384617,33,R,0.3185840707964602,0.21238938053097345,0.084070796460177,0.22566371681415928,0.3157894736842105,0.3157894736842105,0.105,0.28,0.25,0.25,0.25,0.25,"Cole, Taylor"
518585,654,197,119,74,239,0.3051223241590214,0.2998932598638339,34,R,0.3037135278514589,0.1870026525198939,0.10941644562334217,0.34681697612732093,0.29333333333333333,0.312,0.1653469079939668,0.17345399698340874,0.5931975403535742,0.026325903151421984,0.37567255956956186,0.0048039969254419675,"Cruz, Fernando"
518586,19,7,5,2,0,0.3868421052631579,0.4280121673414305,35,R,0.3277310924369748,0.226890756302521,0.08823529411764706,0.18907563025210083,0.3409090909090909,0.3409090909090909,0.08041958041958042,0.23076923076923078,0.5752688172043011,0.15591397849462366,0.13440860215053763,0.13440860215053763,"Culberson, Charlie"
518617,971,337,167,151,281,0.33480947476828016,0.3194334184552719,37,L,0.3445378151260504,0.17647058823529413,0.14892623716153128,0.2833800186741363,0.37333333333333335,0.368,0.11937590711175616,0.13159167876149008,0.6463026444662096,0.28905484818805094,0.06158178256611165,0.0030607247796278158,"Diekman, Jake"
518626,3,0,0,0,0,0.0,0.4504222222222222,38,R,0.3106796116504854,0.21359223300970873,0.0825242718446602,0.21844660194174756,0.2857142857142857,0.2857142857142857,0.0945945945945946,0.2792792792792793,0.3360655737704918,0.20491803278688525,0.2540983606557377,0.20491803278688525,"Donaldson, Josh"
518633,265,77,54,23,69,0.29735849056603775,0.3108396373749563,36,L,0.29863013698630136,0.20821917808219179,0.0863013698630137,0.25068493150684934,0.29333333333333333,0.304,0.13118374558303886,0.16607773851590105,0.5457486136783734,0.2869685767097967,0.15573012939001848,0.01155268022181146,"Duffy, Danny"
518693,1,0,0,0,0,0.0,0.0,35,L,0.31683168316831684,0.21782178217821782,0.08415841584158416,0.22277227722772278,0.3076923076923077,0.3076923076923077,0.10294117647058823,0.2843137254901961,0.27884615384615385,0.2403846153846154,0.2403846153846154,0.2403846153846154,"Freeman, Sam"
518748,102,37,24,11,16,0.375,0.35385601834360314,34,R,0.3415841584158416,0.22772277227722773,0.09653465346534654,0.1905940594059406,0.3466666666666667,0.352,0.11007957559681697,0.1962864721485411,0.38685015290519875,0.536697247706422,0.0382262996941896,0.0382262996941896,"Grimm, Justin"
518774,580,202,160,37,95,0.3716379310344828,0.35160983318961375,32,R,0.34411764705882353,0.2676470588235294,0.06691176470588235,0.17279411764705882,0.3333333333333333,0.36,0.08211835334476844,0.13850771869639794,0.541849255039439,0.3310692375109553,0.12160385626643296,0.005477651183172656,"Harvey, Matt"
518813,282,88,59,28,64,0.3294326241134752,0.35520770244440303,37,R,0.31413612565445026,0.21204188481675393,0.09554973821989529,0.22643979057591623,0.29333333333333333,0.304,0.12192013593882753,0.1631265930331351,0.3890860692102928,0.5887311446317658,0.011091393078970719,0.011091393078970719,"Holland, Greg"
518858,87,29,16,12,14,0.36321839080459767,0.36210461365706653,35,R,0.32620320855614976,0.20320855614973263,0.10962566844919786,0.19518716577540107,0.3333333333333333,0.33035714285714285,0.12591687041564792,0.16381418092909536,0.575208913649025,0.3467966573816156,0.04317548746518106,0.034818941504178275,"Jones, Nate"
518876,2649,780,566,201,614,0.30604001510003775,0.31594971307377523,36,R,0.2953801382320844,0.21389596216806112,0.07620953073845034,0.23153874136049474,0.28,0.272,0.10330207501995212,0.1565243415802075,0.6256767595748948,0.1639763384800481,0.2089933827952677,0.0013535191497894526,"Kelly, Merrill"
518886,1082,325,184,122,358,0.29602587800369684,0.2930052875971697,36,R,0.3020304568527919,0.17428087986463622,0.11040609137055837,0.321912013536379,0.37333333333333335,0.4,0.13574911347517732,0.13674645390070922,0.646010757507844,0.3470416853428956,0.004146122814881219,0.002801434334379202,"Kimbrel, Craig"
519008,570,189,141,40,84,0.33543859649122804,0.3254285231585079,35,L,0.32985074626865674,0.24328358208955222,0.07238805970149254,0.15895522388059702,0.3333333333333333,0.328,0.08277027027027027,0.16264478764478765,0.574431256181998,0.2361523244312562,0.18323442136498516,0.006181998021760633,"McFarland, T.J."
519043,1111,358,221,127,259,0.3243024302430243,0.30654516144746935,35,L,0.3220478943022296,0.20066061106523533,0.11189099917423617,0.2324525185796862,0.3466666666666667,0.32,0.12332718043377942,0.15574526995846794,0.5253267973856209,0.23634453781512604,0.2354108309990663,0.0029178338001867414,"Moore, Matt"
519048,4,1,1,0,1,0.225,0.18475,36,L,0.3173076923076923,0.22115384615384615,0.08173076923076923,0.22596153846153846,0.3103448275862069,0.3103448275862069,0.08974358974358974,0.28205128205128205,0.3805970149253731,0.21641791044776118,0.21641791044776118,0.1865671641791045,"Moreland, Mitch"
519076,127,39,14,20,45,0.24803149606299213,0.2517132467191601,34,R,0.31277533039647576,0.15859030837004406,0.12555066079295155,0.2973568281938326,0.32,0.296,0.14251968503937007,0.16535433070866143,0.32735042735042735,0.6299145299145299,0.021367521367521368,0.021367521367521368,"Nelson, Jimmy"
519141,111,32,21,11,30,0.2756756756756757,0.2795058662189276,36,L,0.3033175355450237,0.2037914691943128,0.0924170616113744,0.24881516587677724,0.29333333333333333,0.304,0.11037735849056604,0.1169811320754717,0.7010416666666667,0.246875,0.026041666666666668,0.026041666666666668,"Pomeranz, Drew"
519151,1050,278,205,67,319,0.27038095238095233,0.2743806506836548,36,R,0.26956521739130435,0.1973913043478261,0.06565217391304348,0.29695652173913045,0.32,0.336,0.14944034293879496,0.17456537270778757,0.32043865991805254,0.6132803085080742,0.06326825741142444,0.003012774162448783,"Pressly, Ryan"
519203,3,1,0,1,1,0.2333333333333333,0.28923899999999997,32,L,0.32038834951456313,0.21359223300970873,0.09223300970873786,0.22815533980582525,0.32142857142857145,0.32142857142857145,0.1,0.24347826086956526,0.36153846153846153,0.25384615384615383,0.19230769230769232,0.19230769230769232,"Rizzo, Anthony"
519242,1435,419,307,89,429,0.30094076655052265,0.28592417834880723,35,L,0.2938110749185668,0.21433224755700325,0.06351791530944625,0.29413680781758955,0.32,0.296,0.13345831101589,0.1665773968934119,0.47441902359935145,0.37894073139974777,0.14438839848675913,0.002251846514141596,"Sale, Chris"
519293,1044,311,207,92,262,0.3048850574712644,0.30036821246022083,35,L,0.29982517482517484,0.20017482517482518,0.08784965034965035,0.2486888111888112,0.36,0.328,0.13833841463414634,0.17835365853658536,0.399511065362841,0.5600874935666496,0.0371847658260422,0.003216675244467319,"Smith, Will"
519299,21,8,7,0,1,0.4547619047619048,0.37353115343915344,35,R,0.3305785123966942,0.2396694214876033,0.07024793388429752,0.19421487603305784,0.34782608695652173,0.34782608695652173,0.08035714285714286,0.25595238095238093,0.6822033898305084,0.1059322033898305,0.1059322033898305,0.1059322033898305,"Sogard, Eric"
519326,882,271,180,80,195,0.3187074829931973,0.319891975535229,36,R,0.3085539714867617,0.20570264765784113,0.09012219959266803,0.2214867617107943,0.30666666666666664,0.32,0.10943008225616921,0.14159811985898943,0.6191115086463924,0.3337805605247466,0.04308288610614192,0.004025044722719142,"Strickland, Hunter"
519443,145,60,39,21,28,0.40379310344827585,0.3936354428867362,34,R,0.37551020408163266,0.24897959183673468,0.12040816326530612,0.20612244897959184,0.4,0.384,0.0886178861788618,0.14959349593495935,0.46991150442477875,0.48584070796460177,0.022123893805309734,0.022123893805309734,"Workman, Brandon"
519455,26,11,8,2,0,0.4403846153846154,0.45236614792899404,35,R,0.3412698412698413,0.23809523809523808,0.08333333333333333,0.17857142857142858,0.37254901960784315,0.37254901960784315,0.06868131868131869,0.21428571428571427,0.3522727272727273,0.4053030303030303,0.14772727272727273,0.0946969696969697,"Zimmermann, Jordan"
520980,49,19,12,7,9,0.4418367346938775,0.43762654476335994,34,R,0.3422818791946309,0.22818791946308725,0.1040268456375839,0.21140939597315436,0.36486486486486486,0.36486486486486486,0.12284482758620689,0.1853448275862069,0.3434065934065934,0.1346153846153846,0.4532967032967033,0.06868131868131869,"Báez, Pedro"
521230,559,136,103,30,213,0.2615384615384615,0.2563367599133788,34,R,0.2549317147192716,0.18968133535660092,0.05842185128983308,0.3573596358118361,0.25333333333333335,0.28,0.18447231833910036,0.18339100346020762,0.6412466843501327,0.34725906277630414,0.005968169761273209,0.005526083112290009,"Hendriks, Liam"
523260,708,223,134,75,211,0.30741525423728816,0.2879574525978771,36,R,0.3155940594059406,0.19306930693069307,0.10334158415841584,0.28898514851485146,0.3466666666666667,0.336,0.11604388069934865,0.1480973603016798,0.44000697593303106,0.44384373910010466,0.11178932682246251,0.004359958144401814,"Kelly, Joe"
523989,7,4,3,1,1,0.692857142857143,0.692857142857143,34,R,0.3364485981308411,0.2336448598130841,0.08878504672897196,0.21962616822429906,0.375,0.375,0.105,0.28,0.25,0.25,0.25,0.25,"De La Rosa, Rubby"
527048,2622,882,640,216,484,0.33844393592677346,0.33377176763971056,33,L,0.3357825128581925,0.2432035268185158,0.08247612049963263,0.18607641440117562,0.36,0.312,0.08346205334157142,0.14715271341777367,0.6658213435462167,0.07923610392298934,0.2536486906117379,0.0012938619190559983,"Pérez, Martín"
527054,373,114,86,22,67,0.34088471849865953,0.3442933643369046,33,R,0.3086680761099366,0.22832980972515857,0.06448202959830866,0.18921775898520085,0.3466666666666667,0.328,0.09198282032927703,0.14316392269148176,0.7375649591685226,0.1340014847809948,0.11915367483296214,0.009279881217520415,"Teheran, Julio"
527055,48,21,11,10,8,0.45416666666666666,0.4929251035353535,32,R,0.3581081081081081,0.22297297297297297,0.125,0.20608108108108109,0.3972602739726027,0.3972602739726027,0.10537190082644628,0.1652892561983471,0.5026041666666666,0.3567708333333333,0.07552083333333333,0.06510416666666667,"Vizcaíno, Arodys"
528748,473,163,120,32,76,0.3544397463002114,0.3400664774983772,26,R,0.3403141361256545,0.24781849912739964,0.07068062827225131,0.1719022687609075,0.3333333333333333,0.408,0.07412398921832884,0.12398921832884097,0.6518005540166205,0.22686980609418284,0.11440443213296399,0.006925207756232687,"Castellanos, Humberto"
532936,4,0,0,0,1,0.0,0.0,28,R,0.3076923076923077,0.21153846153846154,0.08173076923076923,0.22596153846153846,0.27586206896551724,0.27586206896551724,0.105,0.28,0.25,0.25,0.25,0.25,"Sanchez, Mario"
533167,281,103,73,27,40,0.39252669039145904,0.37883723510267286,35,R,0.3543307086614173,0.24934383202099739,0.09317585301837271,0.16404199475065617,0.38666666666666666,0.392,0.10352233676975946,0.17268041237113402,0.4026032315978456,0.25718132854578096,0.32899461400359065,0.011220825852782765,"Shoemaker, Matt"
534812,4,3,3,0,1,0.7625,0.32299999999999995,33,R,0.33653846153846156,0.2403846153846154,0.08173076923076923,0.22596153846153846,0.3793103448275862,0.3793103448275862,0.09583333333333334,0.26666666666666666,0.30714285714285716,0.3357142857142857,0.17857142857142858,0.17857142857142858,"Quackenbush, Kevin"
534910,19,10,5,4,3,0.5368421052631579,0.4682446871896723,32,R,0.35294117647058826,0.226890756302521,0.10504201680672269,0.21428571428571427,0.4090909090909091,0.4090909090909091,0.07712765957446809,0.19680851063829788,0.5108695652173914,0.3007246376811594,0.09782608695652174,0.09057971014492754,"Hahn, Jesse"
541640,855,265,209,44,147,0.33555555555555555,0.3250601852290009,34,R,0.31099476439790574,0.2418848167539267,0.0549738219895288,0.1774869109947644,0.26666666666666666,0.288,0.09881227317716926,0.12900032992411745,0.840489768534049,0.09275410935927542,0.0625628983562563,0.004193223750419322,"Ramírez, Erasmo"
541650,7,1,1,0,2,0.2285714285714286,0.1562857142857143,30,R,0.308411214953271,0.21495327102803738,0.0794392523364486,0.22897196261682243,0.28125,0.28125,0.11637931034482758,0.27586206896551724,0.3712121212121212,0.1893939393939394,0.25,0.1893939393939394,"Pérez, Hernán"
542194,23,10,9,1,1,0.4934782608695652,0.42633372808833675,32,R,0.34146341463414637,0.25203252032520324,0.07723577235772358,0.1910569105691057,0.375,0.375,0.07098765432098765,0.2222222222222222,0.38839285714285715,0.11160714285714286,0.38839285714285715,0.11160714285714286,"Bethancourt, Christian"
542208,10,6,4,2,0,0.645,0.5358353169811321,33,R,0.34545454545454546,0.23636363636363636,0.09545454545454546,0.20454545454545456,0.4,0.4,0.07394366197183098,0.2183098591549296,0.5815217391304348,0.1358695652173913,0.14673913043478262,0.1358695652173913,"Pérez, Carlos"
542585,746,256,154,89,180,0.33404825737265414,0.32706128388509975,35,R,0.3404255319148936,0.20803782505910165,0.11524822695035461,0.2393617021276596,0.32,0.32,0.10574369189907039,0.12383798140770252,0.7358203916272789,0.17471303173531397,0.08524645509790682,0.004220121539500338,"Cisnero, José"
542609,8,6,4,2,0,0.75625,0.75625,33,R,0.35185185185185186,0.24074074074074073,0.09722222222222222,0.20833333333333334,0.42424242424242425,0.42424242424242425,0.10305343511450382,0.22137404580152675,0.30246913580246915,0.3271604938271605,0.21604938271604937,0.15432098765432098,"Burgos, Enrique"
542881,2900,881,640,216,564,0.31648275862068964,0.3143199718214763,35,L,0.30433333333333334,0.22066666666666668,0.07483333333333334,0.1955,0.4,0.36,0.1217291857273559,0.16020128087831656,0.6652113970588235,0.01677389705882353,0.31686580882352944,0.0011488970588235295,"Anderson, Tyler"
542882,247,90,72,14,57,0.38441295546558707,0.3448539005055095,35,R,0.3515850144092219,0.27089337175792505,0.06484149855907781,0.22910662824207492,0.30666666666666664,0.336,0.09635666347075743,0.1486097794822627,0.5473313192346425,0.13444108761329304,0.3056394763343404,0.012588116817724069,"Andriese, Matt"
542888,978,312,228,72,241,0.3261247443762781,0.31183731144246474,34,R,0.31910946196660483,0.23191094619666047,0.07467532467532467,0.24443413729128013,0.32,0.328,0.11856209150326798,0.1526797385620915,0.9042384105960265,0.08913907284768212,0.0033112582781456954,0.0033112582781456954,"Armstrong, Shawn"
542914,651,195,136,56,155,0.31497695852534563,0.3146826577662798,36,R,0.3022636484687084,0.2103861517976032,0.08588548601864181,0.23635153129161118,0.28,0.328,0.13131515637530072,0.1619887730553328,0.4326923076923077,0.5231178396072013,0.039075286415711945,0.005114566284779051,"Bass, Anthony"
542947,624,199,169,23,102,0.3326923076923077,0.31243454916017016,37,L,0.319060773480663,0.2638121546961326,0.04350828729281768,0.17196132596685082,0.32,0.32,0.10028585040495475,0.1615054787994283,0.8094192288921425,0.13591996095656417,0.04856027330405076,0.0061005368472425575,"Bleier, Richard"
542960,143,51,31,19,33,0.37832167832167835,0.3306901808334737,36,R,0.34156378600823045,0.21810699588477367,0.11316872427983539,0.22839506172839505,0.4266666666666667,0.36,0.12002945508100148,0.13991163475699558,0.4904610492845787,0.13910969793322733,0.3505564387917329,0.01987281399046105,"Brach, Brad"
542992,6,3,3,0,1,0.6916666666666668,0.6062624113475177,31,R,0.330188679245283,0.2358490566037736,0.08018867924528301,0.22169811320754718,0.3548387096774194,0.3548387096774194,0.10080645161290322,0.25806451612903225,0.2635135135135135,0.20945945945945946,0.3581081081081081,0.16891891891891891,"Burns, Andy"
543022,145,51,26,21,38,0.32413793103448274,0.3218588322966944,32,R,0.33877551020408164,0.19591836734693877,0.12040816326530612,0.24693877551020407,0.3333333333333333,0.384,0.11360347322720694,0.1736613603473227,0.8510140405616224,0.07722308892355695,0.05226209048361934,0.01950078003120125,"Chatwood, Tyler"
543037,3009,811,603,188,889,0.2861748089066135,0.29084676940060217,34,R,0.27114827918945,0.20102926986169187,0.06320360244451592,0.29318108716629143,0.26666666666666666,0.288,0.13118569328760413,0.1612771517230116,0.5640783863561823,0.34531813709412923,0.0895785503443752,0.0010249262053132174,"Cole, Gerrit"
543045,76,22,14,6,16,0.2986842105263158,0.2884363493647913,31,L,0.3068181818181818,0.20454545454545456,0.08238636363636363,0.21875,0.32,0.297029702970297,0.10984848484848485,0.20707070707070707,0.4985549132947977,0.18352601156069365,0.2817919075144509,0.036127167630057806,"Conley, Adam"
543056,554,147,109,36,149,0.26651624548736463,0.26838393550301864,35,L,0.27370030581039756,0.20030581039755352,0.06804281345565749,0.2622324159021407,0.24,0.224,0.11914414414414415,0.1752252252252252,0.5366359447004608,0.42142857142857143,0.03617511520737327,0.00576036866359447,"Coulombe, Danny"
543063,15,8,4,3,0,0.4266666666666667,0.38813380000000003,37,R,0.34782608695652173,0.22608695652173913,0.1,0.1956521739130435,0.4,0.4,0.07419354838709677,0.22580645161290322,0.5571428571428572,0.18571428571428572,0.1380952380952381,0.11904761904761904,"Crawford, Brandon"
543101,1269,380,303,69,270,0.3180851063829787,0.32227596168011446,33,R,0.30094959824689554,0.23739956172388604,0.056610664718772824,0.21365960555149743,0.3466666666666667,0.368,0.10109529025191676,0.14041621029572837,0.4331118493909192,0.4634551495016611,0.10066445182724253,0.0027685492801771874,"DeSclafani, Anthony"
543135,2846,823,638,162,696,0.3077477160927618,0.3028888016631406,34,R,0.29022403258655805,0.2240325865580448,0.05787508486082824,0.24389002036659876,0.24,0.32,0.1252243741143127,0.15181861124232404,0.5280968201233982,0.2412434741338396,0.2293782629330802,0.0012814428096820122,"Eovaldi, Nathan"
543208,10,4,3,0,2,0.43,0.43,32,R,0.32727272727272727,0.22727272727272727,0.07727272727272727,0.22272727272727272,0.34285714285714286,0.34285714285714286,0.105,0.28,0.25,0.25,0.25,0.25,"Gaviglio, Sam"
543238,163,51,29,21,45,0.3223926380368098,0.3198093570446456,34,L,0.3155893536121673,0.19391634980988592,0.11216730038022814,0.25665399239543724,0.4,0.352,0.1380543633762518,0.1473533619456366,0.6217257318952234,0.33821263482280434,0.020801232665639446,0.01926040061633282,"Gose, Anthony"
543243,2563,737,530,183,685,0.29523995317986734,0.2920271391281807,35,R,0.28877206158467894,0.20728501689823509,0.0719113781449493,0.2656778069846038,0.29333333333333333,0.248,0.11453227124183006,0.14552696078431374,0.5568158489016629,0.3946314925066721,0.047269554506261545,0.0012831040854034078,"Gray, Sonny"
543258,7,2,2,0,1,0.41428571428571426,0.5144285714285715,34,R,0.3177570093457944,0.22429906542056074,0.0794392523364486,0.21962616822429906,0.3125,0.3125,0.10465116279069768,0.27906976744186046,0.2974683544303797,0.1962025316455696,0.34810126582278483,0.15822784810126583,"Guilmet, Preston"
543272,775,259,161,80,173,0.32806451612903226,0.331516477441794,33,L,0.3325714285714286,0.20914285714285713,0.10114285714285715,0.22342857142857142,0.32,0.336,0.08168009919404835,0.12523248605083695,0.5155856423173804,0.4765428211586902,0.003935768261964736,0.003935768261964736,"Hand, Brad"
543278,6,4,3,1,1,0.5666666666666667,0.31778616666666665,34,L,0.33962264150943394,0.2358490566037736,0.08962264150943396,0.22169811320754718,0.3870967741935484,0.3870967741935484,0.08778625954198473,0.2748091603053435,0.35185185185185186,0.17901234567901234,0.3148148148148148,0.15432098765432098,"Hardy, Blaine"
543281,33,21,17,4,2,0.5924242424242424,0.4453057876509456,36,R,0.39849624060150374,0.2932330827067669,0.09398496240601503,0.18421052631578946,0.5,0.5,0.06218905472636816,0.19402985074626866,0.7119205298013245,0.12251655629139073,0.08278145695364239,0.08278145695364239,"Harrison, Josh"
543294,2368,765,601,141,392,0.34476351351351353,0.33827106714799393,35,R,0.32293354943273905,0.25243111831442466,0.06057536466774716,0.16794975688816854,0.29333333333333333,0.28,0.09012950647532376,0.1692917979232295,0.5548057739701913,0.10157258537730314,0.34203731956343153,0.0015843210890740523,"Hendricks, Kyle"
543305,6,3,2,1,0,0.6,0.5867574655172414,35,R,0.330188679245283,0.22641509433962265,0.08962264150943396,0.21226415094339623,0.3548387096774194,0.3548387096774194,0.1059322033898305,0.2627118644067797,0.4485294117647059,0.18382352941176472,0.18382352941176472,0.18382352941176472,"Hicks, Aaron"
543339,621,167,116,47,186,0.2946859903381642,0.2954464145341213,37,R,0.27600554785020803,0.1914008321775312,0.0769764216366158,0.28918169209431344,0.3333333333333333,0.336,0.15119001170503316,0.13538821693328132,0.5891364902506964,0.37027457222443294,0.03561480302427378,0.004974134500596896,"Hudson, Daniel"
543351,346,98,66,31,91,0.2953757225433526,0.30358274680551056,37,R,0.2914798206278027,0.19730941704035873,0.08856502242152467,0.25448430493273544,0.36,0.336,0.1302405498281787,0.15120274914089346,0.34839857651245554,0.5846975088967972,0.057295373665480424,0.009608540925266904,"Jackson, Jay"
543391,21,6,5,1,4,0.31666666666666665,0.30000623809523813,35,R,0.3140495867768595,0.2231404958677686,0.07851239669421488,0.2190082644628099,0.30434782608695654,0.30434782608695654,0.12640449438202248,0.23595505617977527,0.35546875,0.32421875,0.22265625,0.09765625,"Kelly, Casey"
543456,8,4,3,1,1,0.5625,0.4407979583333334,32,L,0.3333333333333333,0.23148148148148148,0.08796296296296297,0.2175925925925926,0.36363636363636365,0.36363636363636365,0.09328358208955224,0.2238805970149254,0.3869047619047619,0.24404761904761904,0.22023809523809523,0.1488095238095238,"Lobstein, Kyle"
543475,2400,779,592,165,431,0.353125,0.3458993579789586,34,R,0.3244,0.2456,0.0694,0.1814,0.30666666666666664,0.272,0.09624203109271894,0.14841740297505873,0.5137217410864919,0.38741423911820944,0.09745810370037117,0.0014059160949274547,"Lyles, Jordan"
543507,609,190,119,68,169,0.30287356321839076,0.2901720902011485,34,R,0.3131170662905501,0.19887165021156558,0.1078984485190409,0.27009873060648804,0.25333333333333335,0.272,0.13345195729537365,0.1387900355871886,0.5197660346914078,0.2845905607099637,0.19019766034691407,0.005445744251714401,"May, Trevor"
543510,10,4,4,0,0,0.505,0.3371296774193548,34,R,0.32727272727272727,0.23636363636363636,0.07727272727272727,0.20454545454545456,0.34285714285714286,0.34285714285714286,0.0846774193548387,0.23387096774193553,0.16891891891891891,0.16891891891891891,0.49324324324324326,0.16891891891891891,"McCann, James"
543518,479,157,102,52,118,0.34801670146137786,0.33600639199010907,35,R,0.32642487046632124,0.2141623488773748,0.10449050086355786,0.24265975820379965,0.37333333333333335,0.36,0.13600198906016908,0.15663848831427152,0.5071392146863845,0.11907190209077001,0.36741458439571645,0.006374298827129016,"McGough, Scott"
543521,846,243,180,52,210,0.2814420803782506,0.28463861830836085,36,R,0.29069767441860467,0.2135306553911205,0.06395348837209303,0.24577167019027485,0.36,0.344,0.12286228622862286,0.16651665166516652,0.4719768504416692,0.5182759671032592,0.005939689308559245,0.0038074931465123365,"McHugh, Collin"
543543,9,4,2,2,0,0.47777777777777775,0.44135112962962963,34,R,0.3302752293577982,0.22018348623853212,0.0963302752293578,0.20642201834862386,0.35294117647058826,0.35294117647058826,0.08273381294964029,0.22302158273381298,0.5674157303370787,0.1404494382022472,0.15168539325842698,0.1404494382022472,"Miller, Brad"
543548,174,57,41,15,25,0.3594827586206896,0.35285645740310395,36,L,0.3248175182481752,0.22992700729927007,0.08576642335766424,0.17335766423357665,0.37333333333333335,0.328,0.08962264150943396,0.20215633423180593,0.3591040462427746,0.21893063583815028,0.40390173410404623,0.018063583815028903,"Milone, Tommy"
543594,143,56,39,15,22,0.4104895104895105,0.3331721395448891,34,L,0.36213991769547327,0.25102880658436216,0.09670781893004116,0.1831275720164609,0.37333333333333335,0.368,0.09151785714285714,0.13839285714285715,0.6487138263665595,0.16639871382636656,0.1647909967845659,0.02009646302250804,"Nolin, Sean"
543606,949,296,214,75,194,0.32312961011591146,0.32329481118385894,34,R,0.3126787416587226,0.224976167778837,0.07959961868446139,0.2063870352716873,0.29333333333333333,0.344,0.09907546226886557,0.14442778610694654,0.6853491902834008,0.11475202429149797,0.19673582995951416,0.0031629554655870445,"Odorizzi, Jake"
543699,31,9,7,2,5,0.3951612903225806,0.4364138524140839,35,R,0.31297709923664124,0.22137404580152673,0.08015267175572519,0.2099236641221374,0.30357142857142855,0.30357142857142855,0.08441558441558442,0.20346320346320346,0.36187845303867405,0.39502762430939226,0.17403314917127072,0.06906077348066299,"Roark, Tanner"
543766,857,285,183,90,180,0.33033838973162194,0.32412359950275593,37,R,0.33124346917450365,0.2142110762800418,0.10292580982236155,0.2115987460815047,0.3466666666666667,0.312,0.10301659125188536,0.13604826546003015,0.7483920367534457,0.20719754977029098,0.04058192955589587,0.0038284839203675345,"Shaw, Bryan"
543829,8,6,2,3,0,0.7125,0.6295963858695652,34,R,0.35185185185185186,0.2222222222222222,0.10648148148148148,0.20833333333333334,0.42424242424242425,0.42424242424242425,0.08203125,0.23437500000000003,0.5192307692307693,0.16025641025641027,0.16025641025641027,0.16025641025641027,"Strange-Gordon, Dee"
543859,711,211,142,58,171,0.30063291139240506,0.31307666454026306,35,R,0.2996300863131936,0.20221948212083848,0.08199753390875462,0.23859432799013564,0.30666666666666664,0.36,0.1069364161849711,0.1587895273716423,0.5716015219647181,0.4197509512279488,0.004323763403666551,0.004323763403666551,"Tonkin, Michael"
543883,54,17,11,5,10,0.3074074074074074,0.32994271500721506,36,R,0.3181818181818182,0.21428571428571427,0.08766233766233766,0.21103896103896103,0.30666666666666664,0.31645569620253167,0.11170212765957446,0.18085106382978725,0.7564655172413793,0.07543103448275862,0.11422413793103449,0.05387931034482758,"Vincent, Nick"
543901,168,55,47,6,25,0.36815476190476193,0.3797479043419936,33,R,0.3246268656716418,0.2574626865671642,0.054104477611940295,0.17723880597014927,0.29333333333333333,0.288,0.08064516129032258,0.15207373271889402,0.5615640599001663,0.3036605657237937,0.11397670549084858,0.020798668885191347,"Weber, Ryan"
544150,593,188,140,45,114,0.3247048903878584,0.3183287983802942,35,R,0.31746031746031744,0.23376623376623376,0.0772005772005772,0.19696969696969696,0.28,0.328,0.10861182519280206,0.15509854327335046,0.6845446584938704,0.135507880910683,0.1740367775831874,0.0059106830122591944,"Suárez, Albert"
544365,210,66,40,22,51,0.30880952380952376,0.2991754670381628,31,L,0.3161290322580645,0.2,0.09838709677419355,0.23709677419354838,0.3333333333333333,0.312,0.12237394957983193,0.16911764705882354,0.4196230598669623,0.4495565410199557,0.11696230598669623,0.01385809312638581,"Banuelos, Manny"
544727,568,209,137,67,138,0.3742077464788733,0.3243332095432353,34,R,0.36077844311377244,0.23802395209580837,0.11302395209580839,0.2402694610778443,0.41333333333333333,0.4,0.1218736752861382,0.14709622721492158,0.6905586834127327,0.2115634473798181,0.09246427024686012,0.005413598960588999,"Familia, Jeurys"
544931,118,42,24,16,26,0.3567796610169492,0.34660030716292456,34,R,0.3394495412844037,0.21100917431192662,0.11238532110091744,0.22247706422018348,0.36,0.376,0.0926605504587156,0.13577981651376148,0.5040404040404041,0.2898989898989899,0.1808080808080808,0.025252525252525252,"Strasburg, Stephen"
545121,22,8,5,1,0,0.4,0.4493227272727273,33,R,0.32786885245901637,0.22131147540983606,0.0778688524590164,0.18442622950819673,0.3404255319148936,0.3404255319148936,0.0732484076433121,0.267515923566879,0.2383177570093458,0.16355140186915887,0.48130841121495327,0.11682242990654206,"Vargas, Ildemaro"
545333,430,111,71,37,137,0.29046511627906973,0.2861515401798105,30,R,0.269811320754717,0.17547169811320754,0.08584905660377358,0.3009433962264151,0.32,0.32,0.12639109697933226,0.16110227874933758,0.6643984757757213,0.2964071856287425,0.032389765922700056,0.006804572672836146,"Bauer, Trevor"
545341,3,0,0,0,0,0.0,0.225,31,R,0.3106796116504854,0.21359223300970873,0.0825242718446602,0.21844660194174756,0.2857142857142857,0.2857142857142857,0.10454545454545454,0.3,0.20833333333333334,0.375,0.20833333333333334,0.20833333333333334,"Grichuk, Randal"
545343,301,99,61,28,65,0.3192691029900332,0.3104729174720651,33,R,0.3266832917705736,0.20698254364089774,0.09102244389027432,0.21820448877805487,0.41333333333333333,0.408,0.10874613003095976,0.14783281733746131,0.45128824476650564,0.49879227053140096,0.03985507246376811,0.010064412238325281,"Head, Louis"
545346,14,6,3,3,1,0.3678571428571429,0.3678571428571429,31,R,0.3333333333333333,0.21929824561403508,0.10087719298245613,0.20614035087719298,0.358974358974359,0.358974358974359,0.08653846153846154,0.20512820512820512,0.5801886792452831,0.18396226415094338,0.1179245283018868,0.1179245283018868,"Lee, Zach"
546276,16,7,4,3,5,0.515625,0.515625,32,L,0.33620689655172414,0.22413793103448276,0.09913793103448276,0.23706896551724138,0.36585365853658536,0.36585365853658536,0.12109375,0.265625,0.26282051282051283,0.3525641025641026,0.22435897435897437,0.16025641025641027,"Escobar, Edwin"
546991,6,3,1,1,0,0.5666666666666667,0.7364221547619048,27,R,0.330188679245283,0.2169811320754717,0.08962264150943396,0.21226415094339623,0.3548387096774194,0.3548387096774194,0.09765625,0.23437500000000003,0.5192307692307693,0.16025641025641027,0.16025641025641027,0.16025641025641027,"Almora Jr., Albert"
547001,406,131,87,43,80,0.33891625615763543,0.3571557107708698,30,R,0.3221343873517787,0.21541501976284586,0.10177865612648221,0.2025691699604743,0.32,0.304,0.10910757946210269,0.13386308068459657,0.4650063051702396,0.2802648171500631,0.24684741488020176,0.007881462799495587,"Poteet, Cody"
547176,55,23,19,4,9,0.4354545454545454,0.4113197397874852,30,L,0.3548387096774194,0.2645161290322581,0.08064516129032258,0.2032258064516129,0.38666666666666666,0.3875,0.09306569343065693,0.15693430656934307,0.46651785714285715,0.37276785714285715,0.10491071428571429,0.05580357142857143,"Camarena, Daniel"
547179,1752,541,358,170,326,0.3107876712328767,0.3216581541232501,32,R,0.3093952483801296,0.20518358531317496,0.09638228941684665,0.18817494600431967,0.22666666666666666,0.272,0.09976645745146694,0.14567216464749672,0.5402881929128069,0.2522423173062785,0.20533745037494486,0.00213203940596971,"Lorenzen, Michael"
547184,274,88,59,24,56,0.3173357664233577,0.3229501620823255,32,R,0.32085561497326204,0.21657754010695188,0.08689839572192513,0.20989304812834225,0.32,0.304,0.09934701492537314,0.14832089552238806,0.3204500978473581,0.6501956947162426,0.017123287671232876,0.01223091976516634,"Kelly, Michael"
547185,7,1,0,1,0,0.09999999999999999,0.09999999999999999,30,R,0.308411214953271,0.205607476635514,0.08878504672897196,0.2102803738317757,0.28125,0.28125,0.09210526315789473,0.24561403508771934,0.3046875,0.3046875,0.1953125,0.1953125,"Tago, Peter"
547942,450,141,98,39,80,0.3156666666666667,0.3259552285005189,33,L,0.3145454545454546,0.21818181818181817,0.08636363636363636,0.18636363636363637,0.41333333333333333,0.376,0.09156050955414012,0.14915074309978768,0.41303162486368594,0.45883315158124316,0.12131952017448201,0.006815703380588877,"Kim, Kwang Hyun"
547943,1047,317,259,55,199,0.3340496657115568,0.3222803606269936,36,L,0.3042720139494333,0.24498692240627726,0.05536181342632956,0.1931124673060157,0.4,0.368,0.09432799013563502,0.1506781750924784,0.6036204744069913,0.14868913857677904,0.2445692883895131,0.003121098626716604,"Ryu, Hyun Jin"
547973,974,309,152,149,356,0.2997946611909651,0.2890244023987075,36,L,0.31750465549348234,0.16201117318435754,0.14664804469273743,0.35242085661080075,0.3466666666666667,0.28,0.14967225054624908,0.12745812090313183,0.6204227082821332,0.2660358810518555,0.11046940280167117,0.0030720078643401327,"Chapman, Aroldis"
548384,744,220,140,64,210,0.2883736559139785,0.28791281073066777,36,L,0.2985781990521327,0.19194312796208532,0.08590047393364929,0.2754739336492891,0.26666666666666666,0.28,0.12711038961038962,0.16915584415584414,0.4773927392739274,0.3896039603960396,0.12887788778877887,0.004125412541254125,"Raley, Brooks"
548389,1847,567,469,91,342,0.3326204656199242,0.33292258486256754,35,R,0.3076527991782229,0.25218284540318436,0.051104262968669746,0.187211093990755,0.38666666666666666,0.328,0.09820385514018691,0.14544392523364486,0.4649161518093557,0.31649014416004706,0.21646072374227715,0.002132980288320094,"Stripling, Ross"
552640,746,200,157,39,180,0.282372654155496,0.28934152317383977,34,R,0.27423167848699764,0.2115839243498818,0.05614657210401891,0.2393617021276596,0.26666666666666666,0.264,0.14083175803402648,0.20264650283553876,0.541233140655106,0.44682080924855494,0.006358381502890174,0.005587668593448941,"Kittredge, Andrew"
553902,23,5,1,4,0,0.28695652173913044,0.3840739033816425,31,R,0.3008130081300813,0.18699186991869918,0.1016260162601626,0.18292682926829268,0.2708333333333333,0.2708333333333333,0.06609195402298851,0.21839080459770116,0.2540322580645161,0.10080645161290322,0.5443548387096774,0.10080645161290322,"Astudillo, Willians"
554340,999,284,205,65,267,0.29564564564564566,0.28698858628340373,34,R,0.2875341219290264,0.20655141037306643,0.06687898089171974,0.26342129208371245,0.32,0.304,0.12358331323848565,0.15047021943573669,0.5119599707102758,0.41091042226019037,0.07407859409323896,0.00305101293629485,"García, Yimi"
554430,3334,869,645,187,935,0.2685662867426515,0.26678786439833413,34,R,0.2623762376237624,0.19423412929528247,0.05693069306930693,0.2788293535235877,0.26666666666666666,0.248,0.12742561448900389,0.16292519595160185,0.7850049652432969,0.18054388511190894,0.03349629516461691,0.000954854480177221,"Wheeler, Zack"
554431,579,177,97,76,156,0.28264248704663214,0.2900300629882545,34,L,0.3078055964653903,0.17525773195876287,0.12444771723122239,0.26288659793814434,0.36,0.36,0.12369109947643979,0.15401396160558464,0.7076271186440678,0.2812221231043711,0.005575379125780553,0.005575379125780553,"Matzek, Tyler"
570240,43,21,14,6,7,0.4313953488372093,0.3808000863787375,32,R,0.3706293706293706,0.2517482517482518,0.10139860139860139,0.2062937062937063,0.4264705882352941,0.4264705882352941,0.1595744680851064,0.18723404255319148,0.44054054054054054,0.24594594594594596,0.24594594594594596,0.06756756756756757,"Peña, Félix"
570257,570,199,141,56,138,0.34342105263157896,0.3232141949366178,33,L,0.3447761194029851,0.24328358208955222,0.0962686567164179,0.23955223880597015,0.3333333333333333,0.352,0.11408640864086408,0.18361836183618363,0.54304788213628,0.06975138121546962,0.38144567219152853,0.005755064456721915,"Rodríguez, Joely"
570488,288,104,59,31,55,0.3350694444444444,0.3387016076888141,32,R,0.35051546391752575,0.20876288659793815,0.1018041237113402,0.19974226804123713,0.4,0.384,0.0837063563115488,0.1360787824529991,0.4184629803186504,0.10731021555763824,0.46251171508903466,0.011715089034676664,"Valdez, Phillips"
570560,6,3,3,0,0,0.5083333333333333,0.39917816091954017,30,R,0.330188679245283,0.2358490566037736,0.08018867924528301,0.21226415094339623,0.3548387096774194,0.3548387096774194,0.09130434782608696,0.2695652173913044,0.3153846153846154,0.19230769230769232,0.3,0.19230769230769232,"Sánchez, Yolmer"
570632,1654,572,410,152,249,0.36375453446191053,0.349818466433528,33,R,0.3443557582668187,0.24629418472063855,0.09150513112884835,0.15478905359179018,0.3466666666666667,0.336,0.08990147783251232,0.15977011494252874,0.5538907284768212,0.2711092715231788,0.17276490066225167,0.0022350993377483444,"Ureña, José"
570663,438,150,92,53,105,0.34520547945205476,0.3435929666527454,32,R,0.3382899628252788,0.21189591078066913,0.11431226765799256,0.23698884758364314,0.41333333333333333,0.352,0.10562603419746276,0.12796469939327082,0.5385706182643222,0.19767441860465115,0.2566647759500851,0.007090187180941577,"Robles, Hansel"
570666,771,255,187,65,132,0.34247730220492867,0.3392895229731463,32,R,0.32950631458094143,0.2399540757749713,0.0843857634902411,0.17738231917336394,0.38666666666666666,0.44,0.09519475791772843,0.14961776483436476,0.37615869484612535,0.44697812384130514,0.17222840192806824,0.0046347793845012975,"Cessa, Luis"
570731,5,1,1,0,1,0.18,0.5904396825396826,32,R,0.3142857142857143,0.21904761904761905,0.08095238095238096,0.22380952380952382,0.3,0.3,0.09829059829059829,0.23931623931623935,0.27611940298507465,0.20149253731343283,0.3358208955223881,0.1865671641791045,"Schoop, Jonathan"
571439,13,7,4,3,2,0.6076923076923078,0.5932009963369963,31,R,0.34513274336283184,0.23008849557522124,0.10176991150442478,0.2168141592920354,0.39473684210526316,0.39473684210526316,0.10927152317880795,0.2251655629139073,0.3811881188118812,0.30198019801980197,0.19306930693069307,0.12376237623762376,"Alvarez, R.J."
571446,47,18,13,5,5,0.36914893617021277,0.38222408510638295,32,R,0.3401360544217687,0.23809523809523808,0.09183673469387756,0.1870748299319728,0.3611111111111111,0.3611111111111111,0.08634538152610442,0.1686746987951807,0.6256281407035176,0.2135678391959799,0.09798994974874371,0.06281407035175879,"Appel, Mark"
571466,31,14,14,0,0,0.4532258064516129,0.4651334719568394,33,R,0.3511450381679389,0.2748091603053435,0.0648854961832061,0.1717557251908397,0.39285714285714285,0.39285714285714285,0.078125,0.2875,0.1409090909090909,0.11363636363636363,0.6318181818181818,0.11363636363636363,"Barnhart, Tucker"
571473,9,5,3,1,2,0.5722222222222223,0.5722222222222223,35,L,0.3394495412844037,0.22935779816513763,0.0871559633027523,0.22477064220183487,0.38235294117647056,0.38235294117647056,0.105,0.28,0.25,0.25,0.25,0.25,"Baumann, Buddy"
571479,440,137,91,45,130,0.3206818181818182,0.3064478123769854,33,R,0.31296296296296294,0.20925925925925926,0.09907407407407408,0.2824074074074074,0.36,0.344,0.15301837270341206,0.1889763779527559,0.4261455525606469,0.4881401617250674,0.07897574123989218,0.006738544474393531,"Bellatti, Andrew"
571510,924,286,196,77,217,0.3139069264069264,0.3015596821864006,33,L,0.310546875,0.212890625,0.08349609375,0.23388671875,0.30666666666666664,0.36,0.12844662844662844,0.15943215943215944,0.46512593412676445,0.31289786880708553,0.21851646830888458,0.0034597287572654305,"Boyd, Matthew"
571521,238,82,41,35,75,0.33550420168067224,0.34798318896983244,35,L,0.33727810650887574,0.1863905325443787,0.128698224852071,0.28846153846153844,0.4266666666666667,0.4,0.13615664845173042,0.1575591985428051,0.6359732824427481,0.3401717557251908,0.011927480916030535,0.011927480916030535,"Brothers, Rex"
571527,37,11,8,3,8,0.2797297297297297,0.2975353366093366,35,R,0.31386861313868614,0.21897810218978103,0.08394160583941605,0.22262773722627738,0.3064516129032258,0.3064516129032258,0.09336099585062241,0.1991701244813278,0.5209424083769634,0.20157068062827224,0.21204188481675393,0.06544502617801047,"Buchanan, David"
571539,180,69,50,17,30,0.37916666666666665,0.3673491524070526,33,R,0.3607142857142857,0.2571428571428571,0.09107142857142857,0.1875,0.4,0.408,0.09612724757952974,0.13416320885200553,0.6768202080237742,0.018573551263001486,0.28603268945022287,0.018573551263001486,"Carasiti, Matt"
571578,3101,1087,844,225,553,0.37484682360528865,0.36633270247609934,35,L,0.34957825679475163,0.2705404561074664,0.07294595438925336,0.17978756638550453,0.32,0.32,0.10007876772273762,0.15578505163661824,0.5928709563994374,0.3503428270042194,0.055687412095639946,0.0010988045007032348,"Corbin, Patrick"
571616,35,15,10,4,6,0.45142857142857146,0.47648487402013273,33,L,0.34814814814814815,0.23703703703703705,0.09259259259259259,0.2111111111111111,0.38333333333333336,0.38333333333333336,0.09158415841584158,0.21782178217821782,0.5164473684210527,0.24013157894736842,0.1611842105263158,0.08223684210526316,"Dermody, Matt"
571656,1013,316,193,106,253,0.3091806515301086,0.31263703934104986,33,R,0.31266846361185985,0.1931716082659479,0.10287511230907458,0.24752920035938905,0.3466666666666667,0.312,0.1201322556943424,0.15797207935341662,0.44594594594594594,0.322216712124969,0.22824200347136128,0.003595338457723779,"Farmer, Buck"
571657,19,8,7,1,0,0.42368421052631583,0.3698244385964912,34,R,0.33613445378151263,0.24369747899159663,0.07983193277310924,0.18907563025210083,0.36363636363636365,0.36363636363636365,0.07446808510638298,0.2765957446808511,0.13736263736263737,0.13736263736263737,0.5879120879120879,0.13736263736263737,"Farmer, Kyle"
571666,45,19,15,4,5,0.4755555555555555,0.40517198969570734,36,R,0.35172413793103446,0.25517241379310346,0.08620689655172414,0.1896551724137931,0.38571428571428573,0.38571428571428573,0.06944444444444445,0.1865079365079365,0.48267326732673266,0.3094059405940594,0.14603960396039603,0.06188118811881188,"Fiers, Mike"
571670,1052,325,246,75,227,0.3021863117870722,0.29390225963799527,34,R,0.3098958333333333,0.2326388888888889,0.0724826388888889,0.2165798611111111,0.36,0.344,0.0906073272682567,0.14851241701499876,0.6356733881005726,0.20823998008464029,0.152974856858352,0.0031117749564351506,"Floro, Dylan"
571676,71,31,20,9,11,0.4514084507042253,0.37504627353595255,33,R,0.3684210526315789,0.24561403508771928,0.1023391812865497,0.195906432748538,0.4266666666666667,0.40625,0.08472222222222223,0.16111111111111112,0.3725806451612903,0.3919354838709677,0.19516129032258064,0.04032258064516129,"Frankoff, Seth"
571704,26,7,3,4,10,0.23846153846153845,0.2877396923076923,32,R,0.30952380952380953,0.1984126984126984,0.0992063492063492,0.25793650793650796,0.29411764705882354,0.29411764705882354,0.12275449101796407,0.25149700598802394,0.36324786324786323,0.4230769230769231,0.10683760683760683,0.10683760683760683,"Giles, Ken"
571710,525,180,108,63,138,0.32685714285714285,0.314466529126582,34,R,0.3392,0.208,0.1144,0.2568,0.4,0.384,0.11036245353159851,0.13150557620817843,0.49215033301617506,0.23144624167459563,0.26998097050428166,0.006422454804947669,"Givens, Mychal"
571735,116,40,30,9,21,0.359051724137931,0.37577044534684834,34,R,0.3333333333333333,0.24074074074074073,0.08101851851851852,0.2013888888888889,0.36,0.336,0.09180035650623886,0.16755793226381463,0.525440313111546,0.20645792563600782,0.2436399217221135,0.02446183953033268,"Hale, David"
571760,2312,735,526,170,587,0.34085207612456747,0.32553910754164356,33,L,0.3179933665008292,0.22719734660033167,0.0740049751243781,0.2526948590381426,0.37333333333333335,0.352,0.12546468401486988,0.1652088344631533,0.5684366754617414,0.27314204045734386,0.15704705364995603,0.0013742304309586632,"Heaney, Andrew"
571771,18,5,5,0,0,0.2888888888888889,0.40945339845339845,33,R,0.3135593220338983,0.2288135593220339,0.07203389830508475,0.1906779661016949,0.3023255813953488,0.3023255813953488,0.07241379310344828,0.21379310344827587,0.14210526315789473,0.1631578947368421,0.5631578947368421,0.13157894736842105,"Hernández, Enrique"
571788,3,1,1,0,0,0.3,0.43154861111111115,33,R,0.32038834951456313,0.22330097087378642,0.0825242718446602,0.21844660194174756,0.32142857142857145,0.32142857142857145,0.09545454545454546,0.27272727272727276,0.275,0.20833333333333334,0.30833333333333335,0.20833333333333334,"Holt, Brock"
571800,582,198,141,55,86,0.34931271477663234,0.3589407002988482,32,R,0.33724340175953077,0.23900293255131966,0.09310850439882698,0.1590909090909091,0.37333333333333335,0.36,0.09165194346289753,0.15768551236749118,0.5228093947606143,0.3656278229448961,0.10591689250225836,0.005645889792231256,"Hutchison, Drew"
571863,231,76,60,14,40,0.3638528138528138,0.34676311428197953,34,R,0.32628398791540786,0.24773413897280966,0.06797583081570997,0.18882175226586104,0.4,0.416,0.10644418872266974,0.15304948216340622,0.8528693528693528,0.11660561660561661,0.015262515262515262,0.015262515262515262,"Koch, Matt"
571871,109,38,29,9,22,0.3697247706422018,0.31481445423389226,31,L,0.3349282296650718,0.24401913875598086,0.08373205741626795,0.21291866028708134,0.30666666666666664,0.336,0.10356347438752785,0.17371937639198218,0.34711779448621555,0.4724310776942356,0.14912280701754385,0.03132832080200501,"Krol, Ian"
571875,4,1,1,0,0,0.3125,0.380135,33,R,0.3173076923076923,0.22115384615384615,0.08173076923076923,0.21634615384615385,0.3103448275862069,0.3103448275862069,0.09722222222222222,0.2870370370370371,0.23275862068965517,0.21551724137931033,0.33620689655172414,0.21551724137931033,"Lamb, Jake"
571882,787,249,174,69,160,0.31378653113087673,0.31543086518605684,34,R,0.31679819616685456,0.2209695603156708,0.08737316798196167,0.20574971815107101,0.28,0.24,0.12232663642255347,0.17401166558651976,0.6091897233201581,0.3371212121212121,0.049571805006587616,0.004117259552042161,"Law, Derek"
571901,738,240,167,58,159,0.3236449864498645,0.3156073335961509,36,L,0.324582338902148,0.22553699284009546,0.07935560859188544,0.2165871121718377,0.37333333333333335,0.4,0.10875859572927978,0.15671371697430328,0.815886472539624,0.049207519351271656,0.13029856247696278,0.0046074456321415404,"Loup, Aaron"
571912,48,20,20,0,0,0.5895833333333333,0.48857639948593073,33,R,0.35135135135135137,0.28378378378378377,0.057432432432432436,0.15202702702702703,0.3835616438356164,0.3835616438356164,0.08113207547169811,0.20754716981132076,0.6813953488372093,0.05813953488372093,0.20232558139534884,0.05813953488372093,"Maile, Luke"
571917,13,6,1,5,3,0.36538461538461536,0.4589258299595142,32,R,0.336283185840708,0.20353982300884957,0.11946902654867257,0.22566371681415928,0.3684210526315789,0.3684210526315789,0.09627329192546584,0.21739130434782608,0.36486486486486486,0.4099099099099099,0.11261261261261261,0.11261261261261261,"Markel, Parker"
571927,1624,520,399,105,357,0.33371305418719216,0.31286906138419174,33,L,0.32018561484918795,0.24419953596287702,0.0658352668213457,0.22012761020881672,0.28,0.344,0.10150201300712294,0.12697429544750696,0.5342540574282147,0.20638264669163545,0.25741260923845194,0.0019506866416978776,"Matz, Steven"
571945,2698,806,664,118,459,0.3214047442550037,0.33025663719372217,36,R,0.29949964260185846,0.24517512508934952,0.0452108649035025,0.17208720514653325,0.29333333333333333,0.328,0.07655384006334125,0.1283650039588282,0.5000497314501691,0.43768649293813405,0.060821563556793315,0.001442212054903521,"Mikolas, Miles"
571946,515,142,88,46,126,0.282621359223301,0.2961862638935354,34,R,0.28292682926829266,0.17886178861788618,0.0886178861788618,0.24146341463414633,0.28,0.264,0.10677083333333333,0.11695075757575757,0.6132395732298739,0.20732298739088265,0.1733753637245393,0.00606207565470417,"Miller, Shelby"
571948,931,270,211,46,231,0.30725026852846404,0.2900937067131166,33,L,0.2929194956353055,0.2259941804073715,0.05286129970902037,0.24587778855480116,0.24,0.296,0.08649160801299405,0.15132647536545749,0.5028814489571899,0.33191547749725575,0.1617727771679473,0.0034302963776070253,"Milner, Hoby"
571951,18,7,5,2,4,0.35,0.27234538888888893,30,R,0.3305084745762712,0.2288135593220339,0.08898305084745763,0.2245762711864407,0.3488372093023256,0.3488372093023256,0.09281437125748503,0.2275449101796407,0.5512820512820513,0.23504273504273504,0.10683760683760683,0.10683760683760683,"Mitchell, Bryan"
571976,16,5,4,0,0,0.475,0.4152390451007326,32,R,0.31896551724137934,0.22413793103448276,0.07327586206896551,0.1939655172413793,0.3170731707317073,0.3170731707317073,0.08041958041958042,0.23776223776223776,0.543010752688172,0.13440860215053763,0.1881720430107527,0.13440860215053763,"Myers, Wil"
572008,11,4,4,0,0,0.4727272727272727,0.418806324110672,32,R,0.32432432432432434,0.23423423423423423,0.07657657657657657,0.20270270270270271,0.3333333333333333,0.3333333333333333,0.08823529411764706,0.2521008403361345,0.1956521739130435,0.18115942028985507,0.4420289855072464,0.18115942028985507,"Owings, Chris"
572020,870,281,192,86,178,0.3354022988505747,0.3210328584234892,36,L,0.32268041237113404,0.22061855670103092,0.09742268041237113,0.20670103092783504,0.3333333333333333,0.344,0.10813436979455858,0.14269850083287064,0.6772240990990991,0.25098536036036034,0.0682713963963964,0.003519144144144144,"Paxton, James"
572070,810,284,203,73,153,0.36104938271604936,0.34590266537860936,34,R,0.34725274725274724,0.24725274725274726,0.08956043956043956,0.19285714285714287,0.38666666666666666,0.344,0.10423297262889879,0.13717377466581795,0.4662031047865459,0.39440491591203103,0.13534928848641656,0.004042690815006468,"Richards, Garrett"
572096,6,4,4,0,0,0.6583333333333333,0.6583333333333333,33,R,0.33962264150943394,0.24528301886792453,0.08018867924528301,0.21226415094339623,0.3870967741935484,0.3870967741935484,0.09583333333333334,0.25833333333333336,0.2785714285714286,0.30714285714285716,0.2357142857142857,0.17857142857142858,"Rosenthal, Trevor"
572125,209,69,41,21,41,0.32177033492822965,0.3321287381417824,32,L,0.3268608414239482,0.20388349514563106,0.09546925566343042,0.20550161812297735,0.32,0.32,0.09167604049493813,0.15073115860517436,0.5274135876042908,0.4427890345649583,0.014898688915375448,0.014898688915375448,"Selman, Sam"
572143,441,147,119,25,77,0.3427437641723356,0.33916075459504663,34,R,0.33086876155268025,0.26062846580406657,0.06192236598890943,0.18391866913123844,0.32,0.296,0.08555358200118414,0.11900532859680284,0.6928004881025015,0.23154362416107382,0.06802928615009152,0.00762660158633313,"Smith, Burch"
572191,13,7,5,2,2,0.5653846153846154,0.4763120139860141,31,R,0.34513274336283184,0.23893805309734514,0.09292035398230089,0.2168141592920354,0.39473684210526316,0.39473684210526316,0.09124087591240876,0.24087591240875914,0.29310344827586204,0.3850574712643678,0.1781609195402299,0.14367816091954022,"Taylor, Michael A."
572193,571,159,104,46,143,0.28651488616462345,0.2785662257430628,36,R,0.2846497764530551,0.18777943368107303,0.08122205663189269,0.2466467958271237,0.4,0.368,0.13926541320507216,0.17315260166156538,0.45037997317836387,0.4494859186410371,0.09365221278497989,0.006481895395619133,"Tepera, Ryan"
572362,22,7,5,2,4,0.33409090909090905,0.3252768251748252,32,L,0.319672131147541,0.22131147540983606,0.0860655737704918,0.21721311475409835,0.3191489361702128,0.3191489361702128,0.08928571428571429,0.22142857142857145,0.31666666666666665,0.3277777777777778,0.21666666666666667,0.1388888888888889,"Erlin, Robbie"
572371,9,2,0,2,4,0.15555555555555556,0.15555555555555556,31,R,0.3119266055045872,0.2018348623853211,0.0963302752293578,0.24311926605504589,0.29411764705882354,0.29411764705882354,0.105,0.28,0.25,0.25,0.25,0.25,"Higgins, Tyler"
572383,32,12,11,1,9,0.4359375,0.3843380681818182,36,L,0.3333333333333333,0.25,0.07196969696969698,0.23863636363636365,0.3508771929824561,0.3508771929824561,0.11328125,0.2734375,0.33974358974358976,0.33974358974358976,0.16025641025641027,0.16025641025641027,"Moran, Brian"
572403,431,146,92,44,93,0.3469837587006961,0.3340414955821262,33,R,0.3352165725047081,0.21468926553672316,0.09887005649717515,0.2175141242937853,0.30666666666666664,0.336,0.12507122507122506,0.14814814814814814,0.5504398826979472,0.3134897360703812,0.12873900293255133,0.007331378299120235,"VerHagen, Drew"
572703,86,26,13,11,13,0.2668604651162791,0.34728013519905404,33,R,0.3118279569892473,0.1881720430107527,0.10483870967741936,0.19086021505376344,0.29333333333333333,0.3063063063063063,0.10411311053984576,0.17480719794344474,0.5029498525073747,0.38495575221238937,0.0752212389380531,0.03687315634218289,"Bard, Luke"
572761,6,3,2,0,0,0.4166666666666667,0.5506553333333334,36,R,0.330188679245283,0.22641509433962265,0.08018867924528301,0.21226415094339623,0.3548387096774194,0.3548387096774194,0.08333333333333333,0.2380952380952381,0.23026315789473684,0.19078947368421054,0.4144736842105263,0.16447368421052633,"Carpenter, Matt"
572816,6,3,2,1,0,0.47500000000000003,0.407624,33,R,0.330188679245283,0.22641509433962265,0.08962264150943396,0.21226415094339623,0.3548387096774194,0.3548387096774194,0.08898305084745763,0.25423728813559326,0.3602941176470588,0.18382352941176472,0.27205882352941174,0.18382352941176472,"Dickerson, Corey"
572888,155,58,34,20,32,0.3735483870967742,0.3248922586797769,36,R,0.35294117647058826,0.2196078431372549,0.11176470588235295,0.21372549019607842,0.3333333333333333,0.344,0.0913818722139673,0.150074294205052,0.6027287319422151,0.2881219903691814,0.08908507223113965,0.020064205457463884,"Greene, Shane"
572955,885,279,183,93,280,0.31288135593220334,0.2932418474206136,33,R,0.31573604060913707,0.20812182741116753,0.10304568527918782,0.30710659898477155,0.29333333333333333,0.32,0.13163747567417292,0.15095913261050875,0.3237947561319425,0.6691570341133352,0.0035241048773611504,0.0035241048773611504,"Johnson, Pierce"
572971,1330,501,370,121,185,0.3874812030075188,0.3689133208193615,36,L,0.37272727272727274,0.27412587412587414,0.09055944055944055,0.1451048951048951,0.36,0.4,0.08785555779705467,0.16986080290498284,0.6416343998369676,0.07856123904626044,0.2772569798247402,0.002547381292031791,"Keuchel, Dallas"
573009,908,277,218,55,203,0.3150881057268723,0.3053835407442656,33,L,0.30654761904761907,0.23809523809523808,0.06299603174603174,0.22371031746031747,0.29333333333333333,0.288,0.1301495270064083,0.18858712236801953,0.4711806631546328,0.28122094824914784,0.2437248218159281,0.0038735667802912922,"Mantiply, Joe"
573046,6,2,2,0,0,0.3,0.3,32,R,0.32075471698113206,0.22641509433962265,0.08018867924528301,0.21226415094339623,0.3225806451612903,0.3225806451612903,0.105,0.28,0.25,0.25,0.25,0.25,"Morin, Mike"
573062,35,14,6,8,5,0.3814285714285714,0.4446708030075188,32,R,0.34074074074074073,0.2074074074074074,0.12222222222222222,0.2037037037037037,0.36666666666666664,0.36666666666666664,0.10217391304347827,0.2,0.5972222222222222,0.1638888888888889,0.16944444444444445,0.06944444444444445,"Northcraft, Aaron"
573109,30,7,4,2,6,0.22666666666666666,0.26581446666666664,36,R,0.3,0.2,0.08076923076923077,0.21923076923076923,0.2727272727272727,0.2727272727272727,0.11419753086419752,0.24691358024691357,0.41517857142857145,0.20089285714285715,0.27232142857142855,0.11160714285714286,"Ramos, AJ"
573124,944,287,193,78,292,0.3101694915254237,0.2857888383646004,34,L,0.3055555555555556,0.20593869731800765,0.0828544061302682,0.30124521072796934,0.30666666666666664,0.32,0.11164794985635937,0.1365891877774876,0.45977771897327335,0.5336067742789098,0.003307753373908441,0.003307753373908441,"Rogers, Taylor"
573127,27,8,5,2,7,0.35185185185185186,0.35017218518518517,34,L,0.31496062992125984,0.2125984251968504,0.08267716535433071,0.23228346456692914,0.3076923076923077,0.3076923076923077,0.1298342541436464,0.24861878453038674,0.3015267175572519,0.5076335877862596,0.09541984732824428,0.09541984732824428,"Rosscup, Zac"
573131,13,4,4,0,0,0.33076923076923076,0.40196373626373627,36,R,0.3185840707964602,0.23008849557522124,0.0752212389380531,0.19911504424778761,0.3157894736842105,0.3157894736842105,0.08518518518518518,0.23703703703703705,0.3941176470588235,0.14705882352941177,0.31176470588235294,0.14705882352941177,"Ruf, Darin"
573185,57,21,15,4,14,0.4,0.4,34,R,0.3375796178343949,0.2356687898089172,0.07961783439490445,0.23248407643312102,0.3333333333333333,0.35365853658536583,0.1054421768707483,0.23129251700680273,0.31443298969072164,0.33505154639175255,0.22164948453608246,0.12886597938144329,"Straily, Dan"
573186,2621,806,585,199,526,0.3126859977107974,0.31988516646091025,33,R,0.3079750091877986,0.223079750091878,0.07625872840867329,0.20158030135979418,0.4,0.408,0.09716091492776886,0.15258828250401285,0.5960375075620085,0.2821637426900585,0.12043758822343215,0.0013611615245009074,"Stroman, Marcus"
573204,889,264,191,70,258,0.3089988751406074,0.2931770415147227,37,L,0.2992922143579373,0.21536905965621841,0.07937310414560161,0.28361981799797775,0.36,0.32,0.12321956463316312,0.13867239989250202,0.48120403159901937,0.5070825388177608,0.00830836284391174,0.0034050667393080904,"Thielbar, Caleb"
573262,8,5,2,3,0,0.4875,0.510299125,34,L,0.3425925925925926,0.2222222222222222,0.10648148148148148,0.20833333333333334,0.3939393939393939,0.3939393939393939,0.08139534883720931,0.24031007751937988,0.17088607594936708,0.15822784810126583,0.5126582278481012,0.15822784810126583,"Yastrzemski, Mike"
573668,236,75,39,30,59,0.3103813559322034,0.3002066161223533,33,R,0.31845238095238093,0.18154761904761904,0.11458333333333333,0.2425595238095238,0.37333333333333335,0.328,0.11393034825870647,0.16716417910447762,0.49162303664921464,0.07382198952879582,0.4214659685863874,0.013089005235602094,"Minaya, Juan"
579328,2657,840,593,224,705,0.33385397064358296,0.3305590939658648,33,L,0.31628581791802685,0.22306855277475518,0.08433079434167573,0.26387377584330796,0.25333333333333335,0.248,0.126866368047779,0.14119074281448302,0.5337052315769736,0.3541627601725108,0.110866304144009,0.0012657041065066567,"Kikuchi, Yusei"
591720,14,6,6,0,1,0.5428571428571429,0.4935968688845401,29,R,0.3333333333333333,0.24561403508771928,0.07456140350877193,0.20614035087719298,0.358974358974359,0.358974358974359,0.07835820895522388,0.26119402985074625,0.5535714285714286,0.1488095238095238,0.1488095238095238,0.1488095238095238,"Torreyes, Ronald"
592094,854,223,129,69,264,0.2559133489461358,0.2804578264834883,33,R,0.2672955974842767,0.15828092243186584,0.08123689727463312,0.300314465408805,0.29333333333333333,0.248,0.1689875253843922,0.17696547722657383,0.36370326758904914,0.34015307624374447,0.2924639387695025,0.0036797173977038563,"Adam, Jason"
592135,139,53,34,19,29,0.39568345323741005,0.3874228571045745,31,R,0.35564853556485354,0.23430962343096234,0.11506276150627615,0.21548117154811716,0.36,0.352,0.1,0.14962962962962964,0.492,0.2232,0.2648,0.02,"Bedrosian, Cam"
592145,59,24,11,10,15,0.3466101694915254,0.3322036054118347,32,L,0.3522012578616352,0.20754716981132076,0.11635220125786164,0.2358490566037736,0.36,0.38095238095238093,0.08745874587458746,0.1617161716171617,0.48023715415019763,0.4209486166007905,0.04940711462450593,0.04940711462450593,"Biddle, Jesse"
592155,200,60,43,17,49,0.293,0.28604849005207283,32,L,0.30666666666666664,0.21666666666666667,0.085,0.23833333333333334,0.38666666666666666,0.336,0.1344993968636912,0.18335343787696018,0.7349165596919127,0.23299101412066753,0.016046213093709884,0.016046213093709884,"Booser, Cam"
592165,20,10,6,4,1,0.41,0.3877717,31,R,0.35,0.23333333333333334,0.10416666666666667,0.19583333333333333,0.4,0.4,0.12323943661971831,0.2323943661971831,0.41847826086956524,0.14673913043478262,0.29891304347826086,0.1358695652173913,"Brennan, Brandon"
592169,127,53,31,17,23,0.4188976377952756,0.41336045530695303,32,R,0.3744493392070485,0.23348017621145375,0.11233480176211454,0.20044052863436124,0.3466666666666667,0.416,0.09786184210526316,0.13651315789473684,0.5349462365591398,0.39695340501792115,0.0456989247311828,0.022401433691756272,"Brice, Austin"
592222,192,66,47,19,37,0.35000000000000003,0.32442434024592653,31,L,0.3356164383561644,0.2363013698630137,0.09417808219178082,0.20376712328767124,0.3466666666666667,0.368,0.10529715762273902,0.17958656330749354,0.4661602209944751,0.27417127071823205,0.24240331491712708,0.017265193370165747,"Claudio, Alex"
592229,191,67,48,17,30,0.3405759162303665,0.3378480703941064,32,R,0.3402061855670103,0.24054982817869416,0.08762886597938144,0.18041237113402062,0.30666666666666664,0.344,0.0748502994011976,0.17365269461077845,0.654140127388535,0.256687898089172,0.0732484076433121,0.01592356687898089,"Covey, Dylan"
592230,1,0,0,0,1,0.0,0.0,31,R,0.31683168316831684,0.21782178217821782,0.08415841584158416,0.23267326732673269,0.3076923076923077,0.3076923076923077,0.10194174757281553,0.2718446601941748,0.29245283018867924,0.2358490566037736,0.2358490566037736,0.2358490566037736,"Cowart, Kaleb"
592233,117,49,33,12,17,0.4064102564102564,0.3503092676185131,29,R,0.37327188940092165,0.2534562211981567,0.0944700460829493,0.18202764976958524,0.41333333333333333,0.4,0.07256461232604373,0.13717693836978131,0.6324503311258278,0.27483443708609273,0.06291390728476821,0.029801324503311258,"Crichton, Stefan"
592254,169,63,44,16,50,0.3869822485207101,0.364817152306757,31,R,0.35315985130111527,0.24535315985130113,0.09107806691449814,0.2695167286245353,0.32,0.368,0.1307490144546649,0.15243101182654403,0.5984528832630098,0.14978902953586498,0.23417721518987342,0.017580872011251757,"De León, José"
592273,7,5,3,1,0,0.7428571428571429,0.6882355714285715,29,R,0.34579439252336447,0.2336448598130841,0.08878504672897196,0.2102803738317757,0.40625,0.40625,0.1141732283464567,0.29133858267716534,0.16233766233766234,0.42207792207792205,0.2532467532467532,0.16233766233766234,"Drury, Brandon"
592288,157,49,33,12,26,0.3576433121019108,0.32970413550450023,32,L,0.3151750972762646,0.2140077821011673,0.07976653696498054,0.188715953307393,0.32,0.352,0.05661764705882353,0.13088235294117648,0.5261904761904762,0.276984126984127,0.176984126984127,0.01984126984126984,"Emanuel, Kent"
592314,583,184,139,36,97,0.36363636363636365,0.3504571947501188,30,R,0.3162518301610542,0.23572474377745242,0.06515373352855051,0.17496339677891654,0.25333333333333335,0.28,0.08154965753424658,0.1232876712328767,0.5054680664916885,0.3593613298337708,0.12970253718285216,0.005468066491688539,"Foltynewicz, Mike"
592332,3142,898,689,198,873,0.3000159134309357,0.30330767447154555,33,R,0.28685996298581123,0.21930906847624923,0.06369524984577421,0.27621838371375695,0.25333333333333335,0.296,0.13588892487046633,0.17308937823834197,0.5248333604291985,0.1001056738741668,0.37404487075272314,0.001016094943911559,"Gausman, Kevin"
592346,589,217,168,43,78,0.39380305602716464,0.3844767235894898,31,R,0.3613933236574746,0.2757619738751814,0.07474600870827286,0.14586357039187228,0.37333333333333335,0.344,0.07067703568161025,0.11893870082342177,0.5802902621722846,0.3012640449438202,0.112125468164794,0.006320224719101123,"González, Chi Chi"
592351,2351,731,522,186,550,0.31673755848575075,0.31342292178580416,33,R,0.3113015095879233,0.2219502243982048,0.07935536515707875,0.233578131374949,0.3333333333333333,0.312,0.11765038444142922,0.14054726368159204,0.4609392767796225,0.4455879008414828,0.09205139868091881,0.0014214236979758926,"Gray, Jon"
592390,384,124,76,46,109,0.33632812500000003,0.311300095469447,34,R,0.32231404958677684,0.2024793388429752,0.11260330578512397,0.27169421487603307,0.37333333333333335,0.392,0.11068019093078758,0.14976133651551313,0.5101476014760148,0.47447724477244774,0.007687576875768758,0.007687576875768758,"Hembree, Heath"
592407,5,3,1,1,0,0.6799999999999999,0.629557336231884,34,R,0.3333333333333333,0.21904761904761905,0.09047619047619047,0.21428571428571427,0.36666666666666664,0.36666666666666664,0.09051724137931035,0.25000000000000006,0.4015151515151515,0.2196969696969697,0.1893939393939394,0.1893939393939394,"Holaday, Bryan"
592411,32,14,10,4,6,0.528125,0.528125,32,L,0.3484848484848485,0.24242424242424243,0.0946969696969697,0.2159090909090909,0.38596491228070173,0.38596491228070173,0.105,0.28,0.25,0.25,0.25,0.25,"Holmes, Ben"
592426,696,219,136,77,185,0.3141522988505747,0.31117379518140476,33,R,0.31532663316582915,0.1984924623115578,0.10741206030150753,0.26067839195979897,0.29333333333333333,0.312,0.13502337288745056,0.16396979503775622,0.3242402050530941,0.6666056389600878,0.0045770779934090075,0.0045770779934090075,"Jackson, Luke"
592454,441,124,69,49,121,0.2810657596371882,0.2705416221065085,35,R,0.28835489833641403,0.16820702402957485,0.10628465804066543,0.26524953789279115,0.3333333333333333,0.296,0.1535018430753028,0.17114270668773038,0.2122769064359113,0.03975121687398594,0.7412114656571119,0.006760411032990805,"Kahnle, Tommy"
592455,6,3,2,1,3,0.4166666666666667,0.4166666666666667,32,L,0.330188679245283,0.22641509433962265,0.08962264150943396,0.24056603773584906,0.3548387096774194,0.3548387096774194,0.105,0.28,0.25,0.25,0.25,0.25,"Kalish, Jake"
592464,12,7,5,1,2,0.6124999999999999,0.34638741666666667,33,L,0.3482142857142857,0.24107142857142858,0.08482142857142858,0.21875,0.40540540540540543,0.40540540540540543,0.1,0.22758620689655173,0.1631578947368421,0.5736842105263158,0.13157894736842105,0.13157894736842105,"Kickham, Mike"
592473,160,58,38,15,21,0.3484375,0.3133086809178744,35,L,0.34615384615384615,0.23076923076923078,0.09038461538461538,0.1673076923076923,0.32,0.328,0.062142857142857146,0.16142857142857142,0.7038461538461539,0.16230769230769232,0.11461538461538462,0.019230769230769232,"Kolarek, Adam"
592527,13,5,4,1,2,0.4423076923076923,0.36756305128205125,35,R,0.3274336283185841,0.23008849557522124,0.084070796460177,0.2168141592920354,0.34210526315789475,0.34210526315789475,0.10283687943262411,0.23404255319148937,0.35714285714285715,0.25824175824175827,0.24725274725274726,0.13736263736263737,"Mariot, Michael"
592612,60,20,15,5,9,0.3625,0.2879336497821351,33,L,0.325,0.23125,0.084375,0.196875,0.3333333333333333,0.32941176470588235,0.08610271903323263,0.1661631419939577,0.6637010676156584,0.09074733096085409,0.20106761565836298,0.04448398576512456,"Osich, Josh"
592614,10,1,1,0,2,0.125,0.125,31,L,0.3,0.20909090909090908,0.07727272727272727,0.22272727272727272,0.2571428571428571,0.2571428571428571,0.10454545454545454,0.27272727272727276,0.325,0.20833333333333334,0.25833333333333336,0.20833333333333334,"Overton, Dillon"
592644,254,95,65,27,44,0.4116141732283464,0.37875733638489967,30,R,0.3587570621468927,0.2457627118644068,0.10028248587570622,0.18785310734463276,0.4266666666666667,0.416,0.10188509874326751,0.16427289048473967,0.8021616541353384,0.17434210526315788,0.011748120300751879,0.011748120300751879,"Plutko, Adam"
592662,1800,518,359,142,542,0.31027777777777776,0.2972714276750083,33,L,0.2894736842105263,0.2005263157894737,0.07921052631578947,0.29710526315789476,0.32,0.328,0.14651361756737488,0.15856266932839014,0.5899037771075686,0.38726123797213846,0.021039781703288813,0.0017952032170041648,"Ray, Robbie"
592712,29,8,7,1,7,0.3413793103448276,0.2990434843260188,33,R,0.31007751937984496,0.2248062015503876,0.07364341085271318,0.22868217054263565,0.2962962962962963,0.2962962962962963,0.08766233766233766,0.22727272727272727,0.27403846153846156,0.47596153846153844,0.12980769230769232,0.1201923076923077,"Sadzeck, Connor"
592716,664,211,159,44,120,0.3377259036144578,0.34267346786109015,33,R,0.3180628272251309,0.2369109947643979,0.06871727748691099,0.18651832460732984,0.38666666666666666,0.336,0.09401172529313233,0.1637353433835846,0.6764328485885372,0.1563301967493584,0.16189050470487595,0.0053464499572284,"Sampson, Adrian"
592717,459,166,121,35,76,0.36122004357298476,0.33290459670419686,31,R,0.3542039355992844,0.2558139534883721,0.0778175313059034,0.17620751341681573,0.38666666666666666,0.352,0.08243626062322947,0.14674220963172804,0.5507288629737609,0.297667638483965,0.14431486880466474,0.007288629737609329,"Sanchez, Aaron"
592741,581,178,120,55,131,0.3147160068846816,0.3107873736905386,34,L,0.30837004405286345,0.20851688693098386,0.09324522760646109,0.22540381791483113,0.30666666666666664,0.32,0.1195244055068836,0.18523153942428036,0.39433319130805283,0.2183638687686408,0.381976991904559,0.005325948018747337,"Shreve, Chasen"
592743,9,6,5,1,0,0.6166666666666667,0.4400826666666667,33,R,0.3486238532110092,0.24770642201834864,0.0871559633027523,0.20642201834862386,0.4117647058823529,0.4117647058823529,0.092,0.264,0.44666666666666666,0.22,0.16666666666666666,0.16666666666666666,"Simmons, Andrelton"
592761,858,276,159,110,202,0.32843822843822845,0.30792698948155783,31,L,0.32150313152400833,0.18893528183716074,0.12369519832985386,0.23434237995824633,0.28,0.288,0.11839474435875465,0.1268209083119109,0.46667632570269485,0.3510576644450884,0.17864387134164011,0.0036221385105766443,"Smith, Caleb"
592767,2001,653,479,155,433,0.35092453773113447,0.3267468462120705,35,L,0.3260352213231794,0.23845787720133269,0.07782008567348882,0.2168015230842456,0.4266666666666667,0.344,0.11740917528507028,0.16083267037920976,0.5379738387613454,0.45788841430859584,0.002469300587293113,0.0016684463427656167,"Smyly, Drew"
592769,9,6,4,2,1,0.5944444444444444,0.5944444444444444,31,L,0.3486238532110092,0.23853211009174313,0.0963302752293578,0.21559633027522937,0.4117647058823529,0.4117647058823529,0.105,0.28,0.25,0.25,0.25,0.25,"Snelten, D.J."
592773,1089,321,191,120,300,0.288613406795225,0.29643524247179276,33,R,0.2968881412952061,0.1791421362489487,0.1080740117746005,0.2712363330529857,0.30666666666666664,0.296,0.146129541864139,0.1500789889415482,0.6034010499885871,0.18317735676786123,0.2105683633873545,0.0028532298561972152,"Stanek, Ryne"
592779,212,65,43,21,72,0.2941037735849057,0.2853729863724705,33,R,0.3108974358974359,0.20833333333333334,0.09455128205128205,0.30288461538461536,0.3466666666666667,0.328,0.16739846322722282,0.1602634467618002,0.6927990708478513,0.22125435540069685,0.07142857142857142,0.014518002322880372,"Stewart, Brock"
592789,1069,338,269,55,177,0.3422357343311506,0.34467039865806093,31,R,0.3165098374679213,0.24893071000855432,0.05431993156544055,0.17065868263473055,0.29333333333333333,0.328,0.08885108610311437,0.13478147081915728,0.5161760806152215,0.27220896313975074,0.20591355078228588,0.005701405462741978,"Syndergaard, Noah"
592791,2736,798,626,154,575,0.3162097953216374,0.3167719953468297,33,R,0.2926657263751763,0.22849083215796898,0.05729901269393512,0.21068406205923837,0.28,0.256,0.1008133971291866,0.14669856459330144,0.6237980769230769,0.319375,0.05552884615384615,0.001298076923076923,"Taillon, Jameson"
592804,99,28,16,11,18,0.27929292929292926,0.25979559647162875,34,R,0.3015075376884422,0.19095477386934673,0.09798994974874371,0.20351758793969849,0.30666666666666664,0.2903225806451613,0.07900432900432901,0.1645021645021645,0.5400485436893204,0.2779126213592233,0.15169902912621358,0.03033980582524272,"Thornburg, Tyler"
592826,977,322,215,100,227,0.3513306038894575,0.34493557321599394,31,R,0.3286908077994429,0.2200557103064067,0.10074280408542247,0.23166202414113277,0.3333333333333333,0.296,0.11913311105411643,0.13362400615542447,0.5103923096908288,0.3584047804624578,0.12795531306832944,0.003247596778383996,"Velasquez, Vince"
592831,64,28,23,5,11,0.446875,0.3654668998737024,30,R,0.36585365853658536,0.27439024390243905,0.08231707317073171,0.20426829268292682,0.37333333333333335,0.4044943820224719,0.10201149425287356,0.16091954022988506,0.5721476510067114,0.06208053691275168,0.3238255033557047,0.04194630872483222,"Wade, Konner"
592833,9,5,2,3,0,0.43333333333333335,0.43333333333333335,30,R,0.3394495412844037,0.22018348623853212,0.10550458715596331,0.20642201834862386,0.38235294117647056,0.38235294117647056,0.105,0.28,0.25,0.25,0.25,0.25,"Wahl, Bobby"
592836,2496,801,562,216,487,0.3333333333333333,0.33568682722972776,32,R,0.3208782742681048,0.22496147919876733,0.08647919876733436,0.19626348228043144,0.4,0.44,0.08975026014568158,0.14287200832466182,0.5338389121338912,0.21668410041841005,0.2481694560669456,0.001307531380753138,"Walker, Taijuan"
592848,138,43,26,15,39,0.333695652173913,0.3334533355147382,31,R,0.31512605042016806,0.20168067226890757,0.09873949579831932,0.25840336134453784,0.26666666666666666,0.28,0.13738317757009347,0.1925233644859813,0.36391752577319586,0.5845360824742268,0.02577319587628866,0.02577319587628866,"Weiss, Zack"
592858,420,152,103,46,102,0.3569047619047619,0.35130219817094277,31,R,0.35384615384615387,0.2403846153846154,0.10480769230769231,0.23942307692307693,0.32,0.344,0.10618115055079559,0.14626682986536108,0.7048611111111112,0.27872474747474746,0.008522727272727272,0.007891414141414142,"Wick, Rowan"
592859,5,2,2,0,0,0.58,0.6346,29,R,0.3238095238095238,0.22857142857142856,0.08095238095238096,0.21428571428571427,0.3333333333333333,0.3333333333333333,0.10267857142857142,0.2678571428571429,0.20161290322580644,0.20161290322580644,0.3951612903225806,0.20161290322580644,"Wilkerson, Stevie"
592865,69,27,16,8,12,0.372463768115942,0.3615811594202899,31,R,0.34911242603550297,0.22485207100591717,0.09763313609467456,0.20414201183431951,0.41333333333333333,0.3723404255319149,0.10501567398119123,0.1724137931034483,0.4888475836431227,0.41821561338289964,0.046468401486988845,0.046468401486988845,"Williams, Taylor"
592866,1819,603,455,134,369,0.3467839472237493,0.3271808435111833,32,R,0.33090151120375194,0.24856696195935382,0.07425742574257425,0.20401250651380928,0.25333333333333335,0.272,0.0914915059026778,0.1524618485459257,0.5849042923433875,0.26732888631090485,0.14595417633410673,0.001812645011600928,"Williams, Trevor"
592879,29,12,7,4,7,0.4620689655172414,0.420607487804878,34,R,0.34108527131782945,0.2248062015503876,0.09689922480620156,0.22868217054263565,0.37037037037037035,0.37037037037037035,0.09016393442622951,0.2185792349726776,0.4849624060150376,0.32706766917293234,0.09398496240601503,0.09398496240601503,"Wojciechowski, Asher"
593140,115,39,28,11,31,0.3460869565217391,0.35661564841824844,29,R,0.3302325581395349,0.23255813953488372,0.09069767441860466,0.24883720930232558,0.32,0.32,0.11958568738229755,0.1657250470809793,0.5311850311850311,0.341995841995842,0.10083160083160084,0.02598752598752599,"Feliz, Michael"
593144,251,62,50,10,42,0.2675298804780877,0.3201665272980991,31,R,0.2678062678062678,0.20512820512820512,0.05270655270655271,0.18376068376068377,0.32,0.28,0.09818007662835249,0.13697318007662834,0.8304828973843058,0.1443661971830986,0.012575452716297788,0.012575452716297788,"Rodríguez, Richard"
593160,6,3,2,0,0,0.6,0.5898255432900432,33,R,0.330188679245283,0.22641509433962265,0.08018867924528301,0.21226415094339623,0.3548387096774194,0.3548387096774194,0.11061946902654868,0.2920353982300885,0.3888888888888889,0.21428571428571427,0.1984126984126984,0.1984126984126984,"Merrifield, Whit"
593334,1275,382,271,95,290,0.32745098039215687,0.32226283978235776,32,R,0.3010909090909091,0.21309090909090908,0.07527272727272727,0.22727272727272727,0.4533333333333333,0.384,0.1335454732087867,0.1695750359269144,0.4091474797759801,0.36849201410495747,0.21914540551752748,0.0032151006015349514,"Germán, Domingo"
593372,362,124,77,36,57,0.33273480662983423,0.36550778442497617,30,R,0.33766233766233766,0.21428571428571427,0.09632034632034632,0.17207792207792208,0.30666666666666664,0.376,0.08580738595220855,0.13034033309196236,0.6119459053343351,0.23929376408715253,0.13936889556724266,0.009391435011269721,"Martinez, Carlos"
593423,2122,656,467,170,517,0.3215362865221489,0.31780113660136794,31,R,0.3096309630963096,0.22007200720072007,0.08033303330333033,0.2427992799279928,0.38666666666666666,0.336,0.12417542145125825,0.16467139017835328,0.6535766961651918,0.12604473942969519,0.21884218289085547,0.0015363815142576205,"Montas, Frankie"
593576,1208,356,224,116,349,0.2986341059602649,0.29685525572891175,35,R,0.2966360856269113,0.18807339449541285,0.09518348623853211,0.2840214067278288,0.32,0.296,0.14369532750160016,0.17025816087049286,0.5992020703040759,0.045611386672417514,0.3524908345913306,0.0026957084321759758,"Neris, Héctor"
593604,54,20,12,8,13,0.3648148148148148,0.37944852572016463,29,L,0.33766233766233766,0.22077922077922077,0.10714285714285714,0.2305194805194805,0.36,0.35443037974683544,0.1126984126984127,0.16507936507936508,0.5377358490566038,0.3264150943396226,0.08867924528301886,0.04716981132075472,"Baldonado, Alberto"
593619,343,121,71,47,60,0.3259475218658892,0.31669076688114145,32,R,0.345372460496614,0.20993227990970656,0.1252821670428894,0.18623024830699775,0.29333333333333333,0.32,0.09032012195121951,0.14557926829268292,0.7198890649762282,0.16362916006339145,0.10657686212361331,0.009904912836767036,"Tapia, Domingo"
593643,60,21,16,4,2,0.365,0.3708665703874872,31,R,0.33125,0.2375,0.078125,0.153125,0.3466666666666667,0.3411764705882353,0.04355400696864112,0.1672473867595819,0.8375527426160337,0.052742616033755275,0.056962025316455694,0.052742616033755275,"Alberto, Hanser"
593833,246,81,57,20,57,0.36036585365853663,0.3391564262273086,33,R,0.3265895953757225,0.22832369942196531,0.08236994219653179,0.22976878612716764,0.32,0.336,0.10673624288425047,0.1413662239089184,0.7036852589641435,0.08316733067729083,0.20069721115537847,0.01245019920318725,"Suero, Wander"
593934,1,0,0,0,0,0.0,0.077,31,R,0.31683168316831684,0.21782178217821782,0.08415841584158416,0.22277227722772278,0.3076923076923077,0.3076923076923077,0.11165048543689321,0.2718446601941748,0.27358490566037735,0.25471698113207547,0.2358490566037736,0.2358490566037736,"Sanó, Miguel"
593958,2066,644,481,154,492,0.32282187802516943,0.3113205051356051,31,L,0.3120960295475531,0.2322253000923361,0.07502308402585411,0.23753462603878117,0.3333333333333333,0.352,0.10021044813072542,0.14842782867046297,0.7280144494270054,0.06981813652217239,0.20061036372695565,0.0015570503238664674,"Rodriguez, Eduardo"
593974,903,281,183,85,184,0.3075858250276855,0.3101908009811532,33,L,0.3120638085742772,0.20438683948155534,0.09322033898305085,0.20588235294117646,0.32,0.328,0.13730272596843615,0.2071736011477762,0.4187772925764192,0.13697234352256185,0.4406113537117904,0.00363901018922853,"Peralta, Wandy"
594056,64,24,19,5,5,0.3609375,0.41059416534534543,29,L,0.34146341463414637,0.25,0.08231707317073171,0.1676829268292683,0.30666666666666664,0.3595505617977528,0.08662613981762918,0.18541033434650456,0.568100358422939,0.34229390681003585,0.044802867383512544,0.044802867383512544,"Guduan, Reymin"
594311,223,73,45,19,44,0.3213004484304933,0.3296835702270441,30,R,0.32507739938080493,0.20743034055727555,0.08513931888544891,0.20588235294117646,0.3333333333333333,0.32,0.07329545454545454,0.14772727272727273,0.65,0.31987951807228915,0.015060240963855422,0.015060240963855422,"Gustave, Jandel"
594577,709,233,169,58,162,0.35479548660084625,0.3269933481046886,33,R,0.32756489493201485,0.2360939431396786,0.08220024721878863,0.2280593325092707,0.37333333333333335,0.368,0.11603910209992759,0.15061549601737872,0.6008480825958702,0.34457964601769914,0.049963126843657814,0.004609144542772861,"Mayers, Mike"
594580,696,219,128,76,172,0.3003591954022989,0.28533679571623394,32,L,0.31532663316582915,0.1884422110552764,0.10615577889447236,0.2443467336683417,0.3466666666666667,0.296,0.0949438202247191,0.13108614232209737,0.5639312977099237,0.3998091603053435,0.03148854961832061,0.004770992366412214,"Moll, Sam"
594694,18,12,9,3,1,0.6861111111111111,0.6202573613814395,29,R,0.3728813559322034,0.2627118644067797,0.09745762711864407,0.19915254237288135,0.46511627906976744,0.46511627906976744,0.07861635220125786,0.22641509433962265,0.6467889908256881,0.12385321100917432,0.11467889908256881,0.11467889908256881,"Difo, Wilmer"
594795,73,24,16,7,17,0.35205479452054794,0.30798640821127127,35,L,0.3236994219653179,0.21965317919075145,0.08959537572254335,0.22832369942196531,0.3333333333333333,0.32653061224489793,0.13270777479892762,0.18230563002680966,0.586687306501548,0.33591331269349844,0.03869969040247678,0.03869969040247678,"Dayton, Grant"
594798,791,154,124,28,335,0.21833122629582805,0.2169432768471606,36,R,0.20875420875420875,0.1638608305274972,0.0409652076318743,0.4012345679012346,0.30666666666666664,0.232,0.2053745928338762,0.20618892508143322,0.5200331125827815,0.3892384105960265,0.08658940397350993,0.0041390728476821195,"deGrom, Jacob"
594809,5,2,2,0,0,0.36,0.178,33,L,0.3238095238095238,0.22857142857142856,0.08095238095238096,0.21428571428571427,0.3333333333333333,0.3333333333333333,0.09504132231404959,0.25619834710743805,0.4014084507042254,0.24647887323943662,0.176056338028169,0.176056338028169,"Eaton, Adam"
594835,1861,594,451,129,285,0.34290703922622245,0.34387605255536297,32,L,0.3192248852626211,0.24120346761856196,0.07011728709841918,0.15680775114737378,0.41333333333333333,0.384,0.0863015731671119,0.1605817750074206,0.5836572966507177,0.15213815789473684,0.2623355263157895,0.0018690191387559809,"Gonzales, Marco"
594838,3,0,0,0,0,0.0,0.21933333333333335,34,R,0.3106796116504854,0.21359223300970873,0.0825242718446602,0.21844660194174756,0.2857142857142857,0.2857142857142857,0.1,0.2666666666666667,0.22727272727272727,0.3181818181818182,0.22727272727272727,0.22727272727272727,"Gosselin, Phil"
594902,1028,320,237,75,204,0.3336575875486381,0.32261620000674307,32,R,0.3120567375886525,0.2296099290780142,0.07402482269503546,0.20079787234042554,0.3466666666666667,0.344,0.08109833971902937,0.12388250319284802,0.5954721862871928,0.3038809831824062,0.09741267787839586,0.003234152652005175,"Lively, Ben"
594943,144,53,37,14,29,0.40347222222222223,0.39704871962149046,35,R,0.3483606557377049,0.24180327868852458,0.09221311475409837,0.21106557377049182,0.3333333333333333,0.376,0.10390625,0.1765625,0.6635593220338983,0.1059322033898305,0.2093220338983051,0.0211864406779661,"Neal, Zach"
594965,166,63,33,25,25,0.3686746987951807,0.36509387503119556,30,R,0.35714285714285715,0.20676691729323307,0.12593984962406016,0.17857142857142858,0.3466666666666667,0.36,0.09096945551128818,0.14873837981407703,0.7958748221906117,0.0561877667140825,0.1301564722617354,0.017780938833570414,"Ponce de Leon, Daniel"
594985,49,16,12,2,8,0.3846938775510204,0.310863903443548,33,R,0.3221476510067114,0.22818791946308725,0.07046979865771812,0.20469798657718122,0.32432432432432434,0.32432432432432434,0.07214765100671142,0.15436241610738255,0.4375,0.46169354838709675,0.05040322580645161,0.05040322580645161,"Rowen, Ben"
594986,72,27,21,6,10,0.3965277777777778,0.3660601468240553,31,L,0.3430232558139535,0.25,0.08430232558139535,0.18895348837209303,0.32,0.36082474226804123,0.08727810650887574,0.16568047337278108,0.7690972222222222,0.1440972222222222,0.043402777777777776,0.043402777777777776,"Ryan, Kyle"
594987,145,30,19,10,37,0.19448275862068964,0.24331779513859803,31,R,0.2530612244897959,0.1673469387755102,0.07551020408163266,0.24285714285714285,0.17333333333333334,0.192,0.10058737151248165,0.18061674008810572,0.6473851030110935,0.3098256735340729,0.022979397781299524,0.019809825673534072,"Sadler, Casey"
595014,595,152,101,45,178,0.25865546218487395,0.2553339266272199,36,R,0.2647482014388489,0.17697841726618704,0.07697841726618705,0.2884892086330935,0.32,0.24,0.129606365159129,0.1704355108877722,0.6191189050470488,0.3693327630453379,0.006201881950384945,0.0053464499572284,"Treinen, Blake"
595191,159,64,46,12,22,0.4666666666666667,0.417679372675165,32,R,0.37065637065637064,0.2625482625482625,0.07915057915057915,0.1718146718146718,0.37333333333333335,0.4,0.1087962962962963,0.16820987654320987,0.40384615384615385,0.44732441471571904,0.12792642140468227,0.020903010033444816,"Eickhoff, Jerad"
595263,21,12,8,4,1,0.6666666666666666,0.6913294630779847,34,R,0.36363636363636365,0.24793388429752067,0.10330578512396695,0.19421487603305784,0.43478260869565216,0.43478260869565216,0.06140350877192982,0.19298245614035087,0.17768595041322313,0.1446280991735537,0.5743801652892562,0.10330578512396695,"Jannis, Mickey"
595284,1,0,0,0,0,0.0,0.161,30,R,0.31683168316831684,0.21782178217821782,0.08415841584158416,0.22277227722772278,0.3076923076923077,0.3076923076923077,0.10096153846153846,0.27884615384615385,0.23148148148148148,0.3055555555555556,0.23148148148148148,0.23148148148148148,"Knapp, Andrew"
595345,802,254,151,86,219,0.3172693266832918,0.2999814572402113,33,L,0.3170731707317073,0.1917960088691796,0.10476718403547672,0.26773835920177386,0.4,0.336,0.1262261973456434,0.13387189844200809,0.35816744730679156,0.6187060889929742,0.0194672131147541,0.003659250585480094,"Okert, Steven"
595411,125,42,25,12,29,0.32039999999999996,0.30519042575051647,33,L,0.3288888888888889,0.2088888888888889,0.09111111111111111,0.2288888888888889,0.29333333333333333,0.312,0.1018348623853211,0.12844036697247707,0.5242424242424243,0.4090909090909091,0.04141414141414142,0.025252525252525252,"Sherriff, Ryan"
595465,203,76,35,30,45,0.3544334975369458,0.3341194435741313,32,R,0.3564356435643564,0.18811881188118812,0.12706270627062707,0.22277227722772278,0.4533333333333333,0.408,0.11677631578947369,0.2236842105263158,0.8915313225058005,0.07946635730858469,0.014501160092807424,0.014501160092807424,"Winkler, Dan"
595798,18,7,3,3,4,0.3861111111111111,0.47250461111111114,31,R,0.3305084745762712,0.211864406779661,0.09745762711864407,0.2245762711864407,0.3488372093023256,0.3488372093023256,0.09064327485380116,0.21637426900584794,0.4090909090909091,0.24380165289256198,0.24380165289256198,0.10330578512396695,"Alaniz, R.J."
595881,411,156,104,42,67,0.37664233576642336,0.3511264541465121,31,R,0.3679060665362035,0.2465753424657534,0.09882583170254403,0.175146771037182,0.44,0.368,0.09774193548387097,0.14967741935483872,0.4483333333333333,0.25366666666666665,0.2896666666666667,0.008333333333333333,"Beede, Tyler"
595893,10,6,3,3,2,0.605,0.605,30,R,0.34545454545454546,0.22727272727272727,0.10454545454545454,0.22272727272727272,0.4,0.4,0.105,0.28,0.25,0.25,0.25,0.25,"Brickhouse, Bryan"
595897,83,27,10,15,25,0.28855421686746985,0.2582177349397591,31,R,0.3224043715846995,0.17486338797814208,0.1284153005464481,0.25956284153005466,0.3466666666666667,0.32407407407407407,0.11785714285714285,0.1738095238095238,0.5743243243243243,0.3581081081081081,0.033783783783783786,0.033783783783783786,"Burdi, Nick"
595918,30,7,6,1,7,0.26333333333333336,0.292694706222542,29,R,0.3,0.2153846153846154,0.07307692307692308,0.22692307692307692,0.2727272727272727,0.2727272727272727,0.11448598130841121,0.20093457943925233,0.5030487804878049,0.3201219512195122,0.10060975609756098,0.07621951219512195,"Cole, A.J."
595928,304,94,70,23,62,0.33092105263157895,0.30662851548557574,31,R,0.3118811881188119,0.22772277227722773,0.07797029702970297,0.20915841584158415,0.3466666666666667,0.336,0.11648444070647603,0.1505466778805719,0.5237050043898156,0.4446883230904302,0.020632133450395083,0.010974539069359086,"Curtiss, John"
595939,178,60,34,22,32,0.32696629213483147,0.3705807340646568,30,R,0.33093525179856115,0.2014388489208633,0.10971223021582734,0.1960431654676259,0.37333333333333335,0.384,0.10446685878962536,0.1440922190201729,0.4588509316770186,0.4169254658385093,0.1048136645962733,0.019409937888198756,"Ellis, Chris"
595943,3,0,0,0,0,0.0,0.15033333333333332,29,R,0.3106796116504854,0.21359223300970873,0.0825242718446602,0.21844660194174756,0.2857142857142857,0.2857142857142857,0.1,0.2666666666666667,0.3181818181818182,0.22727272727272727,0.22727272727272727,0.22727272727272727,"Evans, Phillip"
595978,22,7,5,1,1,0.33409090909090905,0.3571575027195027,32,R,0.319672131147541,0.22131147540983606,0.0778688524590164,0.19262295081967212,0.3191489361702128,0.3191489361702128,0.06725146198830409,0.19883040935672514,0.4090909090909091,0.10330578512396695,0.384297520661157,0.10330578512396695,"Hedges, Austin"
595988,14,4,2,2,8,0.2285714285714286,0.2285714285714286,30,R,0.3157894736842105,0.21052631578947367,0.09210526315789473,0.2675438596491228,0.3076923076923077,0.3076923076923077,0.11458333333333333,0.22916666666666666,0.3776595744680851,0.34574468085106386,0.14361702127659576,0.13297872340425532,"Holder, Heath"
596001,1316,396,313,69,300,0.3183890577507599,0.314182675085885,32,R,0.3022598870056497,0.2365819209039548,0.0547316384180791,0.2277542372881356,0.22666666666666666,0.184,0.10457049581718017,0.14119567435217303,0.37095444238301384,0.5138115852401567,0.11265718408575552,0.002576788291074005,"Junis, Jakob"
596027,153,54,18,28,45,0.31209150326797386,0.33818892179543697,30,R,0.33992094861660077,0.15810276679841898,0.1442687747035573,0.26679841897233203,0.4266666666666667,0.376,0.10247592847317744,0.1279229711141678,0.5044313146233382,0.4586410635155096,0.01846381093057607,0.01846381093057607,"Maples, Dillon"
596035,15,9,6,2,1,0.5966666666666666,0.5966666666666666,30,R,0.3565217391304348,0.24347826086956523,0.09130434782608696,0.20434782608695654,0.425,0.425,0.10064935064935066,0.21428571428571427,0.4855769230769231,0.27403846153846156,0.1201923076923077,0.1201923076923077,"McClain, Reggie"
596043,37,13,12,1,10,0.39864864864864863,0.39899073873873875,29,R,0.3284671532846715,0.24817518248175183,0.06934306569343066,0.23722627737226276,0.3387096774193548,0.3387096774193548,0.09817351598173515,0.1917808219178082,0.5118343195266272,0.20414201183431951,0.21005917159763313,0.07396449704142012,"Mengden, Daniel"
596049,54,23,18,5,9,0.45092592592592595,0.33557663580246916,29,L,0.35714285714285715,0.2597402597402597,0.08766233766233766,0.20454545454545456,0.37333333333333335,0.3924050632911392,0.09197324414715718,0.19063545150501673,0.6285140562248996,0.25100401606425704,0.07028112449799197,0.050200803212851405,"Morimando, Shawn"
596056,16,8,8,0,0,0.515625,0.35811160714285717,28,L,0.3448275862068966,0.25862068965517243,0.07327586206896551,0.1939655172413793,0.3902439024390244,0.3902439024390244,0.08518518518518518,0.2518518518518518,0.4411764705882353,0.2647058823529412,0.14705882352941177,0.14705882352941177,"Nogowski, John"
596057,576,193,113,70,139,0.3417534722222222,0.3286783438406792,30,L,0.3328402366863905,0.1997041420118343,0.11612426035502958,0.23890532544378698,0.37333333333333335,0.288,0.1187973086627418,0.14970563498738435,0.43964776632302405,0.25193298969072164,0.30304982817869414,0.0053694158075601375,"Norris, Daniel"
596071,321,107,75,30,57,0.33894080996884735,0.34257422088181655,30,L,0.33016627078384797,0.23040380047505937,0.09144893111638955,0.18883610451306412,0.37333333333333335,0.384,0.10044809559372667,0.16056758775205376,0.49146625290923196,0.212955779674166,0.28588052754072923,0.009697439875872769,"Peters, Dillon"
596082,140,51,34,14,26,0.3825,0.35147690408082954,31,R,0.3458333333333333,0.23333333333333334,0.09375,0.20208333333333334,0.38666666666666666,0.384,0.09815436241610738,0.13590604026845637,0.4606227106227106,0.47893772893772896,0.037545787545787544,0.022893772893772892,"Reed, Jake"
596103,2,1,0,1,0,0.35,0.3568585,29,R,0.3235294117647059,0.21568627450980393,0.09313725490196079,0.22058823529411764,0.3333333333333333,0.3333333333333333,0.09905660377358491,0.26415094339622647,0.33035714285714285,0.22321428571428573,0.22321428571428573,0.22321428571428573,"Slater, Austin"
596112,667,194,140,51,187,0.318215892053973,0.3085212038096778,30,R,0.29465449804432853,0.21121251629726207,0.07757496740547588,0.273142112125163,0.18666666666666668,0.2,0.16349448039588885,0.17967263037685574,0.5291036088474971,0.42239037640667443,0.043655413271245634,0.004850601474582848,"Stephenson, Robert"
596117,37,16,13,3,1,0.5594594594594594,0.42137421896642246,31,R,0.35036496350364965,0.25547445255474455,0.08394160583941605,0.17153284671532848,0.3870967741935484,0.3870967741935484,0.06888888888888889,0.2311111111111111,0.3742857142857143,0.12285714285714286,0.43142857142857144,0.07142857142857142,"Stubbs, Garrett"
596133,1433,452,332,107,338,0.34284717376133983,0.3301481846073908,31,R,0.3157208088714938,0.2309197651663405,0.07534246575342465,0.23515981735159816,0.25333333333333335,0.224,0.1160188457008245,0.15076560659599528,0.6087731206516206,0.1394026811471237,0.24970303750212117,0.0021211606991345666,"Weaver, Luke"
596271,238,83,65,15,39,0.3766806722689076,0.3290798067262925,37,R,0.34023668639053256,0.257396449704142,0.0695266272189349,0.1819526627218935,0.29333333333333333,0.336,0.0872093023255814,0.1839323467230444,0.42354910714285715,0.35323660714285715,0.20926339285714285,0.013950892857142858,"Lawrence, Casey"
596295,2412,784,611,164,428,0.3516169154228856,0.3429489787571575,31,L,0.3248407643312102,0.2519904458598726,0.0686703821656051,0.1793391719745223,0.36,0.32,0.09404406066644526,0.12542898261928484,0.41840142491372595,0.39079372147389513,0.18930201491706558,0.0015028386953133696,"Gomber, Austin"
596825,8,5,5,0,0,0.88125,0.4834086538461538,28,R,0.3425925925925926,0.25,0.0787037037037037,0.20833333333333334,0.3939393939393939,0.3939393939393939,0.08139534883720931,0.2558139534883721,0.43670886075949367,0.23417721518987342,0.17088607594936708,0.15822784810126583,"García, Robel"
597113,15,2,2,0,5,0.19333333333333333,0.3059130434782608,32,R,0.2956521739130435,0.20869565217391303,0.07391304347826087,0.2391304347826087,0.25,0.25,0.125,0.22674418604651161,0.4385245901639344,0.26639344262295084,0.19262295081967212,0.10245901639344263,"Johnson, DJ"
598264,604,194,126,62,162,0.30662251655629136,0.2997433159246125,34,R,0.3210227272727273,0.21022727272727273,0.10014204545454546,0.26207386363636365,0.32,0.328,0.11708603896103896,0.15746753246753248,0.46541010770505387,0.46665285832642917,0.0627589063794532,0.0051781275890637945,"Barnes, Matt"
598265,7,4,1,3,1,0.42857142857142855,0.430176,32,R,0.3364485981308411,0.21495327102803738,0.10747663551401869,0.21962616822429906,0.375,0.375,0.09615384615384616,0.25384615384615383,0.49375,0.15625,0.19375,0.15625,"Bradley Jr., Jackie"
598286,365,118,93,24,57,0.3206849315068493,0.3244057152782912,35,L,0.3225806451612903,0.24731182795698925,0.06989247311827956,0.17096774193548386,0.41333333333333333,0.344,0.1070150322118826,0.15676449534717252,0.4406087602078693,0.23570898292501857,0.31440237564959167,0.009279881217520415,"Ramirez, Nick"
598287,380,119,73,40,84,0.31592105263157894,0.3025391167774828,33,R,0.3145833333333333,0.19791666666666666,0.10104166666666667,0.221875,0.36,0.376,0.11044303797468355,0.16075949367088607,0.3663398692810457,0.31862745098039214,0.30490196078431375,0.010130718954248366,"Ramirez, Noé"
600355,4,1,1,0,2,0.3125,0.3125,31,R,0.3173076923076923,0.22115384615384615,0.08173076923076923,0.23557692307692307,0.3103448275862069,0.3103448275862069,0.105,0.28,0.25,0.25,0.25,0.25,"Herb, Tyler"
600853,3,0,0,0,1,0.0,0.0,29,R,0.3106796116504854,0.21359223300970873,0.0825242718446602,0.22815533980582525,0.2857142857142857,0.2857142857142857,0.09905660377358491,0.26415094339622647,0.29464285714285715,0.24107142857142858,0.24107142857142858,0.22321428571428573,"Adames, Jose"
600887,49,23,17,6,9,0.4775510204081632,0.44982518367346935,31,L,0.3691275167785235,0.26174496644295303,0.09731543624161074,0.21140939597315436,0.4189189189189189,0.4189189189189189,0.08739837398373984,0.17073170731707318,0.48214285714285715,0.3647959183673469,0.08928571428571429,0.06377551020408163,"Del Pozo, Miguel"
600917,803,239,138,92,238,0.2887920298879203,0.2875551471798688,31,R,0.3001107419712071,0.17718715393134,0.11129568106312292,0.2884828349944629,0.32,0.376,0.1638680659670165,0.18620689655172415,0.528310502283105,0.32404870624048704,0.14383561643835616,0.00380517503805175,"Leclerc, José"
600921,639,205,141,56,129,0.3367762128325508,0.3383577174001758,30,R,0.32070365358592695,0.22056833558863329,0.08728010825439783,0.2050067658998647,0.30666666666666664,0.328,0.10701616081986598,0.15687820260149785,0.6379171692802573,0.1775231202251709,0.17953357458785685,0.005026135906714918,"Machado, Andrés"
600944,9,3,3,0,0,0.46111111111111114,0.4445530357057955,27,R,0.3211009174311927,0.22935779816513763,0.0779816513761468,0.20642201834862386,0.3235294117647059,0.3235294117647059,0.08712121212121213,0.23484848484848486,0.40853658536585363,0.2865853658536585,0.1524390243902439,0.1524390243902439,"Paulino, David"
600986,198,68,38,28,46,0.3376262626262626,0.33728694161407063,31,R,0.33557046979865773,0.20134228187919462,0.12248322147651007,0.22986577181208054,0.30666666666666664,0.376,0.10252004581901489,0.13631156930126,0.5984204131227218,0.36391251518833534,0.022478736330498177,0.015188335358444714,"Vieira, Thyago"
601713,2821,857,598,241,765,0.3226692662176533,0.31465466415934085,31,R,0.30434782608695654,0.2122560766860664,0.08541595344060253,0.26959945224238274,0.29333333333333333,0.264,0.11219926661300421,0.1415794651641177,0.5849878717096397,0.3969544515317582,0.01684484772257659,0.0012128290360255143,"Pivetta, Nick"
602929,4,1,1,0,0,0.225,0.225,31,R,0.3173076923076923,0.22115384615384615,0.08173076923076923,0.21634615384615385,0.3103448275862069,0.3103448275862069,0.10087719298245613,0.26315789473684215,0.3359375,0.2109375,0.2578125,0.1953125,"Solbach, Markus"
605121,269,94,53,38,66,0.34405204460966543,0.35445494090135743,32,R,0.34146341463414637,0.2032520325203252,0.12601626016260162,0.23983739837398374,0.37333333333333335,0.336,0.12780898876404495,0.1797752808988764,0.5348722986247544,0.4405697445972495,0.012278978388998035,0.012278978388998035,"Anderson, Justin"
605130,1169,352,220,117,331,0.28892215568862273,0.28707321812101966,32,R,0.30260047281323876,0.19070133963750985,0.09889676910953507,0.2785657998423956,0.3333333333333333,0.344,0.14188195757193867,0.18021424070573408,0.3002547229887497,0.6944385480789641,0.0026533644661430695,0.0026533644661430695,"Barlow, Scott"
605135,3102,961,679,226,704,0.3126047711154094,0.3089232572563164,35,R,0.31011867582760777,0.21892567145534042,0.07323547782635853,0.2268894440974391,0.4,0.392,0.09617145235122763,0.12550977944236372,0.6587129126619307,0.24968658587547013,0.09055578771416632,0.0010447137484329294,"Bassitt, Chris"
605138,141,59,39,20,21,0.41134751773049644,0.3683008045707154,29,L,0.3775933609958506,0.25311203319502074,0.11825726141078838,0.18049792531120332,0.4,0.384,0.09714795008912656,0.14795008912655971,0.6741682974559687,0.1634050880626223,0.1379647749510763,0.02446183953033268,"Benjamin, Wes"
605151,363,124,86,34,63,0.3482093663911846,0.3225465932532477,31,R,0.3369330453563715,0.23326133909287258,0.091792656587473,0.18466522678185746,0.38666666666666666,0.36,0.07654075546719682,0.15374420145791914,0.6624400274160384,0.1888279643591501,0.14016449623029473,0.008567511994516792,"Bradley, Archie"
605154,815,253,190,57,201,0.3311042944785276,0.30685209082124104,34,R,0.3114754098360656,0.23169398907103825,0.0715846994535519,0.2442622950819672,0.29333333333333333,0.36,0.11345443349753695,0.15024630541871922,0.4654471544715447,0.5245465916197624,0.006097560975609756,0.003908692933083177,"Brebbia, John"
605155,182,63,44,17,45,0.35384615384615387,0.31932662404985435,32,R,0.33687943262411346,0.23404255319148937,0.09042553191489362,0.2393617021276596,0.4,0.336,0.10118168389955687,0.12850812407680945,0.44577352472089316,0.5143540669856459,0.019936204146730464,0.019936204146730464,"Brewer, Colten"
605156,215,71,55,13,34,0.36883720930232555,0.3872325818362492,34,R,0.326984126984127,0.24444444444444444,0.06825396825396825,0.17936507936507937,0.37333333333333335,0.352,0.09901685393258428,0.175561797752809,0.49924471299093653,0.3104229607250755,0.1714501510574018,0.0188821752265861,"Brooks, Aaron"
605164,1023,317,245,63,188,0.34310850439882695,0.32801333436881025,30,R,0.3107747105966162,0.2377560106856634,0.06366874443455031,0.18744434550311664,0.3466666666666667,0.344,0.09924948240165632,0.1545031055900621,0.48387519664394335,0.3436025170424751,0.168720503408495,0.003801782905086523,"Bundy, Dylan"
605170,7,4,2,1,0,0.5571428571428572,0.3299938571428571,29,R,0.3364485981308411,0.22429906542056074,0.08878504672897196,0.2102803738317757,0.375,0.375,0.09210526315789473,0.2719298245614035,0.4140625,0.1953125,0.1953125,0.1953125,"Caratini, Victor"
605177,1012,305,197,100,270,0.3006422924901186,0.29112251158837277,34,L,0.30305755395683454,0.19694244604316546,0.09757194244604317,0.2630395683453237,0.36,0.344,0.13451259862560447,0.19572410282514635,0.6423047177107502,0.34660995101830366,0.007862851250322248,0.003222480020623872,"Chafin, Andrew"
605182,1198,386,274,93,232,0.341110183639399,0.3398518416246127,34,R,0.3220338983050847,0.2280431432973806,0.07819722650231124,0.1960708782742681,0.37333333333333335,0.4,0.10379662522202486,0.14431616341030196,0.6143915581499776,0.26414458913336325,0.11843286933093848,0.0030309833857207003,"Clevinger, Mike"
605194,344,110,66,40,77,0.31046511627906975,0.29341468245607283,30,R,0.31981981981981983,0.1981981981981982,0.10923423423423423,0.22409909909909909,0.32,0.304,0.1200963523743978,0.14659325533379217,0.4558089807555239,0.1835352815395581,0.3517462580185317,0.008909479686386316,"Cotton, Jharel"
605195,212,72,30,34,48,0.2811320754716981,0.3192202123374762,31,R,0.3333333333333333,0.16666666666666666,0.1362179487179487,0.22596153846153846,0.30666666666666664,0.328,0.0985997666277713,0.176196032672112,0.3946716232961586,0.5718711276332095,0.017967781908302356,0.015489467162329617,"Crick, Kyle"
605200,1673,584,403,171,302,0.3605200239091452,0.3583287218942876,31,R,0.34743372814438805,0.23970671178793007,0.10124083474337281,0.18302312464749013,0.4666666666666667,0.424,0.08799939467312348,0.14285714285714285,0.6110856968587984,0.07753888380603842,0.3091643793839585,0.0022110399512046356,"Davies, Zach"
605218,479,154,100,50,96,0.3250521920668058,0.30282282038933206,33,R,0.32124352331606215,0.21070811744386875,0.10103626943005181,0.20466321243523317,0.36,0.352,0.10513380666302567,0.16111414527580556,0.6499157776530039,0.20409882088714207,0.1389668725435149,0.007018528916339135,"Edwards Jr., Carl"
605232,26,10,6,3,4,0.4461538461538461,0.4461538461538461,29,L,0.3333333333333333,0.2222222222222222,0.09126984126984126,0.21031746031746032,0.35294117647058826,0.35294117647058826,0.105,0.28,0.25,0.25,0.25,0.25,"Finnegan, Brandon"
605240,68,32,18,13,8,0.4198529411764706,0.37845564705882356,30,L,0.38095238095238093,0.23809523809523808,0.12797619047619047,0.18154761904761904,0.4,0.43010752688172044,0.08472222222222223,0.175,0.646774193548387,0.1435483870967742,0.1693548387096774,0.04032258064516129,"Fry, Jace"
605242,847,278,187,78,205,0.3207792207792208,0.31726294509704683,30,R,0.3273495248152059,0.22069693769799367,0.09134107708553327,0.2402323125659979,0.32,0.336,0.13163387000596302,0.16517590936195586,0.7976694915254238,0.11153147699757869,0.08701573849878935,0.0037832929782082325,"Fulmer, Michael"
605254,8,3,2,1,2,0.3125,0.3125,30,R,0.32407407407407407,0.2222222222222222,0.08796296296296297,0.22685185185185186,0.3333333333333333,0.3333333333333333,0.105,0.28,0.25,0.25,0.25,0.25,"Gossett, Daniel"
605276,102,44,32,11,18,0.5024509803921569,0.42991032401502294,28,R,0.37623762376237624,0.26732673267326734,0.09653465346534654,0.2004950495049505,0.4533333333333333,0.408,0.09957173447537473,0.14775160599571735,0.5407673860911271,0.36810551558752996,0.06115107913669065,0.02997601918465228,"Hess, David"
605280,1189,348,224,101,312,0.27569386038687976,0.26191042728844993,31,R,0.2948021722265322,0.1908456167571761,0.08494957331264547,0.2595034910783553,0.29333333333333333,0.312,0.11914395229982964,0.1360732538330494,0.655940594059406,0.3386784330606974,0.0026904864399483427,0.0026904864399483427,"Holmes, Clay"
605288,1929,632,436,179,339,0.32869362363919125,0.32558925052289256,31,R,0.32725480532281914,0.22572695909314933,0.09241005421389847,0.17816658452439627,0.3466666666666667,0.336,0.0729152588187593,0.13893769428301123,0.6660089808137162,0.24105320451762144,0.09123690297999727,0.0017009116886651245,"Houser, Adrian"
605309,48,14,11,3,13,0.3520833333333333,0.31380982695791526,28,R,0.3108108108108108,0.22297297297297297,0.0777027027027027,0.23986486486486486,0.3013698630136986,0.3013698630136986,0.09405940594059406,0.16501650165016502,0.4762845849802372,0.4209486166007905,0.0533596837944664,0.04940711462450593,"Kela, Keone"
605335,47,17,15,2,6,0.39468085106382983,0.29343483739704695,32,L,0.3333333333333333,0.25170068027210885,0.07142857142857142,0.19387755102040816,0.3472222222222222,0.3472222222222222,0.11290322580645161,0.1935483870967742,0.3023952095808383,0.3203592814371258,0.3023952095808383,0.0748502994011976,"Leibrandt, Brandon"
605347,1381,476,317,131,294,0.3408399710354815,0.32640212337083396,31,R,0.34301147873058746,0.2288993923024983,0.09419311276164753,0.2137069547602971,0.25333333333333335,0.28,0.09482921305906775,0.1266276655972825,0.5485806820346733,0.31444084587540483,0.13459706610783007,0.002381405982091827,"López, Jorge"
605359,112,37,28,9,26,0.35580357142857144,0.2912909193301864,31,R,0.32547169811320753,0.2358490566037736,0.08254716981132075,0.22877358490566038,0.30666666666666664,0.32,0.10186915887850467,0.17943925233644858,0.35360824742268043,0.2793814432989691,0.34123711340206186,0.02577319587628866,"Marshall, Evan"
605388,118,40,27,12,29,0.3690677966101695,0.3274666546123816,32,L,0.3302752293577982,0.22477064220183487,0.09403669724770643,0.23623853211009174,0.37333333333333335,0.32,0.1293402777777778,0.1892361111111111,0.34695817490494296,0.5389733840304183,0.0903041825095057,0.02376425855513308,"Morgan, Adam"
605397,2432,714,514,148,617,0.3015419407894737,0.29920126700598076,32,R,0.29462875197472355,0.21169036334913113,0.061808846761453394,0.25256714060031593,0.24,0.256,0.12003213711837173,0.15897161221210498,0.479536887452881,0.44894991922455574,0.07005923532579429,0.0014539579967689823,"Musgrove, Joe"
605400,3484,976,773,179,947,0.305410447761194,0.29196709004790594,31,R,0.28125,0.22181919642857142,0.05231584821428571,0.2705078125,0.37333333333333335,0.32,0.12202184590572539,0.16582361996921047,0.560701935104113,0.29560002943124125,0.14277830917518947,0.0009197262894562578,"Nola, Aaron"
605441,142,50,23,25,30,0.3373239436619718,0.3518545452076315,31,R,0.33884297520661155,0.1859504132231405,0.1384297520661157,0.21694214876033058,0.3466666666666667,0.32,0.10887096774193548,0.1629032258064516,0.5850877192982457,0.2535087719298246,0.1394736842105263,0.021929824561403508,"Ríos, Yacksel"
605446,69,26,17,9,6,0.4217391304347826,0.3920973360404869,31,R,0.3431952662721893,0.23076923076923078,0.10355029585798817,0.16863905325443787,0.37333333333333335,0.3617021276595745,0.09744408945686901,0.16293929712460065,0.5836501901140685,0.1844106463878327,0.1844106463878327,0.04752851711026616,"Rodríguez, Dereck"
605447,859,244,159,75,259,0.27823050058207216,0.28179874411986716,31,R,0.28779979144942647,0.18873826903023982,0.08706986444212722,0.2935349322210636,0.3466666666666667,0.328,0.15198237885462554,0.16152716593245228,0.519672131147541,0.472876304023845,0.0037257824143070045,0.0037257824143070045,"Romano, Jordan"
605452,801,246,172,65,183,0.3162921348314607,0.3130096768734628,31,R,0.30854605993340734,0.2153163152053274,0.08157602663706992,0.22807991120976692,0.37333333333333335,0.296,0.11578073089700996,0.13322259136212625,0.5788851351351352,0.34408783783783786,0.07280405405405406,0.004222972972972973,"Ross, Joe"
605463,478,164,97,60,112,0.3317991631799163,0.32149845329854404,32,R,0.3391003460207612,0.20588235294117646,0.1185121107266436,0.23269896193771628,0.4,0.352,0.11305894308943089,0.15752032520325204,0.4966110531803962,0.3162148070907195,0.18065693430656934,0.006517205422314911,"Scott, Tayler"
605483,2367,704,414,281,752,0.2879805661174482,0.29890962877086485,32,L,0.29833806242399674,0.1767328739359546,0.11734900689096069,0.3139440616132955,0.2,0.232,0.14653199323315752,0.16459349188974026,0.5108010801080108,0.3608860886088609,0.12706270627062707,0.0012501250125012502,"Snell, Blake"
605488,979,265,199,63,290,0.287538304392237,0.28139680794412275,32,L,0.2752548656163114,0.20481927710843373,0.06626506024096386,0.2896200185356812,0.28,0.296,0.14375,0.18010204081632653,0.4133074935400517,0.2559431524547804,0.32751937984496127,0.003229974160206718,"Springs, Jeffrey"
605498,167,60,43,16,22,0.3919161676646707,0.3691430147212111,32,L,0.3445692883895131,0.24344569288389514,0.09176029962546817,0.16666666666666666,0.32,0.352,0.09297520661157024,0.1446280991735537,0.46523668639053256,0.3306213017751479,0.1856508875739645,0.01849112426035503,"Suárez, Andrew"
605501,4,4,1,2,0,0.75,0.7120915,28,L,0.34615384615384615,0.22115384615384615,0.10096153846153846,0.21634615384615385,0.41379310344827586,0.41379310344827586,0.1,0.2521739130434783,0.33076923076923076,0.2846153846153846,0.19230769230769232,0.19230769230769232,"Tarpley, Stephen"
605507,929,302,218,78,174,0.3448331539289559,0.3324727811253764,30,R,0.32458697764820216,0.23323615160349853,0.08406219630709427,0.19096209912536444,0.29333333333333333,0.304,0.11037120997449702,0.156134882402947,0.6997700488646162,0.19502730669732682,0.10132221902845645,0.0038804254096004597,"Thompson, Zach"
605513,627,190,125,50,141,0.30741626794258375,0.3158324379958793,32,R,0.30536451169188444,0.20220082530949107,0.08046767537826685,0.2248968363136176,0.32,0.336,0.1026593664450528,0.1443097379741885,0.5430793777423215,0.3747506980454727,0.07718388512165936,0.00498603909054647,"Turnbull, Spencer"
605521,266,86,52,31,80,0.30864661654135334,0.2862201867231402,29,R,0.3224043715846995,0.20218579234972678,0.10792349726775956,0.28005464480874315,0.38666666666666666,0.368,0.1422689844464776,0.15279048490393413,0.40508149568552254,0.5709491850431447,0.011984659635666348,0.011984659635666348,"Warren, Art"
605525,336,110,73,36,65,0.3230654761904762,0.34430126838792635,29,R,0.3256880733944954,0.21788990825688073,0.10206422018348624,0.2006880733944954,0.30666666666666664,0.328,0.1014336917562724,0.12903225806451613,0.6159851301115241,0.24795539033457248,0.12676579925650558,0.00929368029739777,"Wendelken, J.B."
605538,411,110,79,28,104,0.290632603406326,0.279062754864852,31,R,0.27788649706457924,0.19765166340508805,0.07142857142857142,0.24755381604696672,0.28,0.272,0.12282229965156795,0.13414634146341464,0.09539473684210527,0.8884569377990431,0.008672248803827751,0.007476076555023923,"Wisler, Matt"
605540,1703,446,323,107,506,0.276952436876101,0.2837670546986588,30,R,0.2651136993899057,0.1913477537437604,0.06405990016638935,0.2931225734886301,0.28,0.232,0.13307552320291174,0.15362450712769185,0.6049052567237164,0.23387836185819072,0.1593062347188264,0.0019101466992665036,"Woodruff, Brandon"
605541,91,34,19,12,12,0.34835164835164834,0.3724502086088514,32,R,0.34554973821989526,0.21465968586387435,0.10732984293193717,0.1806282722513089,0.38666666666666666,0.3620689655172414,0.0811764705882353,0.16705882352941176,0.5586666666666666,0.2946666666666667,0.11333333333333333,0.03333333333333333,"Wright Jr., Mike"
605612,40,17,10,5,1,0.37374999999999997,0.4070763191176471,30,R,0.35,0.22857142857142856,0.09642857142857143,0.16785714285714284,0.38461538461538464,0.38461538461538464,0.06872037914691943,0.1895734597156398,0.41304347826086957,0.07763975155279502,0.43167701863354035,0.07763975155279502,"Castro, Harold"
606115,4,1,0,1,0,0.175,0.27218600000000004,28,R,0.3173076923076923,0.21153846153846154,0.09134615384615384,0.21634615384615385,0.3103448275862069,0.3103448275862069,0.10454545454545454,0.28181818181818186,0.24166666666666667,0.20833333333333334,0.3416666666666667,0.20833333333333334,"Arcia, Orlando"
606131,130,38,32,5,16,0.32346153846153847,0.33154257358018363,31,R,0.30434782608695654,0.23478260869565218,0.058695652173913045,0.1673913043478261,0.32,0.32,0.11298701298701298,0.2051948051948052,0.5149253731343284,0.27313432835820894,0.1746268656716418,0.03731343283582089,"Perdomo, Luis"
606149,911,246,179,61,262,0.2866630076838639,0.2869717969505627,33,R,0.27497527200791294,0.19881305637982197,0.06874381800197824,0.28140454995054404,0.3333333333333333,0.344,0.16385767790262173,0.18138041733547353,0.49335683297180044,0.45349783080260303,0.049755965292841646,0.0033893709327548808,"Gallegos, Giovanny"
606160,1047,347,233,100,240,0.3324259789875836,0.3133926732601872,34,R,0.3304272013949433,0.22231909328683522,0.0945945945945946,0.22885789014821273,0.37333333333333335,0.368,0.11363636363636363,0.16806526806526806,0.653183962264151,0.1338443396226415,0.21002358490566037,0.00294811320754717,"Montero, Rafael"
606162,12,2,1,1,4,0.13333333333333333,0.19347641666666668,29,R,0.30357142857142855,0.20535714285714285,0.08482142857142858,0.23660714285714285,0.2702702702702703,0.2702702702702703,0.11788617886178862,0.2682926829268293,0.2945205479452055,0.2808219178082192,0.2534246575342466,0.17123287671232876,"Ramírez, Yefry"
606213,7,5,3,2,0,0.6357142857142858,0.7316512857142857,28,R,0.34579439252336447,0.2336448598130841,0.09813084112149532,0.2102803738317757,0.40625,0.40625,0.08712121212121213,0.23484848484848486,0.5182926829268293,0.17682926829268292,0.1524390243902439,0.1524390243902439,"Mercedes, Yermín"
606273,52,18,13,5,11,0.3269230769230769,0.30217453365384617,35,L,0.32894736842105265,0.23026315789473684,0.08881578947368421,0.22039473684210525,0.3466666666666667,0.33766233766233766,0.09579439252336448,0.21495327102803738,0.375,0.2347560975609756,0.31402439024390244,0.07621951219512195,"Elías, Roenis"
606303,1028,300,216,71,233,0.3028696498054475,0.29665466162366727,30,R,0.29432624113475175,0.21099290780141844,0.07047872340425532,0.22650709219858156,0.29333333333333333,0.24,0.10723286290322581,0.14465725806451613,0.5082950484941297,0.3783818274629913,0.10987748851454823,0.003445635528330781,"Payamps, Joel"
606424,559,157,114,39,128,0.30241502683363153,0.3078880283819967,29,L,0.2867981790591806,0.20637329286798178,0.07207890743550835,0.2283763277693475,0.32,0.288,0.10348837209302325,0.12232558139534884,0.45880952380952383,0.265,0.2702380952380952,0.005952380952380952,"García, Jarlín"
606625,214,68,40,24,49,0.3313084112149533,0.3162040386157265,30,R,0.3184713375796178,0.19745222929936307,0.1035031847133758,0.22770700636942676,0.41333333333333333,0.344,0.11247086247086246,0.16317016317016317,0.5006188118811881,0.37314356435643564,0.11076732673267327,0.01547029702970297,"Moronta, Reyes"
606930,614,203,150,49,125,0.3570846905537459,0.33497988073875007,34,R,0.3291316526610644,0.24089635854341737,0.08053221288515407,0.20658263305322128,0.41333333333333333,0.336,0.1098254161591555,0.16483962647178238,0.9276833816825528,0.042892664732697885,0.0242436800663075,0.005180273518441774,"Barnes, Jacob"
606939,9,4,1,3,4,0.3333333333333333,0.3333333333333333,30,L,0.3302752293577982,0.21100917431192662,0.10550458715596331,0.24311926605504589,0.35294117647058826,0.35294117647058826,0.105,0.28,0.25,0.25,0.25,0.25,"Brown, Aaron"
606965,415,131,100,28,85,0.3528915662650602,0.35350013344934356,34,R,0.31650485436893205,0.23689320388349513,0.070873786407767,0.2087378640776699,0.30666666666666664,0.352,0.12247838616714697,0.15504322766570605,0.36468842729970324,0.14985163204747776,0.4780415430267062,0.00741839762611276,"Devenski, Chris"
606981,4,0,0,0,3,0.0,0.0,30,R,0.3076923076923077,0.21153846153846154,0.08173076923076923,0.24519230769230768,0.27586206896551724,0.27586206896551724,0.12704918032786885,0.2786885245901639,0.3680555555555556,0.24305555555555555,0.2152777777777778,0.1736111111111111,"Gillies, Darin"
606993,10,3,3,0,1,0.305,0.38656250000000003,29,R,0.3181818181818182,0.22727272727272727,0.07727272727272727,0.21363636363636362,0.3142857142857143,0.3142857142857143,0.10546875,0.25,0.5192307692307693,0.16025641025641027,0.16025641025641027,0.16025641025641027,"Hager, Jake"
607054,26,11,7,4,3,0.41923076923076924,0.44579535437566786,33,R,0.3412698412698413,0.23015873015873015,0.0992063492063492,0.20238095238095238,0.37254901960784315,0.37254901960784315,0.060209424083769635,0.19895287958115182,0.1524822695035461,0.08865248226950355,0.6702127659574468,0.08865248226950355,"Peterson, Jace"
607067,1296,395,297,84,257,0.3315972222222222,0.3342598672145686,34,R,0.30587392550143266,0.22851002865329512,0.06626074498567336,0.20021489971346704,0.37333333333333335,0.392,0.09093667813068987,0.1266437386202711,0.7190884937666053,0.20161455139995912,0.07674228489679133,0.0025546699366441857,"Rea, Colin"
607074,2410,683,478,178,724,0.29516597510373443,0.2867946510629189,32,L,0.2848605577689243,0.199203187250996,0.07430278884462152,0.29741035856573705,0.28,0.312,0.1407771814748559,0.15911349632279864,0.5778565721134639,0.3374450659208949,0.08344986016779864,0.0012485017978425888,"Rodón, Carlos"
607179,660,216,136,74,154,0.33734848484848484,0.32649419203456853,32,R,0.3263157894736842,0.20789473684210527,0.10855263157894737,0.23223684210526316,0.41333333333333333,0.408,0.10484467455621302,0.13609467455621302,0.5657498116051244,0.3551243406179352,0.07441597588545591,0.004709871891484552,"Weems, Jordan"
607188,205,71,50,19,42,0.3851219512195122,0.3272753872537456,30,R,0.3377049180327869,0.2360655737704918,0.09016393442622951,0.21147540983606558,0.32,0.328,0.10100446428571429,0.13616071428571427,0.5514184397163121,0.2393617021276596,0.19444444444444445,0.014775413711583925,"Faria, Jake"
607192,1416,359,252,106,476,0.26949152542372884,0.2710828412831394,31,R,0.2579155672823219,0.18073878627968337,0.07552770448548812,0.32882585751978893,0.25333333333333335,0.272,0.15581064246307172,0.1407723794269443,0.49622912551625065,0.4922786855808942,0.009247620757766205,0.002244568145088885,"Glasnow, Tyler"
607200,1931,627,454,163,388,0.3330139823925427,0.3292753623988225,31,R,0.32447070408665685,0.2343673067454456,0.0844411619891679,0.20211718365337272,0.26666666666666666,0.304,0.08446370258728962,0.12861090178347148,0.6523634984833164,0.23919362992922144,0.1067366026289181,0.001706268958543984,"Fedde, Erick"
607216,342,98,67,27,71,0.3080409356725146,0.30097769909576183,32,R,0.29411764705882354,0.20135746606334842,0.08031674208144797,0.21153846153846154,0.25333333333333335,0.288,0.09624233128834356,0.14877300613496933,0.6471291866028708,0.04266347687400319,0.30023923444976075,0.009968102073365232,"Krehbiel, Joey"
607219,120,44,32,11,17,0.39375,0.3759592737273321,29,R,0.34545454545454546,0.24545454545454545,0.08863636363636364,0.17954545454545454,0.36,0.384,0.05865921787709497,0.13221601489757914,0.5862422997946611,0.3624229979466119,0.02566735112936345,0.02566735112936345,"Romano, Sal"
607229,216,70,54,14,30,0.3375,0.366451384436462,31,R,0.3227848101265823,0.24050632911392406,0.07120253164556962,0.1661392405063291,0.28,0.336,0.10422343324250681,0.164850136239782,0.5782163742690059,0.24780701754385964,0.15570175438596492,0.01827485380116959,"Gsellman, Robert"
607231,488,172,95,71,92,0.3378073770491803,0.3493719066046321,29,R,0.3469387755102041,0.1989795918367347,0.13520408163265307,0.19472789115646258,0.38666666666666666,0.328,0.09807228915662651,0.1306024096385542,0.6782716049382717,0.09012345679012346,0.2254320987654321,0.006172839506172839,"Gant, John"
607237,586,206,112,89,159,0.3382252559726962,0.32152334274973865,32,L,0.3469387755102041,0.19533527696793002,0.14212827988338192,0.26457725947521865,0.38666666666666666,0.384,0.12142552283397354,0.14041826717883055,0.47252507631923246,0.5165721761883995,0.005451373746184038,0.005451373746184038,"Garrett, Amir"
607259,1595,466,343,109,354,0.3031974921630094,0.3000947226532098,34,R,0.2938053097345133,0.2153392330383481,0.06932153392330384,0.22212389380530972,0.2,0.2,0.11796407185628742,0.17502138579982893,0.570060396893874,0.17834339948231234,0.24926660914581536,0.0023295944779982746,"Martinez, Nick"
607352,24,9,3,5,7,0.2875,0.27902704166666664,32,R,0.33064516129032256,0.20161290322580644,0.10887096774193548,0.23790322580645162,0.3469387755102041,0.3469387755102041,0.11082474226804123,0.20618556701030927,0.4340277777777778,0.2743055555555556,0.2048611111111111,0.08680555555555555,"Biagini, Joe"
607359,286,92,62,27,65,0.3229020979020979,0.31036574759926594,35,R,0.32124352331606215,0.21761658031088082,0.09196891191709844,0.2266839378238342,0.36,0.344,0.1048171275646744,0.1543264942016057,0.5410830999066293,0.3562091503267974,0.09103641456582633,0.011671335200746966,"Patton, Spencer"
607374,48,17,12,5,4,0.3875,0.38384793749999996,32,R,0.3310810810810811,0.22972972972972974,0.09121621621621621,0.17905405405405406,0.3424657534246575,0.3424657534246575,0.10227272727272728,0.22272727272727272,0.3911764705882353,0.2735294117647059,0.26176470588235295,0.07352941176470588,"Tropeano, Nick"
607391,173,58,40,13,31,0.36560693641618497,0.34829193461474456,33,R,0.32967032967032966,0.2271062271062271,0.07875457875457875,0.19597069597069597,0.38666666666666666,0.32,0.12268518518518519,0.18209876543209877,0.6396321070234113,0.29347826086956524,0.04598662207357859,0.020903010033444816,"Mazza, Chris"
607455,626,225,151,62,142,0.3417731629392971,0.31621119257344255,31,L,0.35399449035812675,0.23829201101928374,0.09710743801652892,0.2265840220385675,0.3333333333333333,0.344,0.12082830719742661,0.15520707679935666,0.5377513336068938,0.2008617152236356,0.25625769388592534,0.0051292572835453425,"Banda, Anthony"
607457,165,63,37,19,41,0.37575757575757573,0.3525470806149468,33,R,0.3584905660377358,0.22264150943396227,0.10377358490566038,0.23962264150943396,0.44,0.368,0.12119013062409288,0.1509433962264151,0.55320813771518,0.3857589984350548,0.041471048513302036,0.019561815336463225,"Barraclough, Kyle"
607461,7,4,3,1,1,0.5857142857142856,0.384129,30,R,0.3364485981308411,0.2336448598130841,0.08878504672897196,0.21962616822429906,0.375,0.375,0.0942622950819672,0.27049180327868855,0.4791666666666667,0.1736111111111111,0.1736111111111111,0.1736111111111111,"Beaty, Matt"
607468,18,8,4,4,1,0.4166666666666667,0.37391528571428573,29,R,0.3389830508474576,0.22033898305084745,0.1059322033898305,0.19915254237288135,0.37209302325581395,0.37209302325581395,0.08430232558139535,0.22674418604651161,0.5204918032786885,0.20901639344262296,0.1680327868852459,0.10245901639344263,"Blandino, Alex"
607481,940,314,202,98,273,0.31127659574468086,0.27829035962523535,31,L,0.3326923076923077,0.2153846153846154,0.10240384615384615,0.2841346153846154,0.26666666666666666,0.288,0.11714517876489708,0.14490790899241604,0.6267160900604064,0.35900604063701264,0.010845689181768259,0.0034321801208127404,"Bummer, Aaron"
607536,2550,863,676,162,426,0.3628823529411765,0.3455133168926117,31,L,0.33773584905660375,0.26339622641509436,0.06433962264150943,0.16924528301886793,0.36,0.296,0.08559782608695653,0.14347826086956522,0.6760109289617486,0.18344262295081967,0.13918032786885245,0.001366120218579235,"Freeland, Kyle"
607560,148,44,28,14,31,0.3064189189189189,0.2939940283498507,32,R,0.3064516129032258,0.20161290322580644,0.0907258064516129,0.2157258064516129,0.38666666666666666,0.344,0.09970014992503748,0.1619190404797601,0.22123176661264182,0.7382495948136143,0.02025931928687196,0.02025931928687196,"Harper, Ryne"
607572,230,85,40,41,68,0.3521739130434783,0.3391694667081698,29,L,0.35454545454545455,0.18787878787878787,0.15,0.27424242424242423,0.38666666666666666,0.392,0.15198863636363635,0.16477272727272727,0.4279324055666004,0.5233598409542743,0.03628230616302187,0.01242544731610338,"Howard, Sam"
607609,15,6,6,0,0,0.5533333333333333,0.5813547123623012,30,R,0.33043478260869563,0.24347826086956523,0.07391304347826087,0.1956521739130435,0.35,0.35,0.08865248226950355,0.2553191489361702,0.34615384615384615,0.2802197802197802,0.23626373626373626,0.13736263736263737,"Ladwig, A.J."
607625,2037,594,448,129,474,0.30456553755522825,0.3140460731871124,35,R,0.2929340196537202,0.21993448759943846,0.06434253626579317,0.23233504913430042,0.30666666666666664,0.288,0.09764551994767823,0.13224329627207326,0.5152732060566162,0.41665569453587886,0.0662936142198815,0.0017774851876234364,"Lugo, Seth"
607644,836,217,176,35,173,0.294377990430622,0.31243747817729545,31,L,0.266025641025641,0.21153846153846154,0.046474358974358976,0.20886752136752137,0.32,0.24,0.11342523224453102,0.13814803715912496,0.4549741405536964,0.2593550349863097,0.2818679647094615,0.0038028597505324006,"Means, John"
607680,1,0,0,0,0,0.0,0.076,32,R,0.31683168316831684,0.21782178217821782,0.08415841584158416,0.22277227722772278,0.3076923076923077,0.3076923076923077,0.10849056603773585,0.2735849056603774,0.22321428571428573,0.33035714285714285,0.22321428571428573,0.22321428571428573,"Pillar, Kevin"
607732,36,14,12,0,1,0.4083333333333333,0.34348705026455023,34,R,0.3382352941176471,0.25,0.0625,0.17279411764705882,0.36065573770491804,0.36065573770491804,0.06510416666666667,0.21875,0.40492957746478875,0.1936619718309859,0.31338028169014087,0.0880281690140845,"Stallings, Jacob"
607755,294,99,60,29,66,0.3178571428571429,0.3049640296850575,30,L,0.33248730964467005,0.20812182741116753,0.09517766497461928,0.22461928934010153,0.41333333333333333,0.4,0.08153973509933775,0.13658940397350994,0.15500863557858377,0.8113126079447323,0.022884283246977548,0.01079447322970639,"Vasquez, Andrew"
607968,95,42,27,14,6,0.4805263157894737,0.3996493948194876,35,R,0.37948717948717947,0.2512820512820513,0.11538461538461539,0.14615384615384616,0.41333333333333333,0.4166666666666667,0.07666666666666666,0.16,0.51125,0.35875,0.09875,0.03125,"Rucinski, Drew"
608032,1057,327,225,92,266,0.3072847682119205,0.306309720986835,32,R,0.31028522039757994,0.21348314606741572,0.08686257562662057,0.24935177182368193,0.30666666666666664,0.296,0.11764010404350911,0.11965003546937811,0.6586503948312994,0.2102177554438861,0.12814070351758794,0.0029911462072266092,"Estévez, Carlos"
608167,6,4,4,0,0,0.8083333333333332,0.8083333333333332,32,R,0.33962264150943394,0.24528301886792453,0.08018867924528301,0.21226415094339623,0.3870967741935484,0.3870967741935484,0.105,0.28,0.25,0.25,0.25,0.25,"Aro, Jonathan"
608328,579,193,125,59,114,0.36001727115716753,0.3486781344211873,30,R,0.33136966126656847,0.21649484536082475,0.09941089837997054,0.20103092783505155,0.41333333333333333,0.408,0.1022490628904623,0.1453561016243232,0.4629944704381114,0.4880901743938749,0.043598468736707786,0.005316886431305828,"De Jong, Chase"
608331,2693,769,584,163,629,0.2865206089862607,0.28731562063538973,30,L,0.28678839957035446,0.21697099892588614,0.06140350877192982,0.23326172574292875,0.30666666666666664,0.28,0.11309639727361247,0.15559883154819865,0.4954500978473581,0.3953522504892368,0.10797455968688846,0.001223091976516634,"Fried, Max"
608334,542,181,114,58,114,0.33099630996309964,0.33353869893759847,31,R,0.3317757009345794,0.2118380062305296,0.10358255451713395,0.21261682242990654,0.4,0.408,0.10633899862195682,0.16169039963252183,0.49482839680300894,0.24800188058298073,0.25129290079924776,0.005876821814762577,"Fulmer, Carson"
608335,296,99,58,38,63,0.31655405405405407,0.3138337255899446,27,R,0.33080808080808083,0.20202020202020202,0.11742424242424243,0.2159090909090909,0.36,0.368,0.10899922420480992,0.15128006206361522,0.6057304277643261,0.29983857949959647,0.08434221146085553,0.010088781275221953,"Funkhouser, Kyle"
608337,2317,719,504,200,611,0.33051359516616313,0.3110495826489765,29,R,0.3107157633429872,0.21762515515101366,0.0862639635912288,0.2621017790649566,0.38666666666666666,0.328,0.13165989234318357,0.1457761177633747,0.4421186347067271,0.27068375124268196,0.28581685629073234,0.0013807577598586103,"Giolito, Lucas"
608344,2473,789,621,138,422,0.33661544682571776,0.3460064482493492,30,L,0.31908278274387875,0.2499028371550719,0.05693742712786631,0.1727555382821609,0.37333333333333335,0.376,0.08856410853615931,0.13741702573657855,0.6048377650228417,0.20575143493030337,0.18794658545156379,0.0014642145952910859,"Irvin, Cole"
608348,42,21,18,3,1,0.5047619047619047,0.4197098877551021,29,R,0.3732394366197183,0.28169014084507044,0.08098591549295775,0.16549295774647887,0.43283582089552236,0.43283582089552236,0.05227272727272727,0.22727272727272727,0.7794117647058824,0.07352941176470588,0.07352941176470588,0.07352941176470588,"Kelly, Carson"
608349,340,97,58,37,88,0.27,0.2858142878556792,31,R,0.29318181818181815,0.18181818181818182,0.10340909090909091,0.25113636363636366,0.30666666666666664,0.32,0.12398097826086957,0.14334239130434784,0.6367791842475387,0.34563994374120954,0.008790436005625879,0.008790436005625879,"Knebel, Corey"
608371,707,225,114,94,207,0.3002121640735502,0.29356737563403845,30,R,0.3184634448574969,0.16852540272614622,0.12701363073110286,0.2843866171003718,0.36,0.36,0.1294373744139317,0.15840589417280643,0.43545640326975477,0.5539850136239782,0.005960490463215259,0.004598092643051771,"Sims, Lucas"
608379,2432,737,560,161,522,0.3197985197368421,0.3303749649990535,33,R,0.3037124802527646,0.22985781990521326,0.0669431279620853,0.21504739336492892,0.3466666666666667,0.328,0.10597080452200637,0.14795302381736364,0.5719567376669242,0.11130118088511202,0.31536254276569914,0.0013795386822646506,"Wacha, Michael"
608566,1718,541,392,140,375,0.33320721769499423,0.318613354986198,29,R,0.31518151815181517,0.22772277227722773,0.08168316831683169,0.21864686468646866,0.36,0.312,0.11339469925408666,0.13553404221552134,0.5318349064149736,0.4380899056151016,0.028075507918733002,0.0019996800511918092,"Márquez, Germán"
608638,667,191,120,60,148,0.2874062968515742,0.2926825911321102,34,R,0.2907431551499348,0.18513689700130379,0.08930899608865711,0.22229465449804434,0.28,0.28,0.10147951441578149,0.13998482549317148,0.5164346481051817,0.4708043310131477,0.0075406032482598605,0.005220417633410673,"Chargois, JT"
608648,512,160,103,53,118,0.3078125,0.3198508829516292,34,R,0.3137254901960784,0.2042483660130719,0.10049019607843138,0.2295751633986928,0.3333333333333333,0.336,0.10083449235048679,0.1455725544738062,0.4876601803512102,0.477218794494542,0.02918841955386806,0.005932605600379687,"Duffey, Tyler"
608650,88,23,17,6,25,0.27443181818181817,0.2532531883116883,30,L,0.2925531914893617,0.2074468085106383,0.07712765957446809,0.2526595744680851,0.26666666666666666,0.2743362831858407,0.12065217391304348,0.18695652173913044,0.8695121951219512,0.0475609756097561,0.0524390243902439,0.03048780487804878,"Enns, Dietrich"
608652,183,66,46,20,39,0.36584699453551917,0.36762075076710116,31,R,0.3462897526501767,0.24028268551236748,0.10070671378091872,0.21731448763250882,0.36,0.416,0.10081585081585082,0.155011655011655,0.4214108910891089,0.5266089108910891,0.03650990099009901,0.01547029702970297,"Farrell, Luke"
608665,857,267,161,89,212,0.29924154025670946,0.30244304420975343,33,R,0.3124346917450366,0.19122257053291536,0.10188087774294671,0.24503657262277953,0.38666666666666666,0.344,0.11504825090470447,0.16164053075995174,0.6247703612982242,0.2751071647274954,0.09629516227801592,0.0038273116962645438,"Graveman, Kendall"
608678,807,269,171,95,181,0.3391573729863693,0.3203027659717774,33,R,0.3318632855567806,0.2127894156560088,0.11411245865490628,0.22436604189636164,0.36,0.352,0.15669934640522876,0.19705882352941176,0.6602990033222591,0.3001661129568106,0.03538205980066445,0.004152823920265781,"Leone, Dominic"
608686,5,1,1,0,0,0.18,0.3038,32,R,0.3142857142857143,0.21904761904761905,0.08095238095238096,0.21428571428571427,0.3,0.3,0.09051724137931035,0.25000000000000006,0.26515151515151514,0.25,0.29545454545454547,0.1893939393939394,"Mayfield, Jack"
608700,7,1,1,0,0,0.1285714285714286,0.4309159663865546,31,R,0.308411214953271,0.21495327102803738,0.0794392523364486,0.2102803738317757,0.28125,0.28125,0.07720588235294118,0.25,0.4941860465116279,0.21511627906976744,0.14534883720930233,0.14534883720930233,"Plawecki, Kevin"
608703,9,5,3,0,0,0.49444444444444446,0.4817060634920635,32,R,0.3394495412844037,0.22935779816513763,0.0779816513761468,0.20642201834862386,0.38235294117647056,0.38235294117647056,0.09504132231404959,0.25619834710743805,0.45774647887323944,0.19014084507042253,0.176056338028169,0.176056338028169,"Reynolds, Matt"
608716,374,112,83,25,77,0.3048128342245989,0.32311669188088793,32,R,0.3037974683544304,0.22151898734177214,0.07067510548523206,0.20991561181434598,0.4266666666666667,0.368,0.0897163120567376,0.15319148936170213,0.64375,0.16948529411764707,0.1775735294117647,0.009191176470588236,"Steckenrider, Drew"
608717,1275,407,279,120,286,0.31819607843137254,0.31488093808023715,34,R,0.31927272727272726,0.21890909090909091,0.09345454545454546,0.22436363636363638,0.4266666666666667,0.384,0.10420705699883676,0.14811942613416051,0.49148394675019574,0.4125880971025842,0.0932850430696946,0.0026429130775254502,"Stratton, Chris"
608718,1191,369,275,84,236,0.3230478589420655,0.30453258684631496,35,L,0.31061192873741283,0.2300542215336948,0.07164988381099922,0.2002323780015492,0.30666666666666664,0.288,0.09929932121742939,0.1445149989051894,0.6784370157183972,0.1152313482399823,0.2035643125968563,0.002767323444764224,"Suter, Brent"
608723,1134,365,261,94,256,0.3306437389770723,0.32613337860406383,32,R,0.3217179902755267,0.2293354943273906,0.08306320907617504,0.22568881685575365,0.32,0.304,0.11735482446456172,0.15080591742106425,0.6241348515293592,0.36648805536950213,0.006363027461486939,0.003014065639651708,"Voth, Austin"
611093,56,17,9,7,11,0.29017857142857145,0.2909609713203463,31,R,0.3141025641025641,0.1987179487179487,0.09935897435897435,0.21474358974358973,0.32,0.30864197530864196,0.1013745704467354,0.16494845360824742,0.3921161825726141,0.1970954356846473,0.35892116182572614,0.05186721991701245,"Bracho, Silvino"
612434,838,266,158,92,189,0.31068019093078764,0.31776147925609055,30,R,0.31769722814498935,0.19189765458422176,0.10714285714285714,0.22547974413646055,0.38666666666666666,0.36,0.1175334323922734,0.1563150074294205,0.4266968325791855,0.3799396681749623,0.18959276018099547,0.003770739064856712,"Castro, Miguel"
613317,9,3,2,1,3,0.4,0.4,29,L,0.3211009174311927,0.22018348623853212,0.0871559633027523,0.23394495412844038,0.3235294117647059,0.3235294117647059,0.105,0.28,0.25,0.25,0.25,0.25,"Bird, Kyle"
613534,551,208,92,72,162,0.33049001814882034,0.31722652455092204,33,R,0.3686635944700461,0.17511520737327188,0.12365591397849462,0.2834101382488479,0.30666666666666664,0.384,0.12957317073170732,0.14111498257839722,0.17787177203918075,0.8109973285841496,0.005565449688334817,0.005565449688334817,"Adams, Austin"
613564,11,5,5,0,0,0.4090909090909091,0.17845454545454545,30,R,0.3333333333333333,0.24324324324324326,0.07657657657657657,0.20270270270270271,0.3611111111111111,0.3611111111111111,0.092,0.264,0.5,0.16666666666666666,0.16666666666666666,0.16666666666666666,"Vosler, Jason"
614177,3,1,0,0,1,0.2333333333333333,0.274071,27,R,0.32038834951456313,0.21359223300970873,0.0825242718446602,0.22815533980582525,0.32142857142857145,0.32142857142857145,0.10454545454545454,0.26363636363636367,0.275,0.24166666666666667,0.275,0.20833333333333334,"Reyes, Franmil"
614179,1022,334,226,101,233,0.34104696673189827,0.3333834472631067,30,R,0.32620320855614976,0.22103386809269163,0.09759358288770054,0.22771836007130125,0.37333333333333335,0.312,0.11867167919799498,0.14862155388471177,0.5242385786802031,0.35850253807106597,0.11408629441624366,0.0031725888324873096,"Ruiz, José"
615698,2644,867,614,213,446,0.3335287443267776,0.3380656267437456,29,R,0.32762390670553937,0.23177842565597667,0.08072157434402333,0.17073615160349853,0.44,0.416,0.08643271345730853,0.14917016596680663,0.7088524919614148,0.08817323151125402,0.2016177652733119,0.0013565112540192927,"Quantrill, Cal"
617228,483,163,97,63,108,0.3427536231884058,0.3268102484902853,34,R,0.3344768439108062,0.20411663807890223,0.12264150943396226,0.22384219554030874,0.37333333333333335,0.376,0.1337238920020377,0.1762608252674478,0.46706743335075795,0.14924202822791427,0.3771562990067956,0.006534239414532148,"Sawamura, Hirokazu"
620396,40,13,8,5,6,0.27749999999999997,0.26096448928571425,31,L,0.32142857142857145,0.21428571428571427,0.09642857142857143,0.20357142857142857,0.3230769230769231,0.3230769230769231,0.08043478260869565,0.21739130434782608,0.5027777777777778,0.3416666666666667,0.08611111111111111,0.06944444444444445,"Aguilar, Miguel"
620443,11,3,3,0,0,0.4272727272727273,0.47535616572210276,28,R,0.3153153153153153,0.22522522522522523,0.07657657657657657,0.20270270270270271,0.3055555555555556,0.3055555555555556,0.09854014598540146,0.23357664233576642,0.5574712643678161,0.14367816091954022,0.15517241379310345,0.14367816091954022,"Torrens, Luis"
620454,15,9,5,3,1,0.5333333333333333,0.49959996296296294,28,L,0.3565217391304348,0.23478260869565218,0.1,0.20434782608695654,0.425,0.425,0.09712230215827339,0.22302158273381298,0.4438202247191011,0.2752808988764045,0.1404494382022472,0.1404494382022472,"Castillo, José"
620982,92,38,25,9,11,0.4076086956521739,0.32668739993759105,30,R,0.3645833333333333,0.24479166666666666,0.09114583333333333,0.17447916666666666,0.4266666666666667,0.39316239316239315,0.10963855421686747,0.17590361445783131,0.5054794520547945,0.18493150684931506,0.27534246575342464,0.03424657534246575,"Pinto, Ricardo"
621002,4,1,1,0,0,0.3125,0.3985725806451613,27,R,0.3173076923076923,0.22115384615384615,0.08173076923076923,0.21634615384615385,0.3103448275862069,0.3103448275862069,0.10454545454545454,0.26363636363636367,0.375,0.20833333333333334,0.20833333333333334,0.20833333333333334,"Robertson, Daniel"
621011,16,7,7,0,1,0.63125,0.5118909598214285,28,R,0.33620689655172414,0.25,0.07327586206896551,0.2025862068965517,0.36585365853658536,0.36585365853658536,0.08156028368794327,0.22695035460992907,0.5879120879120879,0.13736263736263737,0.13736263736263737,0.13736263736263737,"Schrock, Max"
621016,597,224,130,74,134,0.35477386934673366,0.3483008120932667,30,R,0.3672883787661406,0.21807747489239598,0.11836441893830703,0.22453371592539456,0.36,0.392,0.11493506493506493,0.15670995670995672,0.6626106194690266,0.29358407079646015,0.03827433628318584,0.0055309734513274336,"Cuas, Jose"
621048,2,0,0,0,1,0.0,0.0,30,R,0.3137254901960784,0.21568627450980393,0.08333333333333333,0.23039215686274508,0.2962962962962963,0.2962962962962963,0.105,0.28,0.25,0.25,0.25,0.25,"Long, Nolan"
621051,659,202,109,82,163,0.30288315629742035,0.2972566230595005,30,R,0.308300395256917,0.1725955204216074,0.11923583662714098,0.24440052700922266,0.4,0.384,0.11189477697293176,0.13114754098360656,0.43004275165176836,0.5089389817333851,0.056160124368441505,0.004858142246404975,"Wilson, Steven"
621052,318,101,47,52,95,0.3012578616352201,0.2963901521300052,27,R,0.3181818181818182,0.16507177033492823,0.14473684210526316,0.2811004784688995,0.32,0.312,0.14079822616407983,0.1581670362158167,0.532233307751343,0.3610897927858787,0.09708365310821182,0.009593246354566385,"Reyes, Alex"
621053,253,75,42,29,73,0.27588932806324107,0.3025635585374905,31,R,0.3031161473087819,0.1813031161473088,0.10623229461756374,0.2705382436260623,0.28,0.272,0.11693121693121693,0.1492063492063492,0.7089385474860335,0.24189944134078212,0.03519553072625698,0.013966480446927373,"Ferguson, Tyler"
621056,19,4,2,2,5,0.24473684210526317,0.3045017894736843,28,R,0.3025210084033613,0.20168067226890757,0.08823529411764706,0.23109243697478993,0.2727272727272727,0.2727272727272727,0.11144578313253012,0.21084337349397592,0.2801724137931034,0.46120689655172414,0.15086206896551724,0.10775862068965517,"Wood, Hunter"
621057,269,100,67,32,60,0.379182156133829,0.40403589605837537,30,R,0.35772357723577236,0.24119241192411925,0.10975609756097561,0.22357723577235772,0.4,0.376,0.0994180407371484,0.1270611057225994,0.7313965341488278,0.14627930682976553,0.10958205912334353,0.0127420998980632,"Garza, Justin"
621074,582,192,132,55,135,0.33831615120274916,0.3262004602045557,29,R,0.3284457478005865,0.22580645161290322,0.09310850439882698,0.23093841642228738,0.29333333333333333,0.344,0.11744661517492049,0.15674693321217628,0.5739191073919108,0.3470478847047885,0.07322175732217573,0.005811250581125058,"Rucker, Michael"
621076,1415,459,306,137,292,0.33381625441696117,0.3314915849906984,29,R,0.3240924092409241,0.2165016501650165,0.09603960396039604,0.2075907590759076,0.29333333333333333,0.312,0.10473522501355503,0.13916500994035785,0.5603684114535838,0.3159766551158125,0.12119277767645449,0.0024621557541491886,"Kaprielian, James"
621078,10,4,4,0,1,0.505,0.27832352941176475,28,R,0.32727272727272727,0.23636363636363636,0.07727272727272727,0.21363636363636362,0.34285714285714286,0.34285714285714286,0.11328125,0.25,0.28846153846153844,0.3525641025641026,0.1987179487179487,0.16025641025641027,"Lail, Brady"
621079,60,18,15,2,19,0.32,0.2776628207540522,28,R,0.3125,0.23125,0.065625,0.259375,0.30666666666666664,0.3058823529411765,0.10826771653543307,0.24015748031496062,0.625,0.22794117647058823,0.0857843137254902,0.061274509803921566,"Wiles, Collin"
621082,99,30,20,9,18,0.32626262626262625,0.27721841656322793,29,R,0.31155778894472363,0.21105527638190955,0.08793969849246232,0.20351758793969849,0.37333333333333335,0.3064516129032258,0.08668341708542714,0.14321608040201006,0.6163793103448276,0.24856321839080459,0.09913793103448276,0.035919540229885055,"Lemoine, Jake"
621086,10,5,4,1,1,0.5549999999999999,0.5549999999999999,29,R,0.33636363636363636,0.23636363636363636,0.08636363636363636,0.21363636363636362,0.37142857142857144,0.37142857142857144,0.105,0.28,0.25,0.25,0.25,0.25,"Marvel, James"
621097,74,29,17,12,17,0.35945945945945945,0.3584409902143523,31,R,0.3505747126436782,0.22413793103448276,0.11781609195402298,0.22701149425287356,0.4,0.37373737373737376,0.15096952908587258,0.1772853185595568,0.6446945337620579,0.15594855305466238,0.15916398713826366,0.04019292604501608,"Waguespack, Jacob"
621098,63,24,17,6,10,0.3880952380952381,0.39144247444618874,30,R,0.34355828220858897,0.2392638036809816,0.08895705521472393,0.19938650306748465,0.36,0.36363636363636365,0.11591695501730104,0.17647058823529413,0.5083682008368201,0.2489539748953975,0.1903765690376569,0.05230125523012552,"Hanhold, Eric"
621107,2297,655,552,87,522,0.30942533739660427,0.2897948376731854,30,R,0.28660826032540676,0.2394659991656237,0.03984146850229454,0.22715894868585731,0.3333333333333333,0.32,0.10356121962839447,0.15507384468794663,0.6332973879702851,0.2972082434699257,0.06799664509944883,0.0014977234603402827,"Eflin, Zach"
621111,1611,475,349,112,374,0.3122905027932961,0.3036459942977921,30,R,0.2963179427235535,0.21683226183518411,0.07042665108123904,0.23173582700175335,0.28,0.288,0.10879225519758769,0.14442152039358833,0.6654135338345865,0.2747560390337546,0.05783074708046713,0.0019996800511918092,"Buehler, Walker"
621112,1498,493,370,110,292,0.34165554072096127,0.3218561300857618,31,R,0.3285356695869837,0.2453066332916145,0.07415519399249061,0.19680851063829788,0.36,0.352,0.09547606522882693,0.15395405926705244,0.6133911197594197,0.24792145763311516,0.136476207323545,0.0022112152839200423,"Blackburn, Paul"
621114,342,110,69,39,91,0.3257309941520468,0.32015780818410833,30,R,0.3212669683257919,0.20588235294117646,0.1074660633484163,0.25678733031674206,0.30666666666666664,0.336,0.12004249291784702,0.1508498583569405,0.6670337738619677,0.3146108663729809,0.009177679882525698,0.009177679882525698,"Burr, Ryan"
621121,987,301,184,105,262,0.3018237082066869,0.2902073176480299,29,R,0.3063477460901564,0.18951241950321987,0.10441582336706531,0.26172953081876726,0.3466666666666667,0.32,0.1147921760391198,0.141320293398533,0.3449257425742574,0.503589108910891,0.14839108910891088,0.003094059405940594,"McCullers Jr., Lance"
621129,55,21,16,2,14,0.40818181818181815,0.3701630472163495,27,R,0.3419354838709677,0.24516129032258063,0.06774193548387097,0.23548387096774193,0.3333333333333333,0.3625,0.11488673139158576,0.18122977346278318,0.4420849420849421,0.34555984555984554,0.1640926640926641,0.04826254826254826,"Cody, Kyle"
621139,107,42,26,14,20,0.44065420560747665,0.36403163927738924,30,R,0.357487922705314,0.2318840579710145,0.10869565217391304,0.20531400966183574,0.3333333333333333,0.376,0.12350119904076738,0.2014388489208633,0.42915531335149865,0.1566757493188011,0.3801089918256131,0.0340599455040872,"Kriske, Brooks"
621142,24,9,7,2,5,0.3354166666666667,0.3354166666666667,31,R,0.33064516129032256,0.23387096774193547,0.0846774193548387,0.2217741935483871,0.3469387755102041,0.3469387755102041,0.10294117647058823,0.1823529411764706,0.45416666666666666,0.24583333333333332,0.19583333333333333,0.10416666666666667,"Buttrey, Ty"
621199,175,56,37,17,30,0.32571428571428573,0.3372194398611784,33,R,0.32,0.21454545454545454,0.09272727272727273,0.19090909090909092,0.36,0.328,0.07404795486600846,0.13540197461212977,0.5743550834597876,0.26327769347496205,0.1433990895295903,0.01896813353566009,"Bowman, Matt"
621219,631,230,179,39,102,0.3870839936608558,0.3582793043004632,32,R,0.35841313269493846,0.2749658002735978,0.06497948016415869,0.17031463748290013,0.44,0.424,0.07716568544995794,0.15391084945332212,0.5899914089347079,0.23217353951890035,0.1724656357388316,0.0053694158075601375,"Mills, Alec"
621237,1006,321,178,132,304,0.30328031809145134,0.2915311467058208,29,L,0.3191681735985534,0.18083182640144665,0.12703435804701627,0.29520795660036164,0.30666666666666664,0.32,0.13891498356035697,0.15500234852043213,0.9782557034220533,0.015803231939163498,0.002970532319391635,0.002970532319391635,"Alvarado, José"
621242,773,207,120,73,314,0.2545924967658474,0.2373394087995667,30,R,0.27376861397479957,0.16265750286368844,0.09335624284077892,0.3854524627720504,0.32,0.272,0.18798509779571562,0.17137534927041292,0.5223904131188899,0.46972563859981076,0.003941974140649638,0.003941974140649638,"Díaz, Edwin"
621244,3208,987,732,204,712,0.32169576059850374,0.3319042007364565,30,R,0.3080411124546554,0.2279322853688029,0.06423821039903264,0.22203748488512695,0.3333333333333333,0.288,0.09878632760898283,0.157612285336856,0.5424059028353507,0.29874813463770516,0.15780965014093848,0.0010363123860056376,"Berríos, José"
621248,282,95,62,30,48,0.32907801418439714,0.341101578124287,28,R,0.3324607329842932,0.2198952879581152,0.10078534031413612,0.18455497382198952,0.3333333333333333,0.344,0.0929283771532185,0.1613780598368087,0.5522317188983855,0.2929724596391263,0.1429249762583096,0.011870845204178538,"Garza Jr., Ralph"
621249,707,237,165,63,144,0.3383309759547383,0.3377348658484681,29,R,0.3333333333333333,0.23172242874845106,0.0885997521685254,0.20631970260223048,0.38666666666666666,0.344,0.10929883764529434,0.1484814398200225,0.5450897974780283,0.2034772640427971,0.24665647688192588,0.004776461597248758,"Underwood Jr., Duane"
621259,13,5,2,2,1,0.3269230769230769,0.3786435384615385,28,R,0.3274336283185841,0.21238938053097345,0.09292035398230089,0.2079646017699115,0.34210526315789475,0.34210526315789475,0.0756578947368421,0.20394736842105265,0.4950980392156863,0.20098039215686275,0.18137254901960784,0.12254901960784313,"Koerner, Brody"
621261,52,19,16,3,12,0.36538461538461536,0.37734455566801617,29,R,0.3355263157894737,0.25,0.0756578947368421,0.22697368421052633,0.3333333333333333,0.35064935064935066,0.13636363636363635,0.2222222222222222,0.45546558704453444,0.17611336032388664,0.31781376518218624,0.05060728744939271,"Oswalt, Corey"
621294,162,65,39,17,32,0.379320987654321,0.3477533977399349,33,R,0.3702290076335878,0.23282442748091603,0.09732824427480916,0.20801526717557253,0.36,0.424,0.11785216178521618,0.17573221757322174,0.6319340329835083,0.1866566716641679,0.16266866566716642,0.018740629685157422,"Heller, Ben"
621295,545,179,130,40,103,0.3391743119266055,0.33561083485704074,32,R,0.3271317829457364,0.23565891472868217,0.07519379844961241,0.1945736434108527,0.32,0.328,0.09236854350860865,0.1354118194509074,0.6167222486898523,0.17031919961886613,0.20700333492139114,0.005955216769890424,"Wittgren, Nick"
621345,993,276,193,76,303,0.2775427995971803,0.2694965456229811,31,L,0.2817932296431839,0.19670631290027446,0.07731015553522415,0.297804208600183,0.30666666666666664,0.32,0.14773299748110832,0.1561712846347607,0.8401785714285714,0.0031887755102040817,0.1534438775510204,0.0031887755102040817,"Minter, A.J."
621348,262,103,64,29,41,0.35820610687022897,0.3400489534665688,30,L,0.3729281767955801,0.23756906077348067,0.10359116022099447,0.17541436464088397,0.41333333333333333,0.4,0.08938814531548757,0.14244741873804972,0.6270080321285141,0.24046184738955823,0.11997991967871485,0.012550200803212851,"Clay, Sam"
621363,692,196,128,66,171,0.2942919075144509,0.28352161138523896,30,L,0.2878787878787879,0.1893939393939394,0.09406565656565656,0.24431818181818182,0.32,0.264,0.1220472440944882,0.16235470566179228,0.696408100878869,0.29403897592663353,0.004776461597248758,0.004776461597248758,"Poche, Colin"
621366,438,130,89,33,98,0.3228310502283105,0.33245815106356585,30,L,0.30111524163568776,0.20631970260223048,0.07713754646840149,0.22397769516728624,0.36,0.28,0.13355342136854742,0.16146458583433373,0.38273514851485146,0.49597772277227725,0.1135519801980198,0.007735148514851485,"Borucki, Ryan"
621368,1033,350,244,99,217,0.3448209099709584,0.3398993120465615,29,L,0.33715798764342453,0.23477493380406,0.09488084730803177,0.2113857016769638,0.41333333333333333,0.376,0.09778504908129877,0.12861817266549208,0.6465715014019883,0.24815192454754015,0.10209023706347184,0.003186336986999745,"Hearn, Taylor"
621381,901,246,172,59,268,0.27425083240843506,0.2758464651172921,33,L,0.2777222777222777,0.1938061938061938,0.06743256743256744,0.2902097902097902,0.25333333333333335,0.248,0.12117417918753479,0.14023372287145242,0.7473194130925508,0.22107787810383747,0.028075620767494355,0.0035270880361173815,"Strahm, Matt"
621383,839,251,180,62,201,0.3095947556615018,0.30428394600529024,33,L,0.30138445154419596,0.21512247071352503,0.07507987220447285,0.2380191693290735,0.36,0.336,0.10272045028142589,0.13320825515947468,0.4042249047013977,0.43059085133418046,0.16121346886912324,0.0039707750952986025,"Banks, Tanner"
621389,946,348,281,53,127,0.3866279069767442,0.37675175956554224,34,L,0.3632887189292543,0.28967495219885275,0.058795411089866155,0.14292543021032506,0.4,0.44,0.07516840171463564,0.14666258420085732,0.681747512437811,0.08846393034825871,0.22590174129353233,0.00388681592039801,"Blach, Ty"
621399,13,8,8,0,0,0.6923076923076923,0.4953421802369171,34,L,0.35398230088495575,0.26548672566371684,0.0752212389380531,0.19911504424778761,0.42105263157894735,0.42105263157894735,0.08680555555555555,0.2361111111111111,0.4308510638297872,0.25,0.18617021276595744,0.13297872340425532,"Feigl, Brady"
621433,32,17,12,5,0,0.59375,0.5870432290069214,29,R,0.3712121212121212,0.25757575757575757,0.10227272727272728,0.17045454545454544,0.43859649122807015,0.43859649122807015,0.07142857142857142,0.25396825396825395,0.7302158273381295,0.08992805755395683,0.08992805755395683,0.08992805755395683,"Phillips, Brett"
621500,4,1,1,0,0,0.225,0.6893944444444444,28,R,0.3173076923076923,0.22115384615384615,0.08173076923076923,0.21634615384615385,0.3103448275862069,0.3103448275862069,0.09545454545454546,0.2545454545454546,0.3416666666666667,0.24166666666666667,0.20833333333333334,0.20833333333333334,"Mathisen, Wyatt"
621532,7,3,3,0,0,0.7714285714285715,0.4401428571428571,31,R,0.32710280373831774,0.2336448598130841,0.0794392523364486,0.2102803738317757,0.34375,0.34375,0.08677685950413223,0.25619834710743805,0.47183098591549294,0.176056338028169,0.176056338028169,0.176056338028169,"Bemboom, Anthony"
621550,3,2,1,1,0,0.5333333333333333,0.41571033333333335,33,R,0.3300970873786408,0.22330097087378642,0.09223300970873786,0.21844660194174756,0.35714285714285715,0.35714285714285715,0.09292035398230089,0.26548672566371684,0.23015873015873015,0.1984126984126984,0.373015873015873,0.1984126984126984,"Wisdom, Patrick"
621593,195,71,47,21,52,0.4012820512820513,0.36059402385063094,27,R,0.34915254237288135,0.23389830508474577,0.1,0.25254237288135595,0.41333333333333333,0.384,0.1218020022246941,0.1646273637374861,0.4917550058892815,0.45641931684334514,0.035924617196702,0.015901060070671377,"Castro, Anthony"
622065,706,246,171,70,142,0.3636685552407932,0.33017119365650216,31,L,0.34491315136476425,0.23945409429280398,0.09739454094292804,0.20409429280397023,0.3333333333333333,0.328,0.14021365890881343,0.18199160625715377,0.4486581096849475,0.24329054842473746,0.3031894204589654,0.0048619214313496695,"Young, Alex"
622072,1894,613,434,138,432,0.3270591341077086,0.3178126234864762,33,L,0.3234704112337011,0.22868605817452356,0.0734704112337011,0.22793380140421263,0.32,0.352,0.10808362369337979,0.141602787456446,0.4555087719298246,0.31670175438596493,0.22603508771929826,0.0017543859649122807,"Wood, Alex"
622075,686,215,126,74,166,0.302332361516035,0.30433927563223645,30,R,0.3142493638676845,0.18829516539440203,0.1049618320610687,0.23982188295165394,0.25333333333333335,0.288,0.12427967729542835,0.1609681137149443,0.47414806110458285,0.44242068155111636,0.0781433607520564,0.005287896592244419,"Almonte, Yency"
622088,174,47,25,19,55,0.25114942528735634,0.2861908413299291,31,R,0.28832116788321166,0.17153284671532848,0.10036496350364964,0.28284671532846717,0.32,0.296,0.12075718015665797,0.14360313315926893,0.3442737430167598,0.6208100558659218,0.017458100558659217,0.017458100558659217,"Antone, Tejay"
622092,232,79,48,31,50,0.3275862068965517,0.3298130757767737,31,R,0.33433734939759036,0.21084337349397592,0.11897590361445783,0.2183734939759036,0.3466666666666667,0.392,0.10584291187739464,0.15229885057471265,0.49446680080482897,0.4582494969818913,0.03470824949698189,0.012575452716297788,"Zimmer, Kyle"
622098,709,217,139,70,192,0.31509167842031033,0.3090997804097938,31,R,0.30778739184178,0.19901112484548825,0.09703337453646477,0.26514215080346104,0.3466666666666667,0.328,0.1238655462184874,0.15294117647058825,0.6511111111111111,0.2736752136752137,0.07094017094017094,0.004273504273504274,"Smith, Drew"
622103,89,36,21,13,13,0.4297752808988764,0.38182174691798204,31,R,0.35978835978835977,0.2275132275132275,0.11375661375661375,0.18783068783068782,0.3466666666666667,0.38596491228070173,0.10067873303167421,0.15384615384615385,0.6339285714285714,0.2997448979591837,0.03188775510204082,0.03443877551020408,"Reyes, Gerardo"
622110,11,4,3,0,0,0.4090909090909091,0.5726373529411766,32,R,0.32432432432432434,0.22522522522522523,0.07657657657657657,0.20270270270270271,0.3333333333333333,0.3333333333333333,0.10074626865671642,0.26119402985074625,0.4583333333333333,0.1488095238095238,0.24404761904761904,0.1488095238095238,"Duffy, Matt"
622250,726,222,150,71,214,0.3117079889807163,0.30599152194455825,31,R,0.3075060532687651,0.20823244552058112,0.09624697336561744,0.286319612590799,0.30666666666666664,0.264,0.14298033804760263,0.1662642290444981,0.4641979641979642,0.527027027027027,0.0043875043875043875,0.0043875043875043875,"Sborz, Josh"
622251,675,221,120,95,165,0.30074074074074075,0.32723537137024067,31,R,0.32645161290322583,0.1832258064516129,0.1335483870967742,0.24193548387096775,0.38666666666666666,0.312,0.10987609329446064,0.13338192419825073,0.5870452858203415,0.4036748329621381,0.0046399406087602076,0.0046399406087602076,"Staumont, Josh"
622253,755,231,161,51,139,0.3071523178807947,0.29381956536399545,30,R,0.30760233918128654,0.21403508771929824,0.0695906432748538,0.18888888888888888,0.38666666666666666,0.392,0.0984446800989749,0.14775539059738424,0.6349406261245052,0.17686218064051817,0.18369917236415978,0.004498020870816841,"Tate, Dillon"
622256,24,9,4,4,11,0.3416666666666666,0.2684313218390805,28,R,0.33064516129032256,0.20967741935483872,0.10080645161290322,0.2701612903225806,0.3469387755102041,0.3469387755102041,0.09585492227979274,0.19689119170984457,0.36013986013986016,0.45104895104895104,0.10139860139860139,0.08741258741258741,"Weigel, Patrick"
622259,144,50,34,12,37,0.33298611111111115,0.3097061324992715,30,R,0.3360655737704918,0.22950819672131148,0.08401639344262295,0.24385245901639344,0.3466666666666667,0.336,0.14015151515151514,0.1803030303030303,0.48114754098360657,0.46311475409836067,0.03524590163934426,0.020491803278688523,"Wingenter, Trey"
622268,12,6,5,1,0,0.525,0.40239369934640523,30,R,0.3392857142857143,0.24107142857142858,0.08482142857142858,0.20089285714285715,0.3783783783783784,0.3783783783783784,0.08582089552238806,0.23880597014925373,0.39880952380952384,0.1488095238095238,0.30357142857142855,0.1488095238095238,"Walton, Donovan"
622338,22,5,3,2,7,0.18636363636363634,0.18636363636363634,29,R,0.30327868852459017,0.20491803278688525,0.0860655737704918,0.24180327868852458,0.2765957446808511,0.2765957446808511,0.14080459770114942,0.20689655172413793,0.6330645161290323,0.14919354838709678,0.11693548387096774,0.10080645161290322,"Liranzo, Jesús"
622379,22,6,5,1,4,0.2931818181818182,0.30922424242424246,27,R,0.3114754098360656,0.22131147540983606,0.0778688524590164,0.21721311475409835,0.2978723404255319,0.2978723404255319,0.10263157894736842,0.25263157894736843,0.45357142857142857,0.275,0.18214285714285713,0.08928571428571429,"Castillo, Luis F."
622446,112,43,25,17,20,0.3834821428571429,0.3754474176963373,28,R,0.35377358490566035,0.22169811320754718,0.12028301886792453,0.20047169811320756,0.36,0.384,0.0849609375,0.15234375,0.6958874458874459,0.22402597402597402,0.05303030303030303,0.027056277056277056,"Rodriguez, Jefry"
622491,3061,901,646,228,787,0.3060764456060111,0.2969458026823347,32,R,0.29515975956975643,0.21132552989560266,0.07481809553938627,0.256089844985764,0.30666666666666664,0.304,0.13086245538308292,0.16020586038017764,0.5864382762357256,0.2063432524797866,0.206176544136034,0.00104192714845378,"Castillo, Luis"
622492,15,10,8,2,2,0.7433333333333334,0.4942516606060606,28,R,0.3652173913043478,0.2608695652173913,0.09130434782608696,0.21304347826086956,0.45,0.45,0.09,0.21333333333333335,0.505,0.215,0.155,0.125,"Mella, Keury"
622503,754,248,180,57,160,0.3330901856763926,0.3119503292049396,30,R,0.32786885245901637,0.23653395784543327,0.07669789227166277,0.21370023419203746,0.32,0.368,0.11860546601261387,0.1779957953749124,0.2655135520684736,0.22343081312410842,0.505527817403709,0.005527817403708987,"Crismatt, Nabil"
622554,811,240,158,72,222,0.305055487053021,0.2984387237275516,30,R,0.29857299670691545,0.19758507135016465,0.08836443468715698,0.2683863885839737,0.3333333333333333,0.288,0.13408071748878925,0.15964125560538117,0.6441578148710166,0.3133535660091047,0.038694992412746584,0.0037936267071320183,"Domínguez, Seranthony"
622569,21,9,4,5,0,0.33809523809523806,0.3822258571428571,31,R,0.33884297520661155,0.21487603305785125,0.1115702479338843,0.1859504132231405,0.3695652173913043,0.3695652173913043,0.07309941520467836,0.22807017543859648,0.3512396694214876,0.16115702479338842,0.384297520661157,0.10330578512396695,"Reyes, Pablo"
622608,1178,416,336,68,173,0.3622665534804754,0.3403301888463498,29,R,0.350547730829421,0.28012519561815336,0.05985915492957746,0.1529733959311424,0.38666666666666666,0.376,0.07964301852688659,0.11342069588793494,0.5702696526508226,0.35340493601462525,0.07346892138939672,0.002856489945155393,"Senzatela, Antonio"
622663,1810,570,403,143,407,0.32693370165745855,0.3132450605339294,30,R,0.31518324607329845,0.22251308900523561,0.0793193717277487,0.22486910994764397,0.28,0.32,0.10412913953166135,0.1446584453373978,0.6307381052044091,0.22540812055253245,0.14210966931770616,0.0017441049253523091,"Severino, Luis"
622694,601,192,141,43,130,0.37079866888519136,0.33355146876475095,29,R,0.3195435092724679,0.23252496433666192,0.07346647646219687,0.21754636233951496,0.32,0.32,0.10932819854514335,0.12066752246469833,0.5441626585045911,0.31372977700043725,0.13664188893747267,0.005465675557498907,"Hernández, Elieser"
622766,288,82,50,32,80,0.30104166666666665,0.32360982659439164,30,R,0.29381443298969073,0.18556701030927836,0.10438144329896908,0.26417525773195877,0.30666666666666664,0.272,0.10430743243243243,0.14020270270270271,0.46164021164021163,0.09126984126984126,0.43606701940035275,0.011022927689594356,"Díaz, Miguel"
622772,148,39,27,10,41,0.26925675675675675,0.2822093220796811,32,R,0.2862903225806452,0.1975806451612903,0.07459677419354839,0.2560483870967742,0.32,0.296,0.09985207100591716,0.15680473372781065,0.6637380191693291,0.2723642172523962,0.0439297124600639,0.019968051118210862,"Cordero, Jimmy"
622780,214,71,37,29,82,0.3214953271028037,0.29966537752340866,29,L,0.32802547770700635,0.18789808917197454,0.11942675159235669,0.3328025477707006,0.3333333333333333,0.328,0.1355,0.129,0.6015789473684211,0.2805263157894737,0.10473684210526316,0.013157894736842105,"Perdomo, Angel"
622786,287,82,52,24,67,0.285191637630662,0.32424530676200697,29,R,0.29457364341085274,0.19121447028423771,0.08397932816537468,0.23126614987080105,0.22666666666666666,0.224,0.11691113028472822,0.16134598792062121,0.4522091974752029,0.49909828674481516,0.03742110009017133,0.01127141568981064,"Tinoco, Jesus"
623149,1029,279,180,84,339,0.2806608357628766,0.27884765098716824,34,R,0.2754650132860939,0.17891939769707707,0.08193091231178033,0.3201948627103631,0.30666666666666664,0.336,0.14511841469308845,0.1321894635089415,0.5627446183953033,0.4286937377690802,0.005503913894324853,0.003057729941291585,"Sewald, Paul"
623167,2622,877,664,199,438,0.3490274599542334,0.34163181055211567,30,R,0.33394562821454815,0.2520205731080088,0.07623071271124174,0.16917707567964732,0.3333333333333333,0.336,0.09460018620047585,0.1510292748525913,0.6847769574711449,0.15592180513673704,0.1580014557554331,0.001299781636685037,"Flexen, Chris"
623168,4,1,1,0,0,0.225,0.23875000000000002,33,R,0.3173076923076923,0.22115384615384615,0.08173076923076923,0.21634615384615385,0.3103448275862069,0.3103448275862069,0.09722222222222222,0.2870370370370371,0.31896551724137934,0.21551724137931033,0.25,0.21551724137931033,"Heineman, Tyler"
623211,647,216,123,84,164,0.308887171561051,0.29707760950918194,35,R,0.3319946452476573,0.19410977242302543,0.12382864792503347,0.249665327978581,0.3466666666666667,0.336,0.14673132183908047,0.18139367816091953,0.7167154352596927,0.004572055596196049,0.27414045354791516,0.004572055596196049,"Brazobán, Huascar"
623352,1027,274,155,108,400,0.26168451801363196,0.2584687683964193,30,L,0.27151730257320317,0.15705412599822538,0.1033717834960071,0.3748890860692103,0.32,0.272,0.18236632536973835,0.17315130830489192,0.6960874568469505,0.2663981588032221,0.034637514384349824,0.0028768699654775605,"Hader, Josh"
623354,21,6,5,1,4,0.3333333333333333,0.27188004643596575,30,L,0.3140495867768595,0.2231404958677686,0.07851239669421488,0.2190082644628099,0.30434782608695654,0.30434782608695654,0.09776536312849161,0.2346368715083799,0.2441860465116279,0.562015503875969,0.09689922480620156,0.09689922480620156,"Zamora, Daniel"
623364,71,20,10,10,28,0.24014084507042255,0.2551228951486698,30,L,0.30409356725146197,0.1871345029239766,0.10818713450292397,0.2953216374269006,0.30666666666666664,0.2916666666666667,0.09796437659033079,0.13994910941475827,0.7594752186588921,0.16763848396501457,0.03644314868804665,0.03644314868804665,"Wieck, Brad"
623381,45,17,15,2,11,0.38666666666666666,0.3654422888888889,30,L,0.33793103448275863,0.25517241379310346,0.07241379310344828,0.23103448275862068,0.35714285714285715,0.35714285714285715,0.09946236559139784,0.1935483870967742,0.5477941176470589,0.23161764705882354,0.12867647058823528,0.09191176470588236,"Pannone, Thomas"
623433,344,103,74,28,72,0.32136627906976745,0.33750536908763124,34,R,0.30405405405405406,0.21621621621621623,0.08220720720720721,0.21283783783783783,0.26666666666666666,0.312,0.10685033507073716,0.13626209977661952,0.49690641918020106,0.4566898685228152,0.036736272235112145,0.009667440061871617,"Anderson, Nick"
623437,367,119,90,26,71,0.31716621253405997,0.290258755342706,33,R,0.3233404710920771,0.2398286937901499,0.07387580299785867,0.20021413276231265,0.32,0.312,0.0823060188542422,0.13705583756345177,0.6218961625282167,0.29683972911963885,0.07185854025583145,0.009405568096313018,"Topa, Justin"
623451,340,111,74,33,70,0.3125,0.30956299642879437,30,R,0.325,0.21818181818181817,0.09431818181818181,0.21022727272727273,0.3333333333333333,0.336,0.09985683607730853,0.14173228346456693,0.5720118782479584,0.3233110616184113,0.09539717891610987,0.009279881217520415,"Stephens, Jackson"
623454,103,32,23,8,15,0.2883495145631068,0.31590977076996696,30,R,0.31527093596059114,0.22167487684729065,0.0812807881773399,0.18472906403940886,0.29333333333333333,0.32,0.09782608695652174,0.15810276679841898,0.4682017543859649,0.34978070175438597,0.15460526315789475,0.027412280701754384,"Anderson, Drew"
623465,846,215,147,59,252,0.25354609929078015,0.26963851361192404,30,R,0.26109936575052856,0.17864693446088795,0.07135306553911205,0.290169133192389,0.28,0.272,0.12407789908527589,0.1434051342578932,0.5566037735849056,0.4275232105420785,0.012129380053908356,0.0037436358191075174,"Phillips, Evan"
623470,33,15,10,5,5,0.5212121212121212,0.42852414838353137,28,R,0.3533834586466165,0.24060150375939848,0.10150375939849623,0.20676691729323307,0.39655172413793105,0.39655172413793105,0.10444444444444445,0.20444444444444446,0.3914285714285714,0.43714285714285717,0.1,0.07142857142857142,"Newberry, Jake"
623474,555,159,119,32,133,0.2952252252252252,0.2817372765020077,31,R,0.2916030534351145,0.2152671755725191,0.06183206106870229,0.23740458015267177,0.30666666666666664,0.288,0.11484264913104744,0.14419915453264442,0.33405483405483405,0.5947570947570947,0.0646945646945647,0.006493506493506494,"Herget, Jimmy"
623485,264,84,52,30,40,0.33049242424242425,0.3093606341569953,30,R,0.31868131868131866,0.2032967032967033,0.10576923076923077,0.1717032967032967,0.37333333333333335,0.352,0.08823529411764706,0.14285714285714285,0.4813907933398629,0.302154750244858,0.20323212536728696,0.013222331047992164,"Goudeau, Ashton"
623507,5,2,1,1,1,0.39,0.46930691578947376,29,R,0.3238095238095238,0.21904761904761905,0.09047619047619047,0.22380952380952382,0.3333333333333333,0.3333333333333333,0.08898305084745763,0.25423728813559326,0.4485294117647059,0.18382352941176472,0.18382352941176472,0.18382352941176472,"Lester, Josh"
623520,5,2,1,1,0,0.39,0.43371315652173914,31,R,0.3238095238095238,0.21904761904761905,0.09047619047619047,0.21428571428571427,0.3333333333333333,0.3333333333333333,0.1,0.24347826086956526,0.4076923076923077,0.19230769230769232,0.2076923076923077,0.19230769230769232,"Bote, David"
624133,2422,730,521,194,548,0.3052642444260941,0.2924941862280081,29,L,0.3021411578112609,0.21530531324345759,0.08029341792228391,0.22620935765265662,0.41333333333333333,0.408,0.09757530442213203,0.1564836573381756,0.6464239690721649,0.15555197594501718,0.19668170103092783,0.0013423539518900344,"Suárez, Ranger"
624414,5,2,1,1,0,0.72,0.6362822888888889,26,R,0.3238095238095238,0.21904761904761905,0.09047619047619047,0.21428571428571427,0.3333333333333333,0.3333333333333333,0.09051724137931035,0.24137931034482762,0.4318181818181818,0.1893939393939394,0.1893939393939394,0.1893939393939394,"Arroyo, Christian"
624418,41,17,10,4,7,0.4317073170731707,0.4252822597456744,26,R,0.3475177304964539,0.22695035460992907,0.08865248226950355,0.20921985815602837,0.3787878787878788,0.3787878787878788,0.0880952380952381,0.1761904761904762,0.396875,0.421875,0.103125,0.078125,"Castellani, Ryan"
624427,42,12,8,3,12,0.2976190476190476,0.2985563333333333,28,L,0.30985915492957744,0.2112676056338028,0.08098591549295775,0.24295774647887325,0.29850746268656714,0.29850746268656714,0.11813186813186813,0.21978021978021978,0.42803030303030304,0.38257575757575757,0.0946969696969697,0.0946969696969697,"Gonsalves, Stephen"
624431,13,7,5,2,0,0.5346153846153846,0.5827337790507365,32,R,0.34513274336283184,0.23893805309734514,0.09292035398230089,0.19911504424778761,0.39473684210526316,0.39473684210526316,0.08041958041958042,0.2517482517482518,0.44623655913978494,0.13440860215053763,0.2849462365591398,0.13440860215053763,"Trevino, Jose"
624503,25,14,10,4,0,0.588,0.4249026842577031,27,R,0.368,0.256,0.1,0.18,0.44,0.44,0.062162162162162166,0.2,0.7222222222222222,0.09259259259259259,0.09259259259259259,0.09259259259259259,"Gordon, Nick"
624512,3,0,0,0,0,0.0,0.2076666666666667,27,R,0.3106796116504854,0.21359223300970873,0.0825242718446602,0.21844660194174756,0.2857142857142857,0.2857142857142857,0.09813084112149532,0.28037383177570097,0.21929824561403508,0.34210526315789475,0.21929824561403508,0.21929824561403508,"McGuire, Reese"
624519,5,3,1,2,0,0.68,0.68,28,R,0.3333333333333333,0.21904761904761905,0.1,0.21428571428571427,0.36666666666666664,0.36666666666666664,0.08333333333333333,0.23015873015873017,0.4144736842105263,0.21710526315789475,0.20394736842105263,0.16447368421052633,"Shore, Logan"
624522,1029,326,200,114,238,0.3245383867832847,0.3286654703600226,29,R,0.3170947741364039,0.1966341895482728,0.10850310008857396,0.23073516386182463,0.30666666666666664,0.336,0.10267744379893913,0.13412477898459207,0.7261447940649782,0.2354822205167562,0.03517523663341008,0.0031977487848554617,"Thompson, Keegan"
624526,6,4,3,1,2,0.625,0.625,29,L,0.33962264150943394,0.2358490566037736,0.08962264150943396,0.23113207547169812,0.3870967741935484,0.3870967741935484,0.105,0.28,0.25,0.25,0.25,0.25,"Williams, Garrett"
624586,46,21,12,7,11,0.42934782608695654,0.32380493759901424,35,R,0.363013698630137,0.2328767123287671,0.10616438356164383,0.22945205479452055,0.4084507042253521,0.4084507042253521,0.13652482269503546,0.18085106382978725,0.3125,0.5625,0.07112068965517242,0.05387931034482758,"Hoyt, James"
624647,419,130,77,43,84,0.2909307875894988,0.3091041868730072,29,L,0.31213872832369943,0.1907514450867052,0.09922928709055877,0.20520231213872833,0.30666666666666664,0.304,0.11148857319332922,0.16306361951822113,0.5535372848948374,0.3476736775015934,0.09082217973231357,0.007966857871255577,"González, Victor"
625643,1365,378,267,106,364,0.27908424908424906,0.3019014222018208,30,R,0.27986348122866894,0.19726962457337885,0.07815699658703072,0.2638225255972696,0.22666666666666666,0.224,0.12872856077554065,0.1558538404175988,0.5742378622506586,0.3779638690252164,0.045445991719984945,0.0023522770041400076,"López, Reynaldo"
626929,82,25,16,9,11,0.3359756097560976,0.3432010913634546,27,L,0.3131868131868132,0.2087912087912088,0.09615384615384616,0.18406593406593408,0.3466666666666667,0.308411214953271,0.09232613908872901,0.1774580335731415,0.39645776566757496,0.4128065395095368,0.1566757493188011,0.0340599455040872,"Thorpe, Lewis"
627893,6,0,0,0,0,0.0,0.0,26,R,0.3018867924528302,0.20754716981132076,0.08018867924528301,0.21226415094339623,0.25806451612903225,0.25806451612903225,0.105,0.28,0.25,0.25,0.25,0.25,"Belen, Carlos"
628317,1464,468,351,101,354,0.3424863387978142,0.31410342215827775,36,R,0.319693094629156,0.23849104859335038,0.07001278772378516,0.24072890025575447,0.29333333333333333,0.32,0.1221883984441062,0.1713174361576188,0.32244584683609073,0.3719085792256524,0.3035135596111206,0.0021320143271362784,"Maeda, Kenta"
628345,40,13,8,4,10,0.39,0.318509962516469,29,L,0.32142857142857145,0.21428571428571427,0.08928571428571429,0.23214285714285715,0.3230769230769231,0.3230769230769231,0.13876651982378854,0.20704845814977973,0.4322033898305085,0.08757062146892655,0.4096045197740113,0.07062146892655367,"Núñez, Darien"
628452,1057,267,202,58,337,0.2632450331125828,0.26570611741546263,34,R,0.25842696629213485,0.19360414866032843,0.057476231633535005,0.3107173725151253,0.3333333333333333,0.232,0.17368027888446216,0.18874501992031872,0.47844175491679275,0.23512355017650025,0.28328290468986383,0.003151790216843167,"Iglesias, Raisel"
628708,563,200,133,60,108,0.3539076376554174,0.32591673253753306,29,R,0.34992458521870284,0.23378582202111614,0.1033182503770739,0.19683257918552036,0.44,0.408,0.10637823371989295,0.1623550401427297,0.5741332116788321,0.3989507299270073,0.021213503649635035,0.005702554744525547,"Marte, Yunior"
628711,2052,560,430,112,508,0.2990253411306043,0.28724496102169234,27,L,0.275092936802974,0.2100371747211896,0.05599442379182156,0.24651486988847585,0.37333333333333335,0.312,0.11100336177915697,0.15050426687354537,0.49629099427381573,0.33114263404476835,0.1709396147839667,0.0016267568974492452,"Urías, Julio"
629498,10,7,2,5,0,0.6,0.5916742272727273,29,R,0.35454545454545455,0.21818181818181817,0.12272727272727273,0.20454545454545456,0.42857142857142855,0.42857142857142855,0.08928571428571429,0.22857142857142856,0.4166666666666667,0.2722222222222222,0.17222222222222222,0.1388888888888889,"Quezada, Johan"
630023,596,207,151,47,93,0.36216442953020134,0.3489215440620653,31,R,0.34339080459770116,0.24856321839080459,0.07974137931034483,0.16594827586206898,0.44,0.424,0.08540372670807453,0.13354037267080746,0.48480036297640655,0.2838021778584392,0.22572595281306715,0.0056715063520871144,"Chirinos, Yonny"
630105,3,1,1,0,1,0.3,0.138,27,R,0.32038834951456313,0.22330097087378642,0.0825242718446602,0.22815533980582525,0.32142857142857145,0.32142857142857145,0.10747663551401869,0.28037383177570097,0.34210526315789475,0.21929824561403508,0.21929824561403508,0.21929824561403508,"Cronenworth, Jake"
640444,957,338,219,109,199,0.3601358411703239,0.34437380494228725,29,R,0.3500473036896878,0.228003784295175,0.11116367076631978,0.20955534531693473,0.38666666666666666,0.432,0.11165291322830707,0.15603900975243812,0.4192200557103064,0.35236768802228413,0.2252468979488478,0.003165358318561661,"Crowe, Wil"
640448,1165,375,264,108,273,0.33025751072961373,0.31868277795274697,33,R,0.3217391304347826,0.22608695652173913,0.09209486166007905,0.23359683794466404,0.36,0.408,0.11237291801860264,0.12308025091931646,0.7055543406953859,0.1103214520008747,0.18117209709162477,0.0029521102121145854,"Finnegan, Kyle"
640451,673,196,143,46,184,0.2947994056463596,0.3026845396793361,30,R,0.2949547218628719,0.21345407503234154,0.0705045278137128,0.26714100905562743,0.37333333333333335,0.408,0.11848256023013305,0.14850773103200288,0.6482973269864518,0.15836689857195166,0.1887586964481875,0.0045770779934090075,"Harvey, Hunter"
640454,66,25,12,13,18,0.3893939393939394,0.3176731808850973,30,L,0.3433734939759036,0.20481927710843373,0.12951807228915663,0.24397590361445784,0.4,0.3626373626373626,0.10534124629080119,0.17210682492581603,0.6567944250871081,0.21080139372822299,0.08885017421602788,0.04355400696864112,"Krook, Matt"
640455,2888,865,621,213,714,0.3119979224376731,0.3116981412556449,32,L,0.3002008032128514,0.21519410977242304,0.07412985274431058,0.2464859437751004,0.3466666666666667,0.336,0.1191674907848602,0.13260810932302436,0.6043077756705499,0.2037839790481351,0.19077937325024835,0.0011288720310665583,"Manaea, Sean"
640461,7,5,2,2,0,0.6071428571428571,0.6145287142857143,30,R,0.34579439252336447,0.22429906542056074,0.09813084112149532,0.2102803738317757,0.40625,0.40625,0.08333333333333333,0.25396825396825395,0.506578947368421,0.16447368421052633,0.16447368421052633,0.16447368421052633,"Pinder, Chad"
640462,967,292,197,80,281,0.30465356773526375,0.2875804841576269,29,L,0.3036551077788191,0.20524835988753515,0.08294283036551078,0.28444236176194937,0.25333333333333335,0.224,0.13738240177089098,0.1391809629219701,0.5879629629629629,0.3806116722783389,0.027918069584736253,0.0035072951739618407,"Puk, A.J."
640463,7,4,4,0,2,0.8785714285714287,0.8785714285714287,30,R,0.3364485981308411,0.24299065420560748,0.0794392523364486,0.22897196261682243,0.375,0.375,0.105,0.28,0.25,0.25,0.25,0.25,"Shipley, Braden"
640464,63,25,17,6,11,0.40634920634920635,0.3562363938635553,27,R,0.3496932515337423,0.2392638036809816,0.08895705521472393,0.20552147239263804,0.37333333333333335,0.375,0.08753709198813056,0.1632047477744807,0.7299651567944251,0.14111498257839722,0.08536585365853659,0.04355400696864112,"Stewart, Kohl"
640470,913,262,194,55,233,0.307776560788609,0.3122111492901215,29,R,0.29022704837117475,0.21322803553800593,0.06268509378084897,0.25222112537018754,0.36,0.344,0.12418762362249224,0.15343317321277197,0.5117512181140728,0.4360848380624821,0.04829464029807968,0.003869303525365434,"Alzolay, Adbert"
640902,1,0,0,0,0,0.0,0.725,28,R,0.31683168316831684,0.21782178217821782,0.08415841584158416,0.22277227722772278,0.3076923076923077,0.3076923076923077,0.1,0.2666666666666667,0.2818181818181818,0.22727272727272727,0.2636363636363636,0.22727272727272727,"Pereda, Jhonny"
641149,88,37,26,9,13,0.43579545454545454,0.40407759871901977,32,R,0.3670212765957447,0.2553191489361702,0.09308510638297872,0.18882978723404256,0.3333333333333333,0.39823008849557523,0.11126373626373626,0.20054945054945056,0.4888535031847134,0.3869426751592357,0.08439490445859872,0.03980891719745223,"Parsons, Wes"
641154,2848,843,632,178,750,0.31025280898876406,0.294188210134512,28,R,0.2968113975576662,0.22184531886024422,0.06326322930800543,0.26204206241519673,0.37333333333333335,0.352,0.1298149968719278,0.1668603092322817,0.5123889038513332,0.22250650866325522,0.26398240416554447,0.0011221833198671336,"López, Pablo"
641302,1581,478,381,85,299,0.3325110689437065,0.3275384264769221,30,L,0.30339083878643663,0.23973825104104698,0.05562165377751339,0.1912552052349792,0.30666666666666664,0.28,0.08242040397124273,0.14789455665867854,0.6991540055248618,0.128021408839779,0.1706664364640884,0.0021581491712707184,"Alexander, Tyler"
641312,259,104,82,19,39,0.4355212355212355,0.36123540497829837,30,R,0.3788300835654596,0.28969359331476324,0.0766016713091922,0.1713091922005571,0.3333333333333333,0.4,0.09324942791762014,0.11556064073226545,0.3719660194174757,0.5406553398058253,0.07220873786407767,0.01516990291262136,"Anderson, Shaun"
641329,613,185,119,62,157,0.28874388254486133,0.28161335807759175,30,R,0.30434782608695654,0.19775596072931276,0.09887798036465638,0.2517531556802244,0.28,0.304,0.10232649842271294,0.1273659305993691,0.5428399034593725,0.2926387771520515,0.1590909090909091,0.005430410297666935,"Baker, Bryan"
641343,20,9,5,4,1,0.4175,0.4260379564102565,29,L,0.3416666666666667,0.225,0.10416666666666667,0.19583333333333333,0.37777777777777777,0.37777777777777777,0.08285714285714285,0.22285714285714286,0.644,0.1,0.156,0.1,"Bauers, Jake"
641360,840,250,166,74,221,0.3032142857142857,0.29296697134999095,29,R,0.3,0.2,0.08776595744680851,0.2590425531914894,0.28,0.304,0.1280722534794196,0.1385845424933373,0.6785392245266005,0.30522993688007216,0.012473700030057109,0.0037571385632702136,"Bickford, Phil"
641384,4,1,0,1,0,0.175,0.32642925,26,R,0.3173076923076923,0.21153846153846154,0.09134615384615384,0.21634615384615385,0.3103448275862069,0.3103448275862069,0.10087719298245613,0.2543859649122807,0.2734375,0.2265625,0.3046875,0.1953125,"Bostick, Akeem"
641386,206,78,50,27,51,0.3973300970873786,0.3416033260877313,30,L,0.35947712418300654,0.23529411764705882,0.11601307189542484,0.24019607843137256,0.36,0.368,0.116,0.12228571428571429,0.6612121212121213,0.1412121212121212,0.18242424242424243,0.015151515151515152,"Bowden, Ben"
641394,330,114,57,49,89,0.33166666666666667,0.3284455270392786,30,L,0.3395348837209302,0.18372093023255814,0.13372093023255813,0.2593023255813954,0.4266666666666667,0.4,0.11978021978021978,0.12893772893772895,0.5844106463878327,0.28403041825095054,0.1220532319391635,0.009505703422053232,"Brentz, Jake"
641401,660,210,148,59,155,0.3328030303030303,0.305990731369994,29,R,0.31842105263157894,0.2236842105263158,0.08881578947368421,0.23355263157894737,0.4266666666666667,0.408,0.13890922401171302,0.17093704245973645,0.5952647278150633,0.004660700969425802,0.395413870246085,0.004660700969425802,"Brogdon, Connor"
641409,14,4,3,1,5,0.37142857142857144,0.37142857142857144,29,R,0.3157894736842105,0.21929824561403508,0.08333333333333333,0.2412280701754386,0.3076923076923077,0.3076923076923077,0.12083333333333333,0.25000000000000006,0.30714285714285716,0.3357142857142857,0.17857142857142858,0.17857142857142858,"Brown, Zack"
641420,69,28,19,7,12,0.4384057971014493,0.3676659183414592,28,R,0.35502958579881655,0.24260355029585798,0.09171597633136094,0.20414201183431951,0.38666666666666666,0.3829787234042553,0.140625,0.17613636363636365,0.42218543046357615,0.3890728476821192,0.14735099337748345,0.041390728476821195,"Burdi, Zack"
641425,6,3,0,3,2,0.3499999999999999,0.3499999999999999,28,L,0.330188679245283,0.20754716981132076,0.10849056603773585,0.23113207547169812,0.3548387096774194,0.3548387096774194,0.105,0.28,0.25,0.25,0.25,0.25,"Burrows, Thomas"
641427,61,20,18,2,8,0.3516393442622951,0.3717252262436943,34,R,0.32298136645962733,0.2484472049689441,0.06521739130434782,0.18944099378881987,0.29333333333333333,0.32558139534883723,0.11879432624113476,0.18439716312056736,0.584051724137931,0.28663793103448276,0.07543103448275862,0.05387931034482758,"Busenitz, Alan"
641447,319,109,82,24,46,0.37163009404388714,0.3388942087384433,29,L,0.33651551312649164,0.24821002386634844,0.07756563245823389,0.16348448687350836,0.3333333333333333,0.352,0.08089430894308942,0.13658536585365855,0.5478813559322034,0.30889830508474575,0.1326271186440678,0.01059322033898305,"Castano, Daniel"
641461,2,0,0,0,1,0.0,0.0,29,R,0.3137254901960784,0.21568627450980393,0.08333333333333333,0.23039215686274508,0.2962962962962963,0.2962962962962963,0.10267857142857142,0.2678571428571429,0.33064516129032256,0.2661290322580645,0.20161290322580644,0.20161290322580644,"Clifton, Trevor"
641464,16,5,4,1,5,0.359375,0.359375,29,R,0.31896551724137934,0.22413793103448276,0.08189655172413793,0.23706896551724138,0.3170731707317073,0.3170731707317073,0.11363636363636363,0.21428571428571427,0.46634615384615385,0.2932692307692308,0.1201923076923077,0.1201923076923077,"Cobb, Trey"
641482,2100,578,431,136,522,0.29428571428571426,0.2854400313164928,30,L,0.2772727272727273,0.2059090909090909,0.06568181818181819,0.2475,0.30666666666666664,0.304,0.10601060695344726,0.13836181496758987,0.7505038529934795,0.17788974510966213,0.07012448132780083,0.0014819205690574985,"Cortes, Nestor"
641499,3,2,2,0,1,0.6,0.6,28,L,0.3300970873786408,0.23300970873786409,0.0825242718446602,0.22815533980582525,0.35714285714285715,0.35714285714285715,0.105,0.28,0.25,0.25,0.25,0.25,"Damron, Ty"
641501,217,69,50,15,42,0.33456221198156677,0.3637954199665655,29,R,0.3186119873817035,0.22712933753943218,0.07413249211356467,0.20347003154574134,0.37333333333333335,0.376,0.08261933904528763,0.16523867809057527,0.4178617992177314,0.4074315514993481,0.15840938722294653,0.016297262059973925,"Danish, Tyler"
641506,20,5,3,2,5,0.32249999999999995,0.32249999999999995,27,R,0.30833333333333335,0.20833333333333334,0.0875,0.22916666666666666,0.28888888888888886,0.28888888888888886,0.105,0.28,0.25,0.25,0.25,0.25,"De Horta, Adrian"
641525,3,0,0,0,0,0.0,0.08166666666666667,31,R,0.3106796116504854,0.21359223300970873,0.0825242718446602,0.21844660194174756,0.2857142857142857,0.2857142857142857,0.09813084112149532,0.2710280373831776,0.34210526315789475,0.21929824561403508,0.21929824561403508,0.21929824561403508,"Dixon, Brandon"
641531,6,3,2,1,0,0.6,0.47007712499999993,31,R,0.330188679245283,0.22641509433962265,0.08962264150943396,0.21226415094339623,0.3548387096774194,0.3548387096774194,0.08536585365853659,0.2520325203252033,0.17123287671232876,0.4863013698630137,0.17123287671232876,0.17123287671232876,"Dozier, Hunter"
641538,12,6,5,0,0,0.6458333333333334,0.6458333333333334,30,R,0.3392857142857143,0.24107142857142858,0.07589285714285714,0.20089285714285715,0.3783783783783784,0.3783783783783784,0.10074626865671642,0.2462686567164179,0.3392857142857143,0.2916666666666667,0.22023809523809523,0.1488095238095238,"Duncan, Frank"
641540,2472,832,582,214,511,0.34124190938511323,0.3324642167317355,30,R,0.3359253499222395,0.23483670295489892,0.08650855365474339,0.20742612752721618,0.37333333333333335,0.352,0.09928884026258206,0.15032822757111597,0.562981298129813,0.2788228822882288,0.1567106710671067,0.0014851485148514852,"Dunning, Dane"
641541,72,31,20,9,12,0.45763888888888893,0.39516961602543843,30,R,0.36627906976744184,0.2441860465116279,0.10174418604651163,0.2005813953488372,0.41333333333333333,0.4020618556701031,0.09126984126984126,0.15079365079365079,0.5594512195121951,0.29115853658536583,0.11128048780487805,0.038109756097560975,"Duplantier, Jon"
641551,9,3,2,1,3,0.4166666666666667,0.4166666666666667,28,R,0.3211009174311927,0.22018348623853212,0.0871559633027523,0.23394495412844038,0.3235294117647059,0.3235294117647059,0.105,0.28,0.25,0.25,0.25,0.25,"Elliott, Jake"
641571,3,0,0,0,2,0.0,0.0,28,R,0.3106796116504854,0.21359223300970873,0.0825242718446602,0.23786407766990292,0.2857142857142857,0.2857142857142857,0.105,0.28,0.25,0.25,0.25,0.25,"Fillmyer, Heath"
641576,3,3,1,2,0,0.7666666666666666,0.6191446666666667,26,L,0.33980582524271846,0.22330097087378642,0.10194174757281553,0.21844660194174756,0.39285714285714285,0.39285714285714285,0.09375,0.25892857142857145,0.31451612903225806,0.25,0.23387096774193547,0.20161290322580644,"Flores Jr., Bernardo"
641582,408,131,94,35,90,0.34338235294117647,0.3447189883613106,29,R,0.32086614173228345,0.2283464566929134,0.08562992125984252,0.22145669291338582,0.3466666666666667,0.32,0.09924330616996507,0.13271245634458673,0.5746402877697842,0.25389688249400477,0.16396882494004797,0.00749400479616307,"Foster, Matt"
641585,768,262,186,72,138,0.3490885416666667,0.35054533459498166,29,R,0.3387096774193548,0.23963133640552994,0.09274193548387097,0.18490783410138248,0.32,0.36,0.09333560013600815,0.12172730363821829,0.5989277066758907,0.2274299550328606,0.16931857488758215,0.004323763403666551,"France, J.P."
641620,21,9,8,0,3,0.4428571428571429,0.4428571428571429,28,R,0.33884297520661155,0.24793388429752067,0.07024793388429752,0.21074380165289255,0.3695652173913043,0.3695652173913043,0.09504132231404959,0.25619834710743805,0.3873239436619718,0.2323943661971831,0.20422535211267606,0.176056338028169,"Gold, Brandon"
641625,3,1,1,0,0,0.3,0.3,28,R,0.32038834951456313,0.22330097087378642,0.0825242718446602,0.21844660194174756,0.32142857142857145,0.32142857142857145,0.0945945945945946,0.2522522522522523,0.3524590163934426,0.20491803278688525,0.23770491803278687,0.20491803278688525,"Gore, Jordan"
641627,486,151,110,34,117,0.32993827160493827,0.2950750121314096,32,R,0.3122866894197952,0.22525597269624573,0.07252559726962457,0.2380546075085324,0.3466666666666667,0.344,0.09956826767404209,0.15272531030760927,0.8704936217415419,0.08901830282861897,0.03355518580144204,0.006932889628397116,"Gott, Trevor"
641632,134,53,36,14,27,0.37910447761194027,0.34452360389593867,29,R,0.36324786324786323,0.24786324786324787,0.09615384615384616,0.21153846153846154,0.44,0.392,0.12478184991273997,0.18673647469458987,0.45793499043977054,0.41204588910133844,0.10611854684512428,0.02390057361376673,"Greene, Conner"
641645,26,11,8,3,0,0.4269230769230769,0.4344506511936339,30,R,0.3412698412698413,0.23809523809523808,0.09126984126984126,0.17857142857142858,0.37254901960784315,0.37254901960784315,0.09064327485380116,0.2046783625730994,0.6900826446280992,0.10330578512396695,0.10330578512396695,0.10330578512396695,"Guillorme, Luis"
641656,453,143,90,46,122,0.295916114790287,0.29321200555549537,29,R,0.31645569620253167,0.20253164556962025,0.09855334538878843,0.2613019891500904,0.32,0.344,0.15570652173913044,0.17391304347826086,0.45782122905027933,0.5282122905027933,0.006983240223463687,0.006983240223463687,"Hamilton, Ian"
641658,4,1,0,0,0,0.175,0.268298,30,R,0.3173076923076923,0.21153846153846154,0.08173076923076923,0.21634615384615385,0.3103448275862069,0.3103448275862069,0.09292035398230089,0.27433628318584075,0.1984126984126984,0.40476190476190477,0.1984126984126984,0.1984126984126984,"Hampson, Garrett"
641672,218,84,60,21,42,0.39013761467889907,0.3468188012838371,29,R,0.36477987421383645,0.2578616352201258,0.09276729559748427,0.2028301886792453,0.36,0.336,0.12514285714285714,0.18057142857142858,0.7048484848484848,0.022424242424242423,0.25757575757575757,0.015151515151515152,"Hatch, Thomas"
641682,207,71,45,23,59,0.34806763285024156,0.30518338178461235,29,R,0.3355048859934853,0.2182410423452769,0.10260586319218241,0.26547231270358307,0.3466666666666667,0.32,0.1288968824940048,0.14148681055155876,0.4419642857142857,0.5082908163265306,0.03380102040816327,0.01594387755102041,"Hendrix, Ryan"
641703,508,178,120,47,81,0.35403543307086616,0.3707626921875941,29,R,0.34539473684210525,0.23355263157894737,0.0912828947368421,0.17023026315789475,0.37333333333333335,0.336,0.09026687598116169,0.13239141810570382,0.4951638903815153,0.20822138635142395,0.2888232133261687,0.007791509940891994,"Honeywell, Brent"
641709,20,6,4,2,8,0.305,0.305,28,R,0.31666666666666665,0.21666666666666667,0.0875,0.25416666666666665,0.3111111111111111,0.3111111111111111,0.105,0.28,0.25,0.25,0.25,0.25,"Howard, Brian"
641712,1467,531,359,151,193,0.3492842535787321,0.358569084653814,30,R,0.35928525845564774,0.2431397574984046,0.10178685386088067,0.13752393107849395,0.4266666666666667,0.464,0.07653423199716211,0.11990067399787159,0.5476914817465999,0.3921796707229778,0.057712956335003576,0.0024158911954187544,"Hudson, Dakota"
641726,401,136,112,19,70,0.36571072319201997,0.3282450063130443,29,R,0.33532934131736525,0.26746506986027946,0.054890219560878244,0.18463073852295409,0.32,0.36,0.09476605868358445,0.15305313243457574,0.6461601981833196,0.16226259289843104,0.18125516102394715,0.01032204789430223,"Jefferies, Daulton"
641729,1010,296,190,92,302,0.2893069306930693,0.2808372087635805,29,R,0.2954954954954955,0.19099099099099098,0.09054054054054055,0.29234234234234235,0.25333333333333335,0.264,0.14705153617443012,0.14246778989098116,0.5603361766181636,0.36264425489212243,0.07363271450075264,0.0033868539889613646,"Jiménez, Joe"
641733,4,1,0,1,1,0.175,0.175,28,R,0.3173076923076923,0.21153846153846154,0.09134615384615384,0.22596153846153846,0.3103448275862069,0.3103448275862069,0.105,0.28,0.25,0.25,0.25,0.25,"Johnstone, Connor"
641743,247,91,55,30,57,0.37672064777327935,0.35332667709787435,28,L,0.35446685878962536,0.2219020172910663,0.11095100864553314,0.22910662824207492,0.37333333333333335,0.368,0.10717658168083097,0.17280453257790368,0.630822596630327,0.2591674925668979,0.09762140733399405,0.012388503468780971,"Kay, Anthony"
641745,1707,622,422,185,305,0.3671060339777387,0.3516832188237382,29,R,0.3619258439402324,0.24571112340896514,0.10708356391809629,0.18123962368566685,0.41333333333333333,0.352,0.09446077672907319,0.1360049512610243,0.5388273818805551,0.37946358958365817,0.0797598627787307,0.00194916575705598,"Keller, Brad"
641750,8,4,2,0,2,0.5375,0.5375,30,R,0.3333333333333333,0.2222222222222222,0.0787037037037037,0.22685185185185186,0.36363636363636365,0.36363636363636365,0.105,0.28,0.25,0.25,0.25,0.25,"Kiest, Tanner"
641755,789,251,170,75,188,0.32997465145754123,0.3098033725434261,33,R,0.31833520809898763,0.21597300337457817,0.09392575928008999,0.23678290213723285,0.30666666666666664,0.272,0.14019423558897243,0.1550751879699248,0.397040101845958,0.5644493952896245,0.03421387651177594,0.00429662635264163,"Kinley, Tyler"
641771,1479,546,360,161,289,0.3803245436105477,0.3595252070180876,32,R,0.3660544648511716,0.24192526915769474,0.10734642178594046,0.19727675744141862,0.4,0.392,0.10232843137254902,0.12622549019607843,0.42202401978099613,0.5043270929000353,0.07091133874955846,0.0027375485694101026,"Kuhl, Chad"
641778,1447,450,311,133,334,0.3268140981340705,0.3310879084755971,29,L,0.31157078215901746,0.21525533290239174,0.09146735617323852,0.2304460245636716,0.41333333333333333,0.384,0.1,0.13162995594713656,0.6509333333333334,0.28915555555555555,0.05768888888888889,0.0022222222222222222,"Lauer, Eric"
641793,1542,469,371,85,334,0.3246757457846952,0.31606380675096796,29,R,0.305115712545676,0.23934226552984167,0.05694275274056029,0.2171132764920828,0.21333333333333335,0.24,0.11736968449931413,0.14729080932784636,0.436267727429955,0.387668626772743,0.1739017640954687,0.0021618817018332756,"Littell, Zack"
641816,1510,461,323,124,397,0.3158278145695364,0.30077208746888723,30,R,0.3062111801242236,0.21428571428571427,0.08229813664596274,0.2605590062111801,0.3333333333333333,0.28,0.11145833333333334,0.14487179487179488,0.5958804523424879,0.2067043618739903,0.1953957996768982,0.0020193861066235864,"Mahle, Tyler"
641835,873,270,207,58,195,0.3099656357388316,0.30949177267429845,32,L,0.3103802672147996,0.23535457348406988,0.0683453237410072,0.223535457348407,0.3333333333333333,0.336,0.09450072358900145,0.14616497829232997,0.751101321585903,0.24155653450807635,0.003671071953010279,0.003671071953010279,"Mayza, Tim"
641838,23,9,8,1,6,0.491304347826087,0.491304347826087,30,R,0.3333333333333333,0.24390243902439024,0.07723577235772358,0.23170731707317074,0.3541666666666667,0.3541666666666667,0.105,0.28,0.25,0.25,0.25,0.25,"McCarthy, Kevin"
641851,128,37,21,14,35,0.30078125,0.281395967690708,30,R,0.3026315789473684,0.18859649122807018,0.09868421052631579,0.25219298245614036,0.32,0.288,0.11750405186385737,0.1766612641815235,0.30776014109347444,0.6481481481481481,0.02204585537918871,0.02204585537918871,"McGowin, Kyle"
641853,50,19,14,5,6,0.42700000000000005,0.4722366541991342,27,R,0.34,0.24,0.09,0.19,0.36,0.36,0.07872340425531915,0.17446808510638298,0.5162162162162162,0.34864864864864864,0.06756756756756757,0.06756756756756757,"McKay, David"
641871,454,147,94,49,110,0.32158590308370044,0.32085387747278815,30,R,0.3231046931407942,0.20938628158844766,0.10379061371841156,0.23916967509025272,0.29333333333333333,0.328,0.15844083006169377,0.16825574873808188,0.3949798038084247,0.30727062896710905,0.29053664166185805,0.007212925562608194,"Middleton, Keynan"
641886,4,1,0,0,1,0.175,0.175,28,L,0.3173076923076923,0.21153846153846154,0.08173076923076923,0.22596153846153846,0.3103448275862069,0.3103448275862069,0.09545454545454546,0.2545454545454546,0.25833333333333336,0.325,0.20833333333333334,0.20833333333333334,"Mitchell, Andrew"
641907,176,64,41,19,35,0.3491477272727273,0.32695475343853553,27,R,0.34782608695652173,0.22826086956521738,0.09963768115942029,0.20833333333333334,0.37333333333333335,0.352,0.09879032258064516,0.12903225806451613,0.6304034582132565,0.3234870317002882,0.028097982708933718,0.018011527377521614,"Murphy, Patrick"
641914,12,1,1,0,0,0.075,0.29693313570487484,28,R,0.29464285714285715,0.20535714285714285,0.07589285714285714,0.20089285714285715,0.24324324324324326,0.24324324324324326,0.07894736842105263,0.2556390977443609,0.2469879518072289,0.16265060240963855,0.4397590361445783,0.15060240963855423,"Neuse, Sheldon"
641927,1995,554,424,112,506,0.306265664160401,0.30560163527249157,29,R,0.27971360381861576,0.21288782816229118,0.05751789976133652,0.2522673031026253,0.3333333333333333,0.288,0.1345456898783329,0.16916903960652344,0.45928869202709743,0.30048202188639916,0.23860083376758728,0.0016284523189161021,"Ober, Bailey"
641941,1025,301,213,83,277,0.31639024390243903,0.31669951098992155,33,R,0.296,0.2088888888888889,0.08133333333333333,0.26622222222222225,0.3466666666666667,0.304,0.13521231686118698,0.1502359076235411,0.840960523007292,0.02300729192858939,0.1328891123962786,0.0031430726678400803,"Pagán, Emilio"
641962,6,2,1,1,3,0.325,0.325,28,L,0.32075471698113206,0.2169811320754717,0.08962264150943396,0.24056603773584906,0.3225806451612903,0.3225806451612903,0.105,0.28,0.25,0.25,0.25,0.25,"Pelham, CD"
641974,11,4,4,0,0,0.32727272727272727,0.32727272727272727,29,R,0.32432432432432434,0.23423423423423423,0.07657657657657657,0.20270270270270271,0.3333333333333333,0.3333333333333333,0.10150375939849623,0.2556390977443609,0.28313253012048195,0.22289156626506024,0.3433734939759036,0.15060240963855423,"Phillips, Alex"
641978,9,2,1,1,3,0.30000000000000004,0.30000000000000004,28,R,0.3119266055045872,0.21100917431192662,0.0871559633027523,0.23394495412844038,0.29411764705882354,0.29411764705882354,0.105,0.28,0.25,0.25,0.25,0.25,"Pidich, Matt"
641995,8,4,1,3,0,0.375,0.41455425,28,R,0.3333333333333333,0.21296296296296297,0.10648148148148148,0.20833333333333334,0.36363636363636365,0.36363636363636365,0.09349593495934959,0.23577235772357727,0.363013698630137,0.2808219178082192,0.18493150684931506,0.17123287671232876,"Ramírez, Roel"
642003,41,15,8,6,7,0.3304878048780488,0.34304788211382115,28,L,0.3333333333333333,0.2127659574468085,0.10283687943262411,0.20921985815602837,0.3484848484848485,0.3484848484848485,0.09879032258064516,0.1975806451612903,0.5176767676767676,0.3409090909090909,0.07828282828282829,0.06313131313131314,"Reed, Cody"
642016,53,20,14,4,18,0.3584905660377358,0.3325537382577278,30,R,0.33986928104575165,0.23529411764705882,0.08169934640522876,0.2647058823529412,0.36,0.358974358974359,0.10585585585585586,0.21171171171171171,0.4273255813953488,0.42151162790697677,0.07848837209302326,0.07267441860465117,"Robert, Daniel"
642028,351,115,80,31,43,0.34074074074074073,0.3625138938057053,30,L,0.3259423503325942,0.2261640798226164,0.08758314855875832,0.14523281596452328,0.37333333333333335,0.36,0.07299546142208775,0.13540090771558244,0.5113993710691824,0.3643867924528302,0.11438679245283019,0.009827044025157232,"Rogers, Josh"
642048,525,175,111,54,114,0.3181904761904762,0.3116285092002734,31,L,0.3312,0.2128,0.1,0.2184,0.36,0.336,0.1317437379576108,0.19508670520231214,0.47309970384995065,0.30528134254689043,0.2154491609081935,0.006169792694965449,"Saucedo, Tayler"
642060,27,10,7,3,6,0.37037037037037035,0.34125050399419027,27,R,0.33070866141732286,0.2283464566929134,0.09055118110236221,0.22440944881889763,0.34615384615384615,0.34615384615384615,0.13243243243243244,0.24864864864864866,0.43333333333333335,0.1,0.37407407407407406,0.09259259259259259,"Sedlock, Cody"
642068,144,49,30,17,22,0.3201388888888889,0.3432133430899034,27,R,0.3319672131147541,0.21311475409836064,0.10450819672131148,0.18237704918032788,0.44,0.368,0.10186625194401244,0.13530326594090203,0.5994940978077572,0.1981450252951096,0.1812816188870152,0.021079258010118045,"Sheffield, Jordan"
642073,62,18,12,4,12,0.3096774193548387,0.3167449268943159,30,R,0.30864197530864196,0.20987654320987653,0.07716049382716049,0.21296296296296297,0.32,0.2988505747126437,0.09848484848484848,0.17272727272727273,0.3339285714285714,0.5696428571428571,0.05178571428571429,0.044642857142857144,"Sherfy, James"
642083,148,59,43,15,25,0.4077702702702703,0.34031126973477194,29,R,0.36693548387096775,0.2620967741935484,0.09475806451612903,0.19153225806451613,0.37333333333333335,0.4,0.11119402985074626,0.1865671641791045,0.5443548387096774,0.325,0.10403225806451613,0.02661290322580645,"Slegers, Aaron"
642086,11,3,2,1,0,0.25909090909090904,0.1958300909090909,29,L,0.3153153153153153,0.21621621621621623,0.08558558558558559,0.20270270270270271,0.3055555555555556,0.3055555555555556,0.08015267175572519,0.2824427480916031,0.16666666666666666,0.15432098765432098,0.5246913580246914,0.15432098765432098,"Smith, Dominic"
642092,312,111,92,15,38,0.396474358974359,0.3626384094451689,27,R,0.3470873786407767,0.2766990291262136,0.05703883495145631,0.14684466019417475,0.37333333333333335,0.36,0.06703672075149444,0.1161400512382579,0.6578947368421053,0.15655664585191792,0.1735057983942908,0.012042818911685994,"Smith, Riley"
642100,483,147,110,31,129,0.3018633540372671,0.29084974012247883,29,L,0.307032590051458,0.22641509433962265,0.06775300171526587,0.25986277873070324,0.3466666666666667,0.336,0.13059918557300756,0.17684700407213497,0.6336129418813661,0.3322348711803475,0.026662672258837627,0.007489514679448772,"Speier, Gabe"
642121,533,164,108,56,143,0.30619136960600374,0.30656784772357537,34,R,0.30963665086887837,0.20537124802527645,0.1018957345971564,0.26145339652448657,0.26666666666666666,0.296,0.13704545454545455,0.1690909090909091,0.5155813953488372,0.14116279069767443,0.33744186046511626,0.005813953488372093,"Sulser, Cole"
642130,306,99,64,34,61,0.32107843137254904,0.29506267174810197,29,L,0.3226600985221675,0.21182266009852216,0.10467980295566502,0.20566502463054187,0.3333333333333333,0.312,0.0992094861660079,0.14861660079051384,0.7082304526748971,0.26872427983539093,0.012757201646090535,0.0102880658436214,"Taylor, Blake"
642133,19,9,6,1,1,0.39473684210526316,0.39192738227146817,29,L,0.3445378151260504,0.23529411764705882,0.07983193277310924,0.19747899159663865,0.38636363636363635,0.38636363636363635,0.08598726114649681,0.2356687898089172,0.17289719626168223,0.11682242990654206,0.5934579439252337,0.11682242990654206,"Tellez, Rowdy"
642140,5,2,2,0,0,0.36,0.36,28,R,0.3238095238095238,0.22857142857142856,0.08095238095238096,0.21428571428571427,0.3333333333333333,0.3333333333333333,0.08974358974358974,0.23931623931623935,0.3805970149253731,0.21641791044776118,0.21641791044776118,0.1865671641791045,"Thompson, Cory"
642141,6,4,3,1,1,0.5666666666666667,0.5666666666666667,29,R,0.33962264150943394,0.2358490566037736,0.08962264150943396,0.22169811320754718,0.3870967741935484,0.3870967741935484,0.105,0.28,0.25,0.25,0.25,0.25,"Thompson, Jake"
642152,595,200,131,61,145,0.32050420168067223,0.3224931339225362,31,R,0.3338129496402878,0.22014388489208633,0.1,0.24100719424460432,0.30666666666666664,0.328,0.11108676599474146,0.1476774758983348,0.6888440860215054,0.18615591397849462,0.11939964157706093,0.005600358422939068,"Trivino, Lou"
642162,5,0,0,0,0,0.18,0.251,29,R,0.3047619047619048,0.20952380952380953,0.08095238095238096,0.21428571428571427,0.26666666666666666,0.26666666666666666,0.09813084112149532,0.2710280373831776,0.32456140350877194,0.23684210526315788,0.21929824561403508,0.21929824561403508,"Valaika, Pat"
642165,27,17,15,2,0,0.8148148148148148,0.6521660562600579,27,R,0.3858267716535433,0.29133858267716534,0.08267716535433071,0.17716535433070865,0.4807692307692308,0.4807692307692308,0.06609195402298851,0.22413793103448276,0.6008064516129032,0.10080645161290322,0.1975806451612903,0.10080645161290322,"VanMeter, Josh"
642203,409,143,91,42,89,0.3605134474327628,0.35255512721089083,28,R,0.343811394891945,0.2220039292730845,0.09921414538310412,0.21905697445972494,0.30666666666666664,0.344,0.09811664641555286,0.13122721749696234,0.6550751879699248,0.18452380952380953,0.1513157894736842,0.009085213032581453,"Widener, Taylor"
642207,829,229,112,108,321,0.25645355850422197,0.253445232986414,30,R,0.28094725511302476,0.1442411194833154,0.12540365984930033,0.3697524219590958,0.29333333333333333,0.304,0.18027972027972028,0.18097902097902097,0.40411347517730495,0.01801418439716312,0.5743262411347517,0.0035460992907801418,"Williams, Devin"
642215,4,1,1,0,0,0.225,0.26325,30,R,0.3173076923076923,0.22115384615384615,0.08173076923076923,0.21634615384615385,0.3103448275862069,0.3103448275862069,0.09722222222222222,0.26851851851851855,0.21551724137931033,0.21551724137931033,0.35344827586206895,0.21551724137931033,"Wilson, Weston"
642216,199,67,53,12,44,0.3678391959798995,0.31788626982427026,29,R,0.3311036789297659,0.2508361204013378,0.06856187290969899,0.22240802675585283,0.38666666666666666,0.384,0.11331626120358515,0.16005121638924455,0.4439124487004104,0.23734610123119015,0.3016415868673051,0.01709986320109439,"Winans, Allan"
642225,12,6,2,4,3,0.4749999999999999,0.4749999999999999,27,R,0.3392857142857143,0.21428571428571427,0.11160714285714286,0.22767857142857142,0.3783783783783784,0.3783783783783784,0.105,0.28,0.25,0.25,0.25,0.25,"Woods Jr., Stephen"
642231,172,65,38,22,42,0.38401162790697674,0.3586656458626457,31,R,0.35661764705882354,0.22058823529411764,0.11213235294117647,0.23713235294117646,0.3333333333333333,0.368,0.09435173299101413,0.14634146341463414,0.6193415637860082,0.30246913580246915,0.061042524005486966,0.017146776406035666,"Yacabonis, Jimmy"
642232,1850,573,429,100,326,0.3229189189189189,0.3200073548011515,33,L,0.31025641025641026,0.2312820512820513,0.05564102564102564,0.17871794871794872,0.25333333333333335,0.28,0.0977902138039891,0.15482852633089395,0.5397456279809221,0.23608903020667726,0.22235872235872237,0.0018066194536782772,"Yarbrough, Ryan"
642233,119,50,34,12,12,0.42142857142857143,0.3799854110967942,32,R,0.3744292237442922,0.2557077625570776,0.09360730593607305,0.15753424657534246,0.38666666666666666,0.4,0.056626506024096385,0.15421686746987953,0.6643835616438356,0.21232876712328766,0.08904109589041095,0.03424657534246575,"Yardley, Eric"
642236,5,2,2,0,0,0.36,0.36,28,R,0.3238095238095238,0.22857142857142856,0.08095238095238096,0.21428571428571427,0.3333333333333333,0.3333333333333333,0.11065573770491803,0.2540983606557377,0.3958333333333333,0.2569444444444444,0.1736111111111111,0.1736111111111111,"Zanghi, Joe"
642239,170,50,34,15,38,0.28823529411764703,0.27337481189297735,32,L,0.3037037037037037,0.2074074074074074,0.08703703703703704,0.22407407407407406,0.25333333333333335,0.32,0.12237762237762238,0.16503496503496504,0.5962406015037593,0.23684210526315788,0.1481203007518797,0.018796992481203006,"Zastryzny, Rob"
642271,4,1,0,1,1,0.175,0.175,27,R,0.3173076923076923,0.21153846153846154,0.09134615384615384,0.22596153846153846,0.3103448275862069,0.3103448275862069,0.105,0.28,0.25,0.25,0.25,0.25,"Ozuna, Fernery"
642336,14,8,6,0,0,0.6142857142857142,0.4528086086956522,26,R,0.3508771929824561,0.24561403508771928,0.07456140350877193,0.19736842105263158,0.41025641025641024,0.41025641025641024,0.08203125,0.265625,0.1858974358974359,0.4935897435897436,0.16025641025641027,0.16025641025641027,"Mejía, Francisco"
642371,5,2,1,0,1,0.32,0.32,27,L,0.3238095238095238,0.21904761904761905,0.08095238095238096,0.22380952380952382,0.3333333333333333,0.3333333333333333,0.10176991150442478,0.25663716814159293,0.2777777777777778,0.29365079365079366,0.23015873015873015,0.1984126984126984,"Garcia, Junior"
642397,1106,370,220,131,289,0.316998191681736,0.30531932371089165,29,L,0.3333333333333333,0.20066334991708126,0.11567164179104478,0.2582918739635158,0.28,0.376,0.131163708086785,0.14069690992767916,0.6469089297584755,0.34311987591402615,0.0072014181254154664,0.0027697762020828715,"Soto, Gregory"
642496,9,4,2,2,4,0.39444444444444443,0.39444444444444443,26,R,0.3302752293577982,0.22018348623853212,0.0963302752293578,0.24311926605504589,0.35294117647058826,0.35294117647058826,0.105,0.28,0.25,0.25,0.25,0.25,"Vargas, Emilio"
642520,114,39,23,12,22,0.3355263157894737,0.3845743609443893,29,R,0.3317757009345794,0.2102803738317757,0.09579439252336448,0.20794392523364486,0.36,0.336,0.09206081081081081,0.16891891891891891,0.4732472324723247,0.37546125461254615,0.1282287822878229,0.023062730627306273,"Garabito, Gerson"
642528,653,186,137,43,131,0.2768759571209801,0.2616101536928736,30,R,0.28950863213811423,0.21115537848605578,0.06839309428950863,0.20385126162018594,0.4,0.304,0.12341521394611728,0.20602218700475436,0.6263136620856912,0.20432497978981407,0.1643088116410671,0.0050525464834276475,"Loáisiga, Jonathan"
642530,3,0,0,0,0,0.0,0.0,30,R,0.3106796116504854,0.21359223300970873,0.0825242718446602,0.21844660194174756,0.2857142857142857,0.2857142857142857,0.105,0.28,0.25,0.25,0.25,0.25,"Reyes, Luis"
642545,994,320,244,69,172,0.3496981891348089,0.3444923887302218,28,R,0.3217550274223035,0.24314442413162707,0.07084095063985375,0.17778793418647165,0.3333333333333333,0.392,0.10109140518417463,0.14106412005457025,0.413969571230982,0.45518672199170124,0.12738589211618256,0.003457814661134163,"Barria, Jaime"
642546,499,178,107,65,110,0.3422845691382766,0.33377677952085194,28,R,0.35058430717863104,0.21535893155258765,0.12270450751252086,0.22120200333889817,0.3466666666666667,0.352,0.12963917525773197,0.1634020618556701,0.41984126984126985,0.43465608465608463,0.1388888888888889,0.006613756613756613,"Hernández, Jonathan"
642547,2484,700,452,217,746,0.29053945249597424,0.2824914512803686,28,R,0.28328173374613,0.18343653250773995,0.08726780185758513,0.29740712074303405,0.22666666666666666,0.304,0.1365527488855869,0.1495789995047053,0.5278745644599303,0.3326530612244898,0.13822797411647586,0.0012444001991040318,"Peralta, Freddy"
642563,10,4,2,2,1,0.32,0.32,28,R,0.32727272727272727,0.21818181818181817,0.09545454545454546,0.21363636363636362,0.34285714285714286,0.34285714285714286,0.10648148148148148,0.26851851851851855,0.25,0.28448275862068967,0.25,0.21551724137931033,"Vizcaíno, Raffi"
642575,2,1,0,1,0,0.35,0.35,29,R,0.3235294117647059,0.21568627450980393,0.09313725490196079,0.22058823529411764,0.3333333333333333,0.3333333333333333,0.11574074074074074,0.2777777777777778,0.31896551724137934,0.25,0.21551724137931033,0.21551724137931033,"Moreno, Gerson"
642578,29,9,8,1,3,0.3275862068965517,0.35337115396952684,28,R,0.3178294573643411,0.23255813953488372,0.07364341085271318,0.19767441860465115,0.3148148148148148,0.3148148148148148,0.07763975155279502,0.21739130434782608,0.4099099099099099,0.22072072072072071,0.25675675675675674,0.11261261261261261,"Rodríguez, José"
642585,523,131,71,57,213,0.23824091778202675,0.24052764462475176,28,R,0.26163723916532905,0.1492776886035313,0.10513643659711075,0.3780096308186196,0.30666666666666664,0.256,0.17812354853692522,0.1686019507663725,0.6483594864479315,0.0910603899191631,0.25463623395149787,0.005943889681407513,"Bautista, Félix"
642629,97,34,22,9,22,0.3644329896907217,0.3426973073488903,30,R,0.3350253807106599,0.2233502538071066,0.08883248730964467,0.22588832487309646,0.4,0.3442622950819672,0.11507128309572301,0.18126272912423624,0.5090702947845805,0.11224489795918367,0.35034013605442177,0.02834467120181406,"Ramirez, Emmanuel"
642657,37,15,7,6,5,0.35945945945945945,0.3766015405405405,29,R,0.34306569343065696,0.2116788321167883,0.10583941605839416,0.20072992700729927,0.3709677419354839,0.3709677419354839,0.08908045977011494,0.21264367816091953,0.375,0.42338709677419356,0.10080645161290322,0.10080645161290322,"Ogando, Cristofer"
642659,56,17,12,5,11,0.3383928571428571,0.33121941157448703,31,R,0.3141025641025641,0.21794871794871795,0.08653846153846154,0.21474358974358973,0.30666666666666664,0.30864197530864196,0.11556603773584906,0.20754716981132076,0.4228395061728395,0.18209876543209877,0.31790123456790126,0.07716049382716049,"Espinal, Raynel"
642701,864,274,170,92,190,0.3040509259259259,0.31291426795080673,28,R,0.31742738589211617,0.1991701244813278,0.10425311203319503,0.2204356846473029,0.21333333333333335,0.224,0.12035945786682381,0.17825574543311726,0.5204844497607656,0.33567583732057416,0.14010167464114834,0.0037380382775119617,"Santana, Dennis"
642727,1,0,0,0,0,0.0,0.091,25,R,0.31683168316831684,0.21782178217821782,0.08415841584158416,0.22277227722772278,0.3076923076923077,0.3076923076923077,0.10096153846153846,0.27884615384615385,0.28703703703703703,0.23148148148148148,0.25,0.23148148148148148,"Alcántara, Sergio"
642758,390,111,81,26,80,0.31,0.3125948878264967,29,R,0.29183673469387755,0.21020408163265306,0.07040816326530612,0.20918367346938777,0.36,0.328,0.14397549353301567,0.15588835942818244,0.43305144467935164,0.34073291050035237,0.21740662438336858,0.008809020436927413,"Acevedo, Domingo"
642759,38,15,11,4,5,0.4394736842105263,0.370622032388664,27,R,0.34057971014492755,0.2391304347826087,0.09057971014492754,0.19927536231884058,0.36507936507936506,0.36507936507936506,0.11422413793103449,0.17672413793103448,0.6620879120879121,0.06868131868131869,0.20054945054945056,0.06868131868131869,"Fernández, Julian"
642770,239,95,51,40,38,0.3797071129707113,0.4026622162593377,28,R,0.3746312684365782,0.2153392330383481,0.1430678466076696,0.17846607669616518,0.36,0.408,0.06934731934731934,0.11188811188811189,0.682549504950495,0.286509900990099,0.01547029702970297,0.01547029702970297,"Guerra, Javy"
642834,41,20,15,3,5,0.5024390243902439,0.40500178970080175,29,L,0.36879432624113473,0.2624113475177305,0.08156028368794327,0.1950354609929078,0.42424242424242425,0.42424242424242425,0.07918552036199095,0.17194570135746606,0.4239766081871345,0.347953216374269,0.15497076023391812,0.07309941520467836,"Bermúdez, Jonathan"
642840,3,2,2,0,0,1.0833333333333333,1.0833333333333333,31,R,0.3300970873786408,0.23300970873786409,0.0825242718446602,0.21844660194174756,0.35714285714285715,0.35714285714285715,0.105,0.28,0.25,0.25,0.25,0.25,"Harvey, Joe"
642851,14,5,4,1,0,0.48928571428571427,0.427992626984127,32,R,0.32456140350877194,0.22807017543859648,0.08333333333333333,0.19736842105263158,0.3333333333333333,0.3333333333333333,0.08518518518518518,0.24444444444444444,0.14705882352941177,0.4176470588235294,0.28823529411764703,0.14705882352941177,"Wynns, Austin"
643230,165,60,41,17,27,0.36848484848484847,0.34603238618024423,30,L,0.3471698113207547,0.23773584905660378,0.09622641509433963,0.18679245283018867,0.3466666666666667,0.4,0.09602649006622517,0.1629139072847682,0.5382978723404256,0.2645390070921986,0.1794326241134752,0.01773049645390071,"Brault, Steven"
643232,2,0,0,0,0,0.0,0.0,28,R,0.3137254901960784,0.21568627450980393,0.08333333333333333,0.22058823529411764,0.2962962962962963,0.2962962962962963,0.10096153846153846,0.2692307692307693,0.28703703703703703,0.25,0.23148148148148148,0.23148148148148148,"Brill, Matt"
643239,1,0,0,0,0,0.0,0.0,29,R,0.31683168316831684,0.21782178217821782,0.08415841584158416,0.22277227722772278,0.3076923076923077,0.3076923076923077,0.1179245283018868,0.2735849056603774,0.24107142857142858,0.3125,0.22321428571428573,0.22321428571428573,"Bugg, Parker"
643256,824,256,176,53,157,0.30358009708737865,0.30672505809068584,34,R,0.3116883116883117,0.21428571428571427,0.06655844155844155,0.19426406926406928,0.38666666666666666,0.368,0.08868352788586252,0.1300259403372244,0.6613381674357284,0.32976268951878707,0.004119973632168754,0.004779169413315755,"Cimber, Adam"
643290,355,122,69,46,70,0.3459154929577465,0.37584465823031077,27,R,0.3384615384615385,0.2,0.11978021978021978,0.2032967032967033,0.4,0.368,0.09370860927152318,0.13774834437086092,0.5003424657534247,0.4565068493150685,0.03458904109589041,0.008561643835616438,"Dunn, Justin"
643316,297,109,55,48,80,0.3291245791245791,0.32461649596571496,31,L,0.35516372795969775,0.19395465994962216,0.14231738035264482,0.25818639798488663,0.37333333333333335,0.4,0.09846029173419774,0.12641815235008103,0.48690878378378377,0.4514358108108108,0.05109797297297297,0.010557432432432432,"Fry, Paul"
643327,50,22,10,11,9,0.41700000000000004,0.38557034,32,R,0.36,0.21333333333333335,0.13,0.21,0.4,0.4,0.11436170212765957,0.2127659574468085,0.48188405797101447,0.32971014492753625,0.09782608695652174,0.09057971014492754,"Godley, Zack"
643338,680,175,130,43,189,0.28088235294117647,0.29057624386574543,33,R,0.2653846153846154,0.19487179487179487,0.06602564102564103,0.27115384615384613,0.3466666666666667,0.28,0.1422307962118555,0.156436338126973,0.6210282042127812,0.3664762584791146,0.00767583006069261,0.004819707247411638,"Green, Chad"
643340,7,3,0,2,0,0.29999999999999993,0.29999999999999993,27,R,0.32710280373831774,0.205607476635514,0.09813084112149532,0.2102803738317757,0.34375,0.34375,0.105,0.28,0.25,0.25,0.25,0.25,"Green, Nick"
643357,1,0,0,0,1,0.0,0.0,28,R,0.31683168316831684,0.21782178217821782,0.08415841584158416,0.23267326732673269,0.3076923076923077,0.3076923076923077,0.105,0.28,0.25,0.25,0.25,0.25,"Hecht, Ben"
643361,178,52,41,9,26,0.31825842696629214,0.34297987850451955,33,R,0.302158273381295,0.22661870503597123,0.06294964028776978,0.17446043165467626,0.25333333333333335,0.312,0.08012820512820513,0.1564102564102564,0.5020547945205479,0.13356164383561644,0.34726027397260273,0.017123287671232876,"Herget, Kevin"
643377,1246,353,252,86,323,0.3008426966292135,0.2951041433165035,30,R,0.28603268945022287,0.20356612184249628,0.07020802377414562,0.2566864784546805,0.30666666666666664,0.232,0.13153061224489795,0.16183673469387755,0.39,0.46855670103092784,0.1388659793814433,0.002577319587628866,"Jax, Griffin"
643396,25,7,5,2,1,0.264,0.38336290158759057,29,R,0.312,0.216,0.084,0.188,0.3,0.3,0.06804733727810651,0.22485207100591717,0.6680672268907563,0.10504201680672269,0.12184873949579832,0.10504201680672269,"Kiner-Falefa, Isiah"
643400,107,34,22,12,26,0.35514018691588783,0.31536016284653073,33,R,0.3188405797101449,0.21256038647342995,0.09903381642512077,0.23429951690821257,0.30666666666666664,0.312,0.11189516129032258,0.16532258064516128,0.44730941704035876,0.19170403587443946,0.3329596412556054,0.028026905829596414,"Knight, Dusten"
643410,896,268,168,82,263,0.3059151785714286,0.3028869290093054,33,R,0.30120481927710846,0.19076305220883535,0.09086345381526105,0.28664658634538154,0.32,0.344,0.13856502242152466,0.17698056801195813,0.4918057663125948,0.19499241274658574,0.30940819423368743,0.0037936267071320183,"Leiter Jr., Mark"
643478,9,4,2,2,0,0.35555555555555557,0.35555555555555557,28,L,0.3302752293577982,0.22018348623853212,0.0963302752293578,0.20642201834862386,0.35294117647058826,0.35294117647058826,0.105,0.28,0.25,0.25,0.25,0.25,"Palumbo, Joe"
643493,508,147,117,27,82,0.32125984251968503,0.3301850979485694,35,R,0.2944078947368421,0.22861842105263158,0.05838815789473684,0.171875,0.37333333333333335,0.312,0.09695512820512821,0.17681623931623933,0.3690998902305159,0.5584522502744237,0.06558726673984633,0.006860592755214051,"Pruitt, Austin"
643511,1309,392,305,66,230,0.30408708938120704,0.2804461394442197,34,R,0.30092264017033354,0.2320794889992903,0.05287437899219304,0.17920511000709724,0.28,0.256,0.08842723515336089,0.12377637589732435,0.5609192874422696,0.4335825819221465,0.002749065317791951,0.002749065317791951,"Rogers, Tyler"
643524,18,9,8,1,0,0.6833333333333333,0.524292906039044,30,R,0.3474576271186441,0.2542372881355932,0.08050847457627118,0.1906779661016949,0.3953488372093023,0.3953488372093023,0.09507042253521127,0.29577464788732394,0.3967391304347826,0.1358695652173913,0.33152173913043476,0.1358695652173913,"Schwindel, Frank"
643565,6,3,3,0,0,0.5083333333333333,0.5145000000000001,31,L,0.330188679245283,0.2358490566037736,0.08018867924528301,0.21226415094339623,0.3548387096774194,0.3548387096774194,0.1,0.272,0.5,0.16666666666666666,0.16666666666666666,0.16666666666666666,"Tauchman, Mike"
643615,138,64,45,16,13,0.5057971014492754,0.4395447584561314,27,R,0.40336134453781514,0.2815126050420168,0.10294117647058823,0.14915966386554622,0.4533333333333333,0.464,0.07625786163522012,0.17138364779874213,0.6373720136518771,0.2295221843003413,0.11177474402730375,0.021331058020477817,"Zeuch, T.J."
643778,91,41,22,19,14,0.41538461538461535,0.37028077975805707,31,L,0.38219895287958117,0.23036649214659685,0.14397905759162305,0.19109947643979058,0.4533333333333333,0.4224137931034483,0.08638211382113821,0.14227642276422764,0.6300904977375565,0.14819004524886878,0.19343891402714933,0.02828054298642534,"Webb, Tyler"
644364,202,68,51,13,51,0.3495049504950495,0.2985470446471491,27,R,0.33112582781456956,0.24172185430463577,0.07119205298013245,0.2433774834437086,0.36,0.368,0.13739021329987453,0.23086574654956085,0.5147255689424364,0.45180722891566266,0.01673360107095047,0.01673360107095047,"Arano, Víctor"
644374,11,6,6,0,0,0.6227272727272727,0.5139090909090909,27,R,0.34234234234234234,0.25225225225225223,0.07657657657657657,0.20270270270270271,0.3888888888888889,0.3888888888888889,0.08333333333333333,0.2380952380952381,0.19078947368421054,0.19078947368421054,0.45394736842105265,0.16447368421052633,"Chang, Yu"
644396,14,9,6,3,1,0.6642857142857144,0.6642857142857144,27,R,0.35964912280701755,0.24561403508771928,0.10087719298245613,0.20614035087719298,0.4358974358974359,0.4358974358974359,0.105,0.28,0.25,0.25,0.25,0.25,"Ledo, Luis"
644425,4,2,0,1,1,0.35,0.35,34,R,0.3269230769230769,0.21153846153846154,0.09134615384615384,0.22596153846153846,0.3448275862068966,0.3448275862068966,0.105,0.28,0.25,0.25,0.25,0.25,"Sanchez, Jake"
644429,50,22,15,4,12,0.418,0.41524804000000004,28,L,0.36,0.24666666666666667,0.08333333333333333,0.23,0.4,0.4,0.11802575107296137,0.19313304721030042,0.5382513661202186,0.24863387978142076,0.1448087431693989,0.06830601092896176,"Severino, Anderson"
645261,2526,698,524,150,577,0.28792557403008706,0.2880616808345329,28,R,0.277989337395278,0.2079207920792079,0.060357958872810355,0.2282939832444783,0.3466666666666667,0.344,0.12858838765378805,0.1665227714224045,0.5002712673611112,0.23746744791666666,0.2607964409722222,0.00146484375,"Alcantara, Sandy"
645444,10,4,4,0,0,0.395,0.2953,26,R,0.32727272727272727,0.23636363636363636,0.07727272727272727,0.20454545454545456,0.34285714285714286,0.34285714285714286,0.08333333333333333,0.2318840579710145,0.4602272727272727,0.14204545454545456,0.2556818181818182,0.14204545454545456,"Herrera, Jose"
645801,17,8,6,2,0,0.6147058823529411,0.5457046272899965,31,R,0.3418803418803419,0.23931623931623933,0.08974358974358974,0.19230769230769232,0.38095238095238093,0.38095238095238093,0.06687898089171974,0.21656050955414013,0.6308411214953271,0.13551401869158877,0.11682242990654206,0.11682242990654206,"Ford, Mike"
646241,51,22,13,6,10,0.40882352941176464,0.3973401102096011,27,L,0.3576158940397351,0.23178807947019867,0.09602649006622517,0.2152317880794702,0.4,0.39473684210526316,0.10919540229885058,0.1839080459770115,0.43364928909952605,0.24407582938388625,0.26303317535545023,0.05924170616113744,"De Jesus, Enmanuel"
646242,238,89,58,28,37,0.38949579831932774,0.36062020126766514,28,L,0.35798816568047337,0.23668639053254437,0.10798816568047337,0.1760355029585799,0.3333333333333333,0.4,0.0817575083426029,0.16129032258064516,0.4917550058892815,0.3303886925795053,0.16313309776207302,0.014723203769140165,"Díaz, Jhonathan"
647306,9,4,1,2,3,0.3333333333333333,0.3333333333333333,28,L,0.3302752293577982,0.21100917431192662,0.0963302752293578,0.23394495412844038,0.35294117647058826,0.35294117647058826,0.105,0.28,0.25,0.25,0.25,0.25,"Onyshko, Ben"
647315,727,245,176,56,139,0.3465612104539202,0.33591173425183224,28,R,0.3349455864570738,0.23941958887545345,0.07799274486094317,0.19528415961305925,0.29333333333333333,0.328,0.10655737704918032,0.18797814207650274,0.7307977736549165,0.2588126159554731,0.005380333951762523,0.0050092764378478665,"Pop, Zach"
647336,512,171,106,58,119,0.3484375,0.33742294490471125,27,R,0.33169934640522875,0.20915032679738563,0.10866013071895425,0.2312091503267974,0.28,0.272,0.09810874704491726,0.13617021276595745,0.5329297820823244,0.33777239709443097,0.12324455205811138,0.006053268765133172,"Soroka, Michael"
649144,223,82,63,16,34,0.3993273542600897,0.3847822428632092,25,L,0.35294117647058826,0.2631578947368421,0.07585139318885449,0.17492260061919504,0.30666666666666664,0.336,0.07157784743991641,0.12748171368861025,0.48787210584343993,0.3467475192943771,0.1515986769570011,0.013781697905181918,"Wells, Alex"
650204,101,44,34,8,19,0.43316831683168316,0.41753943312573016,29,R,0.3781094527363184,0.27860696517412936,0.08208955223880597,0.2064676616915423,0.37333333333333335,0.408,0.09334763948497854,0.13948497854077252,0.4170673076923077,0.3641826923076923,0.18870192307692307,0.030048076923076924,"Ruiz, Norge"
650339,3,1,1,0,1,0.3,0.3393333333333333,26,R,0.32038834951456313,0.22330097087378642,0.0825242718446602,0.22815533980582525,0.32142857142857145,0.32142857142857145,0.11574074074074074,0.2870370370370371,0.3017241379310345,0.21551724137931033,0.2672413793103448,0.21551724137931033,"Palacios, Jermaine"
650347,56,22,13,8,4,0.4375,0.38581231631490853,24,R,0.34615384615384615,0.22435897435897437,0.10576923076923077,0.16987179487179488,0.38666666666666666,0.37037037037037035,0.07165605095541401,0.14012738853503184,0.3693181818181818,0.45265151515151514,0.13068181818181818,0.04734848484848485,"Madero, Luís"
650378,5,3,1,2,0,0.45999999999999996,0.45999999999999996,25,R,0.3333333333333333,0.21904761904761905,0.1,0.21428571428571427,0.36666666666666664,0.36666666666666664,0.105,0.28,0.25,0.25,0.25,0.25,"Peralta, Ofelky"
650382,245,99,50,42,70,0.3926530612244898,0.3558411646063448,26,L,0.37971014492753624,0.20869565217391303,0.1463768115942029,0.26811594202898553,0.49333333333333335,0.448,0.11953488372093023,0.09674418604651162,0.693170731707317,0.2824390243902439,0.012195121951219513,0.012195121951219513,"Hernández, Darwinzon"
650489,15,5,3,2,0,0.2733333333333333,0.40958706666666667,27,R,0.3217391304347826,0.21739130434782608,0.09130434782608696,0.1956521739130435,0.325,0.325,0.0695364238410596,0.24503311258278146,0.17326732673267325,0.12376237623762376,0.5792079207920792,0.12376237623762376,"Castro, Willi"
650496,329,126,86,35,66,0.3951367781155015,0.37617978368289995,27,R,0.3682983682983683,0.2517482517482518,0.10139860139860139,0.2062937062937063,0.36,0.392,0.0940959409594096,0.14833948339483394,0.5704980842911878,0.32375478927203066,0.09616858237547893,0.009578544061302681,"Mejía, J.C."
650530,325,121,73,42,59,0.3730769230769231,0.3844576979113073,28,R,0.36,0.2235294117647059,0.1188235294117647,0.19176470588235295,0.3333333333333333,0.336,0.09958333333333333,0.13333333333333333,0.5239130434782608,0.25521739130434784,0.21,0.010869565217391304,"Garcia, Bryan"
650556,1147,344,203,122,373,0.2883173496076722,0.2857826718228882,27,R,0.301523656776263,0.18043303929430635,0.10465116279069768,0.31716118684843625,0.22666666666666666,0.248,0.1593209616195698,0.1503584985238296,0.44362745098039214,0.5482736572890026,0.005434782608695652,0.0026641091219096334,"Abreu, Bryan"
650633,1745,515,355,140,487,0.2971633237822349,0.30189869411099435,29,R,0.2964769647696477,0.2043360433604336,0.08048780487804878,0.27615176151761517,0.25333333333333335,0.264,0.11996217081332751,0.1514622435617634,0.5798768869998534,0.2391176901656163,0.1791733841418731,0.001832038692657189,"King, Michael"
650644,2197,653,484,145,493,0.31556668183887115,0.3108466665424785,29,R,0.2982150631258163,0.22028733130169786,0.06682629516760992,0.22442316064431866,0.24,0.272,0.09593160377358491,0.15306603773584906,0.647153024911032,0.30148279952550416,0.049762752075919334,0.001601423487544484,"Civale, Aaron"
650668,104,41,32,9,20,0.4514423076923077,0.3603933287013591,24,R,0.35784313725490197,0.2647058823529412,0.0857843137254902,0.20833333333333334,0.4,0.384,0.09884836852207293,0.15738963531669867,0.5912951167728238,0.21337579617834396,0.16878980891719744,0.02653927813163482,"Mejía, Humberto"
650671,441,142,76,58,133,0.3062358276643991,0.31867566813892817,29,L,0.32162661737523107,0.18114602587800369,0.12292051756007394,0.2874306839186691,0.41333333333333333,0.392,0.1392838335966298,0.15745129015271195,0.8185505678745267,0.06841535965386696,0.10627366143861547,0.006760411032990805,"Quijada, José"
650828,174,49,37,12,33,0.29540229885057473,0.31465714142412876,30,R,0.2956204379562044,0.21532846715328466,0.07481751824817519,0.20255474452554745,0.30666666666666664,0.28,0.12323943661971831,0.15070422535211267,0.6189393939393939,0.3431818181818182,0.01893939393939394,0.01893939393939394,"Santana, Edgar"
650841,8,2,2,0,2,0.3625,0.3625,26,R,0.3148148148148148,0.2222222222222222,0.0787037037037037,0.22685185185185186,0.30303030303030304,0.30303030303030304,0.105,0.28,0.25,0.25,0.25,0.25,"Lopez, Diomar"
650893,1043,338,214,110,229,0.3192233940556088,0.3132993218833518,28,L,0.3237095363079615,0.20647419072615922,0.1036745406824147,0.22003499562554682,0.38666666666666666,0.368,0.11930455635491606,0.1486810551558753,0.7035194174757281,0.17754854368932038,0.11589805825242719,0.003033980582524272,"Cabrera, Génesis"
650895,601,181,108,62,156,0.29767054908485857,0.2904428033751821,30,R,0.30385164051355207,0.18544935805991442,0.10057061340941512,0.25463623395149787,0.37333333333333335,0.368,0.12671992898357745,0.158011540168664,0.3483885610531094,0.6316386745347253,0.014298683613254653,0.005674080798910576,"Castillo, Diego"
650907,8,5,5,0,0,1.01875,0.3527168703007519,27,R,0.3425925925925926,0.25,0.0787037037037037,0.20833333333333334,0.3939393939393939,0.3939393939393939,0.0992063492063492,0.25396825396825395,0.375,0.16447368421052633,0.29605263157894735,0.16447368421052633,"Pinto, René"
650911,1473,449,349,91,314,0.32026476578411406,0.30535085743033286,28,L,0.30578512396694213,0.2358550540368722,0.06325492689129053,0.21392244119516846,0.30666666666666664,0.288,0.1097893207410098,0.17617144932800582,0.4969758064516129,0.1808101173020528,0.31992302052785926,0.0022910557184750734,"Sánchez, Cristopher"
650959,158,47,27,20,37,0.31360759493670887,0.3183660922033898,26,R,0.3062015503875969,0.18992248062015504,0.11046511627906977,0.23062015503875968,0.28,0.344,0.10149863760217984,0.14713896457765668,0.5767543859649122,0.2858187134502924,0.11915204678362573,0.01827485380116959,"Diplán, Marcos"
650960,207,68,41,26,39,0.3309178743961353,0.3062255543911851,28,R,0.3257328990228013,0.20521172638436483,0.11237785016286644,0.2003257328990228,0.32,0.296,0.09917840375586855,0.1396713615023474,0.6751870324189526,0.2188279301745636,0.09039900249376559,0.015586034912718205,"Duarte, Daniel"
655889,325,109,66,36,65,0.3223076923076923,0.3213317959663734,28,R,0.33176470588235296,0.20705882352941177,0.10470588235294118,0.20588235294117646,0.28,0.264,0.11206193969030155,0.16055419722901385,0.5849617672047579,0.39124893797790994,0.013169073916737469,0.010620220900594732,"Rodríguez, Manuel"
656001,11,6,3,2,1,0.6363636363636364,0.6363636363636364,25,R,0.34234234234234234,0.22522522522522523,0.0945945945945946,0.21171171171171171,0.3888888888888889,0.3888888888888889,0.105,0.28,0.25,0.25,0.25,0.25,"Gomez, Moises"
656008,32,12,5,6,7,0.40625,0.44616032983193277,27,R,0.3333333333333333,0.20454545454545456,0.10984848484848485,0.22348484848484848,0.3508771929824561,0.3508771929824561,0.11077844311377245,0.2215568862275449,0.405982905982906,0.23504273504273504,0.25213675213675213,0.10683760683760683,"Zabala, Aneurys"
656061,636,212,122,78,145,0.3339622641509434,0.32609239705974297,28,R,0.33152173913043476,0.1956521739130435,0.11752717391304347,0.22758152173913043,0.37333333333333335,0.384,0.1042376087779039,0.13961407491486946,0.5578480524489009,0.29791747011183956,0.13941380640185114,0.004820671037408407,"Abreu, Albert"
656077,7,1,1,0,3,0.1285714285714286,0.1285714285714286,27,R,0.308411214953271,0.21495327102803738,0.0794392523364486,0.2383177570093458,0.28125,0.28125,0.105,0.28,0.25,0.25,0.25,0.25,"Paulino, Félix"
656080,10,5,4,1,2,0.54,0.54,27,R,0.33636363636363636,0.23636363636363636,0.08636363636363636,0.22272727272727272,0.37142857142857144,0.37142857142857144,0.105,0.28,0.25,0.25,0.25,0.25,"Rosario, Aneuris"
656186,31,10,6,3,9,0.3467741935483871,0.3149866129032258,32,R,0.32061068702290074,0.21374045801526717,0.08778625954198473,0.24045801526717558,0.32142857142857145,0.32142857142857145,0.1048780487804878,0.1902439024390244,0.4612903225806452,0.35161290322580646,0.1064516129032258,0.08064516129032258,"Altavilla, Dan"
656206,10,5,3,1,1,0.5700000000000001,0.5700000000000001,27,R,0.33636363636363636,0.22727272727272727,0.08636363636363636,0.21363636363636362,0.37142857142857144,0.37142857142857144,0.10550458715596331,0.26605504587155965,0.2966101694915254,0.2627118644067797,0.2288135593220339,0.211864406779661,"Bain, Jeff"
656212,173,66,46,16,20,0.3783236994219653,0.372747501811249,26,L,0.358974358974359,0.2490842490842491,0.08974358974358974,0.15567765567765568,0.37333333333333335,0.4,0.07748344370860927,0.1403973509933775,0.4276595744680851,0.26595744680851063,0.2886524822695035,0.01773049645390071,"Barnes, Charlie"
656222,805,260,176,77,186,0.31975155279503104,0.29793622011960796,31,L,0.32265193370165746,0.21878453038674034,0.09447513812154697,0.2303867403314917,0.38666666666666666,0.376,0.12074937027707809,0.14798488664987405,0.6006078055022392,0.015515035188739604,0.37987843889955214,0.00399872040946897,"Beeks, Jalen"
656232,823,292,202,77,140,0.3631227217496963,0.3472993514853843,28,R,0.35102925243770317,0.24268689057421453,0.09263271939328277,0.176056338028169,0.36,0.368,0.09303450499838761,0.14092228313447275,0.5396591281547034,0.25155686660111437,0.20468698787282857,0.004097017371353655,"Bielak, Brandon"
656234,828,293,196,81,156,0.341304347826087,0.3404800170932334,29,R,0.35021551724137934,0.2349137931034483,0.09644396551724138,0.19234913793103448,0.3466666666666667,0.384,0.08920265780730897,0.11162790697674418,0.6981418918918919,0.28530405405405407,0.012331081081081082,0.004222972972972973,"Bird, Jake"
656240,117,37,22,14,26,0.302991452991453,0.332065166062522,28,R,0.31797235023041476,0.20276497695852536,0.10368663594470046,0.22350230414746544,0.3333333333333333,0.312,0.11981132075471698,0.1830188679245283,0.453125,0.33229166666666665,0.18854166666666666,0.026041666666666668,"Blewett, Scott"
656257,297,93,57,30,89,0.32946127946127945,0.32616842691224357,32,R,0.3148614609571788,0.19899244332493704,0.09697732997481108,0.28085642317380355,0.3333333333333333,0.352,0.12268346923647146,0.15196441808747221,0.5177059276366436,0.4630484988452656,0.00962278675904542,0.00962278675904542,"Brigham, Jeff"
656259,16,8,6,2,5,0.515625,0.515625,30,R,0.3448275862068966,0.2413793103448276,0.09051724137931035,0.23706896551724138,0.3902439024390244,0.3902439024390244,0.13636363636363635,0.25874125874125875,0.3279569892473118,0.3279569892473118,0.20967741935483872,0.13440860215053763,"Brink, Jordan"
656266,156,52,39,12,33,0.3557692307692308,0.35458067237668245,28,R,0.328125,0.23828125,0.080078125,0.216796875,0.24,0.296,0.12540983606557377,0.18032786885245902,0.45267857142857143,0.43125,0.09375,0.022321428571428572,"Bukauskas, J.B."
656271,783,236,175,54,196,0.3148148148148148,0.2987935181538133,28,L,0.3035107587768969,0.22310305775764439,0.07078142695356739,0.24745186862967158,0.3333333333333333,0.336,0.11685505319148937,0.13996010638297873,0.6560175794455714,0.2057133198106829,0.13404327248140635,0.0042258282623394185,"Burke, Brock"
656288,1624,525,376,135,349,0.3408559113300492,0.32760987321394236,28,R,0.32308584686774944,0.2308584686774942,0.08323665893271462,0.21548723897911834,0.3466666666666667,0.352,0.1215429403202329,0.14976548601002748,0.37673243111038646,0.3826023153432252,0.23797488993967064,0.002690363606717756,"Canning, Griffin"
656290,159,44,33,10,32,0.3125786163522013,0.32622658663778364,28,R,0.29343629343629346,0.21235521235521235,0.07142857142857142,0.21042471042471042,0.36,0.272,0.09111111111111111,0.1451851851851852,0.6344,0.2056,0.14,0.02,"Carlton, Drew"
656302,3114,928,601,304,922,0.29757546563904946,0.2903140073529027,29,R,0.29869321717485997,0.19383945239576852,0.09723086496577474,0.2938705662725576,0.37333333333333335,0.288,0.144761386600342,0.16290999533654593,0.4361345193508115,0.5294553682896379,0.03343476903870162,0.0009753433208489388,"Cease, Dylan"
656322,285,99,60,31,68,0.3329824561403509,0.3070773292154874,31,R,0.34025974025974026,0.21298701298701297,0.1025974025974026,0.23506493506493506,0.41333333333333333,0.384,0.10230073952341824,0.14626129827444537,0.6988003427592117,0.18894601542416453,0.10154241645244216,0.010711225364181662,"Coonrod, Sam"
656342,11,5,3,2,2,0.43636363636363634,0.43636363636363634,28,R,0.3333333333333333,0.22522522522522523,0.0945945945945946,0.22072072072072071,0.3611111111111111,0.3611111111111111,0.105,0.28,0.25,0.25,0.25,0.25,"Curtis, Keegan"
656349,19,3,0,3,3,0.11052631578947367,0.11052631578947367,27,R,0.29411764705882354,0.18487394957983194,0.09663865546218488,0.21428571428571427,0.25,0.25,0.1,0.2695652173913044,0.2692307692307692,0.2846153846153846,0.25384615384615383,0.19230769230769232,"Daniels, Brett"
656353,641,228,153,69,113,0.35826833073322933,0.3451074415940665,28,L,0.3508771929824561,0.23616734143049933,0.10458839406207827,0.18286099865047234,0.30666666666666664,0.328,0.10241730279898219,0.1484308736217133,0.4087954939341421,0.5253466204506065,0.060008665511265165,0.005849220103986135,"Davidson, Tucker"
656354,458,158,96,54,109,0.3347161572052402,0.3206366346598933,31,L,0.34050179211469533,0.2114695340501792,0.11200716845878136,0.235663082437276,0.3466666666666667,0.376,0.1028110359187923,0.14211348256116607,0.4898450026723677,0.37439871726349544,0.1290753607696419,0.006680919294494923,"Davis, Austin"
656368,2,1,1,0,0,0.45,0.45,27,R,0.3235294117647059,0.22549019607843138,0.08333333333333333,0.22058823529411764,0.3333333333333333,0.3333333333333333,0.105,0.28,0.25,0.25,0.25,0.25,"Deppermann, Brad"
656382,103,36,23,13,18,0.36650485436893204,0.36830633868220053,27,R,0.33497536945812806,0.22167487684729065,0.10591133004926108,0.19950738916256158,0.4,0.352,0.12278761061946902,0.1902654867256637,0.8370646766169154,0.10074626865671642,0.03109452736318408,0.03109452736318408,"Doyle, Tommy"
656412,788,251,169,77,166,0.3305203045685279,0.33149553536056187,29,R,0.3186936936936937,0.21509009009009009,0.09628378378378379,0.21227477477477477,0.38666666666666666,0.36,0.11642571516456475,0.1436481082743771,0.46782255545142143,0.37566385504529837,0.15260855982505467,0.0039050296782255547,"Faedo, Alex"
656420,397,107,61,45,93,0.26700251889168763,0.2960427615174107,31,R,0.2796780684104628,0.16700201207243462,0.10764587525150905,0.2323943661971831,0.3466666666666667,0.272,0.14564564564564564,0.19099099099099098,0.4931888544891641,0.2789473684210526,0.22012383900928792,0.007739938080495356,"Feyereisen, J.P."
656427,1990,647,445,170,499,0.33248743718592966,0.33357728549189397,29,R,0.3248803827751196,0.22344497607655503,0.0854066985645933,0.24952153110047848,0.38666666666666666,0.344,0.11704629858875959,0.1445902451101758,0.5106502242152466,0.461322869955157,0.026345291479820628,0.0016816143497757848,"Flaherty, Jack"
656450,14,5,2,3,2,0.3821428571428571,0.3821428571428571,27,R,0.32456140350877194,0.21052631578947367,0.10087719298245613,0.2149122807017544,0.3333333333333333,0.3333333333333333,0.12341772151898735,0.22784810126582278,0.47685185185185186,0.2824074074074074,0.125,0.11574074074074074,"Gatto, Joe"
656457,465,144,110,30,76,0.3286021505376344,0.3631383109435786,31,L,0.31150442477876106,0.2336283185840708,0.06814159292035399,0.1743362831858407,0.3333333333333333,0.376,0.0906158357771261,0.1372434017595308,0.7900302114803626,0.11268882175226586,0.08972809667673716,0.0075528700906344415,"Gilbert, Tyler"
656458,407,140,84,50,101,0.32813267813267816,0.30825829435440516,28,L,0.33925049309664695,0.20907297830374755,0.11538461538461539,0.24358974358974358,0.44,0.392,0.12116830537883169,0.1341816078658184,0.6673615247170935,0.3028588445503276,0.022334723049434187,0.007444907683144729,"Gilbreath, Lucas"
656464,888,265,184,73,239,0.2996621621621622,0.2843101345806633,30,R,0.3006072874493927,0.20850202429149797,0.08248987854251012,0.2646761133603239,0.38666666666666666,0.32,0.12530746105493304,0.16589232030609455,0.5942089221390967,0.3983097811027986,0.004017733444167359,0.003463563313937379,"Ginkel, Kevin"
656492,43,18,12,5,6,0.4232558139534884,0.47256791292557576,27,L,0.34965034965034963,0.23776223776223776,0.0944055944055944,0.1993006993006993,0.38235294117647056,0.38235294117647056,0.1018957345971564,0.17061611374407584,0.5559006211180124,0.1956521739130435,0.17080745341614906,0.07763975155279502,"Griffin, Foster"
656529,923,295,214,78,238,0.321614301191766,0.3114146549940646,28,L,0.3196480938416422,0.23069403714565004,0.08455522971652003,0.2546432062561095,0.30666666666666664,0.28,0.11972995315513915,0.1518324607329843,0.5298966191673652,0.461441743503772,0.005169041631740709,0.003492595697122101,"Hentges, Sam"
656546,1073,322,198,109,307,0.3054520037278658,0.2930979152779076,31,R,0.30179028132992325,0.1875532821824382,0.10017050298380221,0.28090366581415177,0.32,0.32,0.13934240362811792,0.15374149659863945,0.47144495412844034,0.3627293577981651,0.16295871559633027,0.0028669724770642203,"Hoffman, Jeff"
656547,21,3,3,0,7,0.19761904761904764,0.19761904761904764,31,R,0.2892561983471074,0.2066115702479339,0.07024793388429752,0.24380165289256198,0.2391304347826087,0.2391304347826087,0.105,0.28,0.25,0.25,0.25,0.25,"Holder, Jonathan"
656548,188,60,29,30,42,0.30664893617021277,0.3100582901939057,28,R,0.3194444444444444,0.17708333333333334,0.13368055555555555,0.22395833333333334,0.38666666666666666,0.32,0.09653179190751444,0.12716763005780346,0.4361963190184049,0.507361963190184,0.041104294478527606,0.015337423312883436,"Holloway, Jordan"
656550,297,91,72,16,71,0.3047138047138047,0.30856074980775466,28,R,0.30982367758186397,0.2367758186397985,0.061712846347607056,0.23551637279596976,0.24,0.312,0.15969750889679715,0.18594306049822065,0.44553072625698326,0.5200186219739292,0.02281191806331471,0.011638733705772812,"Holmes, Grant"
656557,1917,599,410,146,442,0.30792905581637975,0.3186500466177482,28,R,0.31284085275161133,0.21417947446703026,0.07659890927119484,0.23029251363411007,0.24,0.296,0.11650414786785039,0.15543588997234756,0.44956751209500073,0.39488344817475446,0.1535698577921126,0.0019791819381322386,"Houck, Tanner"
656578,385,119,82,35,86,0.32922077922077925,0.34304583157367596,27,R,0.311340206185567,0.21443298969072164,0.08969072164948454,0.22371134020618558,0.32,0.304,0.11160714285714286,0.13324175824175824,0.432076813655761,0.207325746799431,0.35170697012802277,0.008890469416785207,"Jackson, Andre"
656592,2,0,0,0,1,0.0,0.0,27,R,0.3137254901960784,0.21568627450980393,0.08333333333333333,0.23039215686274508,0.2962962962962963,0.2962962962962963,0.105,0.28,0.25,0.25,0.25,0.25,"Johnson, Tyler"
656594,15,6,4,2,4,0.35666666666666663,0.35666666666666663,26,R,0.33043478260869563,0.22608695652173913,0.09130434782608696,0.23043478260869565,0.35,0.35,0.10869565217391304,0.26086956521739135,0.4076923076923077,0.19230769230769232,0.2076923076923077,0.19230769230769232,"Johnston, Kyle"
656605,2833,949,683,218,628,0.337875044122838,0.3246109954276239,28,R,0.33446982611660414,0.24036822366177973,0.07722468462325265,0.22178656665530175,0.38666666666666666,0.36,0.09207875457875458,0.12976190476190477,0.6714351425942963,0.2891904323827047,0.038040478380864766,0.0013339466421343146,"Keller, Mitch"
656620,53,19,13,5,5,0.3141509433962264,0.29552141472145577,27,R,0.3333333333333333,0.22875816993464052,0.08823529411764706,0.17973856209150327,0.3333333333333333,0.34615384615384615,0.10034013605442177,0.2108843537414966,0.5758196721311475,0.16188524590163936,0.21106557377049182,0.05122950819672131,"Klobosits, Gabe"
656629,1785,578,328,228,464,0.32372549019607844,0.32274093930511116,28,R,0.32360742705570295,0.1856763925729443,0.12546419098143236,0.2580901856763926,0.29333333333333333,0.296,0.11557539682539683,0.1359126984126984,0.6716385954895804,0.293105909220668,0.033328575506708535,0.0019269197830431059,"Kopech, Michael"
656638,841,277,149,112,234,0.31492271105826397,0.31013324589686986,29,R,0.3283740701381509,0.18172157279489903,0.12805526036131776,0.2725823591923486,0.4,0.352,0.1614915844457342,0.2016831108531631,0.3493816254416961,0.5057420494699647,0.14119552414605419,0.0036808009422850414,"Lange, Alex"
656641,255,84,49,34,53,0.31823529411764706,0.3251200190910713,28,L,0.3267605633802817,0.2,0.11971830985915492,0.21267605633802816,0.38666666666666666,0.376,0.12171945701357466,0.17285067873303167,0.4895734597156398,0.2677725118483412,0.23080568720379147,0.011848341232227487,"Latz, Jacob"
656647,19,6,4,2,4,0.36578947368421055,0.36578947368421055,29,L,0.31932773109243695,0.2184873949579832,0.08823529411764706,0.22268907563025211,0.3181818181818182,0.3181818181818182,0.10882352941176471,0.21176470588235294,0.5375,0.25416666666666665,0.10416666666666667,0.10416666666666667,"Lehman, Taylor"
656657,343,122,93,26,60,0.39737609329446066,0.3586834480891275,28,L,0.3476297968397291,0.2595936794582393,0.07787810383747178,0.18623024830699775,0.36,0.384,0.09155455904334828,0.1517189835575486,0.6743012422360248,0.16886645962732919,0.1471273291925466,0.009704968944099378,"Logue, Zach"
656669,11,4,3,0,0,0.509090909090909,0.35791409090909093,30,R,0.32432432432432434,0.22522522522522523,0.07657657657657657,0.20270270270270271,0.3333333333333333,0.3333333333333333,0.07954545454545454,0.25757575757575757,0.29878048780487804,0.1524390243902439,0.39634146341463417,0.1524390243902439,"Luplow, Jordan"
656671,27,6,4,2,7,0.2388888888888889,0.30665439924670435,29,L,0.2992125984251969,0.2047244094488189,0.08267716535433071,0.23228346456692914,0.2692307692307692,0.2692307692307692,0.125,0.2755102040816326,0.3664383561643836,0.16095890410958905,0.386986301369863,0.08561643835616438,"Maciejewski, Josh"
656678,7,3,1,2,1,0.32857142857142857,0.32857142857142857,27,R,0.32710280373831774,0.21495327102803738,0.09813084112149532,0.21962616822429906,0.34375,0.34375,0.105,0.28,0.25,0.25,0.25,0.25,"Manoah Jr., Erik"
656685,489,156,121,35,89,0.3214723926380368,0.3036174461425523,27,L,0.31918505942275044,0.2427843803056027,0.07385398981324279,0.18930390492359933,0.32,0.36,0.11623303167420815,0.17986425339366516,0.4956344586728754,0.48981373690337604,0.007275902211874272,0.007275902211874272,"Martin, Brett"
656686,225,88,57,30,40,0.4086666666666667,0.40915104035930244,29,R,0.36923076923076925,0.24307692307692308,0.11846153846153847,0.19230769230769232,0.38666666666666666,0.368,0.09725050916496945,0.1364562118126273,0.569206008583691,0.25053648068669526,0.16684549356223177,0.013412017167381975,"Martin, Corbin"
656701,34,9,8,0,9,0.29558823529411765,0.29558823529411765,28,R,0.30597014925373134,0.22388059701492538,0.06343283582089553,0.23507462686567165,0.288135593220339,0.288135593220339,0.1408839779005525,0.2265193370165746,0.40076335877862596,0.3931297709923664,0.11068702290076336,0.09541984732824428,"McClure, Kade"
656716,14,5,4,1,0,0.48928571428571427,0.462335461038961,29,R,0.32456140350877194,0.22807017543859648,0.08333333333333333,0.19736842105263158,0.3333333333333333,0.3333333333333333,0.07191780821917808,0.23972602739726026,0.453125,0.2552083333333333,0.16145833333333334,0.13020833333333334,"McKinstry, Zach"
656725,10,4,3,1,1,0.33999999999999997,0.4386717,28,R,0.32727272727272727,0.22727272727272727,0.08636363636363636,0.21363636363636362,0.34285714285714286,0.34285714285714286,0.1174496644295302,0.2483221476510067,0.4090909090909091,0.20707070707070707,0.25757575757575757,0.12626262626262627,"McRae, Alex"
656726,15,4,3,1,5,0.3,0.3,29,R,0.3130434782608696,0.21739130434782608,0.08260869565217391,0.2391304347826087,0.3,0.3,0.108,0.24800000000000003,0.3,0.36666666666666664,0.16666666666666666,0.16666666666666666,"McWilliams, Sam"
656730,678,220,159,56,194,0.3236725663716814,0.30803083186949715,31,R,0.32390745501285345,0.2326478149100257,0.08290488431876607,0.2782776349614396,0.24,0.256,0.12944444444444445,0.1511111111111111,0.6439622641509434,0.3466037735849057,0.0047169811320754715,0.0047169811320754715,"Megill, Trevor"
656731,1612,539,372,154,372,0.34485111662531015,0.33447144926756384,29,R,0.33352803738317754,0.23014018691588786,0.09491822429906542,0.2304322429906542,0.38666666666666666,0.312,0.11151524531806221,0.13047515864417272,0.6012322570581813,0.2452815473405085,0.1515364217750741,0.0019497738262361567,"Megill, Tylor"
656755,19,9,7,2,6,0.4052631578947368,0.2992362105263158,26,R,0.3445378151260504,0.24369747899159663,0.08823529411764706,0.23949579831932774,0.38636363636363635,0.38636363636363635,0.11141304347826086,0.22282608695652173,0.5783582089552238,0.23507462686567165,0.09328358208955224,0.09328358208955224,"Montes de Oca, Bryce"
656756,2887,896,691,189,600,0.32002078281953583,0.3192031305791343,32,L,0.3106796116504854,0.23870103783059926,0.06611985269501172,0.20840308001339136,0.3466666666666667,0.344,0.12383091876031542,0.1690812396845773,0.5299834193072955,0.24921702284450994,0.21964812085482682,0.001151436993367723,"Montgomery, Jordan"
656786,176,61,40,15,33,0.35255681818181817,0.33776601586303373,29,L,0.33695652173913043,0.2246376811594203,0.08514492753623189,0.20108695652173914,0.3333333333333333,0.344,0.10587431693989072,0.1557377049180328,0.5549853372434017,0.3980938416422287,0.028592375366568914,0.018328445747800588,"Mushinski, Parker"
656793,469,162,95,59,113,0.3185501066098081,0.3032444190212234,29,R,0.3409490333919156,0.2056239015817223,0.11862917398945519,0.23813708260105448,0.32,0.352,0.12248581743166581,0.149045899948427,0.457649550026469,0.23054526204340922,0.30518793012175754,0.006617257808364214,"Nelson, Nick"
656794,424,158,84,69,105,0.3527122641509434,0.3459330785199097,31,L,0.36259541984732824,0.20229007633587787,0.14790076335877864,0.2433206106870229,0.36,0.352,0.09250978200111794,0.11961989938513136,0.7673950546290972,0.20327774583093733,0.022139160437032776,0.00718803910293272,"Newcomb, Sean"
656803,143,56,41,15,35,0.38566433566433567,0.36760167775448555,30,R,0.36213991769547327,0.25925925925925924,0.09670781893004116,0.2366255144032922,0.4,0.384,0.13691376701966718,0.18910741301059,0.5081833060556464,0.10065466448445172,0.3707037643207856,0.020458265139116204,"Norwood, James"
656804,7,4,3,0,2,0.7428571428571429,0.7428571428571429,27,R,0.3364485981308411,0.2336448598130841,0.0794392523364486,0.22897196261682243,0.375,0.375,0.105,0.28,0.25,0.25,0.25,0.25,"Núñez, Andrés"
656814,176,62,43,18,38,0.33778409090909095,0.3197386026069519,29,R,0.34057971014492755,0.23550724637681159,0.09601449275362318,0.21920289855072464,0.3333333333333333,0.336,0.1147919876733436,0.14175654853620956,0.44824707846410683,0.4532554257095159,0.07762938230383973,0.020868113522537562,"Ortiz, Luis"
656818,288,96,70,26,47,0.3420138888888889,0.34805537723263213,30,R,0.32989690721649484,0.23711340206185566,0.08891752577319588,0.1791237113402062,0.4,0.392,0.0925215723873442,0.1476510067114094,0.49697885196374625,0.2764350453172205,0.21399798590130917,0.012588116817724069,"Overton, Connor"
656820,36,16,11,4,8,0.44166666666666665,0.45705940946009804,28,R,0.35294117647058826,0.2426470588235294,0.09191176470588236,0.22426470588235295,0.39344262295081966,0.39344262295081966,0.1108786610878661,0.20920502092050208,0.4947089947089947,0.373015873015873,0.06613756613756613,0.06613756613756613,"Padilla, Nicholas"
656848,90,33,21,11,14,0.36,0.3494817844494191,30,R,0.34210526315789475,0.22631578947368422,0.10263157894736842,0.19210526315789472,0.38666666666666666,0.3565217391304348,0.08531317494600432,0.17926565874730022,0.8825665859564165,0.03268765133171913,0.05447941888619855,0.03026634382566586,"Petersen, Michael"
656849,1846,627,415,187,444,0.33710725893824484,0.3337168815365867,29,L,0.3386433710174717,0.22456320657759507,0.10046248715313463,0.23972250770811923,0.37333333333333335,0.336,0.1194750441996464,0.15435876512987895,0.5421744488566342,0.2855675749691907,0.17054635081473368,0.0017116253594413255,"Peterson, David"
656876,1247,334,257,73,295,0.2718123496391339,0.2848927306709506,29,R,0.2717149220489978,0.2071269487750557,0.06050482553823311,0.23570898292501857,0.28,0.264,0.11864581189545174,0.15764560609178843,0.7266583489290913,0.26148887502599294,0.009045539613225203,0.0028072364316905803,"Rasmussen, Drew"
656887,292,97,54,42,84,0.31404109589041096,0.2943137443477714,29,R,0.32908163265306123,0.19387755102040816,0.1288265306122449,0.27168367346938777,0.30666666666666664,0.32,0.13291139240506328,0.13849590469099032,0.6059551430781129,0.2122969837587007,0.17208043310131477,0.009667440061871617,"Reid-Foley, Sean"
656896,20,8,7,0,0,0.40499999999999997,0.3864966300751879,28,R,0.3333333333333333,0.24166666666666667,0.07083333333333333,0.1875,0.35555555555555557,0.35555555555555557,0.08012820512820513,0.23076923076923078,0.25,0.1179245283018868,0.5141509433962265,0.1179245283018868,"Rivera, Emmanuel"
656919,10,4,4,0,2,0.395,0.395,28,R,0.32727272727272727,0.23636363636363636,0.07727272727272727,0.22272727272727272,0.34285714285714286,0.34285714285714286,0.09051724137931035,0.25000000000000006,0.3106060606060606,0.3106060606060606,0.1893939393939394,0.1893939393939394,"Ruppenthal, Matt"
656924,111,37,23,11,22,0.3279279279279279,0.3396199266826163,29,R,0.32701421800947866,0.2132701421800948,0.0924170616113744,0.2109004739336493,0.38666666666666666,0.328,0.10599571734475374,0.18629550321199143,0.5191846522781774,0.4184652278177458,0.03237410071942446,0.02997601918465228,"Ryan, Ryder"
656927,7,4,3,1,1,0.4857142857142857,0.4857142857142857,26,R,0.3364485981308411,0.2336448598130841,0.08878504672897196,0.21962616822429906,0.375,0.375,0.105,0.28,0.25,0.25,0.25,0.25,"Salinas, Ricky"
656937,3,0,0,0,1,0.0,0.0,27,R,0.3106796116504854,0.21359223300970873,0.0825242718446602,0.22815533980582525,0.2857142857142857,0.2857142857142857,0.105,0.28,0.25,0.25,0.25,0.25,"Schimpf, Tyler"
656945,1200,378,212,151,368,0.2872083333333333,0.28891406673951714,30,L,0.3153846153846154,0.18,0.1226923076923077,0.30038461538461536,0.32,0.304,0.16078629032258066,0.16149193548387097,0.4819755600814664,0.5127291242362525,0.0027494908350305497,0.0025458248472505093,"Scott, Tanner"
656954,454,173,116,51,73,0.3918502202643172,0.38116302400326746,26,L,0.3700361010830325,0.2490974729241877,0.10740072202166065,0.1723826714801444,0.32,0.352,0.08319039451114923,0.1377930245854774,0.4640965273690406,0.322248381400824,0.2062978222483814,0.0073572689817539725,"Sheffield, Justus"
656970,449,141,105,28,69,0.3391982182628063,0.34019360313583225,29,L,0.3151183970856102,0.23132969034608378,0.06648451730418943,0.16666666666666666,0.3466666666666667,0.368,0.08242389431361287,0.16025272831705917,0.47575399172087524,0.24807806031933766,0.268775872264932,0.007392075694855115,"Smeltzer, Devin"
656976,5,2,0,1,0,0.45999999999999996,0.44142460000000006,28,L,0.3238095238095238,0.20952380952380953,0.09047619047619047,0.21428571428571427,0.3333333333333333,0.3333333333333333,0.08974358974358974,0.25641025641025644,0.4253731343283582,0.1865671641791045,0.20149253731343283,0.1865671641791045,"Smith, Pavin"
656981,153,59,36,22,21,0.3611111111111111,0.3617529011000308,27,R,0.35968379446640314,0.22924901185770752,0.12055335968379446,0.17193675889328064,0.4,0.4,0.07965299684542587,0.1309148264984227,0.646404109589041,0.2628424657534247,0.06934931506849315,0.021404109589041095,"Solomon, Peter"
656986,180,57,41,15,40,0.3327777777777778,0.3239817115742068,29,L,0.31785714285714284,0.225,0.08392857142857142,0.22321428571428573,0.25333333333333335,0.328,0.11934477379095164,0.17004680187207488,0.44585448392554994,0.511844331641286,0.021150592216582064,0.021150592216582064,"Sousa, Bennett"
657006,2092,634,451,163,510,0.3053776290630975,0.28870440948785375,29,L,0.30383211678832117,0.21578467153284672,0.07823905109489052,0.2429288321167883,0.32,0.272,0.1094587694664284,0.13658412050038293,0.6438206577595067,0.33279804727646456,0.021775436793422406,0.001605858170606372,"Steele, Justin"
657024,825,232,170,59,226,0.3014545454545454,0.29263125054276706,31,R,0.28540540540540543,0.20756756756756756,0.07297297297297298,0.2686486486486486,0.25333333333333335,0.272,0.1394689737470167,0.1658711217183771,0.4728952150211993,0.1873107207752877,0.33570563294972744,0.004088431253785585,"Swanson, Erik"
657031,321,110,75,32,92,0.3219626168224299,0.31693052616699124,30,L,0.33729216152019004,0.23040380047505937,0.09619952494061758,0.27197149643705465,0.41333333333333333,0.36,0.14324534161490685,0.15527950310559005,0.48021001615508885,0.49959612277867527,0.010096930533117932,0.010096930533117932,"Taylor, Josh"
657041,6,3,3,0,1,0.6916666666666668,0.32908064516129026,28,R,0.330188679245283,0.2358490566037736,0.08018867924528301,0.22169811320754718,0.3548387096774194,0.3548387096774194,0.1115702479338843,0.25619834710743805,0.4295774647887324,0.21830985915492956,0.176056338028169,0.176056338028169,"Thomas, Lane"
657044,790,229,168,49,167,0.2918354430379747,0.2939103303215008,32,R,0.2932584269662921,0.21348314606741572,0.06460674157303371,0.21292134831460674,0.36,0.36,0.1036999321113374,0.15580448065173116,0.6610842541436464,0.32303176795580113,0.01156767955801105,0.004316298342541437,"Thompson, Ryan"
657047,9,2,1,1,2,0.30000000000000004,0.30000000000000004,27,L,0.3119266055045872,0.21100917431192662,0.0871559633027523,0.22477064220183487,0.29411764705882354,0.29411764705882354,0.08333333333333333,0.22463768115942032,0.44886363636363635,0.21022727272727273,0.19886363636363635,0.14204545454545456,"Todd, Reagan"
657050,5,2,1,1,0,0.5,0.5,26,R,0.3238095238095238,0.21904761904761905,0.09047619047619047,0.21428571428571427,0.3333333333333333,0.3333333333333333,0.105,0.28,0.25,0.25,0.25,0.25,"Toplikar, Trenton"
657053,847,305,168,119,189,0.34604486422668246,0.35069467269978827,28,R,0.3558606124604013,0.2006335797254488,0.13463569165786696,0.22333685322069693,0.41333333333333333,0.448,0.09965085830666279,0.14547570555717196,0.4772660171242988,0.29568940064954236,0.22335400059049307,0.003690581635665781,"Toussaint, Touki"
657061,4,2,1,1,0,0.4,0.34228275,28,R,0.3269230769230769,0.22115384615384615,0.09134615384615384,0.21634615384615385,0.3448275862068966,0.3448275862068966,0.10454545454545454,0.26363636363636367,0.225,0.20833333333333334,0.35833333333333334,0.20833333333333334,"Tucker, Cole"
657092,2,1,1,0,1,0.45,0.45,26,L,0.3235294117647059,0.22549019607843138,0.08333333333333333,0.23039215686274508,0.3333333333333333,0.3333333333333333,0.0963302752293578,0.26605504587155965,0.3305084745762712,0.2457627118644068,0.211864406779661,0.211864406779661,"Warren, Zach"
657093,778,273,210,55,110,0.3713367609254498,0.3632699999643854,31,R,0.34738041002277903,0.2642369020501139,0.07232346241457858,0.15091116173120728,0.3333333333333333,0.384,0.08080279232111692,0.13333333333333333,0.7092362344582593,0.2349911190053286,0.05133214920071048,0.004440497335701598,"Watkins, Spenser"
657097,667,210,125,77,165,0.30772113943028484,0.30556013691467193,31,R,0.3155149934810952,0.19165580182529335,0.11147327249022164,0.24445893089960888,0.3333333333333333,0.32,0.14051918735891647,0.1598946576373213,0.4545628834355828,0.22028374233128833,0.3199769938650307,0.005176380368098159,"Webb, Jacob"
657116,7,3,2,1,2,0.35714285714285715,0.35714285714285715,27,R,0.32710280373831774,0.22429906542056074,0.08878504672897196,0.22897196261682243,0.34375,0.34375,0.105,0.28,0.25,0.25,0.25,0.25,"Willeman, Zach"
657140,1027,323,225,81,238,0.3176241480038948,0.3211376559566836,28,R,0.3149955634427684,0.2191659272404614,0.07941437444543034,0.2311446317657498,0.36,0.384,0.11562165058949625,0.1457663451232583,0.440385659967409,0.42273221075502443,0.1334872351982618,0.003394894079304726,"Wright, Kyle"
657141,33,14,10,2,3,0.36818181818181817,0.34905953535353534,25,R,0.3458646616541353,0.24060150375939848,0.07894736842105263,0.19172932330827067,0.3793103448275862,0.3793103448275862,0.08293838862559241,0.1848341232227488,0.48757763975155277,0.2701863354037267,0.16459627329192547,0.07763975155279502,"Yamamoto, Jordan"
657193,5,2,1,0,1,0.39,0.34395339999999996,34,R,0.3238095238095238,0.21904761904761905,0.08095238095238096,0.22380952380952382,0.3333333333333333,0.3333333333333333,0.10176991150442478,0.27433628318584075,0.1984126984126984,0.373015873015873,0.23015873015873015,0.1984126984126984,"Alvarez, Eddy"
657203,5,0,0,0,0,0.0,0.0,29,R,0.3047619047619048,0.20952380952380953,0.08095238095238096,0.21428571428571427,0.26666666666666666,0.26666666666666666,0.09210526315789473,0.24561403508771934,0.3203125,0.2890625,0.1953125,0.1953125,"Carter, Will"
657228,71,30,21,6,15,0.45774647887323944,0.363419415309847,30,R,0.36257309941520466,0.25146198830409355,0.0847953216374269,0.21929824561403508,0.41333333333333333,0.3958333333333333,0.13739376770538245,0.19263456090651557,0.5858085808580858,0.21287128712871287,0.16006600660066006,0.041254125412541254,"Jewell, Jake"
657240,599,199,133,59,164,0.33013355592654425,0.321519754497063,33,R,0.33047210300429186,0.2217453505007153,0.09656652360515021,0.26680972818311877,0.38666666666666666,0.36,0.13300386764073915,0.15169746454662655,0.445542380324989,0.4499341238471673,0.09903381642512077,0.005489679402722881,"Merryweather, Julian"
657246,4,1,0,1,2,0.175,0.175,28,R,0.3173076923076923,0.21153846153846154,0.09134615384615384,0.23557692307692307,0.3103448275862069,0.3103448275862069,0.105,0.28,0.25,0.25,0.25,0.25,"Nutof, Ryan"
657248,777,268,171,81,149,0.35154440154440153,0.35038327912572526,27,R,0.34207525655644244,0.22006841505131128,0.10205245153933866,0.19555302166476624,0.37333333333333335,0.344,0.10053890198720108,0.14718760525429436,0.4880095923261391,0.4403905447070915,0.06731757451181912,0.004282288454950325,"Otto Jr., Glenn"
657252,4,2,1,1,1,0.4875,0.4875,28,R,0.3269230769230769,0.22115384615384615,0.09134615384615384,0.22596153846153846,0.3448275862068966,0.3448275862068966,0.09745762711864407,0.2627118644067797,0.40441176470588236,0.22794117647058823,0.18382352941176472,0.18382352941176472,"Puckett, Brady"
657265,370,114,72,32,90,0.29283783783783784,0.2992249112409571,30,R,0.31063829787234043,0.2,0.08617021276595745,0.2393617021276596,0.3333333333333333,0.336,0.10935483870967742,0.15354838709677418,0.545,0.281,0.16566666666666666,0.008333333333333333,"Strzelecki, Peter"
657272,153,56,32,18,30,0.33954248366013073,0.31751482185232377,27,R,0.34782608695652173,0.2134387351778656,0.10474308300395258,0.2075098814229249,0.37333333333333335,0.36,0.10258358662613981,0.1534954407294833,0.5797697368421053,0.28042763157894735,0.11924342105263158,0.02055921052631579,"Uelmen, Erich"
657277,3246,950,751,177,742,0.2965650030807147,0.30331418795133014,28,R,0.29348475791990436,0.23102211595935446,0.05543933054393305,0.22848176927674835,0.28,0.36,0.10028569027812789,0.16637257373329972,0.4179816049278542,0.2553792928866762,0.32549995780946755,0.0011391443760020252,"Webb, Logan"
657376,1504,481,334,120,351,0.33008643617021277,0.3103853521816735,28,R,0.31982543640897754,0.22194513715710723,0.08011221945137158,0.23285536159600997,0.36,0.328,0.1106749081189442,0.14283327764784498,0.504127358490566,0.4709400269541779,0.022826819407008085,0.0021057951482479783,"Schmidt, Clarke"
657424,92,26,16,9,24,0.29456521739130437,0.29327790099243856,30,L,0.3020833333333333,0.19791666666666666,0.09114583333333333,0.2421875,0.32,0.2905982905982906,0.12800875273522977,0.1772428884026258,0.4950859950859951,0.44103194103194104,0.033169533169533166,0.030712530712530713,"Gage, Matt"
657508,780,267,178,80,157,0.34500000000000003,0.34933906259329095,29,R,0.3397727272727273,0.22727272727272727,0.10056818181818182,0.20397727272727273,0.3466666666666667,0.344,0.09896674200839523,0.13593800452050372,0.4645553002953725,0.4993436166721365,0.03167049556941254,0.004430587463078438,"Baumann, Mike"
657514,464,157,102,43,116,0.3259698275862069,0.30484936325568135,32,L,0.3351063829787234,0.2198581560283688,0.09131205673758866,0.24556737588652483,0.3466666666666667,0.384,0.08927613941018767,0.10509383378016086,0.5628099173553719,0.41680440771349864,0.01349862258953168,0.006887052341597796,"Bernardino, Brennan"
657571,709,239,155,68,187,0.3230606488011284,0.305677947784133,28,L,0.33498145859085293,0.21878862793572312,0.09456118665018541,0.2589616810877627,0.3333333333333333,0.336,0.11389481165600569,0.14036958066808813,0.8312228654124457,0.15973227206946455,0.004522431259044862,0.004522431259044862,"Ferguson, Caleb"
657581,11,3,2,1,3,0.3727272727272727,0.3727272727272727,26,R,0.3153153153153153,0.21621621621621623,0.08558558558558559,0.22972972972972974,0.3055555555555556,0.3055555555555556,0.0944055944055944,0.22377622377622378,0.42473118279569894,0.3064516129032258,0.13440860215053763,0.13440860215053763,"Gaddis, Will"
657585,435,150,96,49,119,0.343448275862069,0.3079980171821741,31,R,0.3401869158878505,0.2205607476635514,0.10747663551401869,0.2644859813084112,0.3333333333333333,0.312,0.14345873104997192,0.18697361033127458,0.6051415366839977,0.16204506065857885,0.22559214326978624,0.007221259387637204,"Garrett, Reed"
657610,14,7,3,3,4,0.4714285714285714,0.4180094194414608,31,R,0.34210526315789475,0.21929824561403508,0.10087719298245613,0.2324561403508772,0.38461538461538464,0.38461538461538464,0.09177215189873418,0.24050632911392406,0.36574074074074076,0.3101851851851852,0.20833333333333334,0.11574074074074074,"Hildenberger, Trevor"
657612,1027,341,246,76,155,0.3227361246348588,0.3013988659949871,34,L,0.33096716947648624,0.2377994676131322,0.07497781721384206,0.1574977817213842,0.29333333333333333,0.272,0.07624593716143012,0.1346153846153846,0.9032125205930808,0.08937397034596375,0.003981328940142779,0.0034321801208127404,"Hill, Tim"
657624,37,15,9,6,10,0.39054054054054055,0.3540928108108108,31,R,0.34306569343065696,0.22627737226277372,0.10583941605839416,0.23722627737226276,0.3709677419354839,0.3709677419354839,0.10621761658031088,0.19689119170984457,0.45104895104895104,0.24125874125874125,0.2202797202797203,0.08741258741258741,"James, Josh"
657649,465,152,102,40,85,0.32,0.3253938195264517,30,L,0.3256637168141593,0.21946902654867256,0.08584070796460178,0.1902654867256637,0.32,0.352,0.08662952646239554,0.12590529247910864,0.6856733524355301,0.22550143266475645,0.08166189111747851,0.0071633237822349575,"Koenig, Jared"
657697,102,33,25,6,19,0.3176470588235294,0.3264144837243135,34,R,0.3217821782178218,0.23267326732673269,0.07178217821782178,0.20544554455445543,0.29333333333333333,0.312,0.11414141414141414,0.16363636363636364,0.5516853932584269,0.3831460674157303,0.03707865168539326,0.028089887640449437,"Nittoli, Vinny"
657745,5,2,1,1,1,0.54,0.3452488,30,R,0.3238095238095238,0.21904761904761905,0.09047619047619047,0.22380952380952382,0.3333333333333333,0.3333333333333333,0.1228813559322034,0.2627118644067797,0.4485294117647059,0.18382352941176472,0.18382352941176472,0.18382352941176472,"Rossman, Bubby"
657746,2026,551,416,114,556,0.2988400789733465,0.28432610637350636,28,R,0.2742238946378175,0.20602069614299154,0.05761994355597366,0.272107243650047,0.24,0.28,0.12591626288979998,0.13989315442912162,0.5740092511563946,0.23096637079634955,0.19346168271033878,0.0015626953369171147,"Ryan, Joe"
657752,7,4,4,0,0,0.7428571428571429,0.7428571428571429,31,R,0.3364485981308411,0.24299065420560748,0.0794392523364486,0.2102803738317757,0.375,0.375,0.105,0.28,0.25,0.25,0.25,0.25,"Sawyer, Logan"
657756,544,217,165,41,93,0.43143382352941173,0.3628967395884963,27,R,0.38664596273291924,0.29037267080745344,0.07686335403726709,0.1793478260869565,0.4266666666666667,0.408,0.10192127460168697,0.11996251171508904,0.5405470249520153,0.30638195777351246,0.14707293666026872,0.005998080614203455,"Seabold, Connor"
657766,22,7,5,2,7,0.38409090909090904,0.3910739164756812,29,L,0.319672131147541,0.22131147540983606,0.0860655737704918,0.24180327868852458,0.3191489361702128,0.3191489361702128,0.12790697674418605,0.24031007751937988,0.36075949367088606,0.2848101265822785,0.1962025316455696,0.15822784810126583,"St. John, Locke"
657770,137,51,28,19,36,0.3383211678832117,0.3084379638886929,30,L,0.350210970464135,0.2109704641350211,0.1160337552742616,0.2468354430379747,0.37333333333333335,0.392,0.1009090909090909,0.1618181818181818,0.339,0.501,0.135,0.025,"Stout, Eric"
658069,4,1,1,0,0,0.225,0.51275,28,R,0.3173076923076923,0.22115384615384615,0.08173076923076923,0.21634615384615385,0.3103448275862069,0.3103448275862069,0.0963302752293578,0.25688073394495414,0.3644067796610169,0.211864406779661,0.211864406779661,0.211864406779661,"Fuentes, Joshua"
658305,72,28,19,8,12,0.4479166666666667,0.370363099080927,25,R,0.3488372093023256,0.23837209302325582,0.09593023255813954,0.2005813953488372,0.3466666666666667,0.3711340206185567,0.1036745406824147,0.17060367454068243,0.4818731117824773,0.37915407854984895,0.10120845921450151,0.0377643504531722,"García, Edgar"
658431,152,62,44,11,24,0.39375,0.37218813596491224,26,R,0.373015873015873,0.2619047619047619,0.07738095238095238,0.18452380952380953,0.36,0.368,0.08686131386861314,0.15182481751824817,0.4496062992125984,0.35039370078740156,0.18031496062992125,0.01968503937007874,"Medina, Adonis"
658551,197,75,46,28,33,0.3601522842639594,0.3273736504110335,26,R,0.3602693602693603,0.22895622895622897,0.12289562289562289,0.18686868686868688,0.4266666666666667,0.352,0.1239813736903376,0.15948777648428406,0.5,0.26637824474660077,0.2181705809641533,0.015451174289245983,"Fernández, Junior"
658648,621,200,123,67,149,0.31392914653784215,0.33030859531677337,27,R,0.3217753120665742,0.20110957004160887,0.10471567267683772,0.23786407766990292,0.30666666666666664,0.328,0.11049618320610687,0.1480916030534351,0.5149805447470817,0.2406614785992218,0.23949416342412452,0.0048638132295719845,"Avila, Pedro"
658667,3,1,1,0,1,0.3,0.3,25,R,0.32038834951456313,0.22330097087378642,0.0825242718446602,0.22815533980582525,0.32142857142857145,0.32142857142857145,0.10775862068965517,0.25000000000000006,0.4166666666666667,0.20454545454545456,0.1893939393939394,0.1893939393939394,"Melendez, Cristofer"
658742,4,1,0,1,1,0.175,0.175,27,R,0.3173076923076923,0.21153846153846154,0.09134615384615384,0.22596153846153846,0.3103448275862069,0.3103448275862069,0.105,0.28,0.25,0.25,0.25,0.25,"Almengo, Diogenes"
658791,19,10,6,3,1,0.4868421052631579,0.4868421052631579,29,R,0.35294117647058826,0.23529411764705882,0.09663865546218488,0.19747899159663865,0.4090909090909091,0.4090909090909091,0.105,0.28,0.25,0.25,0.25,0.25,"Huang, Wei-Chieh"
659262,109,40,16,20,26,0.3495412844036697,0.3387644940846481,25,R,0.3444976076555024,0.18181818181818182,0.13636363636363635,0.23205741626794257,0.36,0.36,0.09368421052631579,0.13473684210526315,0.7070588235294117,0.22,0.04352941176470588,0.029411764705882353,"Espinoza, Anderson"
659275,554,203,126,69,147,0.37175090252707577,0.33409543731796315,32,R,0.35932721712538224,0.22629969418960244,0.11850152905198777,0.2591743119266055,0.36,0.384,0.13684913217623498,0.1344014241210503,0.47587619481110605,0.4945380063723259,0.02389622212107419,0.005689576695493855,"Lamet, Dinelson"
659418,25,10,5,5,1,0.348,0.348,25,R,0.336,0.216,0.108,0.188,0.36,0.36,0.07795698924731183,0.1989247311827957,0.6286764705882353,0.14338235294117646,0.13602941176470587,0.09191176470588236,"Skirrow, Noah"
660261,405,141,75,57,92,0.3309876543209877,0.3234249756371324,30,R,0.3425742574257426,0.19207920792079208,0.1297029702970297,0.22673267326732674,0.3466666666666667,0.32,0.1221792392005158,0.13217279174725982,0.7165223184543638,0.0776149233844104,0.19753497668221187,0.008327781479013991,"Fujinami, Shintaro"
660271,1747,482,312,146,551,0.2795077275329136,0.2785960560955116,29,R,0.2782891174878181,0.18083378451543042,0.0836491608012994,0.31050351922035735,0.26666666666666666,0.256,0.13671532846715329,0.13182481751824818,0.4827205882352941,0.39595588235294116,0.11948529411764706,0.001838235294117647,"Ohtani, Shohei"
660365,160,59,42,16,25,0.4046875,0.3934935341340532,33,L,0.35,0.24615384615384617,0.09423076923076923,0.18269230769230768,0.41333333333333333,0.408,0.09465317919075145,0.14884393063583815,0.441588785046729,0.26713395638629284,0.2718068535825545,0.019470404984423675,"Yang, Hyeon-Jong"
660422,15,10,4,6,3,0.5233333333333333,0.4566444421768708,25,R,0.3652173913043478,0.22608695652173913,0.12608695652173912,0.2217391304347826,0.45,0.45,0.12111801242236025,0.2236024844720497,0.44594594594594594,0.19369369369369369,0.24774774774774774,0.11261261261261261,"Guzmán, Jorge"
660431,11,5,3,2,3,0.3727272727272727,0.2748093636363636,27,R,0.3333333333333333,0.22522522522522523,0.0945945945945946,0.22972972972972974,0.3611111111111111,0.3611111111111111,0.08974358974358974,0.25641025641025644,0.27611940298507465,0.3358208955223881,0.20149253731343283,0.1865671641791045,"Perez, Hector"
660435,5,3,0,3,1,0.41999999999999993,0.41999999999999993,27,R,0.3333333333333333,0.20952380952380953,0.10952380952380952,0.22380952380952382,0.36666666666666664,0.36666666666666664,0.105,0.28,0.25,0.25,0.25,0.25,"Pimentel, Chester"
660440,12,4,2,2,6,0.3875,0.3875,26,R,0.32142857142857145,0.21428571428571427,0.09375,0.2544642857142857,0.32432432432432434,0.32432432432432434,0.11870503597122302,0.2446043165467626,0.38764044943820225,0.3089887640449438,0.16292134831460675,0.1404494382022472,"Javier, Odalvi"
660508,8,5,2,2,2,0.625,0.625,27,R,0.3425925925925926,0.2222222222222222,0.09722222222222222,0.22685185185185186,0.3939393939393939,0.3939393939393939,0.105,0.28,0.25,0.25,0.25,0.25,"Gudiño, Norwith"
660546,113,39,25,13,21,0.34424778761061947,0.3242105543267567,25,R,0.3333333333333333,0.22065727699530516,0.10093896713615023,0.20422535211267606,0.3466666666666667,0.352,0.09414990859232175,0.12797074954296161,0.60261569416499,0.09356136820925554,0.27867203219315895,0.025150905432595575,"Díaz, Yennsy"
660593,141,49,39,9,20,0.3468085106382979,0.31758337925830443,27,R,0.3360995850622407,0.25311203319502074,0.07261410788381743,0.17634854771784234,0.36,0.352,0.10929432013769363,0.18932874354561102,0.5470809792843692,0.268361581920904,0.16101694915254236,0.023540489642184557,"Reyes, Denyi"
660600,180,64,25,34,41,0.2983333333333333,0.3219270361438802,29,R,0.34285714285714286,0.16785714285714284,0.15178571428571427,0.22678571428571428,0.3466666666666667,0.28,0.106875,0.13875,0.6233333333333333,0.3433333333333333,0.016666666666666666,0.016666666666666666,"Paredes, Enoli"
660604,4,1,1,0,2,0.5,0.5,25,R,0.3173076923076923,0.22115384615384615,0.08173076923076923,0.23557692307692307,0.3103448275862069,0.3103448275862069,0.105,0.28,0.25,0.25,0.25,0.25,"Rangel, Alan"
660620,5,2,2,0,0,0.43,0.37177142857142853,23,R,0.3238095238095238,0.22857142857142856,0.08095238095238096,0.21428571428571427,0.3333333333333333,0.3333333333333333,0.09375,0.2857142857142857,0.28225806451612906,0.31451612903225806,0.20161290322580644,0.20161290322580644,"Araúz, Jonathan"
660623,450,135,98,33,114,0.3231111111111111,0.3306095254071522,26,R,0.30363636363636365,0.21818181818181817,0.07545454545454545,0.24818181818181817,0.37333333333333335,0.368,0.12681970884658456,0.15733482642777155,0.454205069124424,0.4634216589861751,0.07517281105990783,0.007200460829493088,"Ynoa, Huascar"
660634,4,1,1,0,0,0.225,0.33325000000000005,25,R,0.3173076923076923,0.22115384615384615,0.08173076923076923,0.21634615384615385,0.3103448275862069,0.3103448275862069,0.09545454545454546,0.27272727272727276,0.30833333333333335,0.20833333333333334,0.275,0.20833333333333334,"Hernández, Yonny"
660636,15,10,6,3,1,0.62,0.47096109523809526,25,R,0.3652173913043478,0.24347826086956523,0.1,0.20434782608695654,0.45,0.45,0.109375,0.24375,0.35,0.11363636363636363,0.42272727272727273,0.11363636363636363,"Castillo, Diego"
660644,16,11,7,3,1,0.70625,0.6374294196428572,26,R,0.3706896551724138,0.25,0.09913793103448276,0.2025862068965517,0.4634146341463415,0.4634146341463415,0.07419354838709677,0.2,0.5571428571428572,0.16666666666666666,0.15714285714285714,0.11904761904761904,"Bruján, Vidal"
660730,168,62,45,16,32,0.4148809523809524,0.367058722169103,25,R,0.35074626865671643,0.25,0.0914179104477612,0.20335820895522388,0.3466666666666667,0.4,0.0873452544704264,0.14580467675378267,0.5192023633677991,0.3242245199409158,0.138109305760709,0.01846381093057607,"Rodríguez, Elvin"
660749,4,0,0,0,2,0.225,0.225,24,R,0.3076923076923077,0.21153846153846154,0.08173076923076923,0.23557692307692307,0.27586206896551724,0.27586206896551724,0.11061946902654868,0.25663716814159293,0.29365079365079366,0.30952380952380953,0.1984126984126984,0.1984126984126984,"Pinto, Wladimir"
660756,1,0,0,0,0,0.0,0.0,25,R,0.31683168316831684,0.21782178217821782,0.08415841584158416,0.22277227722772278,0.3076923076923077,0.3076923076923077,0.105,0.28,0.25,0.25,0.25,0.25,"Ramos, Eury"
660761,1364,447,310,122,289,0.33874633431085044,0.32223556508265133,26,L,0.3271857923497268,0.226775956284153,0.08913934426229508,0.21277322404371585,0.29333333333333333,0.344,0.11756347101174687,0.1544145509662751,0.4585883703136955,0.2778309104820199,0.2611897475133894,0.0023909716908951796,"Suarez, José"
660781,12,5,3,1,1,0.4166666666666667,0.4166666666666667,26,L,0.33035714285714285,0.22321428571428573,0.08482142857142858,0.20982142857142858,0.35135135135135137,0.35135135135135137,0.105,0.28,0.25,0.25,0.25,0.25,"Robles, Domingo"
660787,255,77,47,27,51,0.30627450980392157,0.31043519029260863,27,R,0.30704225352112674,0.19436619718309858,0.1,0.20704225352112676,0.29333333333333333,0.288,0.08271028037383178,0.16635514018691588,0.5799019607843138,0.29362745098039217,0.1142156862745098,0.012254901960784314,"De los Santos, Yerry"
660789,4,4,0,4,0,0.7,0.7,24,L,0.34615384615384615,0.21153846153846154,0.1201923076923077,0.21634615384615385,0.41379310344827586,0.41379310344827586,0.105,0.28,0.25,0.25,0.25,0.25,"Frias, Julio"
660813,725,198,143,42,139,0.26262068965517243,0.270324070989018,26,R,0.2787878787878788,0.2,0.06121212121212121,0.19575757575757577,0.26666666666666666,0.224,0.08627374951531601,0.1423032183016673,0.7443653618030842,0.245353894820087,0.005338078291814947,0.0049426650850138395,"Graterol, Brusdar"
660825,265,73,51,20,66,0.2830188679245283,0.2744975244652437,29,R,0.2876712328767123,0.2,0.07808219178082192,0.24246575342465754,0.25333333333333335,0.28,0.11965423111919928,0.181073703366697,0.4466158245948522,0.4561487130600572,0.08531935176358436,0.011916110581506196,"Bazardo, Eduard"
660844,9,2,2,0,0,0.33888888888888885,0.3859777777777778,27,R,0.3119266055045872,0.22018348623853212,0.0779816513761468,0.20642201834862386,0.29411764705882354,0.29411764705882354,0.0875,0.275,0.17857142857142858,0.17857142857142858,0.4642857142857143,0.17857142857142858,"Rivas, Leo"
660853,979,311,205,90,257,0.3241062308478039,0.32139632087157904,29,R,0.3178869323447637,0.21037998146431883,0.09128822984244671,0.25903614457831325,0.29333333333333333,0.384,0.13566091213604742,0.1363050760113373,0.5817019055077003,0.31754111198120594,0.09749412685982772,0.003262855651265988,"De Los Santos, Enyel"
660896,593,167,111,50,146,0.30185497470489037,0.30391089984229375,29,R,0.28715728715728717,0.1919191919191919,0.08441558441558442,0.24314574314574314,0.30666666666666664,0.28,0.12738193869096934,0.14415907207953604,0.4541032148900169,0.4029187817258883,0.13769035532994925,0.005287648054145516,"Alcala, Jorge"
660906,177,72,45,25,29,0.3813559322033898,0.37027574323636187,27,L,0.37545126353790614,0.24187725631768953,0.12093862815884476,0.18592057761732853,0.3333333333333333,0.368,0.0945578231292517,0.15918367346938775,0.518978102189781,0.33211678832116787,0.13065693430656936,0.01824817518248175,"Pérez, Francisco"
661255,118,47,33,13,24,0.40932203389830507,0.35844850436151265,29,R,0.3623853211009174,0.25229357798165136,0.09862385321100918,0.21330275229357798,0.37333333333333335,0.392,0.12026515151515152,0.17424242424242425,0.4592050209205021,0.45502092050209203,0.0596234309623431,0.02615062761506276,"López, Yoan"
661269,763,275,186,78,134,0.3830930537352556,0.3479022104474955,29,R,0.35573580533024335,0.2410196987253766,0.10023174971031286,0.1813441483198146,0.36,0.368,0.09318673395818312,0.12905551550108146,0.4693465491923642,0.3830763582966226,0.14298825256975037,0.004588839941262849,"Gutierrez, Vladimir"
661309,504,175,129,38,100,0.3619047619047619,0.3522550428269983,27,R,0.34271523178807944,0.25,0.07698675496688742,0.20281456953642385,0.32,0.344,0.10276967930029154,0.15063168124392615,0.5385956175298805,0.19945219123505975,0.25572709163346613,0.006225099601593625,"Martinez, Adrián"
661332,5,1,1,0,1,0.43,0.43,33,L,0.3142857142857143,0.21904761904761905,0.08095238095238096,0.22380952380952382,0.3,0.3,0.10176991150442478,0.26548672566371684,0.29365079365079366,0.30952380952380953,0.1984126984126984,0.1984126984126984,"Westphal, Luke"
661383,278,90,61,26,56,0.31618705035971223,0.3050843946784816,27,R,0.32275132275132273,0.21957671957671956,0.09126984126984126,0.20767195767195767,0.30666666666666664,0.32,0.10171790235081374,0.16455696202531644,0.5326704545454546,0.44365530303030304,0.011837121212121212,0.011837121212121212,"Ortega, Oliver"
661395,795,222,148,60,258,0.2724528301886792,0.24420723059666186,26,R,0.2837988826815642,0.18994413407821228,0.07653631284916201,0.31340782122905025,0.3466666666666667,0.328,0.16351904312244256,0.1621026125275417,0.440837863767189,0.3046050527662296,0.2505596418292293,0.003997441637352095,"Duran, Jhoan"
661403,1242,293,229,59,308,0.24396135265700483,0.25387345266903466,26,R,0.2421758569299553,0.1870342771982116,0.05029806259314456,0.24627421758569298,0.3333333333333333,0.256,0.15155293584221266,0.17660394468374518,0.6949094244439349,0.29935794542536115,0.0028663150653519833,0.0028663150653519833,"Clase, Emmanuel"
661440,315,112,74,32,68,0.3638095238095238,0.3432710747577645,28,R,0.3469879518072289,0.23132530120481928,0.09759036144578313,0.21807228915662652,0.4266666666666667,0.368,0.09230132450331126,0.13079470198675497,0.5634715025906736,0.401986183074266,0.023747841105354058,0.01079447322970639,"Llovera, Mauricio"
661527,620,198,131,56,130,0.31580645161290327,0.3097438310193922,30,R,0.3194444444444444,0.2125,0.08958333333333333,0.21180555555555555,0.4,0.36,0.1046223689640941,0.14486174164259183,0.5543615676359039,0.29646017699115046,0.14391066160977664,0.005267593763168985,"Martinez, Seth"
661531,3,1,0,1,0,0.2333333333333333,0.35191466666666665,27,R,0.32038834951456313,0.21359223300970873,0.09223300970873786,0.21844660194174756,0.32142857142857145,0.32142857142857145,0.09722222222222222,0.2592592592592593,0.35344827586206895,0.21551724137931033,0.21551724137931033,0.21551724137931033,"Serven, Brian"
661536,12,4,2,1,2,0.29583333333333334,0.29583333333333334,30,R,0.32142857142857145,0.21428571428571427,0.08482142857142858,0.21875,0.32432432432432434,0.32432432432432434,0.084,0.23200000000000004,0.5,0.16666666666666666,0.16666666666666666,0.16666666666666666,"Adón, Melvin"
661563,884,268,150,109,235,0.2975678733031674,0.3060433780554113,26,R,0.3048780487804878,0.17479674796747968,0.11941056910569106,0.2616869918699187,0.3466666666666667,0.328,0.11927932667017359,0.140189374013677,0.49720149253731344,0.28371535181236673,0.21575159914712153,0.003331556503198294,"Gil, Luis"
662144,8,3,1,2,3,0.425,0.425,28,R,0.32407407407407407,0.21296296296296297,0.09722222222222222,0.2361111111111111,0.3333333333333333,0.3333333333333333,0.105,0.28,0.25,0.25,0.25,0.25,"Keller, Brian"
662165,23,6,4,2,2,0.2326086956521739,0.2326086956521739,28,R,0.3089430894308943,0.21138211382113822,0.08536585365853659,0.1991869918699187,0.2916666666666667,0.2916666666666667,0.1,0.23448275862068965,0.41578947368421054,0.20526315789473684,0.24736842105263157,0.13157894736842105,"Schulfer, Austin"
662253,763,212,131,69,260,0.26677588466579294,0.2606276289952526,25,R,0.2827346465816918,0.1772885283893395,0.08980301274623406,0.32734646581691773,0.29333333333333333,0.256,0.18889986824769434,0.19137022397891962,0.4569658405894173,0.5346617548559947,0.004186202277294039,0.004186202277294039,"Muñoz, Andrés"
663158,619,162,108,50,164,0.2619547657512116,0.28039992396691144,33,R,0.2698191933240612,0.1808066759388039,0.08136300417246176,0.25938803894297635,0.30666666666666664,0.312,0.12370103916866507,0.1466826538768985,0.7685562805872757,0.029159869494290374,0.19718597063621535,0.005097879282218597,"Suarez, Robert"
663321,57,20,13,5,17,0.3877192982456141,0.30490817273420706,30,R,0.33121019108280253,0.2229299363057325,0.08598726114649681,0.2515923566878981,0.37333333333333335,0.34146341463414637,0.12957317073170732,0.21341463414634146,0.30755395683453235,0.5629496402877698,0.08453237410071943,0.044964028776978415,"Hernandez, Nick"
663325,4,1,0,1,1,0.175,0.175,25,L,0.3173076923076923,0.21153846153846154,0.09134615384615384,0.22596153846153846,0.3103448275862069,0.3103448275862069,0.105,0.28,0.25,0.25,0.25,0.25,"Smith, Kevin"
663359,8,6,4,1,0,0.80625,0.80625,26,R,0.35185185185185186,0.24074074074074073,0.08796296296296297,0.20833333333333334,0.42424242424242425,0.42424242424242425,0.1141732283464567,0.24409448818897642,0.5,0.17532467532467533,0.16233766233766234,0.16233766233766234,"Maese, Justin"
663362,795,247,184,52,164,0.3316352201257861,0.3168845628967439,28,R,0.311731843575419,0.23016759776536314,0.06759776536312849,0.20837988826815643,0.44,0.408,0.08641017685386286,0.12752094322060192,0.44925937598487237,0.19114402773400568,0.3556571068389537,0.003939489442168295,"Waldron, Matt"
663366,64,26,16,10,10,0.47265625,0.4315214088658744,26,R,0.35365853658536583,0.23170731707317074,0.11280487804878049,0.19817073170731708,0.37333333333333335,0.38202247191011235,0.08583106267029973,0.16076294277929154,0.5252365930599369,0.30441640378548895,0.1309148264984227,0.03943217665615142,"Burrows, Beau"
663372,1442,491,346,128,286,0.34358529819694866,0.33817201653613355,28,R,0.33916990920881973,0.23865110246433205,0.08852140077821012,0.20006485084306097,0.28,0.256,0.09808996786861834,0.12138521956444127,0.5051332853025937,0.3722082132564842,0.11986671469740634,0.00279178674351585,"Feltner, Ryan"
663378,87,36,26,10,22,0.4908045977011495,0.39760788736525104,26,L,0.36363636363636365,0.25668449197860965,0.09893048128342247,0.23796791443850268,0.29333333333333333,0.39285714285714285,0.10465116279069768,0.1649048625792812,0.5803782505910166,0.2801418439716312,0.1099290780141844,0.02955082742316785,"Szapucki, Thomas"
663383,9,5,3,2,1,0.4555555555555555,0.4555555555555555,26,R,0.3394495412844037,0.22935779816513763,0.0963302752293578,0.21559633027522937,0.38235294117647056,0.38235294117647056,0.105,0.28,0.25,0.25,0.25,0.25,"Fenter, Gray"
663385,185,69,37,27,40,0.35567567567567565,0.32829127628383026,28,R,0.3543859649122807,0.20701754385964913,0.12456140350877193,0.21929824561403508,0.4,0.344,0.09945130315500686,0.15775034293552812,0.5957290132547864,0.34241531664212077,0.04344624447717231,0.018409425625920472,"Smith, Chad"
663390,6,1,0,1,1,0.11666666666666665,0.11666666666666665,28,R,0.3113207547169811,0.20754716981132076,0.08962264150943396,0.22169811320754718,0.2903225806451613,0.2903225806451613,0.105,0.28,0.25,0.25,0.25,0.25,"Mason, Ryan"
663399,54,23,14,9,7,0.42962962962962964,0.41130913674930625,28,L,0.35714285714285715,0.23376623376623376,0.11363636363636363,0.19155844155844157,0.38666666666666666,0.3924050632911392,0.09905660377358491,0.1540880503144654,0.47201492537313433,0.3824626865671642,0.09888059701492537,0.04664179104477612,"Waddell, Brandon"
663423,864,266,195,60,203,0.3300925925925926,0.3162509894204032,31,R,0.3091286307053942,0.22510373443983403,0.07105809128630705,0.23392116182572614,0.22666666666666666,0.296,0.1048145933014354,0.14683014354066987,0.451578627808136,0.51381299332119,0.030813600485731632,0.0037947783849423193,"Thornton, Trent"
663432,553,194,108,78,131,0.3414104882459313,0.3414287594501851,32,R,0.3460949464012251,0.1990811638591118,0.1324655436447167,0.23506891271056662,0.26666666666666666,0.304,0.13994856408058293,0.14873553364766395,0.6773981603153745,0.30245291283399034,0.014673674989049496,0.005475251861585633,"Rainey, Tanner"
663436,516,173,119,43,103,0.33517441860465114,0.3300287028628049,27,R,0.3327922077922078,0.2288961038961039,0.0836038961038961,0.20373376623376624,0.4,0.368,0.11774827925270404,0.16371681415929204,0.4553931451612903,0.3863407258064516,0.15196572580645162,0.006300403225806451,"Martin, Davis"
663443,5,3,1,1,0,0.45999999999999996,0.45999999999999996,26,R,0.3333333333333333,0.21904761904761905,0.09047619047619047,0.21428571428571427,0.36666666666666664,0.36666666666666664,0.105,0.28,0.25,0.25,0.25,0.25,"Shilling, Luke"
663455,310,105,68,35,60,0.3420967741935484,0.3509685352521184,27,L,0.33414634146341465,0.21951219512195122,0.10609756097560975,0.20121951219512196,0.25333333333333335,0.28,0.10917207792207792,0.14204545454545456,0.6163282571912013,0.1577834179357022,0.2153130287648054,0.010575296108291032,"Pilkington, Konnor"
663460,1403,488,336,140,298,0.35074839629365645,0.3415712954731784,27,L,0.34597471723220224,0.2381902860944777,0.09880239520958084,0.2132401862940785,0.29333333333333333,0.304,0.10134141859610438,0.1256890848952591,0.500463649851632,0.22208827893175073,0.275129821958457,0.002318249258160237,"Bubic, Kris"
663462,166,53,37,15,44,0.338855421686747,0.3206877590275301,27,R,0.31954887218045114,0.22180451127819548,0.08834586466165413,0.25,0.3466666666666667,0.32,0.12465940054495912,0.17302452316076294,0.39108187134502925,0.5723684210526315,0.01827485380116959,0.01827485380116959,"Campbell, Isaiah"
663465,824,263,207,51,167,0.3563106796116505,0.3411345018567113,27,L,0.31926406926406925,0.24783549783549783,0.06439393939393939,0.2050865800865801,0.37333333333333335,0.352,0.09317460317460317,0.12285714285714286,0.702741935483871,0.11725806451612904,0.17596774193548387,0.004032258064516129,"Allard, Kolby"
663467,6,3,1,2,1,0.3833333333333333,0.3833333333333333,25,R,0.330188679245283,0.2169811320754717,0.09905660377358491,0.22169811320754718,0.3548387096774194,0.3548387096774194,0.105,0.28,0.25,0.25,0.25,0.25,"Bilous, Jason"
663472,1,0,0,0,0,0.0,0.0,26,R,0.31683168316831684,0.21782178217821782,0.08415841584158416,0.22277227722772278,0.3076923076923077,0.3076923076923077,0.11057692307692307,0.2692307692307693,0.25,0.28703703703703703,0.23148148148148148,0.23148148148148148,"Perkins, Jack"
663474,1802,518,335,174,459,0.30249722530521644,0.317508611063304,27,R,0.2891692954784437,0.18769716088328076,0.09595162986330179,0.2531545741324921,0.4266666666666667,0.384,0.12064363043155865,0.15260269909535815,0.5711190796354401,0.42141042880621543,0.005602868668758404,0.0018676228895861348,"McKenzie, Triston"
663485,600,197,134,49,148,0.33666666666666667,0.3363463379430919,27,R,0.3271428571428571,0.22285714285714286,0.08214285714285714,0.24357142857142858,0.30666666666666664,0.288,0.10895522388059702,0.14968017057569297,0.6259259259259259,0.17712418300653596,0.19150326797385622,0.0054466230936819175,"Sands, Cole"
663489,44,17,7,8,9,0.36022727272727273,0.36022727272727273,26,L,0.3402777777777778,0.2013888888888889,0.11458333333333333,0.21875,0.36231884057971014,0.36231884057971014,0.10995850622406639,0.14937759336099585,0.45287958115183247,0.2905759162303665,0.19109947643979058,0.06544502617801047,"Stewart, Will"
663500,7,3,3,0,4,0.43571428571428567,0.43571428571428567,27,R,0.32710280373831774,0.2336448598130841,0.0794392523364486,0.24766355140186916,0.34375,0.34375,0.12916666666666668,0.25833333333333336,0.36428571428571427,0.2785714285714286,0.17857142857142858,0.17857142857142858,"Parsons, Hunter"
663506,7,4,1,3,2,0.42857142857142855,0.42857142857142855,26,R,0.3364485981308411,0.21495327102803738,0.10747663551401869,0.22897196261682243,0.375,0.375,0.1016260162601626,0.24390243902439027,0.3356164383561644,0.3082191780821918,0.18493150684931506,0.17123287671232876,"Chentouf, Yaya"
663510,13,4,2,1,5,0.24615384615384617,0.24615384615384617,25,R,0.3185840707964602,0.21238938053097345,0.084070796460177,0.24336283185840707,0.3157894736842105,0.3157894736842105,0.105,0.28,0.25,0.25,0.25,0.25,"Leeper, Ben"
663531,467,175,130,36,82,0.38554603854389724,0.3855437948170964,27,L,0.36507936507936506,0.26807760141093473,0.07848324514991181,0.18430335097001763,0.38666666666666666,0.36,0.0876736111111111,0.12962962962962962,0.47884386174016685,0.3435637663885578,0.1701430274135876,0.007449344457687724,"Allen, Logan"
663534,14,9,7,2,2,0.7071428571428572,0.6540531428571429,25,R,0.35964912280701755,0.2543859649122807,0.09210526315789473,0.2149122807017544,0.4358974358974359,0.4358974358974359,0.09051724137931035,0.25000000000000006,0.4166666666666667,0.20454545454545456,0.1893939393939394,0.1893939393939394,"Walters, Nash"
663542,306,78,49,24,76,0.25882352941176473,0.29463218218105836,27,L,0.270935960591133,0.1748768472906404,0.08004926108374384,0.24261083743842365,0.22666666666666666,0.232,0.09697732997481108,0.12258606213266163,0.773444347063979,0.2046450482033304,0.010955302366345312,0.010955302366345312,"Hudson, Bryan"
663546,634,212,163,39,150,0.333596214511041,0.30185662852263867,27,R,0.33242506811989103,0.25204359673024523,0.06471389645776567,0.23501362397820164,0.36,0.336,0.088951718138321,0.12831665941713788,0.5955980435749222,0.37060915962650065,0.028234771009337484,0.005558025789239662,"Hjelle, Sean"
663554,1182,367,277,76,220,0.3325296108291032,0.3354616690689907,27,R,0.3112324492979719,0.23322932917316694,0.06591263650546021,0.1891575663026521,0.4,0.352,0.09573791348600509,0.1289228159457167,0.5039648521217317,0.3395842263180454,0.15377196742391772,0.0026789541363051866,"Mize, Casey"
663556,1723,483,360,118,479,0.29175856065002903,0.29688502233029507,26,L,0.28250137136588044,0.2095447065277016,0.0693911135490949,0.2750959956116292,0.36,0.32,0.15128787878787878,0.15515151515151515,0.3929007633587786,0.4063358778625954,0.19885496183206106,0.0019083969465648854,"McClanahan, Shane"
663558,411,130,72,58,120,0.2905109489051095,0.27765707977611087,26,L,0.31702544031311153,0.18395303326810175,0.13013698630136986,0.2788649706457926,0.3466666666666667,0.336,0.1590909090909091,0.15151515151515152,0.4754618937644342,0.05744803695150116,0.4598729792147806,0.007217090069284064,"Morán, Jovani"
663559,1530,483,380,94,279,0.34137254901960784,0.33576022256451477,27,L,0.3159509202453988,0.24662576687116564,0.06288343558282208,0.18496932515337422,0.3333333333333333,0.304,0.09036768513723459,0.12808562057655792,0.6037785129723141,0.35512798189099776,0.03874281734285217,0.002350687793835974,"Falter, Bailey"
663562,274,112,82,26,48,0.4093065693430657,0.3244540780947104,27,R,0.3850267379679144,0.27807486631016043,0.09224598930481283,0.18850267379679145,0.37333333333333335,0.4,0.08333333333333333,0.13479052823315119,0.6531488549618321,0.2428435114503817,0.09208015267175572,0.011927480916030535,"Davis, Noah"
663567,718,259,192,60,132,0.3832869080779944,0.351959041323806,27,R,0.35574572127139364,0.2616136919315403,0.08374083129584352,0.18887530562347188,0.4,0.384,0.09684926602219836,0.13283208020050125,0.43146190302588405,0.33594604447685017,0.22803499817717826,0.004557054320087495,"Lambert, Peter"
663568,214,75,60,12,41,0.34088785046728975,0.33050958875245834,27,R,0.34076433121019106,0.2611464968152866,0.06528662420382166,0.20222929936305734,0.3333333333333333,0.352,0.10043907793633369,0.145993413830955,0.7009291521486644,0.20847851335656215,0.07607433217189315,0.014518002322880372,"Kolek, Stephen"
663574,472,152,91,50,144,0.3248940677966102,0.2971131511732511,27,R,0.32167832167832167,0.19755244755244755,0.10227272727272728,0.2910839160839161,0.30666666666666664,0.272,0.12308951965065502,0.13427947598253276,0.5070145903479237,0.44865319865319864,0.03731762065095398,0.007014590347923681,"Santillan, Tony"
663578,1,0,0,0,0,0.0,0.0,26,R,0.31683168316831684,0.21782178217821782,0.08415841584158416,0.22277227722772278,0.3076923076923077,0.3076923076923077,0.11274509803921569,0.27450980392156865,0.25961538461538464,0.25961538461538464,0.2403846153846154,0.2403846153846154,"Elliott, Jensen"
663587,3,1,0,1,1,0.2333333333333333,0.2333333333333333,25,R,0.32038834951456313,0.21359223300970873,0.09223300970873786,0.22815533980582525,0.32142857142857145,0.32142857142857145,0.11061946902654868,0.26548672566371684,0.3253968253968254,0.2777777777777778,0.1984126984126984,0.1984126984126984,"Stadler, Fitz"
663603,3,2,0,2,1,0.4666666666666666,0.4666666666666666,25,R,0.3300970873786408,0.21359223300970873,0.10194174757281553,0.22815533980582525,0.35714285714285715,0.35714285714285715,0.105,0.28,0.25,0.25,0.25,0.25,"Bates, Solomon"
663613,14,7,5,2,4,0.4714285714285714,0.4714285714285714,26,R,0.34210526315789475,0.23684210526315788,0.09210526315789473,0.2324561403508772,0.38461538461538464,0.38461538461538464,0.105,0.28,0.25,0.25,0.25,0.25,"Marman, Kyle"
663623,1319,413,292,108,258,0.32748294162244124,0.3287087270119825,27,R,0.31360112755461594,0.22128259337561662,0.0821000704721635,0.19767441860465115,0.3466666666666667,0.296,0.08611059393036678,0.12139266430832248,0.6452734448411953,0.3094343168577335,0.04294305581657583,0.0023491824844953956,"Irvin, Jake"
663629,68,32,18,14,16,0.46397058823529413,0.4098477979633723,26,L,0.38095238095238093,0.23809523809523808,0.13392857142857142,0.22916666666666666,0.4666666666666667,0.43010752688172044,0.1123076923076923,0.15384615384615385,0.5181818181818182,0.07454545454545454,0.3618181818181818,0.045454545454545456,"Small, Ethan"
663630,16,10,9,1,0,0.59375,0.4061126525974026,26,R,0.3620689655172414,0.2672413793103448,0.08189655172413793,0.1939655172413793,0.43902439024390244,0.43902439024390244,0.07718120805369127,0.24161073825503357,0.4393939393939394,0.12626262626262627,0.30808080808080807,0.12626262626262627,"McKenna, Ryan"
663658,177,63,31,30,37,0.3389830508474576,0.3445043965689069,26,R,0.34296028880866425,0.19133574007220217,0.13898916967509026,0.2148014440433213,0.4,0.368,0.08113207547169811,0.1320754716981132,0.5979865771812081,0.35503355704697986,0.030201342281879196,0.016778523489932886,"Ward, Thaddeus"
663670,12,4,2,1,3,0.35833333333333334,0.35833333333333334,27,R,0.32142857142857145,0.21428571428571427,0.08482142857142858,0.22767857142857142,0.32432432432432434,0.32432432432432434,0.105,0.28,0.25,0.25,0.25,0.25,"Hughes, Jonathan"
663671,11,4,3,1,4,0.44090909090909086,0.44090909090909086,27,R,0.32432432432432434,0.22522522522522523,0.08558558558558559,0.23873873873873874,0.3333333333333333,0.3333333333333333,0.11693548387096774,0.22580645161290325,0.39864864864864863,0.25,0.18243243243243243,0.16891891891891891,"Enright, Nic"
663681,1,0,0,0,0,0.0,0.0,28,R,0.31683168316831684,0.21782178217821782,0.08415841584158416,0.22277227722772278,0.3076923076923077,0.3076923076923077,0.105,0.28,0.25,0.25,0.25,0.25,"Bayless, Jarod"
663687,585,199,132,61,117,0.34717948717948716,0.3457017563816343,28,L,0.3372262773722628,0.22481751824817517,0.10145985401459855,0.20364963503649636,0.32,0.32,0.08773740710156895,0.10776218001651527,0.6009696458684655,0.20931703204047217,0.1844435075885329,0.005269814502529511,"Harris, Hogan"
663704,351,114,93,17,74,0.3334757834757835,0.3133570426787439,28,R,0.3237250554323725,0.2549889135254989,0.0565410199556541,0.2139689578713969,0.3333333333333333,0.352,0.12217359591539023,0.15463165572574764,0.4174867524602574,0.5613171839515518,0.01097653292959879,0.010219530658591975,"McArthur, James"
663719,7,3,1,2,1,0.4857142857142857,0.4857142857142857,26,R,0.32710280373831774,0.21495327102803738,0.09813084112149532,0.21962616822429906,0.34375,0.34375,0.105,0.28,0.25,0.25,0.25,0.25,"Ocker, Nathan"
663734,194,68,39,24,26,0.33685567010309275,0.3513332571927416,27,R,0.3401360544217687,0.20748299319727892,0.11054421768707483,0.1649659863945578,0.32,0.304,0.08076448828606658,0.1220715166461159,0.46977660972404733,0.38173455978975035,0.13206307490144548,0.0164257555847569,"Neidert, Nick"
663735,1,0,0,0,1,0.0,0.0,28,R,0.31683168316831684,0.21782178217821782,0.08415841584158416,0.23267326732673269,0.3076923076923077,0.3076923076923077,0.105,0.28,0.25,0.25,0.25,0.25,"Frisbee, Matt"
663738,1391,473,340,118,262,0.35287562904385333,0.35105965335920636,28,L,0.33869885982562037,0.24279007377598927,0.08484238765928907,0.19081153588195843,0.26666666666666666,0.256,0.11594341426113554,0.14528770789523993,0.4725921636749662,0.3282184906388728,0.19677668403783052,0.0024126616483304384,"Lynch IV, Daniel"
663752,156,55,34,21,38,0.3586538461538461,0.36242319507852133,28,R,0.33984375,0.21875,0.115234375,0.236328125,0.4,0.328,0.12633689839572193,0.15240641711229946,0.7199140401146131,0.09670487106017192,0.16404011461318052,0.019340974212034383,"Morris, Cody"
663753,228,81,45,30,37,0.34824561403508775,0.38740426916013926,27,R,0.3445121951219512,0.20426829268292682,0.1173780487804878,0.18140243902439024,0.44,0.352,0.08231083844580778,0.13701431492842536,0.6287715517241379,0.15032327586206898,0.20743534482758622,0.013469827586206896,"Knehr, Reiss"
663765,955,332,243,74,144,0.35774869109947643,0.3500604970074331,28,R,0.34502369668246446,0.25118483412322273,0.07819905213270142,0.15781990521327013,0.38666666666666666,0.352,0.07351336606655756,0.11865793780687398,0.6071626106194691,0.33476216814159293,0.054618362831858405,0.003456858407079646,"Woodford, Jake"
663767,55,19,14,4,12,0.33181818181818185,0.3284738121212121,28,R,0.32903225806451614,0.23225806451612904,0.08064516129032258,0.22258064516129034,0.3333333333333333,0.3375,0.09430604982206406,0.23487544483985764,0.5173160173160173,0.2662337662337662,0.16233766233766234,0.05411255411255411,"Shugart, Chase"
663770,130,49,29,19,35,0.3638461538461538,0.3258174588966589,27,R,0.3521739130434783,0.2217391304347826,0.11956521739130435,0.25,0.41333333333333333,0.384,0.12009419152276295,0.1695447409733124,0.8015332197614992,0.15587734241908008,0.02129471890971039,0.02129471890971039,"Evans, Demarcus"
663773,609,191,142,47,107,0.3366174055829228,0.3561771885522235,28,R,0.3145275035260931,0.231311706629055,0.07827926657263752,0.18265162200282087,0.29333333333333333,0.264,0.08606034849128771,0.1487462813429664,0.5972644376899696,0.266391663048198,0.13091619626574033,0.005427702996092054,"Hoeing, Bryan"
663776,2048,676,448,211,468,0.3246337890625,0.31642168958636746,28,L,0.329608938547486,0.21880819366852886,0.10218808193668528,0.22835195530726257,0.38666666666666666,0.352,0.12903820169512345,0.15710600663309177,0.37381040662464465,0.36009145964652084,0.26455320726733406,0.0015449264615004326,"Sandoval, Patrick"
663793,8,2,0,2,2,0.175,0.175,28,R,0.3148148148148148,0.2037037037037037,0.09722222222222222,0.22685185185185186,0.30303030303030304,0.30303030303030304,0.105,0.28,0.25,0.25,0.25,0.25,"Chalmers, Dakota"
663795,30,9,7,2,5,0.37,0.37,28,R,0.3153846153846154,0.2230769230769231,0.08076923076923077,0.21153846153846154,0.3090909090909091,0.3090909090909091,0.1,0.20689655172413796,0.46842105263157896,0.18421052631578946,0.21578947368421053,0.13157894736842105,"Hagenman, Justin"
663804,417,173,115,54,86,0.4211031175059952,0.36404239697330953,27,R,0.3965183752417795,0.26499032882011603,0.12088974854932302,0.20986460348162475,0.36,0.416,0.10753012048192771,0.14578313253012049,0.45993788819875775,0.18975155279503106,0.3425465838509317,0.007763975155279503,"Kowar, Jackson"
663823,4,1,1,0,0,0.5,0.5,26,R,0.3173076923076923,0.22115384615384615,0.08173076923076923,0.21634615384615385,0.3103448275862069,0.3103448275862069,0.105,0.28,0.25,0.25,0.25,0.25,"Bacon, Troy"
663853,1,0,0,0,1,0.0,0.0,25,R,0.31683168316831684,0.21782178217821782,0.08415841584158416,0.23267326732673269,0.3076923076923077,0.3076923076923077,0.1201923076923077,0.27884615384615385,0.23148148148148148,0.26851851851851855,0.26851851851851855,0.23148148148148148,"Gonzalez, Romy"
663855,1154,387,231,136,276,0.3210571923743501,0.30863703385146346,28,R,0.33413078149920256,0.20175438596491227,0.11523125996810207,0.23803827751196172,0.38666666666666666,0.424,0.10475277067348679,0.13469735720375106,0.6500430848772081,0.2502154243860405,0.09704868591124516,0.002692804825506247,"Hicks, Jordan"
663856,9,5,4,1,1,0.7166666666666667,0.7166666666666667,26,L,0.3394495412844037,0.23853211009174313,0.0871559633027523,0.21559633027522937,0.38235294117647056,0.38235294117647056,0.09349593495934959,0.24390243902439027,0.3219178082191781,0.2534246575342466,0.2534246575342466,0.17123287671232876,"Lemieux, Mack"
663878,590,189,126,56,155,0.32915254237288133,0.31383872289850434,28,R,0.32028985507246377,0.2144927536231884,0.09347826086956522,0.2572463768115942,0.30666666666666664,0.28,0.11507936507936507,0.12238930659983291,0.5484215017064846,0.43579351535836175,0.010452218430034129,0.005332764505119454,"Pearson, Nate"
663880,2,1,1,0,1,0.625,0.625,27,R,0.3235294117647059,0.22549019607843138,0.08333333333333333,0.23039215686274508,0.3333333333333333,0.3333333333333333,0.105,0.28,0.25,0.25,0.25,0.25,"Remy, Peyton"
663884,1,0,0,0,0,0.0,0.0,26,R,0.31683168316831684,0.21782178217821782,0.08415841584158416,0.22277227722772278,0.3076923076923077,0.3076923076923077,0.105,0.28,0.25,0.25,0.25,0.25,"Kingham, Nolan"
663892,4,1,0,1,0,0.175,0.175,26,R,0.3173076923076923,0.21153846153846154,0.09134615384615384,0.21634615384615385,0.3103448275862069,0.3103448275862069,0.105,0.28,0.25,0.25,0.25,0.25,"Coulter, Kevin"
663893,223,73,48,21,41,0.33452914798206274,0.3164537787813379,28,L,0.32507739938080493,0.21671826625386997,0.0913312693498452,0.19659442724458204,0.32,0.336,0.12250879249706917,0.1652989449003517,0.6606475716064757,0.3082191780821918,0.015566625155666251,0.015566625155666251,"Little, Brendon"
663897,22,7,5,1,0,0.2681818181818182,0.34897983934583937,28,R,0.319672131147541,0.22131147540983606,0.0778688524590164,0.18442622950819673,0.3191489361702128,0.3191489361702128,0.08181818181818182,0.2787878787878788,0.1956521739130435,0.10869565217391304,0.5869565217391305,0.10869565217391304,"Williams, Luke"
663901,3,0,0,0,0,0.0,0.0,27,R,0.3106796116504854,0.21359223300970873,0.0825242718446602,0.21844660194174756,0.2857142857142857,0.2857142857142857,0.105,0.28,0.25,0.25,0.25,0.25,"Flynn, Michael"
663903,2772,914,668,205,609,0.3353174603174603,0.32925018691392804,28,R,0.3293871866295265,0.2402506963788301,0.07433844011142061,0.2198816155988858,0.30666666666666664,0.336,0.09922235023041474,0.13028033794162827,0.5373818251977619,0.4126471155701331,0.04866872467682809,0.0013023345552768666,"Singer, Brady"
663941,436,129,101,25,87,0.3150229357798165,0.3022073278609064,28,R,0.3003731343283582,0.2294776119402985,0.0625,0.2042910447761194,0.29333333333333333,0.288,0.10579268292682927,0.14878048780487804,0.3839622641509434,0.5971698113207548,0.0110062893081761,0.007861635220125786,"Beck, Tristan"
663943,20,5,4,0,5,0.26749999999999996,0.26749999999999996,26,L,0.30833333333333335,0.21666666666666667,0.07083333333333333,0.22916666666666666,0.28888888888888886,0.28888888888888886,0.10472972972972973,0.21621621621621623,0.44387755102040816,0.27040816326530615,0.15816326530612246,0.12755102040816327,"Kennedy, Nick"
663947,796,190,143,41,177,0.24987437185929648,0.28303690263937,28,L,0.24776785714285715,0.18415178571428573,0.05524553571428571,0.22265625,0.25333333333333335,0.24,0.12189877605028118,0.1710221634138273,0.6062899428187016,0.17608476286579214,0.21342078708375378,0.004204507231752439,"Holton, Tyler"
663959,28,12,9,3,3,0.44107142857142856,0.4230092594554568,26,R,0.34375,0.2421875,0.08984375,0.19921875,0.37735849056603776,0.37735849056603776,0.08659217877094973,0.25139664804469275,0.4069767441860465,0.313953488372093,0.1821705426356589,0.09689922480620156,"Ivey, Tyler"
663969,178,65,56,7,30,0.401123595505618,0.39873272467050214,27,R,0.3489208633093525,0.2805755395683453,0.05575539568345324,0.18884892086330934,0.4,0.384,0.10422343324250681,0.18392370572207084,0.47733918128654973,0.41739766081871343,0.08698830409356725,0.01827485380116959,"Phillips, Tyler"
663971,3,0,0,0,0,0.0,0.3106666666666667,27,R,0.3106796116504854,0.21359223300970873,0.0825242718446602,0.21844660194174756,0.2857142857142857,0.2857142857142857,0.0945945945945946,0.2702702702702703,0.28688524590163933,0.30327868852459017,0.20491803278688525,0.20491803278688525,"Calvo, Blair"
663975,17,8,5,3,5,0.388235294117647,0.3316470588235294,26,R,0.3418803418803419,0.23076923076923078,0.09829059829059829,0.23504273504273504,0.38095238095238093,0.38095238095238093,0.10511363636363637,0.19886363636363635,0.44047619047619047,0.3611111111111111,0.0992063492063492,0.0992063492063492,"Duron, Nick"
663977,18,3,2,0,3,0.2,0.2,28,L,0.2966101694915254,0.2033898305084746,0.07203389830508475,0.21610169491525424,0.2558139534883721,0.2558139534883721,0.10227272727272728,0.25757575757575757,0.39634146341463417,0.29878048780487804,0.1524390243902439,0.1524390243902439,"Higginbotham, Jake"
663978,1024,319,268,47,228,0.333642578125,0.3330601124915844,28,R,0.3122775800711744,0.2580071174377224,0.04937722419928826,0.222864768683274,0.29333333333333333,0.328,0.11051179126944305,0.1447566482689413,0.5275660569105691,0.2066819105691057,0.2625762195121951,0.0031758130081300812,"Paddack, Chris"
663986,885,273,181,79,253,0.310225988700565,0.2976755821469984,28,R,0.3096446700507614,0.20609137055837565,0.08883248730964467,0.2796954314720812,0.37333333333333335,0.336,0.14511173184357543,0.1553072625698324,0.5131728045325779,0.2732294617563739,0.20949008498583568,0.004107648725212465,"Stephan, Trevor"
663989,246,79,61,15,53,0.3443089430894309,0.333130348550358,29,L,0.3208092485549133,0.2398843930635838,0.06791907514450866,0.21820809248554912,0.28,0.312,0.125,0.18881856540084388,0.48830734966592426,0.4838530066815145,0.013919821826280624,0.013919821826280624,"Vespi, Nick"
663992,352,108,71,29,81,0.2990056818181818,0.30806726802380013,29,L,0.30973451327433627,0.20575221238938052,0.08296460176991151,0.22898230088495575,0.30666666666666664,0.304,0.11165783497350493,0.14080242240726723,0.5133752950432731,0.46380802517702596,0.012981904012588513,0.00983477576711251,"Lovelady, Richard"
664006,4,1,1,0,1,0.225,0.225,27,L,0.3173076923076923,0.22115384615384615,0.08173076923076923,0.22596153846153846,0.3103448275862069,0.3103448275862069,0.105,0.28,0.25,0.25,0.25,0.25,"Marciano, Joey"
664028,82,29,19,7,9,0.3542682926829268,0.34003062959627045,29,R,0.33516483516483514,0.22527472527472528,0.08516483516483517,0.17307692307692307,0.37333333333333335,0.34579439252336447,0.07926829268292683,0.13414634146341464,0.6069444444444444,0.08194444444444444,0.2763888888888889,0.034722222222222224,"Kennedy, Brett"
664042,203,72,44,26,35,0.35418719211822663,0.36779039304729694,28,R,0.3432343234323432,0.21782178217821782,0.11386138613861387,0.18976897689768976,0.38666666666666666,0.36,0.09182464454976304,0.1362559241706161,0.6756926952141058,0.22355163727959698,0.08501259445843828,0.015743073047858942,"Lakins, Travis"
664045,126,45,34,10,11,0.3813492063492063,0.3517818468983985,27,R,0.3407079646017699,0.24778761061946902,0.08185840707964602,0.14823008849557523,0.3333333333333333,0.36,0.06561922365988909,0.14417744916820702,0.46130346232179226,0.3594704684317719,0.15376782077393075,0.025458248472505093,"Eshelman, Thomas"
664048,6,2,1,1,2,0.325,0.325,29,R,0.32075471698113206,0.2169811320754717,0.08962264150943396,0.23113207547169812,0.3225806451612903,0.3225806451612903,0.105,0.28,0.25,0.25,0.25,0.25,"Wilcox, Kyle"
664054,164,51,37,13,46,0.3231707317073171,0.3141579746575198,30,R,0.3143939393939394,0.22348484848484848,0.08143939393939394,0.25946969696969696,0.29333333333333333,0.288,0.15069551777434312,0.1777434312210201,0.44974874371859297,0.4882747068676717,0.04103852596314908,0.020938023450586266,"Stashak, Cody"
664062,1235,348,226,111,281,0.2928744939271255,0.31672999551291786,29,R,0.2846441947565543,0.18576779026217227,0.08951310861423221,0.22734082397003746,0.3466666666666667,0.352,0.11584996975196613,0.1562815083686227,0.40018333672845796,0.33621918924424526,0.26105113057649215,0.0025463434508046444,"Gonsolin, Tony"
664074,178,68,56,11,36,0.42247191011235957,0.3462371466868383,27,R,0.3597122302158273,0.2805755395683453,0.07014388489208633,0.210431654676259,0.37333333333333335,0.336,0.10529556650246305,0.17733990147783252,0.5859580052493438,0.3038057742782152,0.09383202099737532,0.016404199475065617,"Ponce, Cody"
664076,561,190,112,68,157,0.32673796791443854,0.329873296214329,30,L,0.3358547655068079,0.2027231467473525,0.1157337367624811,0.27155824508320725,0.4,0.328,0.12301236749116608,0.15459363957597172,0.5697831978319783,0.4189250225835592,0.005645889792231256,0.005645889792231256,"Cleavinger, Garrett"
664079,42,15,9,6,8,0.31785714285714284,0.25651531292517005,30,L,0.33098591549295775,0.21830985915492956,0.10211267605633803,0.2147887323943662,0.34328358208955223,0.34328358208955223,0.10073260073260074,0.18315018315018314,0.6838565022421524,0.2040358744394619,0.05605381165919283,0.05605381165919283,"Jay, Tyler"
664082,11,6,3,2,1,0.5363636363636364,0.5363636363636364,29,L,0.34234234234234234,0.22522522522522523,0.0945945945945946,0.21171171171171171,0.3888888888888889,0.3888888888888889,0.09926470588235294,0.22058823529411767,0.42441860465116277,0.28488372093023256,0.14534883720930233,0.14534883720930233,"Boyle, Michael"
664092,270,90,63,23,64,0.3416666666666667,0.2966852228269426,30,R,0.32972972972972975,0.22972972972972974,0.08513513513513514,0.23378378378378378,0.29333333333333333,0.296,0.08301707779886149,0.12333965844402277,0.5642430278884463,0.35308764940239046,0.07021912350597609,0.01245019920318725,"Poppen, Sean"
664101,3,2,1,1,0,0.5333333333333333,0.5333333333333333,28,R,0.3300970873786408,0.22330097087378642,0.09223300970873786,0.21844660194174756,0.35714285714285715,0.35714285714285715,0.105,0.28,0.25,0.25,0.25,0.25,"Rogers, Blake"
664116,25,12,8,4,3,0.508,0.508,28,L,0.352,0.24,0.1,0.204,0.4,0.4,0.105,0.28,0.25,0.25,0.25,0.25,"Erwin, Zack"
664123,325,89,63,22,90,0.2703076923076923,0.2618680915655547,31,R,0.2847058823529412,0.2,0.07176470588235294,0.2647058823529412,0.29333333333333333,0.288,0.10696308724832215,0.16526845637583892,0.4724168126094571,0.37521891418563924,0.14141856392294222,0.010945709281961471,"Effross, Scott"
664126,686,190,120,65,220,0.2630466472303207,0.2601201851365645,31,R,0.2824427480916031,0.1806615776081425,0.09351145038167939,0.30852417302798985,0.26666666666666666,0.28,0.12788222774033345,0.13728272437034408,0.5408089563019141,0.43391115926327195,0.02076561935716865,0.00451426507764536,"Fairbanks, Pete"
664129,121,49,27,18,22,0.39214876033057855,0.3536251206873934,31,R,0.3665158371040724,0.22171945701357465,0.11990950226244344,0.20135746606334842,0.3466666666666667,0.376,0.09220532319391635,0.15399239543726237,0.6271008403361344,0.32037815126050423,0.026260504201680673,0.026260504201680673,"Hartlieb, Geoff"
664139,544,185,125,54,129,0.32941176470588235,0.3092109591180923,31,R,0.33695652173913043,0.22826086956521738,0.09704968944099379,0.23524844720496896,0.36,0.336,0.11575342465753424,0.15251141552511416,0.6707943925233645,0.2175233644859813,0.10537383177570094,0.006308411214953271,"Gibaut, Ian"
664141,1249,410,296,96,295,0.35508406725380304,0.33082388458962775,30,R,0.32765011119347665,0.2357301704966642,0.07746478873239436,0.23535952557449963,0.29333333333333333,0.336,0.12057426597582038,0.15651986183074265,0.48112178088171104,0.4573330423395897,0.05881711043212571,0.002728066346573549,"Brubaker, JT"
664144,15,2,1,1,4,0.13,0.13,30,R,0.2956521739130435,0.2,0.08260869565217391,0.23043478260869565,0.25,0.25,0.13405797101449277,0.26811594202898553,0.4375,0.24431818181818182,0.17613636363636365,0.14204545454545456,"Olczak, Jon"
664155,13,6,2,4,0,0.3538461538461538,0.3538461538461538,29,R,0.336283185840708,0.21238938053097345,0.11061946902654868,0.19911504424778761,0.3684210526315789,0.3684210526315789,0.08846153846153847,0.2384615384615385,0.40625,0.28125,0.15625,0.15625,"Griep, Nate"
664157,65,20,10,8,10,0.3069230769230769,0.33677040293040295,29,L,0.3151515151515151,0.19393939393939394,0.1,0.19696969696969696,0.32,0.3111111111111111,0.0920138888888889,0.14930555555555555,0.7415966386554622,0.15336134453781514,0.052521008403361345,0.052521008403361345,"Bergen, Travis"
664158,20,8,5,3,5,0.32999999999999996,0.32999999999999996,29,R,0.3333333333333333,0.225,0.09583333333333334,0.22916666666666666,0.35555555555555557,0.35555555555555557,0.08841463414634146,0.2073170731707317,0.4166666666666667,0.18859649122807018,0.2850877192982456,0.10964912280701754,"Eckelman, Matt"
664161,174,58,36,22,40,0.37011494252873567,0.34231371995287785,30,R,0.3284671532846715,0.2116788321167883,0.11131386861313869,0.2281021897810219,0.4,0.384,0.12871927554980594,0.1888745148771022,0.3796680497925311,0.5691562932226832,0.0338865836791148,0.017289073305670817,"Swarmer, Matt"
664192,393,126,86,36,80,0.32290076335877865,0.3336681829303202,31,L,0.3204868154158215,0.21906693711967545,0.09026369168356999,0.2079107505070994,0.37333333333333335,0.352,0.08420727945712524,0.13325107958050586,0.6807765754296626,0.292488860598345,0.018777848504137492,0.007956715467854869,"Lucchesi, Joey"
664196,19,5,5,0,1,0.23684210526315788,0.2855894736842105,28,R,0.31092436974789917,0.226890756302521,0.07142857142857142,0.19747899159663865,0.29545454545454547,0.29545454545454547,0.07621951219512195,0.21951219512195122,0.5219298245614035,0.2412280701754386,0.12719298245614036,0.10964912280701754,"Anderson, Tanner"
664199,713,235,183,48,166,0.34214586255259466,0.3119153472473709,31,R,0.3284132841328413,0.2521525215252153,0.06949569495694957,0.23185731857318573,0.3466666666666667,0.336,0.1192017259978425,0.17224020136641496,0.3985719516660564,0.4212742585133651,0.1752105455876968,0.004943244232881728,"Clarke, Taylor"
664202,83,26,17,8,22,0.3319277108433735,0.3461782723191841,30,R,0.31693989071038253,0.21311475409836064,0.09016393442622951,0.24316939890710382,0.32,0.3148148148148148,0.11699507389162561,0.14039408866995073,0.6165730337078652,0.037921348314606744,0.3103932584269663,0.0351123595505618,"Cyr, Tyler"
664208,1259,404,253,116,332,0.3175933280381255,0.3083866613249889,31,R,0.3208241353936718,0.20235467255334805,0.09161147902869757,0.2608535688005887,0.37333333333333335,0.328,0.14313131313131314,0.16242424242424242,0.4729591836734694,0.5215306122448979,0.0027551020408163266,0.0027551020408163266,"Maton, Phil"
664284,4,2,2,0,1,0.5375,0.5375,26,R,0.3269230769230769,0.23076923076923078,0.08173076923076923,0.22596153846153846,0.3448275862068966,0.3448275862068966,0.11842105263157894,0.26315789473684215,0.2734375,0.2265625,0.3046875,0.1953125,"Espinal, Carlos"
664285,3243,975,664,266,776,0.29794942954054887,0.3022331002421482,31,L,0.30122644331438825,0.20520490577325756,0.08211187556087347,0.23885731379000896,0.36,0.32,0.1140482752860603,0.14090035914140148,0.5100645810618133,0.3554893902541307,0.13339763482345046,0.0010483938606055522,"Valdez, Framber"
664294,454,130,84,39,131,0.303193832599119,0.2898950296719481,27,R,0.2924187725631769,0.19133574007220217,0.08574007220216606,0.2770758122743682,0.26666666666666666,0.264,0.1261785912368275,0.129783693843594,0.38419851682829437,0.466343411294923,0.14232743867655448,0.00713063320022818,"Moreta, Dauri"
664299,2064,596,360,213,571,0.2940164728682171,0.29682690264507083,27,R,0.2902033271719039,0.17652495378927913,0.10235674676524954,0.27426062846580407,0.38666666666666666,0.352,0.12671114689980445,0.14632462901184862,0.5762466736087006,0.3612750202475992,0.06103204905704038,0.0014462570866597246,"Javier, Cristian"
664301,5,2,1,1,1,0.39,0.39,28,R,0.3238095238095238,0.21904761904761905,0.09047619047619047,0.22380952380952382,0.3333333333333333,0.3333333333333333,0.105,0.28,0.25,0.25,0.25,0.25,"Charles, Wandisson"
664337,205,81,54,24,31,0.41926829268292687,0.41191203749475286,25,R,0.3704918032786885,0.24918032786885247,0.10655737704918032,0.17540983606557378,0.36,0.4,0.09938271604938272,0.16296296296296298,0.44802631578947366,0.3243421052631579,0.21118421052631578,0.01644736842105263,"Yajure, Miguel"
664350,179,64,45,15,22,0.358659217877095,0.3311350024504624,26,R,0.34408602150537637,0.24014336917562723,0.08422939068100359,0.15949820788530467,0.3333333333333333,0.336,0.06368221941992434,0.12484237074401008,0.6655450874831763,0.016823687752355317,0.30080753701211305,0.016823687752355317,"Sánchez, Sixto"
664351,43,18,12,6,9,0.3988372093023255,0.3801212540250447,28,R,0.34965034965034963,0.23776223776223776,0.10139860139860139,0.2202797202797203,0.38235294117647056,0.38235294117647056,0.1028225806451613,0.18951612903225806,0.4318181818181818,0.3661616161616162,0.1388888888888889,0.06313131313131314,"Contreras, Luis"
664353,1514,440,339,89,291,0.3163143989431968,0.3210376079840874,28,R,0.29244114002478316,0.22366790582403964,0.0604089219330855,0.19423791821561337,0.28,0.288,0.10973526900085397,0.14910333048676344,0.5435831180017227,0.2777777777777778,0.17648578811369509,0.002153316106804479,"Urquidy, José"
664584,59,21,19,1,15,0.3796610169491525,0.28434603318088064,27,R,0.3333333333333333,0.2578616352201258,0.059748427672955975,0.2358490566037736,0.36,0.34523809523809523,0.10869565217391304,0.20066889632107024,0.5200803212851406,0.2429718875502008,0.18674698795180722,0.050200803212851405,"Romero, Jhon"
664670,10,2,2,0,0,0.4,0.3571155555555555,26,R,0.3090909090909091,0.21818181818181817,0.07727272727272727,0.20454545454545456,0.2857142857142857,0.2857142857142857,0.0992063492063492,0.2619047619047619,0.2565789473684211,0.16447368421052633,0.4144736842105263,0.16447368421052633,"Lopez, Alejo"
664682,40,17,11,6,7,0.43875000000000003,0.2834808804824561,28,R,0.35,0.2357142857142857,0.10357142857142858,0.21071428571428572,0.38461538461538464,0.38461538461538464,0.11847389558232932,0.20883534136546184,0.5,0.31909547738693467,0.11809045226130653,0.06281407035175879,"Meisinger, Ryan"
664687,12,3,1,2,3,0.2833333333333333,0.2833333333333333,26,R,0.3125,0.20535714285714285,0.09375,0.22767857142857142,0.2972972972972973,0.2972972972972973,0.1446280991735537,0.2809917355371901,0.2746478873239437,0.3732394366197183,0.176056338028169,0.176056338028169,"Feltman, Durbin"
664691,1,1,0,1,0,0.7,0.7,25,L,0.32673267326732675,0.21782178217821782,0.09405940594059406,0.22277227722772278,0.34615384615384615,0.34615384615384615,0.105,0.28,0.25,0.25,0.25,0.25,"Alston, Garvin"
664714,68,24,20,4,16,0.4345588235294118,0.35714812138117386,25,R,0.3333333333333333,0.25,0.0744047619047619,0.22916666666666666,0.3466666666666667,0.34408602150537637,0.11569148936170212,0.1622340425531915,0.5291411042944786,0.19478527607361965,0.23773006134969324,0.03834355828220859,"Newsome, Ljay"
664744,13,4,0,4,4,0.21538461538461537,0.21883123076923078,26,R,0.3185840707964602,0.19469026548672566,0.11061946902654868,0.2345132743362832,0.3157894736842105,0.3157894736842105,0.132,0.272,0.32666666666666666,0.2733333333333333,0.23333333333333334,0.16666666666666666,"Espada, Jose"
664747,832,254,125,106,239,0.28509615384615383,0.2918349580624102,28,R,0.30686695278969955,0.157725321888412,0.12285407725321888,0.2805793991416309,0.29333333333333333,0.32,0.14032697547683923,0.15410233121404784,0.5627113433753458,0.42960344297571473,0.00384260682446972,0.00384260682446972,"Díaz, Alexis"
664776,460,154,77,64,146,0.30793478260869567,0.31398074507142054,30,R,0.33214285714285713,0.1767857142857143,0.12946428571428573,0.30089285714285713,0.38666666666666666,0.336,0.15055762081784388,0.18321826872012745,0.38161483906164756,0.6014729950900164,0.010092744135297326,0.006819421713038734,"Cousins, Jake"
664784,1,0,0,0,0,0.0,0.0,28,R,0.31683168316831684,0.21782178217821782,0.08415841584158416,0.22277227722772278,0.3076923076923077,0.3076923076923077,0.10747663551401869,0.2710280373831776,0.2719298245614035,0.2719298245614035,0.23684210526315788,0.21929824561403508,"Klimek, Steven"
664789,4,1,1,0,0,0.225,0.08574999999999999,27,R,0.3173076923076923,0.22115384615384615,0.08173076923076923,0.21634615384615385,0.3103448275862069,0.3103448275862069,0.09583333333333334,0.25833333333333336,0.45,0.19285714285714287,0.17857142857142858,0.17857142857142858,"Tom, Ka'ai"
664849,263,88,52,25,73,0.30950570342205325,0.3282411336793067,30,L,0.3305785123966942,0.20385674931129477,0.09228650137741047,0.2630853994490358,0.37333333333333335,0.352,0.11066666666666666,0.1537777777777778,0.4702325581395349,0.5037209302325582,0.01441860465116279,0.011627906976744186,"Young, Danny"
664852,13,6,3,3,3,0.5384615384615384,0.4311737243753689,29,R,0.336283185840708,0.22123893805309736,0.10176991150442478,0.22566371681415928,0.3684210526315789,0.3684210526315789,0.13354037267080746,0.22981366459627328,0.49099099099099097,0.15765765765765766,0.23873873873873874,0.11261261261261261,"Flaa, Jay"
664854,906,243,147,94,291,0.2498344370860927,0.2642839588556345,30,R,0.27335984095427435,0.1679920477137177,0.10188866799204771,0.3116302186878728,0.22666666666666666,0.272,0.1593697713329615,0.15588399330730618,0.527856334841629,0.4565893665158371,0.01201923076923077,0.0035350678733031674,"Helsley, Ryan"
664871,50,17,13,3,8,0.35200000000000004,0.37052973333333333,29,R,0.32666666666666666,0.23333333333333334,0.07666666666666666,0.20333333333333334,0.3333333333333333,0.3333333333333333,0.07435897435897436,0.2205128205128205,0.4793103448275862,0.3482758620689655,0.08620689655172414,0.08620689655172414,"Dowdy, Kyle"
664874,2,0,0,0,0,0.0,0.0385,30,R,0.3137254901960784,0.21568627450980393,0.08333333333333333,0.22058823529411764,0.2962962962962963,0.2962962962962963,0.09905660377358491,0.2735849056603774,0.33035714285714285,0.22321428571428573,0.22321428571428573,0.22321428571428573,"Zavala, Seby"
664875,939,352,219,116,206,0.3552715654952077,0.33243563066112797,30,R,0.3695861405197305,0.23195380173243504,0.11982675649663138,0.21992300288739172,0.4266666666666667,0.416,0.09714045416316232,0.12811886739557052,0.5531703156098948,0.43943702018765995,0.0035541654819448393,0.0038384987205004263,"Lawrence, Justin"
664901,24,13,12,0,1,0.6145833333333334,0.36806740025252527,31,R,0.3629032258064516,0.27419354838709675,0.06854838709677419,0.18951612903225806,0.42857142857142855,0.42857142857142855,0.08630952380952381,0.25595238095238093,0.5805084745762712,0.1059322033898305,0.2076271186440678,0.1059322033898305,"Mendick, Danny"
664910,17,6,4,2,1,0.37941176470588234,0.37941176470588234,29,R,0.3247863247863248,0.2222222222222222,0.08974358974358974,0.20085470085470086,0.3333333333333333,0.3333333333333333,0.10211267605633803,0.22535211267605634,0.4076086956521739,0.23369565217391305,0.22282608695652173,0.1358695652173913,"Cozart, Logan"
664918,155,57,30,22,36,0.3893548387096774,0.33885462850769493,28,R,0.34901960784313724,0.20392156862745098,0.11960784313725491,0.22941176470588234,0.32,0.376,0.09748010610079576,0.15119363395225463,0.5348011363636364,0.4296875,0.01775568181818182,0.01775568181818182,"Keller, Kyle"
664942,126,49,36,13,16,0.38095238095238093,0.3790803484863956,30,R,0.3584070796460177,0.25663716814159293,0.09513274336283185,0.17035398230088494,0.4,0.432,0.08017241379310344,0.15,0.5745283018867925,0.3292452830188679,0.07264150943396226,0.02358490566037736,"Naile, James"
664944,64,28,21,6,18,0.45625,0.36128704105052717,30,L,0.36585365853658536,0.2621951219512195,0.08841463414634146,0.24695121951219512,0.41333333333333333,0.4044943820224719,0.09180790960451977,0.12994350282485875,0.42598684210526316,0.3305921052631579,0.20230263157894737,0.04111842105263158,"Vieaux, Cam"
664948,455,150,114,34,100,0.3486813186813187,0.3301181551123554,30,L,0.3279279279279279,0.24504504504504504,0.07657657657657657,0.22072072072072071,0.4,0.352,0.11575112107623318,0.16423766816143498,0.6681084198385236,0.31747404844290655,0.00720876585928489,0.00720876585928489,"Misiewicz, Anthony"
665001,208,72,50,17,40,0.3742788461538461,0.34162361034306876,32,R,0.33766233766233766,0.23376623376623376,0.08279220779220779,0.20292207792207792,0.3466666666666667,0.344,0.09417808219178082,0.17123287671232876,0.5817191283292978,0.34685230024213076,0.056295399515738496,0.01513317191283293,"Kelley, Trevor"
665019,54,23,18,5,2,0.4046296296296297,0.4065153400167084,28,R,0.35714285714285715,0.2597402597402597,0.08766233766233766,0.1590909090909091,0.37333333333333335,0.3924050632911392,0.04285714285714286,0.2530612244897959,0.09487179487179487,0.0641025641025641,0.7769230769230769,0.0641025641025641,"Clemens, Kody"
665048,131,45,26,18,15,0.332442748091603,0.36127802692238703,31,R,0.3333333333333333,0.2077922077922078,0.11471861471861472,0.16233766233766234,0.3466666666666667,0.368,0.09247967479674797,0.16260162601626016,0.4830316742081448,0.02828054298642534,0.4604072398190045,0.02828054298642534,"Harris, Hobie"
665152,2189,699,508,174,446,0.3363864778437643,0.34211284765527583,28,R,0.3193534294451726,0.23154215814766274,0.07972913936216688,0.20467453036260375,0.26666666666666666,0.28,0.09772083136513934,0.13804912612187056,0.7315870753148016,0.12455452601568068,0.14237348538845332,0.0014849132810643858,"Kremer, Dean"
665155,9,4,4,0,1,0.4388888888888889,0.36254421768707473,25,R,0.3302752293577982,0.23853211009174313,0.0779816513761468,0.21559633027522937,0.35294117647058826,0.35294117647058826,0.10465116279069768,0.26356589147286824,0.5253164556962026,0.15822784810126583,0.15822784810126583,0.15822784810126583,"Maton, Nick"
665167,13,3,2,1,3,0.19230769230769232,0.19230769230769232,28,R,0.30973451327433627,0.21238938053097345,0.084070796460177,0.22566371681415928,0.2894736842105263,0.2894736842105263,0.11637931034482758,0.25000000000000006,0.2803030303030303,0.3409090909090909,0.1893939393939394,0.1893939393939394,"Dipoto, Jonah"
665178,12,6,4,2,4,0.6,0.6,28,L,0.3392857142857143,0.23214285714285715,0.09375,0.23660714285714285,0.3783783783783784,0.3783783783783784,0.11328125,0.2578125,0.3782051282051282,0.1858974358974359,0.27564102564102566,0.16025641025641027,"Labaut, Randy"
665417,6,0,0,0,1,0.0,0.0,30,L,0.3018867924528302,0.20754716981132076,0.08018867924528301,0.22169811320754718,0.25806451612903225,0.25806451612903225,0.105,0.28,0.25,0.25,0.25,0.25,"Kubat, Kyle"
665600,6,3,3,0,0,0.5666666666666667,0.5666666666666667,25,R,0.330188679245283,0.2358490566037736,0.08018867924528301,0.21226415094339623,0.3548387096774194,0.3548387096774194,0.105,0.28,0.25,0.25,0.25,0.25,"De La Cruz, Jasseel"
665620,224,77,43,31,43,0.33705357142857145,0.34058817517221746,25,R,0.33641975308641975,0.2006172839506173,0.12191358024691358,0.2021604938271605,0.3466666666666667,0.352,0.10792492179353493,0.14389989572471323,0.5528052805280528,0.2810781078107811,0.15236523652365236,0.013751375137513752,"García, Deivi"
665621,249,74,48,20,53,0.3192771084337349,0.39282100795676134,25,R,0.3037249283667622,0.20057306590257878,0.08166189111747851,0.2163323782234957,0.29333333333333333,0.312,0.08203125,0.13020833333333334,0.5639745916515426,0.3144283121597096,0.11025408348457351,0.011343012704174229,"García, Rony"
665622,675,238,152,77,138,0.35088888888888886,0.33552806911678884,25,R,0.34838709677419355,0.22451612903225807,0.11032258064516129,0.20709677419354838,0.37333333333333335,0.368,0.10325497287522604,0.1403254972875226,0.5548802946593002,0.35230202578268877,0.08821362799263352,0.004604051565377533,"Medina, Luis"
665625,610,206,136,63,125,0.3315573770491803,0.3120284014033313,27,R,0.3352112676056338,0.22253521126760564,0.10070422535211268,0.20774647887323944,0.3333333333333333,0.344,0.12312113174182139,0.1861184792219275,0.4816907775768535,0.5070072332730561,0.005650994575045208,0.005650994575045208,"Peguero, Elvis"
665645,146,51,32,18,35,0.3256849315068493,0.32843122077766024,24,R,0.33739837398373984,0.21951219512195122,0.10772357723577236,0.23373983739837398,0.29333333333333333,0.368,0.11848739495798319,0.16134453781512606,0.6944954128440367,0.25963302752293577,0.022935779816513763,0.022935779816513763,"Castro, Kervin"
665660,8,2,1,1,3,0.2,0.2,25,R,0.3148148148148148,0.21296296296296297,0.08796296296296297,0.2361111111111111,0.30303030303030304,0.30303030303030304,0.10227272727272728,0.25757575757575757,0.4573170731707317,0.23780487804878048,0.1524390243902439,0.1524390243902439,"Alvarado, Elvis"
665661,22,7,4,2,1,0.3090909090909091,0.35928223351158645,27,R,0.319672131147541,0.21311475409836064,0.0860655737704918,0.19262295081967212,0.3191489361702128,0.3191489361702128,0.06318681318681318,0.18681318681318682,0.39015151515151514,0.17803030303030304,0.3371212121212121,0.0946969696969697,"Spitzbarth, Shea"
665665,403,142,100,41,77,0.35049627791563276,0.2986491131607498,27,L,0.34592445328031807,0.24254473161033796,0.09840954274353876,0.1978131212723658,0.36,0.352,0.10696670776818742,0.17694204685573367,0.4163486005089059,0.24650127226463103,0.3291984732824427,0.007951653944020356,"Sanmartin, Reiver"
665733,46,14,9,5,10,0.29891304347826086,0.2882358295194508,25,R,0.3150684931506849,0.21232876712328766,0.09246575342465753,0.2226027397260274,0.30985915492957744,0.30985915492957744,0.08514492753623189,0.17391304347826086,0.5464601769911505,0.24557522123893805,0.15265486725663716,0.05530973451327434,"Santos, Antonio"
665734,74,27,8,17,20,0.2966216216216216,0.31659113513513515,26,R,0.3390804597701149,0.1724137931034483,0.14655172413793102,0.2442528735632184,0.3333333333333333,0.35353535353535354,0.12264150943396226,0.15363881401617252,0.5218068535825545,0.338006230529595,0.10124610591900311,0.03894080996884735,"Felipe, Angel"
665759,35,13,10,3,7,0.41,0.3890397293539972,25,R,0.3333333333333333,0.23703703703703705,0.08518518518518518,0.21851851851851853,0.35,0.35,0.09631147540983606,0.20491803278688525,0.5025773195876289,0.327319587628866,0.1056701030927835,0.06443298969072164,"Rosso, Ramón"
665795,1308,426,232,172,341,0.3198776758409786,0.32016584177588936,26,R,0.3252840909090909,0.18039772727272727,0.12819602272727273,0.25816761363636365,0.30666666666666664,0.28,0.12347143639350247,0.16882642818032487,0.36148461963529194,0.3263031865905323,0.30990974396758153,0.002302449806594216,"Cabrera, Edward"
665813,4,1,1,0,1,0.5,0.5,24,R,0.3173076923076923,0.22115384615384615,0.08173076923076923,0.22596153846153846,0.3103448275862069,0.3103448275862069,0.105,0.28,0.25,0.25,0.25,0.25,"Filpo, Eris"
665828,3,2,0,2,0,0.4666666666666666,0.5034206666666666,25,R,0.3300970873786408,0.21359223300970873,0.10194174757281553,0.21844660194174756,0.35714285714285715,0.35714285714285715,0.09375,0.25000000000000006,0.3467741935483871,0.20161290322580644,0.25,0.20161290322580644,"Cabrera, Oswaldo"
665854,157,62,33,26,34,0.37261146496815284,0.3496976342653188,24,R,0.3657587548638132,0.2140077821011673,0.13424124513618677,0.2198443579766537,0.29333333333333333,0.4,0.10627674750356633,0.1383737517831669,0.49078341013824883,0.41397849462365593,0.07603686635944701,0.019201228878648235,"Oviedo, Luis"
665871,1304,421,284,128,261,0.32526840490797543,0.33553743462465657,27,R,0.32264957264957267,0.21794871794871795,0.09722222222222222,0.20192307692307693,0.38666666666666666,0.36,0.07572449384676459,0.12822548630408892,0.7498997594226142,0.1985765838011227,0.049017642341619885,0.0025060144346431435,"Assad, Javier"
665896,224,85,44,40,49,0.3685267857142857,0.35580250168830435,28,R,0.3611111111111111,0.2037037037037037,0.14969135802469136,0.22067901234567902,0.30666666666666664,0.344,0.09332638164754953,0.13555787278415016,0.7101210121012101,0.18316831683168316,0.09295929592959296,0.013751375137513752,"Marte, José"
665996,27,12,3,9,8,0.3333333333333333,0.3333333333333333,25,L,0.3464566929133858,0.1968503937007874,0.1377952755905512,0.24015748031496062,0.38461538461538464,0.38461538461538464,0.10683760683760683,0.25641025641025644,0.39552238805970147,0.23134328358208955,0.1865671641791045,0.1865671641791045,"Mosqueda, Oddanier"
666005,1,0,0,0,0,0.0,0.0,25,R,0.31683168316831684,0.21782178217821782,0.08415841584158416,0.22277227722772278,0.3076923076923077,0.3076923076923077,0.105,0.28,0.25,0.25,0.25,0.25,"Sotillet, Andres"
666120,1131,364,241,119,246,0.31998231653404063,0.3206626595544853,24,R,0.32168968318440294,0.21364744110479286,0.10357432981316003,0.21811535337124288,0.3333333333333333,0.344,0.12069721552291164,0.15281736461302345,0.4709598758590113,0.19940146309022388,0.3268676568388384,0.0027710042119264023,"Anderson, Ian"
666121,11,5,2,3,2,0.46818181818181814,0.46818181818181814,26,R,0.3333333333333333,0.21621621621621623,0.1036036036036036,0.22072072072072071,0.3611111111111111,0.3611111111111111,0.09130434782608696,0.2521739130434783,0.34615384615384615,0.2230769230769231,0.23846153846153847,0.19230769230769232,"Baum, Tyler"
666122,6,3,1,2,3,0.3833333333333333,0.3833333333333333,27,L,0.330188679245283,0.2169811320754717,0.09905660377358491,0.24056603773584906,0.3548387096774194,0.3548387096774194,0.10964912280701754,0.24561403508771934,0.3515625,0.2578125,0.1953125,0.1953125,"Belge, Jeff"
666123,2,1,0,1,0,0.35,0.35,26,R,0.3235294117647059,0.21568627450980393,0.09313725490196079,0.22058823529411764,0.3333333333333333,0.3333333333333333,0.1,0.2666666666666667,0.3,0.22727272727272727,0.24545454545454545,0.22727272727272727,"Bergner, Austin"
666129,1385,440,332,80,323,0.3301805054151625,0.33062662082177996,27,L,0.3178451178451178,0.2383838383838384,0.0595959595959596,0.23265993265993265,0.28,0.288,0.11045970593709287,0.15987344128047645,0.5330640616193876,0.3662408416306594,0.09834679691903062,0.0023482998309224123,"Garrett, Braxton"
666130,22,9,5,3,4,0.4227272727272728,0.4227272727272728,25,L,0.3360655737704918,0.22131147540983606,0.0942622950819672,0.21721311475409835,0.3617021276595745,0.3617021276595745,0.105,0.28,0.25,0.25,0.25,0.25,"Groome, Jay"
666142,1453,436,289,138,402,0.2964211975223675,0.2946184942283757,27,L,0.3013522215067611,0.20025756600128783,0.09433354797166774,0.2733419188667096,0.28,0.304,0.13856152512998268,0.15389948006932408,0.5418706293706294,0.21092657342657342,0.2450174825174825,0.0021853146853146855,"Ragans, Cole"
666149,14,6,6,0,0,0.4107142857142857,0.322243842364532,27,R,0.3333333333333333,0.24561403508771928,0.07456140350877193,0.19736842105263158,0.358974358974359,0.358974358974359,0.07720588235294118,0.2426470588235294,0.5290697674418605,0.14534883720930233,0.18023255813953487,0.14534883720930233,"Fitzgerald, Tyler"
666151,5,2,1,1,0,0.39,0.39,27,R,0.3238095238095238,0.21904761904761905,0.09047619047619047,0.21428571428571427,0.3333333333333333,0.3333333333333333,0.1134453781512605,0.2689075630252101,0.32608695652173914,0.3115942028985507,0.18115942028985507,0.18115942028985507,"Gowdy, Kevin"
666154,187,66,46,16,20,0.3614973262032085,0.3676415021437046,26,R,0.34146341463414637,0.23693379790940766,0.08536585365853659,0.1480836236933798,0.3466666666666667,0.336,0.08029689608636977,0.1794871794871795,0.6041968162083936,0.18451519536903038,0.19319826338639653,0.01808972503617945,"Kauffmann, Karl"
666157,1195,398,256,96,327,0.3351882845188285,0.30916461130875705,26,L,0.33204633204633205,0.21467181467181468,0.0806949806949807,0.2698841698841699,0.37333333333333335,0.352,0.12396788990825688,0.15435779816513762,0.5634570765661253,0.29779582366589324,0.13561484918793504,0.0031322505800464038,"Lodolo, Nick"
666159,1208,376,271,96,206,0.3215645695364238,0.3411353805175411,26,R,0.3119266055045872,0.22400611620795108,0.07989296636085627,0.17469418960244648,0.41333333333333333,0.36,0.08677328722714502,0.11886751674951372,0.5469740004369674,0.3678173476076032,0.08247760541839633,0.002731046537032991,"Manning, Matt"
666163,11,5,3,2,1,0.5045454545454545,0.44633882875264275,27,R,0.3333333333333333,0.22522522522522523,0.0945945945945946,0.21171171171171171,0.3611111111111111,0.3611111111111111,0.08455882352941177,0.25735294117647056,0.38953488372093026,0.14534883720930233,0.31976744186046513,0.14534883720930233,"Rortvedt, Ben"
666168,510,183,124,50,91,0.34568627450980394,0.3229788071242952,25,R,0.3524590163934426,0.23934426229508196,0.0959016393442623,0.1860655737704918,0.44,0.416,0.09015069967707212,0.1426264800861141,0.697179203539823,0.28235619469026546,0.013550884955752213,0.006913716814159292,"Thompson, Mason"
666171,70,19,9,8,18,0.22642857142857142,0.24354341428571427,26,R,0.3,0.18235294117647058,0.09705882352941177,0.23823529411764705,0.24,0.28421052631578947,0.125,0.18506493506493507,0.7073643410852714,0.19573643410852712,0.04844961240310078,0.04844961240310078,"Zeferjahn, Ryan"
666197,3,0,0,0,0,0.0,0.3649047619047619,27,R,0.3106796116504854,0.21359223300970873,0.0825242718446602,0.21844660194174756,0.2857142857142857,0.2857142857142857,0.0945945945945946,0.2612612612612613,0.38524590163934425,0.20491803278688525,0.20491803278688525,0.20491803278688525,"Kessinger, Grae"
666199,6,3,3,0,1,0.5083333333333333,0.5083333333333333,25,R,0.330188679245283,0.2358490566037736,0.08018867924528301,0.22169811320754718,0.3548387096774194,0.3548387096774194,0.105,0.28,0.25,0.25,0.25,0.25,"Linginfelter, Zach"
666200,1950,601,422,165,508,0.3255384615384615,0.31500171062311016,27,L,0.30878048780487805,0.21658536585365853,0.08463414634146342,0.25878048780487806,0.37333333333333335,0.352,0.1386651323360184,0.15778033499552488,0.4915068845708403,0.2948783940290825,0.21200617681122122,0.0016085445888560032,"Luzardo, Jesús"
666201,1882,567,352,165,438,0.29922954303931987,0.3048945746538358,26,R,0.3022199798183653,0.18869828456104945,0.08753784056508578,0.23234106962663975,0.28,0.288,0.11149378714208535,0.14802809292274446,0.6005575197171608,0.28073157465324994,0.11701115039434322,0.0016997552352461245,"Manoah, Alek"
666202,2,0,0,0,0,0.0,0.0,27,L,0.3137254901960784,0.21568627450980393,0.08333333333333333,0.22058823529411764,0.2962962962962963,0.2962962962962963,0.10096153846153846,0.27884615384615385,0.25,0.26851851851851855,0.25,0.23148148148148148,"Miller, Mitch"
666204,409,125,61,63,92,0.30110024449877754,0.30281318556279546,31,R,0.30844793713163066,0.16306483300589392,0.14047151277013753,0.224950884086444,0.3466666666666667,0.352,0.11646981627296588,0.13517060367454067,0.3748303934871099,0.594640434192673,0.021370420624151967,0.009158751696065129,"Jiménez, Dany"
666205,886,325,236,83,165,0.3743792325056433,0.36830360428231457,27,L,0.3620689655172414,0.2616632860040568,0.09279918864097363,0.19016227180527384,0.32,0.296,0.1062041564792176,0.12683374083129584,0.4933271260086903,0.430943513345748,0.07184978274363749,0.0038795779019242705,"Muller, Kyle"
666207,36,19,7,10,11,0.4791666666666667,0.3971215760921178,27,R,0.375,0.21323529411764705,0.13602941176470587,0.24632352941176472,0.4426229508196721,0.4426229508196721,0.08687258687258688,0.1583011583011583,0.3708133971291866,0.5095693779904307,0.05980861244019139,0.05980861244019139,"Pint, Riley"
666208,20,10,4,6,6,0.43,0.3825490547619047,26,R,0.35,0.21666666666666667,0.12083333333333333,0.2375,0.4,0.4,0.11029411764705882,0.22549019607843138,0.275974025974026,0.5616883116883117,0.08116883116883117,0.08116883116883117,"Speas, Alex"
666214,992,339,235,98,216,0.35912298387096775,0.3362678919074285,27,L,0.33974358974358976,0.23534798534798534,0.09752747252747253,0.2184065934065934,0.28,0.272,0.1136979551613698,0.1406750431140675,0.6853330007483163,0.13856323272636567,0.17298578199052134,0.003117984534796707,"Wentz, Joey"
666215,20,9,5,3,5,0.42750000000000005,0.37552925000000004,27,R,0.3416666666666667,0.225,0.09583333333333334,0.22916666666666666,0.37777777777777777,0.37777777777777777,0.09020618556701031,0.19072164948453607,0.5659722222222222,0.2326388888888889,0.11458333333333333,0.08680555555555555,"Whitley, Forrest"
666277,373,120,75,36,84,0.335254691689008,0.34469254900922536,25,R,0.321353065539112,0.20507399577167018,0.09408033826638477,0.2251585623678647,0.30666666666666664,0.32,0.11566186107470511,0.14220183486238533,0.40819783197831977,0.37974254742547425,0.2035907859078591,0.008468834688346883,"Soriano, George"
666301,13,6,4,2,3,0.4115384615384615,0.4115384615384615,25,R,0.336283185840708,0.23008849557522124,0.09292035398230089,0.22566371681415928,0.3684210526315789,0.3684210526315789,0.10384615384615385,0.21538461538461542,0.48125,0.19375,0.16875,0.15625,"Diaz, Indigo"
666364,120,44,30,14,17,0.3729166666666667,0.36534597111602685,26,R,0.34545454545454546,0.23636363636363636,0.10227272727272728,0.17954545454545454,0.4,0.368,0.08266932270916334,0.1394422310756972,0.44579646017699115,0.41482300884955753,0.11172566371681415,0.02765486725663717,"Balazovic, Jordan"
666374,589,192,119,65,190,0.3,0.29682019724498904,25,R,0.3251088534107402,0.204644412191582,0.10667634252539913,0.3084179970972424,0.30666666666666664,0.304,0.14507667473769167,0.15980629539951574,0.3803542009884679,0.6052306425041186,0.009266886326194398,0.00514827018121911,"Brash, Matt"
666563,12,6,3,3,2,0.39999999999999997,0.39999999999999997,29,L,0.3392857142857143,0.22321428571428573,0.10267857142857142,0.21875,0.3783783783783784,0.3783783783783784,0.08940397350993377,0.2185430463576159,0.3811881188118812,0.23267326732673269,0.2623762376237624,0.12376237623762376,"Singer, Jeff"
666619,374,121,89,25,81,0.31737967914438503,0.2919798865316478,25,R,0.3227848101265823,0.23417721518987342,0.07067510548523206,0.21835443037974683,0.29333333333333333,0.32,0.1258158085569253,0.16678752719361856,0.44507148231753196,0.5225733634311512,0.02294958615500376,0.009405568096313018,"Santos, Gregory"
666659,1,0,0,0,0,0.0,0.0,25,R,0.31683168316831684,0.21782178217821782,0.08415841584158416,0.22277227722772278,0.3076923076923077,0.3076923076923077,0.10294117647058823,0.2843137254901961,0.25961538461538464,0.25961538461538464,0.2403846153846154,0.2403846153846154,"Lao, Sauryn"
666661,9,5,2,3,0,0.5333333333333333,0.5333333333333333,24,R,0.3394495412844037,0.22018348623853212,0.10550458715596331,0.20642201834862386,0.38235294117647056,0.38235294117647056,0.10661764705882353,0.22794117647058826,0.4127906976744186,0.23837209302325582,0.20348837209302326,0.14534883720930233,"Morillo, Juan"
666673,9,5,3,2,1,0.7333333333333333,0.7333333333333333,27,R,0.3394495412844037,0.22935779816513763,0.0963302752293578,0.21559633027522937,0.38235294117647056,0.38235294117647056,0.105,0.28,0.25,0.25,0.25,0.25,"Acosta, Melvi"
666711,9,5,5,0,0,0.6222222222222222,0.6222222222222222,25,R,0.3394495412844037,0.24770642201834864,0.0779816513761468,0.20642201834862386,0.38235294117647056,0.38235294117647056,0.11274509803921569,0.27450980392156865,0.27884615384615385,0.2403846153846154,0.2403846153846154,0.2403846153846154,"Peguero, Joel"
666720,198,74,52,20,41,0.3977272727272727,0.3692860048598903,27,R,0.35570469798657717,0.2483221476510067,0.09563758389261745,0.21308724832214765,0.36,0.384,0.10251798561151079,0.13788968824940048,0.5491071428571429,0.32971938775510207,0.10522959183673469,0.01594387755102041,"Rodríguez, Yerry"
666721,279,95,65,25,52,0.34605734767025087,0.3515265105097572,25,R,0.33509234828496043,0.22955145118733508,0.08839050131926121,0.19656992084432717,0.3466666666666667,0.36,0.09369885433715221,0.1685761047463175,0.4543515358361775,0.23165529010238908,0.3033276450511945,0.010665529010238909,"Castillo, Max"
666745,600,183,137,41,111,0.3155,0.31746493292712913,26,R,0.30714285714285716,0.22714285714285715,0.07071428571428572,0.19071428571428573,0.3466666666666667,0.312,0.09327217125382263,0.14591524683267804,0.48972755694506476,0.198079499776686,0.3057168378740509,0.006476105404198303,"Brito, Jhony"
666785,4,0,0,0,1,0.225,0.225,25,R,0.3076923076923077,0.21153846153846154,0.08173076923076923,0.22596153846153846,0.27586206896551724,0.27586206896551724,0.12053571428571429,0.2767857142857143,0.33064516129032256,0.2661290322580645,0.20161290322580644,0.20161290322580644,"Chirino, Harold"
666803,2,0,0,0,1,0.0,0.0,25,R,0.3137254901960784,0.21568627450980393,0.08333333333333333,0.23039215686274508,0.2962962962962963,0.2962962962962963,0.11165048543689321,0.2718446601941748,0.29245283018867924,0.2358490566037736,0.2358490566037736,0.2358490566037736,"Garcia, Oliver"
666808,993,305,185,104,299,0.29290030211480367,0.2752471510700141,27,R,0.3083257090576395,0.18938700823421775,0.10292772186642268,0.29414455626715463,0.32,0.352,0.14312453206887946,0.15697529323683554,0.5399292393227192,0.45375284306292646,0.0031589588071771544,0.0031589588071771544,"Doval, Camilo"
666818,363,145,88,54,74,0.3852617079889807,0.36374287016125617,26,R,0.38228941684665224,0.23758099352051837,0.13498920086393087,0.2084233261339093,0.44,0.36,0.11153314917127072,0.15814917127071823,0.7535765379113019,0.1984978540772532,0.03898426323319027,0.00894134477825465,"Frías, Luis"
666974,675,214,150,59,160,0.3057037037037037,0.29940792393639587,30,R,0.3174193548387097,0.22193548387096773,0.08709677419354839,0.23548387096774193,0.32,0.32,0.11722947045280123,0.17075978511128165,0.5651408450704225,0.15747261345852895,0.2724960876369327,0.004890453834115806,"Cano, Yennier"
667176,5,1,1,0,0,0.18,0.18,29,R,0.3142857142857143,0.21904761904761905,0.08095238095238096,0.21428571428571427,0.3,0.3,0.10454545454545454,0.26363636363636367,0.325,0.225,0.24166666666666667,0.20833333333333334,"Black, Grant"
667280,6,1,1,0,3,0.15,0.15,25,L,0.3113207547169811,0.2169811320754717,0.08018867924528301,0.24056603773584906,0.2903225806451613,0.2903225806451613,0.12393162393162394,0.28205128205128205,0.3208955223880597,0.291044776119403,0.20149253731343283,0.1865671641791045,"Misiaszek, Andrew"
667297,414,139,88,43,106,0.3356280193236715,0.3246154797820574,33,R,0.3326848249027237,0.2140077821011673,0.10019455252918288,0.25,0.30666666666666664,0.312,0.11264579496623696,0.13321055862492326,0.46326789107029764,0.5208993033565548,0.007916402786573781,0.007916402786573781,"Nance, Tommy"
667339,7,1,1,0,3,0.2285714285714286,0.2285714285714286,26,R,0.308411214953271,0.21495327102803738,0.0794392523364486,0.2383177570093458,0.28125,0.28125,0.105,0.28,0.25,0.25,0.25,0.25,"Dominguez, Johan"
667355,2,0,0,0,0,0.0,0.0,26,R,0.3137254901960784,0.21568627450980393,0.08333333333333333,0.22058823529411764,0.2962962962962963,0.2962962962962963,0.105,0.28,0.25,0.25,0.25,0.25,"Martinez, Joan"
667373,27,6,2,4,5,0.2037037037037037,0.2941702244008714,25,R,0.2992125984251969,0.1889763779527559,0.0984251968503937,0.21653543307086615,0.2692307692307692,0.2692307692307692,0.07674418604651163,0.20465116279069767,0.44545454545454544,0.2636363636363636,0.21515151515151515,0.07575757575757576,"Rondón, Angel"
667376,198,66,39,25,38,0.3323232323232323,0.3274149487533568,29,R,0.3288590604026846,0.20469798657718122,0.11241610738255034,0.20302013422818793,0.3333333333333333,0.312,0.12868117797695264,0.19078104993597952,0.37277701778385774,0.11285909712722299,0.49726402188782487,0.01709986320109439,"Sánchez, Miguel"
667407,3,0,0,0,0,0.0,0.0,26,R,0.3106796116504854,0.21359223300970873,0.0825242718446602,0.21844660194174756,0.2857142857142857,0.2857142857142857,0.105,0.28,0.25,0.25,0.25,0.25,"Plunkett, Zack"
667414,15,8,4,4,2,0.5466666666666666,0.5466666666666666,28,R,0.34782608695652173,0.22608695652173913,0.10869565217391304,0.21304347826086956,0.4,0.4,0.1125,0.2416666666666667,0.40714285714285714,0.22142857142857142,0.19285714285714287,0.17857142857142858,"Scroggins, Cody"
667421,9,4,3,1,3,0.6611111111111111,0.6611111111111111,27,R,0.3302752293577982,0.22935779816513763,0.0871559633027523,0.23394495412844038,0.35294117647058826,0.35294117647058826,0.08898305084745763,0.24576271186440682,0.3161764705882353,0.3161764705882353,0.18382352941176472,0.18382352941176472,"Knight, Blaine"
667427,338,110,57,51,108,0.28535502958579884,0.2983641066215348,30,R,0.3242009132420091,0.18036529680365296,0.1358447488584475,0.2979452054794521,0.29333333333333333,0.32,0.12313697657913414,0.14620298083747338,0.5485651214128036,0.42420897718910966,0.018027961736571008,0.00919793966151582,"Jackson, Zach"
667429,3,1,0,1,1,0.2333333333333333,0.2333333333333333,26,R,0.32038834951456313,0.21359223300970873,0.09223300970873786,0.22815533980582525,0.32142857142857145,0.32142857142857145,0.105,0.28,0.25,0.25,0.25,0.25,"Reindl, Jake"
667434,12,3,2,1,6,0.20833333333333334,0.20833333333333334,26,R,0.3125,0.21428571428571427,0.08482142857142858,0.2544642857142857,0.2972972972972973,0.2972972972972973,0.105,0.28,0.25,0.25,0.25,0.25,"Kopps, Kevin"
667435,9,4,2,2,2,0.35555555555555557,0.35555555555555557,27,R,0.3302752293577982,0.22018348623853212,0.0963302752293578,0.22477064220183487,0.35294117647058826,0.35294117647058826,0.11538461538461539,0.25641025641025644,0.4253731343283582,0.20149253731343283,0.1865671641791045,0.1865671641791045,"Loseke, Barrett"
667445,1,0,0,0,0,0.0,0.0,28,R,0.31683168316831684,0.21782178217821782,0.08415841584158416,0.22277227722772278,0.3076923076923077,0.3076923076923077,0.10294117647058823,0.27450980392156865,0.27884615384615385,0.2403846153846154,0.2403846153846154,0.2403846153846154,"Kasowski, Marshall"
667463,866,275,214,54,139,0.3146651270207852,0.3047646997809087,30,L,0.31780538302277433,0.2443064182194617,0.06469979296066253,0.16718426501035197,0.30666666666666664,0.32,0.09510135135135135,0.16554054054054054,0.5987972508591065,0.12938144329896908,0.2675257731958763,0.00429553264604811,"King, John"
667465,92,30,20,7,13,0.3385869565217391,0.334812139657444,26,L,0.3229166666666667,0.21875,0.08072916666666667,0.18489583333333334,0.32,0.3247863247863248,0.11654135338345864,0.17794486215538846,0.48567335243553006,0.21060171919770773,0.2679083094555874,0.03581661891117478,"Fletcher, Aaron"
667478,8,2,2,0,2,0.225,0.2765,28,L,0.3148148148148148,0.2222222222222222,0.0787037037037037,0.22685185185185186,0.30303030303030304,0.30303030303030304,0.10096153846153846,0.2692307692307693,0.26851851851851855,0.25,0.25,0.23148148148148148,"Kravetz, Evan"
667498,192,73,53,19,38,0.39817708333333335,0.35534842223429536,27,R,0.3595890410958904,0.2568493150684932,0.09417808219178082,0.2071917808219178,0.3466666666666667,0.368,0.11183431952662722,0.1621301775147929,0.4169811320754717,0.46226415094339623,0.10503144654088051,0.015723270440251572,"Dugger, Robert"
667722,8,1,1,0,3,0.1125,0.1125,28,R,0.3055555555555556,0.21296296296296297,0.0787037037037037,0.2361111111111111,0.2727272727272727,0.2727272727272727,0.105,0.28,0.25,0.25,0.25,0.25,"Olson, J.B."
667725,208,75,47,25,33,0.33076923076923076,0.35453277904419866,28,R,0.3474025974025974,0.22402597402597402,0.10876623376623376,0.18019480519480519,0.4,0.4,0.09285714285714286,0.16483516483516483,0.5854651162790697,0.3715116279069767,0.028488372093023257,0.014534883720930232,"Tyler, Kyle"
667755,689,218,132,70,165,0.3037010159651669,0.3132756419900667,26,R,0.31685678073510776,0.19518377693282637,0.09949302915082382,0.2376425855513308,0.32,0.32,0.11547666533705624,0.16473873155165536,0.5431420431420432,0.349002849002849,0.10236060236060236,0.005494505494505495,"Soriano, José"
668203,3,0,0,0,2,0.0,0.0,26,R,0.3106796116504854,0.21359223300970873,0.0825242718446602,0.23786407766990292,0.2857142857142857,0.2857142857142857,0.10964912280701754,0.2543859649122807,0.3203125,0.2109375,0.2734375,0.1953125,"Henderson, Layne"
668338,380,109,73,28,79,0.28671052631578947,0.3167615353971268,29,R,0.29375,0.19791666666666666,0.07604166666666666,0.21145833333333333,0.26666666666666666,0.272,0.11723446893787576,0.15831663326653306,0.5400829302004146,0.4136143745680719,0.03766413268832066,0.008638562543192813,"Miller, Tyson"
668390,85,27,20,4,17,0.3158823529411765,0.3520107334315657,25,R,0.31891891891891894,0.22702702702702704,0.06756756756756757,0.21351351351351353,0.37333333333333335,0.3181818181818182,0.11528497409326424,0.17616580310880828,0.45982142857142855,0.28720238095238093,0.21577380952380953,0.03720238095238095,"Winn, Cole"
668470,18,8,8,0,4,0.5,0.5334444444444445,26,R,0.3389830508474576,0.2542372881355932,0.07203389830508475,0.2245762711864407,0.37209302325581395,0.37209302325581395,0.10479041916167664,0.20958083832335328,0.43162393162393164,0.3547008547008547,0.10683760683760683,0.10683760683760683,"Danner, Hagen"
668472,4,1,1,0,1,0.225,0.25425,26,L,0.3173076923076923,0.22115384615384615,0.08173076923076923,0.22596153846153846,0.3103448275862069,0.3103448275862069,0.10869565217391304,0.2695652173913044,0.4230769230769231,0.19230769230769232,0.19230769230769232,0.19230769230769232,"Pratto, Nick"
668660,1,0,0,0,0,0.0,0.0,25,R,0.31683168316831684,0.21782178217821782,0.08415841584158416,0.22277227722772278,0.3076923076923077,0.3076923076923077,0.105,0.28,0.25,0.25,0.25,0.25,"Donovan, Dakota"
668665,252,82,54,25,60,0.35535714285714287,0.3310968497650632,28,R,0.32386363636363635,0.2159090909090909,0.09517045454545454,0.234375,0.4,0.368,0.09615384615384616,0.13327370304114491,0.7186329588014981,0.1999063670411985,0.06882022471910113,0.012640449438202247,"Nogosek, Stephen"
668670,6,3,2,1,0,0.47500000000000003,0.5197157962962963,26,R,0.330188679245283,0.22641509433962265,0.08962264150943396,0.21226415094339623,0.3548387096774194,0.3548387096774194,0.09829059829059829,0.23931623931623935,0.44029850746268656,0.1865671641791045,0.1865671641791045,0.1865671641791045,"Rogers, Jake"
668674,568,184,112,60,150,0.3060739436619718,0.2976684736279684,29,R,0.32335329341317365,0.20059880239520958,0.10254491017964072,0.25823353293413176,0.26666666666666666,0.272,0.12421383647798742,0.1518418688230009,0.5687040441176471,0.20703125,0.21852022058823528,0.0057444852941176475,"Erceg, Lucas"
668676,1408,443,341,89,240,0.3404474431818182,0.3421497434875632,29,R,0.3149867374005305,0.24071618037135278,0.06465517241379311,0.17407161803713528,0.3466666666666667,0.392,0.10537272006344171,0.14750198255352895,0.4246095314377253,0.34931918301962356,0.22356828193832598,0.0025030036043251903,"Plesac, Zach"
668678,2951,855,608,219,750,0.29720433751270753,0.30654347469168103,29,R,0.29072435267125535,0.20648967551622419,0.07456571615863651,0.25319567354965583,0.29333333333333333,0.264,0.10333305134929363,0.1580238558497589,0.5801970945544134,0.2731713533259706,0.14556962025316456,0.0010619318664514485,"Gallen, Zac"
668683,13,4,3,1,3,0.38461538461538464,0.38461538461538464,28,R,0.3185840707964602,0.22123893805309736,0.084070796460177,0.22566371681415928,0.3157894736842105,0.3157894736842105,0.09006211180124224,0.21739130434782608,0.509009009009009,0.26576576576576577,0.11261261261261261,0.11261261261261261,"Walker, Jeremy"
668684,48,17,10,7,7,0.3729166666666666,0.3653432490079365,28,L,0.3310810810810811,0.21621621621621623,0.10472972972972973,0.19932432432432431,0.3424657534246575,0.3424657534246575,0.09953703703703703,0.19907407407407407,0.49096385542168675,0.286144578313253,0.14759036144578314,0.07530120481927711,"Tully, Tanner"
668687,86,29,15,14,21,0.338953488372093,0.3762599332302421,26,R,0.3279569892473118,0.1989247311827957,0.12096774193548387,0.23387096774193547,0.36,0.3333333333333333,0.09581497797356828,0.15638766519823788,0.5037128712871287,0.4344059405940594,0.03094059405940594,0.03094059405940594,"Scrubb, Andre"
668716,4,3,1,1,0,0.575,0.575,26,R,0.33653846153846156,0.22115384615384615,0.09134615384615384,0.21634615384615385,0.3793103448275862,0.3793103448275862,0.105,0.28,0.25,0.25,0.25,0.25,"Murdock, Noah"
668719,7,2,2,0,1,0.3071428571428571,0.3071428571428571,27,R,0.3177570093457944,0.22429906542056074,0.0794392523364486,0.21962616822429906,0.3125,0.3125,0.105,0.28,0.25,0.25,0.25,0.25,"Yovan, Kenyon"
668754,46,14,9,5,11,0.3119565217391304,0.3327472971014493,29,R,0.3150684931506849,0.21232876712328766,0.09246575342465753,0.22945205479452055,0.30985915492957744,0.30985915492957744,0.10892857142857143,0.19285714285714287,0.558695652173913,0.2543478260869565,0.13260869565217392,0.05434782608695652,"Bristo, Braden"
668757,32,10,8,1,8,0.4390625,0.4390625,27,R,0.3181818181818182,0.22727272727272727,0.07196969696969698,0.23106060606060605,0.3157894736842105,0.3157894736842105,0.08908045977011494,0.16666666666666669,0.45564516129032256,0.2862903225806452,0.15725806451612903,0.10080645161290322,"Dennis, Matt"
668761,4,1,0,1,0,0.175,0.175,24,R,0.3173076923076923,0.21153846153846154,0.09134615384615384,0.21634615384615385,0.3103448275862069,0.3103448275862069,0.105,0.28,0.25,0.25,0.25,0.25,"Peluse, Colin"
668766,10,4,4,0,3,0.54,0.54,26,R,0.32727272727272727,0.23636363636363636,0.07727272727272727,0.2318181818181818,0.34285714285714286,0.34285714285714286,0.105,0.28,0.25,0.25,0.25,0.25,"File, Dylan"
668800,14,4,2,2,0,0.25357142857142856,0.3558758571428572,29,R,0.3157894736842105,0.21052631578947367,0.09210526315789473,0.19736842105263158,0.3076923076923077,0.3076923076923077,0.07142857142857142,0.22448979591836735,0.25257731958762886,0.12886597938144329,0.4896907216494845,0.12886597938144329,"Knizner, Andrew"
668820,200,76,50,22,36,0.3615,0.31822338152194213,25,R,0.36,0.24,0.10166666666666667,0.195,0.3466666666666667,0.368,0.12764705882352942,0.1776470588235294,0.474375,0.431875,0.078125,0.015625,"Kranick, Max"
668834,36,6,5,1,3,0.17916666666666667,0.27061304629629634,26,R,0.27941176470588236,0.19852941176470587,0.06985294117647059,0.1875,0.22950819672131148,0.22950819672131148,0.08333333333333333,0.20476190476190476,0.440625,0.371875,0.109375,0.078125,"McGee, Easton"
668868,552,180,124,53,129,0.32681159420289857,0.32481158128439863,27,L,0.32515337423312884,0.22392638036809817,0.09432515337423313,0.23236196319018404,0.36,0.368,0.08998265394622723,0.13660017346053774,0.5037677304964538,0.41511524822695034,0.07557624113475177,0.005540780141843972,"Thompson, Zack"
668869,5,2,1,0,1,0.39,0.39,29,L,0.3238095238095238,0.21904761904761905,0.08095238095238096,0.22380952380952382,0.3333333333333333,0.3333333333333333,0.10330578512396695,0.2479338842975207,0.3028169014084507,0.33098591549295775,0.19014084507042253,0.176056338028169,"Thomas, Tyler"
668871,4,2,0,2,0,0.35,0.35,25,R,0.3269230769230769,0.21153846153846154,0.10096153846153846,0.21634615384615385,0.3448275862068966,0.3448275862068966,0.105,0.28,0.25,0.25,0.25,0.25,"Cable, Zach"
668873,136,60,35,20,21,0.4040441176470588,0.3684086094717777,27,R,0.3898305084745763,0.24152542372881355,0.12076271186440678,0.1843220338983051,0.36,0.448,0.07990506329113924,0.13765822784810128,0.8015463917525774,0.14518900343642613,0.03178694158075601,0.02147766323024055,"Kilian, Caleb"
668874,9,8,4,3,0,0.7111111111111111,0.5295094444444445,27,R,0.3669724770642202,0.23853211009174313,0.10550458715596331,0.20642201834862386,0.47058823529411764,0.47058823529411764,0.08273381294964029,0.21582733812949642,0.398876404494382,0.29775280898876405,0.16292134831460675,0.1404494382022472,"Henley, Blair"
668880,1,0,0,0,1,0.0,0.0,27,L,0.31683168316831684,0.21782178217821782,0.08415841584158416,0.23267326732673269,0.3076923076923077,0.3076923076923077,0.105,0.28,0.25,0.25,0.25,0.25,"Schlichtholz, Fred"
668881,1725,534,336,161,506,0.31863768115942026,0.30128522537276337,25,R,0.3101369863013699,0.19616438356164384,0.09287671232876712,0.2895890410958904,0.25333333333333335,0.264,0.13561135682693679,0.14952204308745898,0.5436844374191694,0.38863342434257797,0.06574220433970399,0.001939933898548642,"Greene, Hunter"
668908,8,2,2,0,2,0.40625,0.40625,23,R,0.3148148148148148,0.2222222222222222,0.0787037037037037,0.22685185185185186,0.30303030303030304,0.30303030303030304,0.105,0.28,0.25,0.25,0.25,0.25,"Bullock, Justin"
668909,686,217,141,69,164,0.3183673469387755,0.3194985772321507,25,R,0.31679389312977096,0.20737913486005088,0.09860050890585242,0.23727735368956743,0.32,0.304,0.1121285418106427,0.14167242570836214,0.5898382559774965,0.3479254571026723,0.05784106891701828,0.004395218002812939,"Williams, Gavin"
668933,1506,503,364,113,262,0.34173306772908363,0.32575606038769767,26,R,0.3331257783312578,0.2403486924034869,0.07565379825653798,0.17714819427148193,0.3333333333333333,0.376,0.09444042013763129,0.13726910539659543,0.6576206140350878,0.32629751461988304,0.013797514619883041,0.0022843567251461987,"Ashcraft, Graham"
668941,515,154,107,40,123,0.3175728155339806,0.3163636073313006,28,L,0.3024390243902439,0.2097560975609756,0.07886178861788617,0.23658536585365852,0.38666666666666666,0.344,0.12097162097162097,0.1443001443001443,0.5059142434696895,0.26441596845736814,0.22350911779201577,0.006160670280926565,"Romero, JoJo"
668942,21,10,7,3,1,0.46904761904761905,0.48395633489461365,30,R,0.34710743801652894,0.2396694214876033,0.09504132231404959,0.19421487603305784,0.391304347826087,0.391304347826087,0.07668711656441718,0.22699386503067484,0.4026548672566372,0.252212389380531,0.2345132743362832,0.11061946902654868,"Rojas, Josh"
668943,61,21,13,8,12,0.3418032786885246,0.3079421526997593,28,R,0.32919254658385094,0.21739130434782608,0.10248447204968944,0.21428571428571427,0.36,0.3372093023255814,0.09247648902821316,0.16927899686520376,0.39219330855018586,0.5148698884758365,0.046468401486988845,0.046468401486988845,"Miller, Ryan"
668948,181,56,42,13,32,0.3596685082872928,0.3463101939087496,27,L,0.31316725978647686,0.2277580071174377,0.07651245551601424,0.19395017793594305,0.29333333333333333,0.28,0.10326894502228826,0.1575037147102526,0.7455858747993579,0.14365971107544143,0.09069020866773676,0.020064205457463884,"McCarty, Kirk"
668954,3,2,0,2,1,0.4666666666666666,0.4666666666666666,28,R,0.3300970873786408,0.21359223300970873,0.10194174757281553,0.22815533980582525,0.35714285714285715,0.35714285714285715,0.105,0.28,0.25,0.25,0.25,0.25,"Taylor, Curtis"
668964,618,185,139,40,142,0.31529126213592235,0.32307890801110517,26,R,0.3022284122562674,0.22423398328690808,0.06754874651810584,0.22910863509749305,0.24,0.28,0.0964193270060397,0.1471095772217429,0.6227954144620811,0.25551146384479717,0.11618165784832452,0.005511463844797178,"Myers, Tobias"
668968,149,48,21,25,38,0.2976510067114094,0.3084860150799382,26,R,0.321285140562249,0.17269076305220885,0.13453815261044177,0.2429718875502008,0.3466666666666667,0.32,0.13328631875881522,0.16643159379407615,0.4666160849772382,0.38467374810318666,0.12974203338391502,0.01896813353566009,"Crouse, Hans"
668970,214,75,46,23,47,0.36144859813084107,0.3408281406298951,27,R,0.34076433121019106,0.21656050955414013,0.10031847133757962,0.2213375796178344,0.37333333333333335,0.36,0.11104972375690608,0.14696132596685083,0.6298245614035087,0.3362573099415205,0.01929824561403509,0.014619883040935672,"Hollowell, Gavin"
668984,108,43,31,11,18,0.4444444444444444,0.334472499187027,27,R,0.3605769230769231,0.2548076923076923,0.09375,0.19471153846153846,0.36,0.392,0.079476861167002,0.15694164989939638,0.5447427293064877,0.26733780760626397,0.1599552572706935,0.02796420581655481,"Legumina, Casey"
668987,3,0,0,0,1,0.0,0.0,28,R,0.3106796116504854,0.21359223300970873,0.0825242718446602,0.22815533980582525,0.2857142857142857,0.2857142857142857,0.105,0.28,0.25,0.25,0.25,0.25,"White, Brandon"
668998,6,1,1,0,4,0.3333333333333333,0.3333333333333333,26,R,0.3113207547169811,0.2169811320754717,0.08018867924528301,0.25,0.2903225806451613,0.2903225806451613,0.105,0.28,0.25,0.25,0.25,0.25,"Benton, Trey"
669001,1,0,0,0,0,0.0,0.0,26,R,0.31683168316831684,0.21782178217821782,0.08415841584158416,0.22277227722772278,0.3076923076923077,0.3076923076923077,0.10194174757281553,0.2718446601941748,0.29245283018867924,0.2358490566037736,0.2358490566037736,0.2358490566037736,"Flowers, J.C."
669018,5,3,1,2,0,0.45999999999999996,0.45999999999999996,27,R,0.3333333333333333,0.21904761904761905,0.1,0.21428571428571427,0.36666666666666664,0.36666666666666664,0.105,0.28,0.25,0.25,0.25,0.25,"Ruotolo, Patrick"
669020,20,9,7,1,4,0.5,0.5,25,L,0.3416666666666667,0.24166666666666667,0.07916666666666666,0.22083333333333333,0.37777777777777777,0.37777777777777777,0.09375,0.2222222222222222,0.3776595744680851,0.30319148936170215,0.18617021276595744,0.13297872340425532,"Rolison, Ryan"
669022,1748,586,400,169,445,0.34010297482837526,0.33293912020813465,25,L,0.3344155844155844,0.22835497835497837,0.09604978354978355,0.25297619047619047,0.24,0.264,0.12021818181818182,0.1408,0.6378754578754579,0.2967765567765568,0.06351648351648352,0.0018315018315018315,"Gore, MacKenzie"
669060,1696,543,412,115,299,0.34475235849056607,0.351901503618321,27,R,0.3201559020044543,0.24164810690423164,0.06876391982182628,0.17900890868596883,0.3333333333333333,0.312,0.08480303280039558,0.1326850173067414,0.7203756024596976,0.17924214724945986,0.09830480305800232,0.0020774472328402857,"Wilson, Bryse"
669062,298,94,53,40,91,0.300503355704698,0.28035236145129777,26,L,0.3165829145728643,0.1884422110552764,0.12185929648241206,0.2851758793969849,0.32,0.328,0.12312633832976445,0.14204139900071378,0.48741672834937083,0.16987416728349372,0.33345669874167283,0.009252405625462621,"Miller, Erik"
669081,11,4,3,1,4,0.4090909090909091,0.4090909090909091,27,L,0.32432432432432434,0.22522522522522523,0.08558558558558559,0.23873873873873874,0.3333333333333333,0.3333333333333333,0.105,0.28,0.25,0.25,0.25,0.25,"Dashwood, Jack"
669084,414,141,98,39,108,0.33224637681159425,0.29542227586205655,26,L,0.33657587548638135,0.23346303501945526,0.09241245136186771,0.2538910505836576,0.36,0.312,0.11780415430267062,0.1513353115727003,0.4896024464831804,0.30978593272171256,0.19296636085626911,0.00764525993883792,"Hall, DL"
669085,4,1,1,0,0,0.225,0.225,25,R,0.3173076923076923,0.22115384615384615,0.08173076923076923,0.21634615384615385,0.3103448275862069,0.3103448275862069,0.10454545454545454,0.26363636363636367,0.275,0.275,0.24166666666666667,0.20833333333333334,"Scherff, Alex"
669091,2,0,0,0,0,0.0,0.0,25,L,0.3137254901960784,0.21568627450980393,0.08333333333333333,0.22058823529411764,0.2962962962962963,0.2962962962962963,0.105,0.28,0.25,0.25,0.25,0.25,"Cronin, Matt"
669093,358,105,65,40,120,0.29231843575419,0.29310318927966283,26,R,0.29912663755458513,0.18995633187772926,0.10589519650655022,0.3111353711790393,0.24,0.28,0.16076030927835053,0.15979381443298968,0.6068575233022636,0.22536617842876164,0.15945406125166445,0.008322237017310254,"Estrada, Jeremiah"
669105,45,20,16,3,5,0.42888888888888893,0.3935704546546547,28,L,0.3586206896551724,0.2620689655172414,0.07931034482758621,0.1896551724137931,0.4,0.4,0.10514018691588785,0.2102803738317757,0.5335365853658537,0.17378048780487804,0.21646341463414634,0.07621951219512195,"Muckenhirn, Zach"
669111,59,13,8,5,21,0.21864406779661016,0.22246476721557581,26,R,0.2830188679245283,0.18867924528301888,0.08490566037735849,0.27358490566037735,0.26666666666666666,0.25,0.15970149253731344,0.22388059701492538,0.3736842105263158,0.5385964912280702,0.043859649122807015,0.043859649122807015,"McMillon, John"
669114,16,6,4,2,3,0.378125,0.378125,28,R,0.3275862068965517,0.22413793103448276,0.09051724137931035,0.21982758620689655,0.34146341463414637,0.34146341463414637,0.09375,0.25892857142857145,0.3467741935483871,0.21774193548387097,0.23387096774193547,0.20161290322580644,"Vines, Jace"
669135,48,23,15,7,11,0.609375,0.4448011752425398,26,R,0.3716216216216216,0.25,0.10472972972972973,0.22635135135135134,0.4246575342465753,0.4246575342465753,0.1325503355704698,0.19463087248322147,0.49798387096774194,0.23588709677419356,0.2157258064516129,0.05040322580645161,"Sceroler, Mac"
669142,6,4,1,3,0,0.5,0.5,26,R,0.33962264150943394,0.2169811320754717,0.10849056603773585,0.21226415094339623,0.3870967741935484,0.3870967741935484,0.105,0.28,0.25,0.25,0.25,0.25,"Burns, Tanner"
669145,699,239,197,36,128,0.38798283261802574,0.37528896518523097,28,L,0.33917396745932415,0.27409261576971217,0.05569461827284105,0.188360450563204,0.32,0.328,0.10541813898704358,0.15390655673341186,0.3898678414096916,0.3338005606728074,0.2713255907088506,0.005006007208650381,"Zimmermann, Bruce"
669153,3,1,1,0,0,0.4166666666666667,0.4166666666666667,25,R,0.32038834951456313,0.22330097087378642,0.0825242718446602,0.21844660194174756,0.32142857142857145,0.32142857142857145,0.1,0.2666666666666667,0.2818181818181818,0.2636363636363636,0.22727272727272727,0.22727272727272727,"Brown, Andrew"
669160,447,121,75,38,105,0.2702460850111857,0.29229989833473397,26,R,0.2797074954296161,0.1773308957952468,0.0850091407678245,0.23308957952468007,0.25333333333333335,0.264,0.09928443649373882,0.13357185450208706,0.7360172095881992,0.21235402581438229,0.0439459127228027,0.007682851874615857,"May, Dustin"
669165,38,10,9,1,9,0.25921052631578945,0.30909050463422705,26,R,0.30434782608695654,0.2246376811594203,0.06884057971014493,0.22826086956521738,0.2857142857142857,0.2857142857142857,0.14556962025316456,0.21518987341772153,0.4090909090909091,0.08823529411764706,0.4358288770053476,0.06684491978609626,"Hurt, Kyle"
669169,685,251,177,64,96,0.3944525547445255,0.38814694885346035,27,R,0.36050955414012736,0.2535031847133758,0.09235668789808917,0.15095541401273885,0.44,0.376,0.08058681672025723,0.13183279742765272,0.46862182116488926,0.3299835931091058,0.19626743232157506,0.005127153404429861,"Heasley, Jonathan"
669180,20,4,2,2,7,0.16,0.16,26,L,0.3,0.2,0.0875,0.24583333333333332,0.26666666666666666,0.26666666666666666,0.11337209302325581,0.22674418604651161,0.42213114754098363,0.3729508196721312,0.10245901639344263,0.10245901639344263,"Ogle, Braeden"
669192,1,0,0,0,0,0.0,0.0,27,R,0.31683168316831684,0.21782178217821782,0.08415841584158416,0.22277227722772278,0.3076923076923077,0.3076923076923077,0.105,0.28,0.25,0.25,0.25,0.25,"Jensen, Wil"
669194,1454,459,357,95,273,0.3367950481430536,0.3246951702294388,26,R,0.315958815958816,0.2438867438867439,0.06660231660231661,0.19015444015444016,0.28,0.28,0.0881977380518059,0.1256840569135352,0.7003865979381443,0.18418630338733433,0.1131259204712813,0.002301178203240059,"Nelson, Ryne"
669199,50,19,12,7,13,0.387,0.38686980979851543,29,R,0.34,0.22666666666666666,0.10333333333333333,0.23666666666666666,0.36,0.36,0.10919540229885058,0.19540229885057472,0.42417061611374407,0.2962085308056872,0.22037914691943128,0.05924170616113744,"Bachar, Lake"
669203,3222,858,617,210,906,0.2720980757293607,0.2727674883994763,30,R,0.2679108970499699,0.19235400361228175,0.06577363034316677,0.27950030102347984,0.25333333333333335,0.24,0.14195775792038992,0.1800974817221771,0.6021615008156607,0.292373572593801,0.10436378466557912,0.001101141924959217,"Burnes, Corbin"
669205,11,6,5,0,2,0.5727272727272728,0.5727272727272728,29,R,0.34234234234234234,0.24324324324324326,0.07657657657657657,0.22072072072072071,0.3888888888888889,0.3888888888888889,0.1134453781512605,0.24369747899159666,0.32608695652173914,0.26811594202898553,0.2246376811594203,0.18115942028985507,"Henzman, Lincoln"
669211,1223,377,279,93,294,0.32645134914145546,0.3108029965891551,29,L,0.309145880574452,0.2275132275132275,0.07671957671957672,0.23922902494331066,0.26666666666666666,0.232,0.11560634136298126,0.13156269302038295,0.5528396089036821,0.28073642604535054,0.163823590597046,0.002600374453921365,"Akin, Keegan"
669212,1175,338,254,76,287,0.31459574468085105,0.30426891346337565,28,R,0.2901960784313726,0.2164705882352941,0.06627450980392156,0.24274509803921568,0.29333333333333333,0.264,0.12103394719325494,0.1593077435100954,0.46836437065290554,0.26262059681400046,0.2662104554633161,0.0028045770697778774,"Morgan, Eli"
669214,67,21,17,3,16,0.34253731343283583,0.30870593034825866,27,L,0.31736526946107785,0.23353293413173654,0.0688622754491018,0.23053892215568864,0.37333333333333335,0.31521739130434784,0.09838274932614555,0.1778975741239892,0.3348909657320872,0.5872274143302181,0.03894080996884735,0.03894080996884735,"Menez, Conner"
669247,17,4,2,2,5,0.2735294117647059,0.2735294117647059,26,R,0.3076923076923077,0.20512820512820512,0.08974358974358974,0.23504273504273504,0.2857142857142857,0.2857142857142857,0.1016260162601626,0.22764227642276424,0.3904109589041096,0.2671232876712329,0.17123287671232876,0.17123287671232876,"Clarke, Chris"
669270,395,132,102,22,74,0.349746835443038,0.3297565804557558,29,R,0.33131313131313134,0.2505050505050505,0.06161616161616162,0.19494949494949496,0.30666666666666664,0.312,0.10821428571428572,0.15071428571428572,0.5359259259259259,0.30185185185185187,0.15296296296296297,0.009259259259259259,"Kuhnel, Joel"
669276,628,173,135,38,186,0.2924363057324841,0.27881514897285176,30,L,0.2815934065934066,0.21565934065934067,0.06387362637362637,0.2864010989010989,0.28,0.272,0.18092536010475774,0.1907463989524225,0.39825970548862116,0.4866131191432396,0.10954930834448907,0.005577867023650156,"Lee, Dylan"
669283,9,4,2,2,1,0.35555555555555557,0.35555555555555557,26,L,0.3302752293577982,0.22018348623853212,0.0963302752293578,0.21559633027522937,0.35294117647058826,0.35294117647058826,0.105,0.28,0.25,0.25,0.25,0.25,"Parrish, Drew"
669294,123,44,32,10,26,0.38902439024390245,0.34963906740950984,26,R,0.34080717488789236,0.242152466367713,0.08295964125560538,0.21748878923766815,0.30666666666666664,0.328,0.11179577464788733,0.13556338028169015,0.4411196911196911,0.45656370656370654,0.07818532818532818,0.02413127413127413,"Campbell, Paul"
669302,2967,804,628,158,752,0.29447253117627237,0.2990391232058206,27,R,0.27257906749266386,0.21193348549070753,0.054287577437235085,0.25252689925008154,0.21333333333333335,0.256,0.12593019135364988,0.13642806520198442,0.49479444741057127,0.3921961203061043,0.11189713472148069,0.0011122975618437444,"Gilbert, Logan"
669308,49,16,10,5,21,0.29081632653061223,0.21290504081632652,26,R,0.3221476510067114,0.21476510067114093,0.09060402684563758,0.29194630872483224,0.32432432432432434,0.32432432432432434,0.14615384615384616,0.19384615384615383,0.44545454545454544,0.42,0.0890909090909091,0.045454545454545456,"Reynolds, Sean"
669310,9,4,2,1,1,0.39444444444444443,0.39444444444444443,26,R,0.3302752293577982,0.22018348623853212,0.0871559633027523,0.21559633027522937,0.35294117647058826,0.35294117647058826,0.105,0.28,0.25,0.25,0.25,0.25,"Van Eyk, CJ"
669330,1306,346,256,82,303,0.29421898928024504,0.3059030897071652,30,R,0.26884779516358465,0.19772403982930298,0.0643669985775249,0.23150782361308678,0.32,0.304,0.1159064097522611,0.15493511600471885,0.6599483717235901,0.16689833200953139,0.17067116759332804,0.002482128673550437,"Wells, Tyler"
669345,11,3,2,1,3,0.22727272727272727,0.22727272727272727,26,R,0.3153153153153153,0.21621621621621623,0.08558558558558559,0.22972972972972974,0.3055555555555556,0.3055555555555556,0.105,0.28,0.25,0.25,0.25,0.25,"Conine, Brett"
669358,498,141,96,40,119,0.29427710843373495,0.30400166156230907,25,R,0.28929765886287623,0.19732441471571907,0.08110367892976589,0.23662207357859533,0.26666666666666666,0.24,0.12055137844611528,0.12581453634085213,0.4665809768637532,0.432133676092545,0.0948586118251928,0.006426735218508998,"Baz, Shane"
669372,152,48,37,9,30,0.3105263157894737,0.3176135960436533,25,R,0.31746031746031744,0.23412698412698413,0.06944444444444445,0.20833333333333334,0.32,0.336,0.12113821138211382,0.14146341463414633,0.515929203539823,0.3070796460176991,0.15486725663716813,0.022123893805309734,"Ginn, J.T."
669373,2340,639,482,136,663,0.28809829059829056,0.28799042894575616,28,L,0.275,0.20655737704918034,0.059221311475409835,0.2809426229508197,0.26666666666666666,0.232,0.13256717384266753,0.13629006150857884,0.5246284040360204,0.26857979819898015,0.20543560811543887,0.0013561896495605946,"Skubal, Tarik"
669387,377,119,76,39,81,0.29164456233421754,0.3069870086857955,25,R,0.3165618448637317,0.20545073375262055,0.09958071278825996,0.2169811320754717,0.25333333333333335,0.296,0.0994558645707376,0.13724304715840388,0.6069201995012469,0.317643391521197,0.06764339152119701,0.007793017456359103,"Mlodzinski, Carmen"
669391,42,18,15,3,5,0.475,0.364454046975547,25,R,0.352112676056338,0.2605633802816901,0.08098591549295775,0.1936619718309859,0.3880597014925373,0.3880597014925373,0.07383966244725738,0.19831223628691982,0.5588235294117647,0.2700534759358289,0.10427807486631016,0.06684491978609626,"White, Owen"
669393,1,0,0,0,0,0.0,0.0,25,L,0.31683168316831684,0.21782178217821782,0.08415841584158416,0.22277227722772278,0.3076923076923077,0.3076923076923077,0.105,0.28,0.25,0.25,0.25,0.25,"Segal, Alex"
669395,448,153,76,66,112,0.31741071428571427,0.3160506711475029,28,R,0.3375912408759124,0.17883211678832117,0.13594890510948904,0.24543795620437955,0.4,0.408,0.12405812701829924,0.14477933261571582,0.589325221238938,0.3968473451327434,0.006913716814159292,0.006913716814159292,"Coleman, Dylan"
669416,30,12,7,3,5,0.35,0.35,25,R,0.3384615384615385,0.2230769230769231,0.08846153846153847,0.21153846153846154,0.36363636363636365,0.36363636363636365,0.0944055944055944,0.20979020979020982,0.3709677419354839,0.3602150537634409,0.13440860215053763,0.13440860215053763,"Enlow, Blayne"
669422,100,40,27,12,13,0.395,0.35825663084934467,25,R,0.36,0.245,0.1025,0.1775,0.4,0.384,0.07611241217798595,0.17330210772833723,0.5026525198938993,0.3779840848806366,0.08620689655172414,0.033156498673740056,"Sauer, Matt"
669424,449,152,97,51,100,0.3420935412026726,0.31903565793736316,29,R,0.33515482695810567,0.2167577413479053,0.10837887067395265,0.22313296903460839,0.3333333333333333,0.344,0.10782183595871808,0.14720260727865292,0.4469570072585148,0.40619765494137355,0.1393076493579006,0.007537688442211055,"Lambert, Jimmy"
669431,5,1,0,0,2,0.13999999999999999,0.13999999999999999,25,L,0.3142857142857143,0.20952380952380953,0.08095238095238096,0.23333333333333334,0.3,0.3,0.105,0.28,0.25,0.25,0.25,0.25,"Luna, Gil"
669432,1764,582,403,161,399,0.33262471655328796,0.32416580913060616,27,L,0.3293991416309013,0.22800429184549356,0.09093347639484979,0.2261266094420601,0.36,0.384,0.1135605006954103,0.14923504867872045,0.5612745098039216,0.17289915966386554,0.26407563025210085,0.0017507002801120449,"Rogers, Trevor"
669434,9,2,1,1,4,0.30000000000000004,0.30000000000000004,25,R,0.3119266055045872,0.21100917431192662,0.0871559633027523,0.24311926605504589,0.29411764705882354,0.29411764705882354,0.105,0.28,0.25,0.25,0.25,0.25,"Emanuels, Stevie"
669435,6,3,2,1,0,0.4166666666666667,0.4166666666666667,25,R,0.330188679245283,0.22641509433962265,0.08962264150943396,0.21226415094339623,0.3548387096774194,0.3548387096774194,0.10465116279069768,0.24806201550387597,0.5,0.17088607594936708,0.17088607594936708,0.15822784810126583,"Kilkenny, Mitchell"
669437,10,5,4,1,1,0.54,0.54,27,R,0.33636363636363636,0.23636363636363636,0.08636363636363636,0.21363636363636362,0.37142857142857144,0.37142857142857144,0.10550458715596331,0.25688073394495414,0.2796610169491525,0.2796610169491525,0.2288135593220339,0.211864406779661,"Jones, Jordan"
669438,365,121,95,23,63,0.3801369863013699,0.37566028224624864,25,R,0.32903225806451614,0.25161290322580643,0.06774193548387097,0.18387096774193548,0.32,0.336,0.11904761904761904,0.15358819584171696,0.35843164469118666,0.3612074947952811,0.27168632893823735,0.008674531575294934,"Englert, Mason"
669443,11,4,2,2,2,0.40454545454545454,0.40454545454545454,28,R,0.32432432432432434,0.21621621621621623,0.0945945945945946,0.22072072072072071,0.3333333333333333,0.3333333333333333,0.08984375,0.22656250000000003,0.5064102564102564,0.17307692307692307,0.16025641025641027,0.16025641025641027,"Hernandez, Aaron"
669456,1931,541,417,114,513,0.2939927498705334,0.3026645612244366,29,R,0.2821270310192024,0.21614967996061055,0.060315115706548496,0.2636632200886263,0.25333333333333335,0.24,0.138788752703677,0.1590483056957462,0.5140885984023239,0.44887436456063906,0.03522149600580973,0.0018155410312273058,"Bieber, Shane"
669459,542,168,115,46,126,0.3178966789667897,0.3094707387666059,28,L,0.3115264797507788,0.21339563862928349,0.08489096573208722,0.23130841121495327,0.29333333333333333,0.328,0.13111217641418985,0.1682646212847555,0.41920432220039294,0.5680255402750491,0.006630648330058939,0.006139489194499017,"Nelson, Kyle"
669461,860,290,205,77,169,0.34697674418604646,0.3486144912883451,25,L,0.33541666666666664,0.23645833333333333,0.0890625,0.19947916666666668,0.3333333333333333,0.312,0.09828188701223063,0.13075131042516017,0.5775709219858156,0.34352836879432624,0.07520685579196218,0.003693853427895981,"Liberatore, Matthew"
669467,1309,431,305,120,225,0.3196715049656226,0.2996357753768709,26,R,0.32860184528034064,0.2320794889992903,0.09119943222143365,0.17565649396735272,0.26666666666666666,0.288,0.07939787485242031,0.12081857536402991,0.6698131955484896,0.32442368839427665,0.0026828298887122417,0.0030802861685214626,"Pallante, Andre"
669468,4,2,0,2,1,0.35,0.35,26,L,0.3269230769230769,0.21153846153846154,0.10096153846153846,0.22596153846153846,0.3448275862068966,0.3448275862068966,0.105,0.28,0.25,0.25,0.25,0.25,"Leasher, Aaron"
669618,341,97,63,30,77,0.2868035190615836,0.32663596378696597,28,R,0.2925170068027211,0.1927437641723356,0.0873015873015873,0.2256235827664399,0.32,0.352,0.12380573248407643,0.16003184713375795,0.3743781094527363,0.6048922056384743,0.010364842454394693,0.010364842454394693,"Barlow, Joe"
669620,93,28,23,5,19,0.2994623655913979,0.29799940584505097,27,L,0.31088082901554404,0.23316062176165803,0.06994818652849741,0.21502590673575128,0.3466666666666667,0.3050847457627119,0.11,0.15777777777777777,0.61875,0.21125,0.13875,0.03125,"Basso, Brady"
669622,584,178,118,49,156,0.30890410958904113,0.286658799283653,29,R,0.30701754385964913,0.2046783625730994,0.08406432748538012,0.26096491228070173,0.32,0.288,0.1031679866611088,0.13880783659858273,0.5178799489144317,0.44295444870157513,0.03384418901660281,0.005321413367390379,"Bender, Anthony"
669639,7,3,3,0,1,0.38571428571428573,0.38571428571428573,28,R,0.32710280373831774,0.2336448598130841,0.0794392523364486,0.21962616822429906,0.34375,0.34375,0.084,0.24000000000000002,0.2733333333333333,0.3933333333333333,0.16666666666666666,0.16666666666666666,"Clenney, Nolan"
669648,6,4,1,1,1,0.6833333333333332,0.6833333333333332,25,L,0.33962264150943394,0.2169811320754717,0.08962264150943396,0.22169811320754718,0.3870967741935484,0.3870967741935484,0.10080645161290322,0.25000000000000006,0.16891891891891891,0.2905405405405405,0.3716216216216216,0.16891891891891891,"Doxakis, John"
669662,1,0,0,0,0,0.0,0.0,26,L,0.31683168316831684,0.21782178217821782,0.08415841584158416,0.22277227722772278,0.3076923076923077,0.3076923076923077,0.105,0.28,0.25,0.25,0.25,0.25,"Green, Haylen"
669668,3,1,0,1,1,0.2333333333333333,0.2333333333333333,27,R,0.32038834951456313,0.21359223300970873,0.09223300970873786,0.22815533980582525,0.32142857142857145,0.32142857142857145,0.10176991150442478,0.25663716814159293,0.30952380952380953,0.29365079365079366,0.1984126984126984,0.1984126984126984,"Junker, Cameron"
669674,775,246,167,73,159,0.330258064516129,0.3263153981075686,29,L,0.3177142857142857,0.216,0.09314285714285714,0.20742857142857143,0.30666666666666664,0.312,0.10054522129570237,0.13919178960872355,0.43497392438070404,0.3965123859191656,0.1644393741851369,0.004074315514993481,"Long, Sam"
669682,2,0,0,0,0,0.0,0.0,25,R,0.3137254901960784,0.21568627450980393,0.08333333333333333,0.22058823529411764,0.2962962962962963,0.2962962962962963,0.105,0.28,0.25,0.25,0.25,0.25,"McSweeney, Morgan"
669684,216,72,50,20,50,0.34768518518518515,0.3011764124920641,25,L,0.3291139240506329,0.22784810126582278,0.09018987341772151,0.22943037974683544,0.3466666666666667,0.36,0.09639175257731959,0.1556701030927835,0.3798913043478261,0.5331521739130435,0.07336956521739131,0.01358695652173913,"Murphy, Chris"
669697,15,8,2,6,4,0.47333333333333333,0.47333333333333333,27,R,0.34782608695652173,0.20869565217391303,0.12608695652173912,0.23043478260869565,0.4,0.4,0.11141304347826086,0.20108695652173914,0.4141791044776119,0.34701492537313433,0.1455223880597015,0.09328358208955224,"Schultz, Andrew"
669704,3,2,1,1,1,0.5333333333333333,0.5333333333333333,27,R,0.3300970873786408,0.22330097087378642,0.09223300970873786,0.22815533980582525,0.35714285714285715,0.35714285714285715,0.10087719298245613,0.24561403508771934,0.3359375,0.2578125,0.2109375,0.1953125,"Strowd, Kade"
669711,431,138,96,37,99,0.3107888631090487,0.2936687413116419,29,R,0.32015065913371,0.2222222222222222,0.0856873822975518,0.2288135593220339,0.29333333333333333,0.304,0.09251968503937008,0.1389201349831271,0.5743634259259259,0.3342013888888889,0.0842013888888889,0.007233796296296296,"Weissert, Greg"
669713,853,253,175,68,199,0.32075029308323566,0.31873778699464433,27,R,0.2990556138509968,0.20671563483735572,0.08027282266526757,0.2324239244491081,0.30666666666666664,0.272,0.10173428305977082,0.14400743264168472,0.5780119534444794,0.36819754639823843,0.049858446052217675,0.003932054105064486,"Wesneski, Hayden"
669721,201,69,50,18,40,0.3587064676616915,0.3277225702115435,27,R,0.33554817275747506,0.23920265780730898,0.08803986710963455,0.20764119601328904,0.37333333333333335,0.376,0.09261501210653753,0.16585956416464892,0.4800257731958763,0.3228092783505155,0.18105670103092783,0.01610824742268041,"Daniel, Davis"
669724,166,47,38,9,34,0.2957831325301205,0.2885894199125207,26,R,0.29699248120300753,0.22556390977443608,0.06578947368421052,0.212406015037594,0.32,0.288,0.0709366391184573,0.14738292011019283,0.6412721893491125,0.21523668639053253,0.1235207100591716,0.019970414201183433,"Hanifee, Brenan"
669725,3,0,0,0,2,0.0,0.0,27,R,0.3106796116504854,0.21359223300970873,0.0825242718446602,0.23786407766990292,0.2857142857142857,0.2857142857142857,0.105,0.28,0.25,0.25,0.25,0.25,"Jankins, Thomas"
669735,134,47,28,15,29,0.3149253731343284,0.28559552935614324,23,R,0.33760683760683763,0.21367521367521367,0.10042735042735043,0.22008547008547008,0.3466666666666667,0.352,0.10165289256198347,0.1834710743801653,0.6171171171171171,0.2945945945945946,0.06576576576576576,0.02252252252252252,"Rodriguez, Chris"
669740,7,4,1,3,0,0.42857142857142855,0.42857142857142855,26,R,0.3364485981308411,0.21495327102803738,0.10747663551401869,0.2102803738317757,0.375,0.375,0.105,0.28,0.25,0.25,0.25,0.25,"MacGregor, Travis"
669742,2,1,1,0,0,0.45,0.4595,27,R,0.3235294117647059,0.22549019607843138,0.08333333333333333,0.22058823529411764,0.3333333333333333,0.3333333333333333,0.09905660377358491,0.26415094339622647,0.33035714285714285,0.22321428571428573,0.22321428571428573,0.22321428571428573,"Hall, Darick"
669746,6,2,2,0,0,0.48333333333333334,0.48333333333333334,30,R,0.32075471698113206,0.22641509433962265,0.08018867924528301,0.21226415094339623,0.3225806451612903,0.3225806451612903,0.105,0.28,0.25,0.25,0.25,0.25,"Eveld, Tommy"
669796,274,91,62,28,69,0.3521897810218978,0.3362119871944928,27,L,0.32887700534759357,0.22459893048128343,0.09759358288770054,0.2446524064171123,0.36,0.352,0.12178919397697077,0.14614703277236493,0.3396663577386469,0.540778498609824,0.10797034291010195,0.011584800741427247,"Hernandez, Jose E."
669804,59,17,9,5,8,0.2906779661016949,0.33662734147773127,25,R,0.3081761006289308,0.1949685534591195,0.08490566037735849,0.1918238993710692,0.29333333333333333,0.2976190476190476,0.083596214511041,0.15141955835962145,0.5299625468164794,0.3539325842696629,0.06928838951310862,0.04681647940074907,"De Jesus, Angel"
669854,1010,292,179,108,254,0.2967326732673267,0.3108992767577149,31,R,0.2918918918918919,0.1810810810810811,0.10495495495495495,0.2490990990990991,0.29333333333333333,0.296,0.14081233178370442,0.16320039148519697,0.38704483527371814,0.42519197423829574,0.18466683180579638,0.003096358682189745,"Blanco, Ronel"
669912,367,138,94,41,62,0.3686648501362398,0.34408606344523596,30,L,0.3640256959314775,0.24839400428265523,0.10599571734475374,0.1809421841541756,0.37333333333333335,0.36,0.08876811594202899,0.15,0.5357142857142857,0.35075187969924815,0.10413533834586466,0.009398496240601503,"Snead, Kirby"
669920,334,123,90,29,48,0.38233532934131736,0.35261479489725467,29,R,0.35714285714285715,0.25806451612903225,0.08640552995391705,0.16244239631336405,0.41333333333333333,0.36,0.07341269841269842,0.16587301587301587,0.5962809917355372,0.23264462809917355,0.16074380165289257,0.010330578512396695,"Alexander, Jason"
669923,2207,612,522,70,525,0.29723606705935657,0.2937328631082585,26,R,0.2791504117902037,0.23580407455570004,0.034026874729085395,0.23732119635890767,0.25333333333333335,0.256,0.1089078706528371,0.1459426479560708,0.6204419889502762,0.289073050951504,0.08895027624309393,0.001534683855125844,"Kirby, George"
669935,160,57,27,29,26,0.3409375,0.38962501903732233,25,R,0.3423076923076923,0.18846153846153846,0.14423076923076922,0.18653846153846154,0.4266666666666667,0.392,0.08227848101265822,0.1308016877637131,0.5257186081694403,0.2897125567322239,0.16565809379727686,0.018910741301059002,"Alexy, A.J."
669942,15,6,4,2,2,0.35666666666666663,0.35666666666666663,27,R,0.33043478260869563,0.22608695652173913,0.09130434782608696,0.21304347826086956,0.35,0.35,0.105,0.28,0.25,0.25,0.25,0.25,"Donato, Chad"
669946,1,0,0,0,0,0.0,0.0,28,R,0.31683168316831684,0.21782178217821782,0.08415841584158416,0.22277227722772278,0.3076923076923077,0.3076923076923077,0.105,0.28,0.25,0.25,0.25,0.25,"Lawson, Brandon"
669947,396,138,104,32,66,0.35883838383838385,0.33625200743337175,29,R,0.34274193548387094,0.2540322580645161,0.08165322580645161,0.17842741935483872,0.41333333333333333,0.424,0.08758888170652876,0.14996767937944408,0.4278557114228457,0.521376085504342,0.04241816967267869,0.008350033400133601,"Scholtens, Jesse"
669952,845,275,195,76,164,0.33834319526627216,0.32071572560164435,30,R,0.32486772486772486,0.22962962962962963,0.08941798941798942,0.19735449735449737,0.37333333333333335,0.376,0.09539958714243586,0.15305219699203776,0.5083807243340317,0.4613888057467824,0.026489075127207422,0.0037413947919784497,"White, Mitch"
670032,19,9,7,2,0,0.5789473684210527,0.5223649074305197,28,R,0.3445378151260504,0.24369747899159663,0.08823529411764706,0.18907563025210083,0.38636363636363635,0.38636363636363635,0.07278481012658228,0.22151898734177214,0.5324074074074074,0.11574074074074074,0.2361111111111111,0.11574074074074074,"Lopez, Nicky"
670036,404,122,74,43,111,0.3048267326732673,0.30973079017763716,31,R,0.3055555555555556,0.19047619047619047,0.10218253968253968,0.2648809523809524,0.32,0.304,0.13721351025331724,0.16164053075995174,0.49906716417910446,0.4853855721393035,0.00777363184079602,0.00777363184079602,"Festa, Matt"
670042,19,11,11,0,1,0.6921052631578948,0.6002221804511279,29,R,0.36134453781512604,0.2773109243697479,0.07142857142857142,0.19747899159663865,0.4318181818181818,0.4318181818181818,0.08156028368794327,0.24822695035460993,0.2802197802197802,0.13736263736263737,0.44505494505494503,0.13736263736263737,"Raley, Luke"
670046,328,112,82,29,65,0.3492378048780488,0.3305371176811154,29,L,0.3364485981308411,0.24299065420560748,0.08761682242990654,0.2044392523364486,0.30666666666666664,0.336,0.10760456273764259,0.1452471482889734,0.5411067193675889,0.09367588932806324,0.35533596837944664,0.009881422924901186,"Rosenberg, Kenny"
670048,10,5,5,0,2,0.63,0.63,26,R,0.33636363636363636,0.24545454545454545,0.07727272727272727,0.22272727272727272,0.37142857142857144,0.37142857142857144,0.105,0.28,0.25,0.25,0.25,0.25,"Tiedemann, Tai"
670050,19,6,4,2,7,0.31842105263157894,0.2769432199730094,26,R,0.31932773109243695,0.2184873949579832,0.08823529411764706,0.24789915966386555,0.3181818181818182,0.3181818181818182,0.14080459770114942,0.21839080459770116,0.5443548387096774,0.2540322580645161,0.10080645161290322,0.10080645161290322,"Ridings, Stephen"
670056,111,40,22,15,18,0.32162162162162167,0.33134584435940956,29,L,0.3412322274881517,0.20853080568720378,0.11137440758293839,0.19194312796208532,0.36,0.344,0.10477178423236515,0.14730290456431536,0.7326388888888888,0.2048611111111111,0.03356481481481482,0.028935185185185185,"Baragar, Caleb"
670057,20,5,5,0,5,0.3525,0.3075890909090909,28,L,0.30833333333333335,0.225,0.07083333333333333,0.22916666666666666,0.28888888888888886,0.28888888888888886,0.10616438356164383,0.2534246575342466,0.4322916666666667,0.18229166666666666,0.2552083333333333,0.13020833333333334,"Hartman, Ryan"
670059,624,203,127,65,153,0.3088141025641025,0.3086804929188317,29,R,0.324585635359116,0.2058011049723757,0.10151933701657459,0.24240331491712708,0.3466666666666667,0.384,0.1132346896835183,0.14015618577887382,0.6040704993705414,0.38250104909777594,0.008182962652119178,0.005245488879563575,"Holderman, Colin"
670078,5,4,1,2,0,0.78,0.78,28,L,0.34285714285714286,0.21904761904761905,0.1,0.21428571428571427,0.4,0.4,0.105,0.28,0.25,0.25,0.25,0.25,"Krauth, Ben"
670087,32,12,8,2,2,0.5109375,0.5369628108919814,28,R,0.3333333333333333,0.22727272727272727,0.07954545454545454,0.1856060606060606,0.3508771929824561,0.3508771929824561,0.09166666666666666,0.22777777777777777,0.5269230769230769,0.28076923076923077,0.09615384615384616,0.09615384615384616,"Sittinger, Brandyn"
670090,210,78,50,22,41,0.3566666666666667,0.3430209991657791,27,R,0.3548387096774194,0.23225806451612904,0.09838709677419355,0.20483870967741935,0.3333333333333333,0.376,0.10744297719087635,0.17046818727490998,0.623882503192848,0.3441890166028097,0.015964240102171137,0.015964240102171137,"Mills, Wyatt"
670097,32,14,12,1,1,0.3921875,0.44704567389065414,28,R,0.3484848484848485,0.25757575757575757,0.07196969696969698,0.17803030303030304,0.38596491228070173,0.38596491228070173,0.0625,0.26,0.57,0.10333333333333333,0.24333333333333335,0.08333333333333333,"Short, Zack"
670102,605,153,108,37,141,0.27264462809917356,0.28991062917521176,28,R,0.2624113475177305,0.18439716312056736,0.06453900709219858,0.23191489361702128,0.26666666666666666,0.24,0.10424628450106158,0.13588110403397027,0.5325379609544468,0.3316702819956616,0.13036876355748372,0.005422993492407809,"Francis, Bowden"
670103,7,4,3,1,1,0.4857142857142857,0.2341615714285714,26,L,0.3364485981308411,0.2336448598130841,0.08878504672897196,0.21962616822429906,0.375,0.375,0.092,0.264,0.36666666666666664,0.22,0.24666666666666667,0.16666666666666666,"Burgos, Raymond"
670109,12,4,2,2,3,0.35833333333333334,0.35833333333333334,29,R,0.32142857142857145,0.21428571428571427,0.09375,0.22767857142857142,0.32432432432432434,0.32432432432432434,0.0945945945945946,0.2702702702702703,0.28688524590163933,0.30327868852459017,0.20491803278688525,0.20491803278688525,"Bosiokovic, Jacob"
670124,703,263,176,82,115,0.3933143669985775,0.3703111545724013,30,R,0.36737235367372356,0.2465753424657534,0.11270236612702367,0.17123287671232876,0.37333333333333335,0.392,0.09039876113046845,0.14169570267131243,0.6006711409395973,0.29786814054480854,0.0965258586656139,0.00493485984998026,"Oller, Adam"
670125,9,3,2,1,1,0.4,0.4,28,L,0.3211009174311927,0.22018348623853212,0.0871559633027523,0.21559633027522937,0.3235294117647059,0.3235294117647059,0.09615384615384616,0.2307692307692308,0.43125,0.19375,0.21875,0.15625,"Hennigan, Jonathan"
670138,1,0,0,0,1,0.0,0.0,29,R,0.31683168316831684,0.21782178217821782,0.08415841584158416,0.23267326732673269,0.3076923076923077,0.3076923076923077,0.11682242990654206,0.26168224299065423,0.32456140350877194,0.23684210526315788,0.21929824561403508,0.21929824561403508,"Kuhns, Max"
670151,21,10,6,4,3,0.5476190476190477,0.5476190476190477,28,L,0.34710743801652894,0.23140495867768596,0.10330578512396695,0.21074380165289255,0.391304347826087,0.391304347826087,0.105,0.28,0.25,0.25,0.25,0.25,"Short, Wyatt"
670154,13,4,3,1,2,0.33076923076923076,0.33076923076923076,29,R,0.3185840707964602,0.22123893805309736,0.084070796460177,0.2168141592920354,0.3157894736842105,0.3157894736842105,0.09782608695652174,0.22463768115942032,0.39204545454545453,0.24431818181818182,0.2215909090909091,0.14204545454545456,"Blackwood, Nolan"
670156,5,4,4,0,0,1.01,0.7287333333333333,28,R,0.34285714285714286,0.24761904761904763,0.08095238095238096,0.21428571428571427,0.4,0.4,0.08974358974358974,0.2478632478632479,0.44029850746268656,0.1865671641791045,0.1865671641791045,0.1865671641791045,"Mastrobuoni, Miles"
670161,24,10,4,4,4,0.46875,0.4527861388514316,29,R,0.3387096774193548,0.20967741935483872,0.10080645161290322,0.21370967741935484,0.3673469387755102,0.3673469387755102,0.1178343949044586,0.19745222929936307,0.3317757009345794,0.43457943925233644,0.11682242990654206,0.11682242990654206,"Dunshee, Parker"
670167,764,235,149,73,199,0.2981675392670157,0.2808735975296564,30,R,0.3090277777777778,0.19791666666666666,0.0943287037037037,0.25636574074074076,0.26666666666666666,0.288,0.10970677451971689,0.14425345466801484,0.5860473088789853,0.3375042852245458,0.07216318135070278,0.0042852245457661985,"Schreiber, John"
670174,1083,365,269,87,202,0.34076638965835643,0.3172137154599965,26,R,0.3355874894336433,0.2459847844463229,0.08072696534234995,0.1897717666948436,0.3333333333333333,0.344,0.09592592592592593,0.13407407407407407,0.689125,0.206125,0.101625,0.003125,"Winckowski, Josh"
670183,40,18,9,8,8,0.4625,0.40394949898989896,25,R,0.35714285714285715,0.22142857142857142,0.11785714285714285,0.21785714285714286,0.4,0.4,0.09151785714285714,0.1875,0.5603448275862069,0.23275862068965517,0.13505747126436782,0.07183908045977011,"Acton, Garrett"
670219,34,15,11,4,10,0.49411764705882355,0.4519194705882353,27,R,0.35074626865671643,0.2462686567164179,0.09328358208955224,0.24253731343283583,0.3898305084745763,0.3898305084745763,0.11151079136690648,0.2446043165467626,0.33146067415730335,0.3202247191011236,0.20786516853932585,0.1404494382022472,"Kristofak, Zac"
670223,9,7,7,0,0,0.8166666666666668,0.49751060606060604,26,R,0.3577981651376147,0.26605504587155965,0.0779816513761468,0.20642201834862386,0.4411764705882353,0.4411764705882353,0.07664233576642336,0.24817518248175183,0.1781609195402299,0.14367816091954022,0.5344827586206896,0.14367816091954022,"Mervis, Matt"
670241,159,49,36,11,25,0.35062893081761004,0.3220825194794314,26,R,0.3127413127413127,0.22393822393822393,0.07528957528957529,0.1833976833976834,0.37333333333333335,0.336,0.11052631578947368,0.14135338345864662,0.5650406504065041,0.14065040650406505,0.2739837398373984,0.02032520325203252,"Vines, Darius"
670242,6,2,2,0,0,0.35833333333333334,0.4414393939393939,27,R,0.32075471698113206,0.22641509433962265,0.08018867924528301,0.21226415094339623,0.3225806451612903,0.3225806451612903,0.08677685950413223,0.2809917355371901,0.20422535211267606,0.176056338028169,0.44366197183098594,0.176056338028169,"Wallner, Matt"
670245,3,2,2,0,0,0.7166666666666667,0.7166666666666667,27,R,0.3300970873786408,0.23300970873786409,0.0825242718446602,0.21844660194174756,0.35714285714285715,0.35714285714285715,0.105,0.28,0.25,0.25,0.25,0.25,"Watson, Ryan"
670280,1024,295,200,87,297,0.286376953125,0.28292269669044107,30,R,0.29092526690391457,0.19750889679715303,0.0849644128113879,0.2842526690391459,0.3333333333333333,0.368,0.15040747842761265,0.15963566634707574,0.5564046579330422,0.24708879184861718,0.19347404172731683,0.0030325084910237748,"Bednar, David"
670287,3,0,0,0,2,0.0,0.0,27,R,0.3106796116504854,0.21359223300970873,0.0825242718446602,0.23786407766990292,0.2857142857142857,0.2857142857142857,0.105,0.28,0.25,0.25,0.25,0.25,"Ellingson, David"
670288,51,18,15,0,6,0.34019607843137256,0.3275730063803299,28,L,0.33112582781456956,0.24503311258278146,0.056291390728476824,0.18874172185430463,0.3466666666666667,0.34210526315789475,0.07933579335793357,0.17343173431734318,0.5226244343891403,0.36425339366515835,0.05656108597285068,0.05656108597285068,"Fishman, Jake"
670329,112,45,34,11,15,0.43571428571428567,0.4128408831195955,29,R,0.3632075471698113,0.2641509433962264,0.09198113207547169,0.17688679245283018,0.4,0.4,0.09362934362934362,0.13706563706563707,0.5459401709401709,0.19337606837606838,0.23397435897435898,0.026709401709401708,"Garcia, Rico"
670376,3,0,0,0,2,0.0,0.0,29,R,0.3106796116504854,0.21359223300970873,0.0825242718446602,0.23786407766990292,0.2857142857142857,0.2857142857142857,0.105,0.28,0.25,0.25,0.25,0.25,"Mateo, Alejandro"
670377,3,2,0,2,0,0.4666666666666666,0.4666666666666666,27,R,0.3300970873786408,0.21359223300970873,0.10194174757281553,0.21844660194174756,0.35714285714285715,0.35714285714285715,0.105,0.28,0.25,0.25,0.25,0.25,"Miller, Evan"
670389,3,0,0,0,1,0.0,0.0,26,R,0.3106796116504854,0.21359223300970873,0.0825242718446602,0.22815533980582525,0.2857142857142857,0.2857142857142857,0.11363636363636363,0.2545454545454546,0.30833333333333335,0.275,0.20833333333333334,0.20833333333333334,"Alvarez, Nelson L."
670393,5,1,1,0,1,0.18,0.18,26,R,0.3142857142857143,0.21904761904761905,0.08095238095238096,0.22380952380952382,0.3,0.3,0.0942622950819672,0.24590163934426232,0.3263888888888889,0.3125,0.1875,0.1736111111111111,"Bice, Dylan"
670404,3,0,0,0,1,0.0,0.0,26,L,0.3106796116504854,0.21359223300970873,0.0825242718446602,0.22815533980582525,0.2857142857142857,0.2857142857142857,0.105,0.28,0.25,0.25,0.25,0.25,"Arias, Skylar"
670426,52,19,14,5,9,0.4115384615384615,0.39483422692993286,29,L,0.3355263157894737,0.23684210526315788,0.08881578947368421,0.20723684210526316,0.36,0.35064935064935066,0.10227272727272728,0.21363636363636362,0.43823529411764706,0.40294117647058825,0.08529411764705883,0.07352941176470588,"Diehl, Phillip"
670437,5,2,2,0,1,0.58,0.58,27,L,0.3238095238095238,0.22857142857142856,0.08095238095238096,0.22380952380952382,0.3333333333333333,0.3333333333333333,0.105,0.28,0.25,0.25,0.25,0.25,"Jacobsen, Lucas"
670456,110,41,26,13,26,0.36636363636363634,0.3245538296624784,28,R,0.3476190476190476,0.22857142857142856,0.10238095238095238,0.23095238095238096,0.44,0.368,0.1,0.1443478260869565,0.5933333333333334,0.35904761904761906,0.023809523809523808,0.023809523809523808,"Hammer, JD"
670550,41,15,6,6,5,0.374390243902439,0.48099977829577834,25,R,0.3333333333333333,0.19858156028368795,0.10283687943262411,0.1950354609929078,0.3484848484848485,0.3484848484848485,0.07862903225806452,0.17338709677419356,0.48737373737373735,0.2601010101010101,0.1893939393939394,0.06313131313131314,"Rodriguez, Nivaldo"
670712,23,6,3,3,0,0.31086956521739134,0.4802153924004385,29,R,0.3089430894308943,0.2032520325203252,0.09349593495934959,0.18292682926829268,0.2916666666666667,0.2916666666666667,0.07183908045977011,0.21839080459770116,0.6733870967741935,0.10080645161290322,0.125,0.10080645161290322,"Brosseau, Mike"
670721,2,0,0,0,0,0.0,0.0,29,R,0.3137254901960784,0.21568627450980393,0.08333333333333333,0.22058823529411764,0.2962962962962963,0.2962962962962963,0.105,0.28,0.25,0.25,0.25,0.25,"Johnson, Kyle"
670766,287,105,74,24,47,0.38902439024390245,0.34323126767985507,28,R,0.35400516795865633,0.24806201550387597,0.08397932816537468,0.17958656330749354,0.32,0.32,0.06749785038693035,0.117798796216681,0.4811320754716981,0.38230008984725966,0.12533692722371967,0.011230907457322551,"McCaughan, Darren"
670768,30,10,9,1,0,0.35833333333333334,0.3528943767195767,27,L,0.3230769230769231,0.23846153846153847,0.07307692307692308,0.17307692307692307,0.32727272727272727,0.32727272727272727,0.056451612903225805,0.23655913978494625,0.22426470588235295,0.09191176470588236,0.5919117647058824,0.09191176470588236,"González, Luis"
670810,190,67,54,9,31,0.37421052631578944,0.3633393088744615,27,R,0.3413793103448276,0.2620689655172414,0.0603448275862069,0.18448275862068966,0.32,0.36,0.08972602739726028,0.15616438356164383,0.4742647058823529,0.32426470588235295,0.18308823529411763,0.01838235294117647,"Gillaspie, Logan"
670871,111,37,25,11,23,0.35135135135135137,0.33238028526347363,26,R,0.32701421800947866,0.22274881516587677,0.0924170616113744,0.2156398104265403,0.30666666666666664,0.304,0.08556701030927835,0.15051546391752577,0.5988505747126437,0.2517241379310345,0.1206896551724138,0.028735632183908046,"Zuñiga, Guillo"
670873,7,2,0,2,1,0.19999999999999998,0.19999999999999998,25,L,0.3177570093457944,0.205607476635514,0.09813084112149532,0.21962616822429906,0.3125,0.3125,0.12692307692307692,0.24615384615384617,0.38125,0.28125,0.18125,0.15625,"Santos, Lisandro"
670912,1377,457,287,148,283,0.3294480755265069,0.3255611253868225,25,R,0.3310765064319567,0.2092078537576168,0.10595802301963439,0.20683818551117128,0.36,0.392,0.11276871756856931,0.13398813936249074,0.4555742611298167,0.4823232323232323,0.05976430976430976,0.0023381967826412273,"Oviedo, Johan"
670950,1184,351,212,134,353,0.30261824324324327,0.30544711884342846,31,R,0.2982866043613707,0.1822429906542056,0.11098130841121495,0.2924454828660436,0.36,0.408,0.14128099980472564,0.1954696348369459,0.4692368369157957,0.07720370735555117,0.4510944586866496,0.0024649970420035495,"Richards, Trevor"
670955,362,101,68,29,106,0.28425414364640883,0.2769221855633269,26,R,0.2878787878787879,0.19480519480519481,0.08116883116883117,0.27813852813852813,0.3333333333333333,0.264,0.13892487046632124,0.16645077720207255,0.5411646586345381,0.10676037483266398,0.3437081659973226,0.008366800535475234,"Uceta, Edwin"
670970,498,162,119,41,116,0.32751004016064256,0.3177770220791293,25,L,0.32441471571906355,0.23578595317725753,0.08277591973244147,0.23160535117056857,0.32,0.328,0.11832435080842724,0.14355707986281235,0.61401305876444,0.30411853340030137,0.07559015570065294,0.006278252134605726,"Morejon, Adrian"
670986,10,3,3,0,2,0.45,0.45,26,R,0.3181818181818182,0.22727272727272727,0.07727272727272727,0.22272727272727272,0.3142857142857143,0.3142857142857143,0.12015503875968993,0.23255813953488375,0.2468354430379747,0.2848101265822785,0.310126582278481,0.15822784810126583,"Bravo, Jose"
670990,708,255,147,73,161,0.3474576271186441,0.32541012479683934,29,R,0.3551980198019802,0.20915841584158415,0.10086633663366337,0.2271039603960396,0.4533333333333333,0.408,0.09843522561863173,0.13282387190684133,0.6224981467753892,0.35711638250555966,0.01575240919199407,0.004633061527057079,"Ramírez, Yohan"
671093,9,5,5,0,1,0.5777777777777778,0.5777777777777778,25,R,0.3394495412844037,0.24770642201834864,0.0779816513761468,0.21559633027522937,0.38235294117647056,0.38235294117647056,0.09328358208955224,0.2238805970149254,0.30357142857142855,0.39880952380952384,0.1488095238095238,0.1488095238095238,"Whitten, Kyle"
671096,1044,326,227,96,234,0.32634099616858236,0.3083496775092247,25,L,0.3129370629370629,0.21765734265734266,0.09134615384615384,0.22421328671328672,0.30666666666666664,0.352,0.10057736720554272,0.1371824480369515,0.5164719626168224,0.31600467289719625,0.16436915887850467,0.0031542056074766356,"Abbott, Andrew"
671106,1008,349,250,94,206,0.3648313492063492,0.34656685294801576,26,L,0.34386281588447654,0.24548736462093862,0.09250902527075812,0.20622743682310468,0.38666666666666666,0.392,0.09989740959220313,0.14029238266222108,0.5753442452585087,0.22148610028578852,0.19992205767731877,0.003247596778383996,"Allen, Logan"
671109,9,4,2,1,1,0.35555555555555557,0.3175914444444444,26,L,0.3302752293577982,0.22018348623853212,0.0871559633027523,0.21559633027522937,0.35294117647058826,0.35294117647058826,0.11379310344827587,0.2482758620689655,0.3631578947368421,0.2578947368421053,0.24736842105263157,0.13157894736842105,"Eder, Jake"
671111,169,63,44,18,29,0.3819526627218935,0.37348501623324043,26,L,0.35315985130111527,0.24535315985130113,0.09851301115241635,0.19144981412639406,0.36,0.36,0.08607095926412615,0.1616294349540079,0.39451476793248946,0.2848101265822785,0.3030942334739803,0.017580872011251757,"Peralta, Sammy"
671131,122,43,32,8,21,0.37459016393442623,0.35840349048180176,25,R,0.33783783783783783,0.24324324324324326,0.07432432432432433,0.19594594594594594,0.32,0.312,0.09487179487179487,0.13846153846153847,0.5785046728971963,0.26822429906542056,0.12990654205607477,0.02336448598130841,"Rutledge, Jackson"
671162,26,3,3,0,4,0.10384615384615385,0.10384615384615385,25,L,0.2777777777777778,0.1984126984126984,0.06746031746031746,0.21031746031746032,0.21568627450980393,0.21568627450980393,0.08766233766233766,0.22727272727272727,0.4182692307692308,0.21634615384615385,0.24519230769230768,0.1201923076923077,"Thomas, Connor"
671212,320,115,59,52,80,0.33218749999999997,0.3149972922184573,25,R,0.35,0.19285714285714287,0.14404761904761904,0.24404761904761904,0.38666666666666666,0.368,0.10375191424196019,0.12710566615620214,0.5752388535031847,0.40485668789808915,0.009952229299363057,0.009952229299363057,"Boyle, Joe"
671220,1,0,0,0,0,0.0,0.0,25,R,0.31683168316831684,0.21782178217821782,0.08415841584158416,0.22277227722772278,0.3076923076923077,0.3076923076923077,0.105,0.28,0.25,0.25,0.25,0.25,"Troye, Christopher"
671305,153,51,27,21,55,0.30032679738562096,0.2520463388225869,27,R,0.32806324110671936,0.19367588932806323,0.116600790513834,0.30632411067193677,0.32,0.328,0.16690140845070423,0.17746478873239438,0.5674242424242424,0.3946969696969697,0.01893939393939394,0.01893939393939394,"Otañez, Michel"
671345,874,274,209,57,163,0.3096109839816934,0.3143066854668309,29,R,0.3141683778234086,0.23716632443531827,0.06724845995893224,0.1904517453798768,0.29333333333333333,0.28,0.08593522030930843,0.14093959731543623,0.6673082617708025,0.24267100977198697,0.08631921824104234,0.0037015102161681965,"Foley, Jason"
671737,1034,318,228,86,283,0.3310928433268859,0.3197081329660495,23,R,0.30864197530864196,0.2204585537918871,0.08333333333333333,0.26940035273368607,0.32,0.304,0.12135231316725979,0.1461447212336892,0.661344537815126,0.12521008403361344,0.21044417767106843,0.003001200480192077,"Bradley, Taj"
671790,124,46,26,17,24,0.33991935483870966,0.3412146502880671,26,R,0.3482142857142857,0.21428571428571427,0.11383928571428571,0.20758928571428573,0.36,0.392,0.11245353159851301,0.17100371747211895,0.5092213114754098,0.3985655737704918,0.06659836065573771,0.025614754098360656,"Bolaños, Ronald"
671922,349,85,62,19,125,0.23954154727793694,0.2552662664491914,25,R,0.26057906458797325,0.1870824053452116,0.061247216035634745,0.3285077951002227,0.22666666666666666,0.232,0.14052741151977793,0.13462873004857737,0.6811646297627606,0.10819554277498203,0.20165348670021568,0.008986340762041696,"Smith, Cade"
671987,7,5,2,3,0,0.6071428571428571,0.6071428571428571,24,R,0.34579439252336447,0.22429906542056074,0.10747663551401869,0.2102803738317757,0.40625,0.40625,0.105,0.28,0.25,0.25,0.25,0.25,"Hofmann, Logan"
672078,6,0,0,0,2,0.0,0.0,23,R,0.3018867924528302,0.20754716981132076,0.08018867924528301,0.23113207547169812,0.25806451612903225,0.25806451612903225,0.128099173553719,0.2892561983471074,0.31690140845070425,0.2605633802816901,0.24647887323943662,0.176056338028169,"Pardinho, Eric"
672277,7,2,2,0,3,0.35714285714285715,0.35714285714285715,26,R,0.3177570093457944,0.22429906542056074,0.0794392523364486,0.2383177570093458,0.3125,0.3125,0.11363636363636363,0.28181818181818186,0.3416666666666667,0.24166666666666667,0.20833333333333334,0.20833333333333334,"Carlson, Sam"
672282,1787,590,400,164,456,0.3375769445998881,0.32293185306006633,25,L,0.32962374138844724,0.22363540010598834,0.09141494435612083,0.25357710651828297,0.4,0.368,0.12039920724801811,0.14396942242355606,0.44304248645566013,0.459153122326775,0.09573709723410322,0.002067293983461648,"Detmers, Reid"
672335,877,290,179,101,190,0.30974914481185856,0.29817625480230725,28,L,0.3295803480040942,0.20573183213920163,0.1120777891504606,0.21750255885363357,0.4,0.352,0.1012371756185878,0.1324683162341581,0.6220894607843137,0.35952818627450983,0.014552696078431373,0.003829656862745098,"Pérez, Cionel"
672374,3,1,0,0,1,0.2333333333333333,0.2333333333333333,23,L,0.32038834951456313,0.21359223300970873,0.0825242718446602,0.22815533980582525,0.32142857142857145,0.32142857142857145,0.11574074074074074,0.26851851851851855,0.28448275862068967,0.23275862068965517,0.2672413793103448,0.21551724137931033,"Dacosta, Franklin"
672382,1,0,0,0,0,0.0,0.0,24,R,0.31683168316831684,0.21782178217821782,0.08415841584158416,0.22277227722772278,0.3076923076923077,0.3076923076923077,0.105,0.28,0.25,0.25,0.25,0.25,"Moreno, Luis"
672391,384,134,96,35,87,0.388671875,0.3541952753401219,32,R,0.34297520661157027,0.24380165289256198,0.08987603305785125,0.2262396694214876,0.29333333333333333,0.248,0.10832745236414962,0.15031757233592097,0.6660570592538405,0.2607900512070227,0.06327724945135332,0.009875640087783468,"Ort, Kaleb"
672405,2,1,0,1,0,0.35,0.35,26,R,0.3235294117647059,0.21568627450980393,0.09313725490196079,0.22058823529411764,0.3333333333333333,0.3333333333333333,0.1036036036036036,0.2702702702702703,0.38524590163934425,0.20491803278688525,0.20491803278688525,0.20491803278688525,"Taveras, Leonardo"
672456,435,139,104,32,83,0.3385057471264368,0.34324568353489754,24,R,0.31962616822429907,0.23551401869158878,0.07570093457943926,0.197196261682243,0.32,0.288,0.09436701509872242,0.13472706155632985,0.4871411483253589,0.39204545454545453,0.11333732057416268,0.007476076555023923,"Montero, Keider"
672529,10,4,1,3,3,0.33499999999999996,0.33499999999999996,24,R,0.32727272727272727,0.20909090909090908,0.10454545454545454,0.2318181818181818,0.34285714285714286,0.34285714285714286,0.105,0.28,0.25,0.25,0.25,0.25,"Del Rosario, Yefri"
672550,16,7,4,3,2,0.434375,0.434375,25,R,0.33620689655172414,0.22413793103448276,0.09913793103448276,0.21120689655172414,0.36585365853658536,0.36585365853658536,0.105,0.28,0.25,0.25,0.25,0.25,"Correa, Danis"
672552,61,24,18,6,10,0.4114754098360656,0.4337761328309526,24,L,0.34782608695652173,0.2484472049689441,0.09006211180124224,0.20186335403726707,0.37333333333333335,0.37209302325581395,0.10692771084337349,0.18674698795180722,0.4592198581560284,0.3351063829787234,0.16134751773049646,0.044326241134751775,"O'Loughlin, Jack"
672578,1106,375,243,124,226,0.337251356238698,0.3406974855084781,27,R,0.33747927031509123,0.2197346600331675,0.10986733001658375,0.2060530679933665,0.32,0.32,0.11883561643835616,0.1449771689497717,0.5389145496535797,0.352540415704388,0.1056581986143187,0.002886836027713626,"Hernández, Carlos"
672582,531,167,123,38,104,0.32890772128060264,0.3217804586985937,25,L,0.3153724247226624,0.22979397781299524,0.07369255150554675,0.2004754358161648,0.28,0.336,0.07340116279069768,0.11337209302325581,0.5990566037735849,0.2544687189672294,0.14026812313803377,0.006206554121151936,"Zerpa, Angel"
672629,10,6,4,2,2,0.5700000000000001,0.5700000000000001,24,R,0.34545454545454546,0.23636363636363636,0.09545454545454546,0.22272727272727272,0.4,0.4,0.105,0.28,0.25,0.25,0.25,0.25,"Carrillo, Gerardo"
672710,1078,356,238,111,219,0.33812615955473097,0.3409103318374888,25,R,0.3293718166383701,0.22071307300509338,0.10144312393887946,0.20500848896434634,0.3466666666666667,0.312,0.11702898550724637,0.1606280193236715,0.4583129584352078,0.4834963325183374,0.054645476772616136,0.0035452322738386307,"Contreras, Roansy"
672712,12,4,3,1,2,0.3416666666666666,0.3416666666666666,24,L,0.32142857142857145,0.22321428571428573,0.08482142857142858,0.21875,0.32432432432432434,0.32432432432432434,0.10431654676258993,0.2302158273381295,0.3651685393258427,0.16292134831460675,0.33146067415730335,0.1404494382022472,"Palacios, Luis"
672715,585,202,132,63,109,0.35965811965811967,0.3514359680375738,24,R,0.3416058394160584,0.22481751824817517,0.10437956204379562,0.19197080291970803,0.32,0.352,0.10570607553366174,0.1444991789819376,0.6033109807208717,0.31454316848281644,0.07690695725062867,0.005238893545683152,"Patiño, Luis"
672730,50,17,15,2,5,0.37799999999999995,0.34766657161290326,24,R,0.32666666666666666,0.24666666666666667,0.07,0.18333333333333332,0.3333333333333333,0.3333333333333333,0.07677902621722846,0.16104868913857678,0.49078341013824883,0.22350230414746544,0.22811059907834103,0.0576036866359447,"Then, Juan"
672755,7,4,3,1,0,0.5857142857142856,0.5857142857142856,24,R,0.3364485981308411,0.2336448598130841,0.08878504672897196,0.2102803738317757,0.375,0.375,0.10550458715596331,0.28440366972477066,0.3135593220338983,0.2288135593220339,0.2457627118644068,0.211864406779661,"Acosta, Aldry"
672774,7,1,0,1,3,0.09999999999999999,0.09999999999999999,24,R,0.308411214953271,0.205607476635514,0.08878504672897196,0.2383177570093458,0.28125,0.28125,0.105,0.28,0.25,0.25,0.25,0.25,"Garcia, Ronny"
672782,79,27,18,7,17,0.3373417721518987,0.3221671843500409,25,R,0.329608938547486,0.22346368715083798,0.08659217877094973,0.2206703910614525,0.36,0.33653846153846156,0.12354651162790697,0.16279069767441862,0.358843537414966,0.4846938775510204,0.11394557823129252,0.04251700680272109,"Gómez, Yoendrys"
672795,3,0,0,0,0,0.3,0.3,26,R,0.3106796116504854,0.21359223300970873,0.0825242718446602,0.21844660194174756,0.2857142857142857,0.2857142857142857,0.105,0.28,0.25,0.25,0.25,0.25,"Reyes, Samuel"
672810,7,1,0,1,2,0.09999999999999999,0.09999999999999999,24,R,0.308411214953271,0.205607476635514,0.08878504672897196,0.22897196261682243,0.28125,0.28125,0.10080645161290322,0.2661290322580645,0.3581081081081081,0.2905405405405405,0.18243243243243243,0.16891891891891891,"Solis, Jairo"
672836,6,3,1,2,0,0.44166666666666665,0.44166666666666665,24,R,0.330188679245283,0.2169811320754717,0.09905660377358491,0.21226415094339623,0.3548387096774194,0.3548387096774194,0.1124031007751938,0.2558139534883721,0.4620253164556962,0.22151898734177214,0.15822784810126583,0.15822784810126583,"Macuare, Angel"
672839,38,14,5,8,10,0.3223684210526316,0.33962307894736843,25,R,0.3333333333333333,0.1956521739130435,0.11956521739130435,0.23550724637681159,0.3492063492063492,0.3492063492063492,0.09862385321100918,0.1926605504587156,0.7767857142857143,0.0744047619047619,0.0744047619047619,0.0744047619047619,"Morales, Francisco"
672841,49,19,12,6,14,0.3877551020408163,0.38342891836734694,25,R,0.3422818791946309,0.22818791946308725,0.09731543624161074,0.24496644295302014,0.36486486486486486,0.36486486486486486,0.09259259259259259,0.1646090534979424,0.7849740932642487,0.06476683937823834,0.08549222797927461,0.06476683937823834,"Vargas, Carlos"
672848,7,3,1,2,2,0.32857142857142857,0.32857142857142857,24,R,0.32710280373831774,0.21495327102803738,0.09813084112149532,0.22897196261682243,0.34375,0.34375,0.10294117647058823,0.27450980392156865,0.25961538461538464,0.2403846153846154,0.25961538461538464,0.2403846153846154,"Toribio, Noe"
672851,660,249,163,73,128,0.3787121212121212,0.362899555113991,26,R,0.36973684210526314,0.24342105263157895,0.10723684210526316,0.1980263157894737,0.36,0.392,0.08211538461538462,0.13653846153846153,0.6072549019607844,0.2774509803921569,0.1103921568627451,0.004901960784313725,"Adon, Joan"
672860,91,32,15,16,29,0.3153846153846154,0.24400281394267112,24,R,0.33507853403141363,0.193717277486911,0.12827225130890052,0.2696335078534031,0.3466666666666667,0.3448275862068966,0.14008179959100203,0.17791411042944785,0.41116173120728927,0.5318906605922551,0.02847380410022779,0.02847380410022779,"Berroa, Prelander"
672870,5,2,1,0,1,0.32,0.32,24,R,0.3238095238095238,0.21904761904761905,0.08095238095238096,0.22380952380952382,0.3333333333333333,0.3333333333333333,0.1036036036036036,0.2702702702702703,0.27049180327868855,0.319672131147541,0.20491803278688525,0.20491803278688525,"German, Osiris"
672911,41,14,9,4,6,0.4024390243902439,0.37918964053115706,28,R,0.3262411347517731,0.2198581560283688,0.08865248226950355,0.20212765957446807,0.3333333333333333,0.3333333333333333,0.11213235294117647,0.22058823529411764,0.5022522522522522,0.38063063063063063,0.060810810810810814,0.05630630630630631,"Cruz, Jesus"
673111,34,13,7,6,11,0.3191176470588235,0.314144205882353,24,L,0.3358208955223881,0.21641791044776118,0.10820895522388059,0.25,0.3559322033898305,0.3559322033898305,0.09602649006622517,0.20529801324503313,0.4603960396039604,0.18316831683168316,0.23267326732673269,0.12376237623762376,"Lopez, José"
673231,5,2,0,2,1,0.27999999999999997,0.27999999999999997,23,R,0.3238095238095238,0.20952380952380953,0.1,0.22380952380952382,0.3333333333333333,0.3333333333333333,0.105,0.28,0.25,0.25,0.25,0.25,"Thomas, Tahnaj"
673257,5,2,1,1,2,0.39,0.39,22,R,0.3238095238095238,0.21904761904761905,0.09047619047619047,0.23333333333333334,0.3333333333333333,0.3333333333333333,0.105,0.28,0.25,0.25,0.25,0.25,"Santos, Victor"
673258,7,1,1,0,2,0.1285714285714286,0.18305714285714286,26,R,0.308411214953271,0.21495327102803738,0.0794392523364486,0.22897196261682243,0.28125,0.28125,0.1,0.272,0.35333333333333333,0.20666666666666667,0.2733333333333333,0.16666666666666666,"Baez, Michel"
673316,29,11,10,1,5,0.4844827586206897,0.5065828175655762,30,R,0.3333333333333333,0.24806201550387597,0.07364341085271318,0.2131782945736434,0.35185185185185186,0.35185185185185186,0.10714285714285714,0.24675324675324675,0.42788461538461536,0.15865384615384615,0.2932692307692308,0.1201923076923077,"Barker, Luke"
673380,135,32,24,8,48,0.25666666666666665,0.2435528458233125,28,R,0.2723404255319149,0.19574468085106383,0.07021276595744681,0.3,0.28,0.24,0.16344605475040258,0.1932367149758454,0.45621716287215414,0.4702276707530648,0.05166374781085814,0.021891418563922942,"Núñez, Dedniel"
673387,2,1,0,1,0,0.35,0.35,25,R,0.3235294117647059,0.21568627450980393,0.09313725490196079,0.22058823529411764,0.3333333333333333,0.3333333333333333,0.105,0.28,0.25,0.25,0.25,0.25,"Montilla, Jose"
673513,265,75,48,27,73,0.2875471698113208,0.2743946299870254,29,L,0.29315068493150687,0.1917808219178082,0.09726027397260274,0.26164383561643834,0.26666666666666666,0.256,0.1483843537414966,0.19387755102040816,0.402753108348135,0.3396980461811723,0.2464476021314387,0.011101243339253997,"Matsui, Yuki"
673540,768,234,139,88,223,0.29765625,0.306975252720026,31,R,0.3064516129032258,0.18548387096774194,0.11117511520737328,0.2828341013824885,0.36,0.352,0.12383851329702018,0.1544376802306953,0.6169000325626832,0.14539238033213936,0.23363725170954086,0.0040703353956366,"Senga, Kodai"
673603,13,8,8,0,0,0.6653846153846155,0.6653846153846155,28,R,0.35398230088495575,0.26548672566371684,0.0752212389380531,0.19911504424778761,0.42105263157894735,0.42105263157894735,0.105,0.28,0.25,0.25,0.25,0.25,"Romero, Luis"
673766,5,2,1,1,0,0.32,0.32,27,R,0.3238095238095238,0.21904761904761905,0.09047619047619047,0.21428571428571427,0.3333333333333333,0.3333333333333333,0.0942622950819672,0.23770491803278693,0.3541666666666667,0.2986111111111111,0.1736111111111111,0.1736111111111111,"Barber, Albertus"
673822,3,2,1,0,0,0.65,0.65,25,R,0.3300970873786408,0.22330097087378642,0.0825242718446602,0.21844660194174756,0.35714285714285715,0.35714285714285715,0.09722222222222222,0.26851851851851855,0.2672413793103448,0.28448275862068967,0.23275862068965517,0.21551724137931033,"Tineo, Marcos"
673858,15,9,6,3,0,0.5233333333333333,0.4112472666666667,27,R,0.3565217391304348,0.24347826086956523,0.1,0.1956521739130435,0.425,0.425,0.07961783439490445,0.21656050955414013,0.4158878504672897,0.3411214953271028,0.1261682242990654,0.11682242990654206,"Wong, Jake"
673862,5,3,1,1,1,0.45999999999999996,0.45999999999999996,27,L,0.3333333333333333,0.21904761904761905,0.09047619047619047,0.22380952380952382,0.36666666666666664,0.36666666666666664,0.10683760683760683,0.25641025641025644,0.1865671641791045,0.291044776119403,0.3358208955223881,0.1865671641791045,"Evanko, Ethan"
673904,33,13,10,2,10,0.4287878787878788,0.41497362337662336,27,R,0.3383458646616541,0.24060150375939848,0.07894736842105263,0.24436090225563908,0.3620689655172414,0.3620689655172414,0.09848484848484848,0.18686868686868688,0.5236486486486487,0.26013513513513514,0.13175675675675674,0.08445945945945946,"Walsh, Jake"
673912,2,1,0,1,1,0.35,0.35,26,R,0.3235294117647059,0.21568627450980393,0.09313725490196079,0.23039215686274508,0.3333333333333333,0.3333333333333333,0.105,0.28,0.25,0.25,0.25,0.25,"Hintzen, J.T."
673929,161,58,38,19,31,0.362111801242236,0.3367108231882723,26,R,0.3448275862068966,0.22988505747126436,0.1053639846743295,0.2049808429118774,0.4266666666666667,0.376,0.11717612809315867,0.14264919941775836,0.5690737833594977,0.391679748822606,0.019623233908948195,0.019623233908948195,"Leasure, Jordan"
673965,26,10,5,5,7,0.3903846153846154,0.3903846153846154,25,R,0.3333333333333333,0.21428571428571427,0.10714285714285714,0.23412698412698413,0.35294117647058826,0.35294117647058826,0.09913793103448276,0.25000000000000006,0.3560606060606061,0.26515151515151514,0.1893939393939394,0.1893939393939394,"Freeman, Caleb"
674003,620,172,140,30,132,0.3160483870967742,0.3234503569526064,26,L,0.2833333333333333,0.225,0.05347222222222222,0.21458333333333332,0.32,0.296,0.10084925690021232,0.14777070063694267,0.5893709327548807,0.1299349240780911,0.2752711496746204,0.005422993492407809,"Bradford, Cody"
674047,10,9,2,5,1,0.78,0.78,25,R,0.37272727272727274,0.21818181818181817,0.12272727272727273,0.21363636363636362,0.4857142857142857,0.4857142857142857,0.105,0.28,0.25,0.25,0.25,0.25,"Kuhn, Travis"
674052,2,1,1,0,0,0.45,0.45,27,R,0.3235294117647059,0.22549019607843138,0.08333333333333333,0.22058823529411764,0.3333333333333333,0.3333333333333333,0.105,0.28,0.25,0.25,0.25,0.25,"Pall, Bryan"
674072,840,283,192,80,147,0.34988095238095235,0.3307383048663865,27,L,0.3351063829787234,0.2276595744680851,0.09414893617021276,0.1803191489361702,0.41333333333333333,0.4,0.09619582164016215,0.1406298721546617,0.5091859360152043,0.3216661387393095,0.16518847006651885,0.0039594551789673745,"Henry, Tommy"
674086,1,0,0,0,1,0.0,0.0,25,R,0.31683168316831684,0.21782178217821782,0.08415841584158416,0.23267326732673269,0.3076923076923077,0.3076923076923077,0.1,0.2666666666666667,0.3181818181818182,0.22727272727272727,0.22727272727272727,0.22727272727272727,"Lunn, Connor"
674175,6,3,0,3,1,0.3499999999999999,0.3499999999999999,26,R,0.330188679245283,0.20754716981132076,0.10849056603773585,0.22169811320754718,0.3548387096774194,0.3548387096774194,0.105,0.28,0.25,0.25,0.25,0.25,"Roth, Houston"
674285,194,74,50,19,32,0.35541237113402063,0.35147187357277465,26,R,0.36054421768707484,0.24489795918367346,0.0935374149659864,0.18537414965986396,0.4,0.352,0.09063625450180073,0.15846338535414164,0.566411238825032,0.3837803320561941,0.03384418901660281,0.015964240102171137,"Salazar, Eduardo"
674289,10,8,5,1,0,0.95,0.95,26,R,0.36363636363636365,0.24545454545454545,0.08636363636363636,0.20454545454545456,0.45714285714285713,0.45714285714285713,0.105,0.28,0.25,0.25,0.25,0.25,"Cachutt, Manuel"
674342,9,3,1,2,3,0.47777777777777775,0.47777777777777775,27,L,0.3211009174311927,0.21100917431192662,0.0963302752293578,0.23394495412844038,0.3235294117647059,0.3235294117647059,0.09259259259259259,0.24444444444444444,0.3941176470588235,0.2647058823529412,0.19411764705882353,0.14705882352941177,"Hernandez, Jakob"
674370,501,161,98,48,115,0.2996007984031936,0.2919944480294107,29,R,0.3211314475873544,0.19966722129783693,0.09400998336106489,0.22878535773710482,0.26666666666666666,0.232,0.10292039566650965,0.14554875176636833,0.581041968162084,0.2809937288953208,0.13145200192957068,0.006512301013024602,"Bido, Osvaldo"
674375,4,1,0,1,0,0.175,0.175,26,R,0.3173076923076923,0.21153846153846154,0.09134615384615384,0.21634615384615385,0.3103448275862069,0.3103448275862069,0.105,0.28,0.25,0.25,0.25,0.25,"Arias, Dayeison"
674381,15,3,2,1,7,0.18999999999999997,0.18999999999999997,24,R,0.30434782608695654,0.20869565217391303,0.08260869565217391,0.2565217391304348,0.275,0.275,0.11467889908256881,0.28440366972477066,0.3305084745762712,0.2457627118644068,0.211864406779661,0.211864406779661,"Lugo, Moises"
674444,104,32,15,15,28,0.31490384615384615,0.31656394264581333,25,R,0.3137254901960784,0.18137254901960784,0.11519607843137254,0.24754901960784315,0.29333333333333333,0.304,0.10452586206896551,0.13577586206896552,0.7379227053140096,0.19444444444444445,0.03743961352657005,0.030193236714975844,"Cruz, Steven"
674681,81,30,24,3,13,0.4104938271604938,0.3900968808379885,27,L,0.3425414364640884,0.2541436464088398,0.06353591160220995,0.19613259668508287,0.36,0.3584905660377358,0.12467866323907455,0.1953727506426735,0.556047197640118,0.14601769911504425,0.2610619469026549,0.03687315634218289,"Plassmeyer, Michael"
674944,198,63,44,14,29,0.305050505050505,0.29419526281705244,29,L,0.3187919463087248,0.2214765100671141,0.07550335570469799,0.17281879194630873,0.24,0.24,0.08268229166666667,0.15625,0.4937325905292479,0.30153203342618384,0.1873259052924791,0.017409470752089137,"Guenther, Sean"
675276,1,0,0,0,0,0.0,0.0,24,R,0.31683168316831684,0.21782178217821782,0.08415841584158416,0.22277227722772278,0.3076923076923077,0.3076923076923077,0.105,0.28,0.25,0.25,0.25,0.25,"Pope, Bryan"
675527,3,0,0,0,2,0.0,0.0,25,L,0.3106796116504854,0.21359223300970873,0.0825242718446602,0.23786407766990292,0.2857142857142857,0.2857142857142857,0.105,0.28,0.25,0.25,0.25,0.25,"De Paula, Brayan"
675540,641,201,153,45,103,0.33283931357254287,0.3467843949216449,26,R,0.3144399460188934,0.23616734143049933,0.07219973009446694,0.16936572199730093,0.22666666666666666,0.256,0.08953680727874276,0.12158808933002481,0.4888091216216216,0.4655827702702703,0.03990709459459459,0.005701013513513513,"Curry, Xzavion"
675627,701,231,173,49,166,0.34579172610556347,0.3165264172662077,28,R,0.3283395755305868,0.24344569288389514,0.07178526841448189,0.23533083645443195,0.32,0.312,0.11715558856294096,0.15298923134051243,0.43530079455164583,0.5537268255769958,0.006242905788876277,0.004729474082482028,"Grove, Michael"
675640,13,3,1,2,2,0.1769230769230769,0.1769230769230769,27,R,0.30973451327433627,0.20353982300884957,0.09292035398230089,0.2168141592920354,0.2894736842105263,0.2894736842105263,0.10740740740740741,0.22222222222222224,0.3941176470588235,0.31176470588235294,0.14705882352941177,0.14705882352941177,"Zarbnisky, Braden"
675650,64,26,16,9,10,0.5,0.46243975180447916,25,R,0.35365853658536583,0.23170731707317074,0.10670731707317073,0.19817073170731708,0.41333333333333333,0.38202247191011235,0.09583333333333334,0.13333333333333333,0.65,0.22741935483870968,0.08225806451612903,0.04032258064516129,"Mercado, Michael"
675653,15,7,4,3,1,0.47333333333333333,0.47333333333333333,24,R,0.3391304347826087,0.22608695652173913,0.1,0.20434782608695654,0.375,0.375,0.105,0.28,0.25,0.25,0.25,0.25,"Marinan, James"
675842,2,0,0,0,1,0.0,0.0,23,R,0.3137254901960784,0.21568627450980393,0.08333333333333333,0.23039215686274508,0.2962962962962963,0.2962962962962963,0.105,0.28,0.25,0.25,0.25,0.25,"Guzman, Emilker"
675911,1508,423,284,126,549,0.28033819628647216,0.2734459390037942,26,R,0.2829601990049751,0.19029850746268656,0.08364427860696518,0.355410447761194,0.3466666666666667,0.336,0.17513702042850024,0.16093672147483806,0.6194104840060292,0.3164461564227098,0.06188243175347513,0.0022609278177859655,"Strider, Spencer"
675912,187,74,49,20,35,0.39893048128342246,0.39958267675063425,26,L,0.3693379790940767,0.24738675958188153,0.09930313588850175,0.20034843205574912,0.4,0.36,0.09922178988326848,0.13618677042801555,0.5180305131761442,0.28363384188626906,0.180998613037448,0.017337031900138695,"Lowther, Zac"
675916,602,176,84,85,204,0.27715946843853817,0.29100353578220806,28,R,0.2962962962962963,0.150997150997151,0.13319088319088318,0.32264957264957267,0.3466666666666667,0.328,0.12331586826347306,0.1403443113772455,0.6153699466056446,0.37433257055682684,0.004767353165522502,0.005530129672006103,"Karinchak, James"
675921,620,227,161,61,126,0.38048387096774194,0.33565268083898947,28,R,0.3597222222222222,0.25416666666666665,0.09652777777777778,0.20625,0.41333333333333333,0.432,0.0989451476793249,0.11983122362869199,0.5980603448275862,0.30150862068965517,0.09504310344827586,0.005387931034482759,"Howard, Spencer"
675963,2,0,0,0,0,0.0,0.0,27,R,0.3137254901960784,0.21568627450980393,0.08333333333333333,0.22058823529411764,0.2962962962962963,0.2962962962962963,0.105,0.28,0.25,0.25,0.25,0.25,"Roberson, Josh"
675971,12,3,2,1,2,0.20833333333333334,0.18964308333333335,26,L,0.3125,0.21428571428571427,0.08482142857142858,0.21875,0.2972972972972973,0.2972972972972973,0.1099290780141844,0.2695035460992908,0.489010989010989,0.15934065934065933,0.21428571428571427,0.13736263736263737,"Dohy, Kyle"
675973,4,1,1,0,1,0.225,0.225,25,R,0.3173076923076923,0.22115384615384615,0.08173076923076923,0.22596153846153846,0.3103448275862069,0.3103448275862069,0.105,0.28,0.25,0.25,0.25,0.25,"Brown, Tyler"
675976,25,7,5,2,7,0.294,0.294,28,R,0.312,0.216,0.084,0.236,0.3,0.3,0.125,0.25757575757575757,0.3231707317073171,0.27439024390243905,0.25,0.1524390243902439,"Washington, Mark"
675977,15,7,3,4,3,0.38999999999999996,0.38999999999999996,28,R,0.3391304347826087,0.21739130434782608,0.10869565217391304,0.2217391304347826,0.375,0.375,0.09274193548387097,0.24193548387096778,0.31756756756756754,0.34459459459459457,0.16891891891891891,0.16891891891891891,"Strotman, Drew"
675983,7,1,1,0,1,0.1285714285714286,0.1285714285714286,27,R,0.308411214953271,0.21495327102803738,0.0794392523364486,0.21962616822429906,0.28125,0.28125,0.0992063492063492,0.24603174603174607,0.3092105263157895,0.28289473684210525,0.24342105263157895,0.16447368421052633,"Schilling, Garrett"
675989,214,79,51,26,45,0.366588785046729,0.3347702681295922,26,R,0.3535031847133758,0.23248407643312102,0.10987261146496816,0.21496815286624205,0.36,0.312,0.09228187919463088,0.14541387024608501,0.5645734597156398,0.2659952606635071,0.15462085308056872,0.01481042654028436,"Bolton, Cody"
676014,3,1,1,0,1,0.6666666666666666,0.6666666666666666,22,R,0.32038834951456313,0.22330097087378642,0.0825242718446602,0.22815533980582525,0.32142857142857145,0.32142857142857145,0.105,0.28,0.25,0.25,0.25,0.25,"Peguero, Matthew"
676050,292,106,80,23,50,0.35856164383561645,0.34051576063869793,27,L,0.3520408163265306,0.2602040816326531,0.08035714285714286,0.18494897959183673,0.36,0.392,0.10714285714285714,0.1901893287435456,0.5589028776978417,0.1704136690647482,0.25944244604316546,0.011241007194244604,"Naughton, Packy"
676051,277,90,65,23,56,0.3243682310469314,0.30419109744031153,25,R,0.32360742705570295,0.23076923076923078,0.08355437665782493,0.20822281167108753,0.3466666666666667,0.304,0.1370757180156658,0.16971279373368145,0.5473157415832575,0.23248407643312102,0.20882620564149226,0.011373976342129208,"Heuer, Codi"
676083,220,80,67,13,39,0.40181818181818185,0.34844228227984814,28,R,0.35,0.278125,0.0671875,0.1921875,0.4533333333333333,0.424,0.0751201923076923,0.15384615384615385,0.4852941176470588,0.44437340153452687,0.05434782608695652,0.0159846547314578,"Junk, Janson"
676089,6,1,0,1,2,0.11666666666666665,0.11666666666666665,27,R,0.3113207547169811,0.20754716981132076,0.08962264150943396,0.23113207547169812,0.2903225806451613,0.2903225806451613,0.10887096774193548,0.24193548387096778,0.4527027027027027,0.20945945945945946,0.16891891891891891,0.16891891891891891,"Mauricio, Alex"
676092,470,158,111,45,95,0.32872340425531915,0.33141531709278893,29,R,0.3333333333333333,0.23333333333333334,0.09385964912280702,0.20614035087719298,0.30666666666666664,0.312,0.1058659217877095,0.15083798882681565,0.5658045977011494,0.41293103448275864,0.014080459770114942,0.007183908045977011,"Snider, Collin"
676103,51,18,6,8,13,0.2911764705882353,0.27405476470588236,28,L,0.33112582781456956,0.18543046357615894,0.10927152317880795,0.23509933774834438,0.3466666666666667,0.34210526315789475,0.11129568106312292,0.17940199335548174,0.4960159362549801,0.4043824701195219,0.049800796812749,0.049800796812749,"Jones, Damon"
676105,95,32,21,10,28,0.3542105263157895,0.33526785909761725,25,R,0.3282051282051282,0.2205128205128205,0.09487179487179487,0.258974358974359,0.36,0.3333333333333333,0.15308370044052863,0.20044052863436124,0.40717821782178215,0.40470297029702973,0.15717821782178218,0.03094059405940594,"Criswell, Jeff"
676106,343,116,85,24,47,0.3511661807580175,0.3658559013526795,25,R,0.3340857787810384,0.24153498871331827,0.07336343115124154,0.15688487584650113,0.30666666666666664,0.336,0.09508076358296623,0.14977973568281938,0.6589176829268293,0.13376524390243902,0.19778963414634146,0.009527439024390244,"Hancock, Emerson"
676111,7,4,3,1,1,0.85,0.85,27,R,0.3364485981308411,0.2336448598130841,0.08878504672897196,0.21962616822429906,0.375,0.375,0.0942622950819672,0.24590163934426232,0.3125,0.2569444444444444,0.2569444444444444,0.1736111111111111,"Semple, Shawn"
676130,536,164,90,68,132,0.294589552238806,0.30769760692737275,26,R,0.3081761006289308,0.1761006289308176,0.12028301886792453,0.2429245283018868,0.28,0.328,0.12467811158798284,0.1759656652360515,0.5493421052631579,0.22785087719298244,0.21732456140350878,0.005482456140350877,"Buttó, José"
676194,96,33,23,10,9,0.375,0.40875994157935464,26,R,0.33163265306122447,0.22959183673469388,0.09438775510204081,0.16071428571428573,0.32,0.33884297520661155,0.08064516129032258,0.14408602150537633,0.8180722891566266,0.09759036144578313,0.05421686746987952,0.030120481927710843,"Tetreault, Jackson"
676206,73,24,13,11,17,0.36232876712328765,0.39136136693413043,25,R,0.3236994219653179,0.2023121387283237,0.11271676300578035,0.22832369942196531,0.32,0.32653061224489793,0.10201511335012595,0.17380352644836272,0.4769452449567723,0.3357348703170029,0.15129682997118155,0.03602305475504323,"Tarnok, Freddy"
676215,3,2,1,1,0,0.5333333333333333,0.5333333333333333,24,R,0.3300970873786408,0.22330097087378642,0.09223300970873786,0.21844660194174756,0.35714285714285715,0.35714285714285715,0.105,0.28,0.25,0.25,0.25,0.25,"Perry, Aaron"
676220,52,21,13,7,11,0.3807692307692308,0.3394893266326227,25,R,0.34868421052631576,0.23026315789473684,0.10197368421052631,0.22039473684210525,0.36,0.37662337662337664,0.09190031152647975,0.14953271028037382,0.6107011070110702,0.2896678966789668,0.05350553505535055,0.046125461254612546,"Elledge, Seth"
676221,11,1,1,0,5,0.08181818181818182,0.08181818181818182,25,L,0.2972972972972973,0.2072072072072072,0.07657657657657657,0.24774774774774774,0.25,0.25,0.105,0.28,0.25,0.25,0.25,0.25,"Benitez, Jorge"
676252,8,5,2,3,1,0.53125,0.53125,28,R,0.3425925925925926,0.2222222222222222,0.10648148148148148,0.2175925925925926,0.3939393939393939,0.3939393939393939,0.105,0.28,0.25,0.25,0.25,0.25,"Haake, Zach"
676254,584,171,115,45,181,0.2892123287671233,0.26607628003513345,29,R,0.29678362573099415,0.20029239766081872,0.07821637426900585,0.29751461988304095,0.24,0.232,0.12686258278145696,0.1564569536423841,0.5200760777683855,0.46893491124260356,0.005283178360101437,0.005705832628909552,"Walker, Ryan"
676265,490,181,114,58,97,0.3895918367346939,0.353649410867351,28,R,0.3610169491525424,0.2305084745762712,0.11271186440677966,0.20254237288135593,0.3333333333333333,0.4,0.10975,0.1465,0.49923076923076926,0.4766666666666667,0.01769230769230769,0.00641025641025641,"Abbott, Cory"
676272,803,258,183,67,179,0.3278953922789539,0.322285358513476,25,R,0.3211517165005537,0.22702104097452935,0.08361018826135105,0.22314507198228128,0.37333333333333335,0.368,0.10759106213651669,0.1386593204775023,0.4931613304320796,0.3290332608019894,0.1739198010568853,0.0038856077090456947,"Miller, Bobby"
676282,173,54,35,19,47,0.334971098265896,0.3060237889357349,25,L,0.315018315018315,0.2087912087912088,0.10073260073260074,0.25457875457875456,0.3466666666666667,0.288,0.11816065192083819,0.13387660069848661,0.46909765142150806,0.24165636588380718,0.2737948084054388,0.015451174289245983,"Cantillo, Joey"
676292,5,2,2,0,1,0.43,0.43,24,R,0.3238095238095238,0.22857142857142856,0.08095238095238096,0.22380952380952382,0.3333333333333333,0.3333333333333333,0.105,0.28,0.25,0.25,0.25,0.25,"Breault, Hunter"
676298,6,3,3,0,0,0.6333333333333333,0.6333333333333333,27,R,0.330188679245283,0.2358490566037736,0.08018867924528301,0.21226415094339623,0.3548387096774194,0.3548387096774194,0.105,0.28,0.25,0.25,0.25,0.25,"Rubio, Frank"
676334,3,1,1,0,1,0.3,0.3,26,R,0.32038834951456313,0.22330097087378642,0.0825242718446602,0.22815533980582525,0.32142857142857145,0.32142857142857145,0.105,0.28,0.25,0.25,0.25,0.25,"Hitt, Robbie"
676344,1,0,0,0,1,0.0,0.0,28,R,0.31683168316831684,0.21782178217821782,0.08415841584158416,0.23267326732673269,0.3076923076923077,0.3076923076923077,0.105,0.28,0.25,0.25,0.25,0.25,"Rentería, Marcel"
676361,13,5,4,0,1,0.4423076923076923,0.4423076923076923,26,R,0.3274336283185841,0.23008849557522124,0.0752212389380531,0.2079646017699115,0.34210526315789475,0.34210526315789475,0.105,0.28,0.25,0.25,0.25,0.25,"Labosky, Jack"
676362,6,1,1,0,4,0.15,0.15,25,R,0.3113207547169811,0.2169811320754717,0.08018867924528301,0.25,0.2903225806451613,0.2903225806451613,0.15725806451612903,0.25806451612903225,0.4391891891891892,0.22297297297297297,0.16891891891891891,0.16891891891891891,"Ponce, Gabriel"
676391,23,12,11,0,0,0.5717391304347826,0.469163364389234,28,R,0.35772357723577236,0.2682926829268293,0.06910569105691057,0.18292682926829268,0.4166666666666667,0.4166666666666667,0.06460674157303371,0.19662921348314608,0.55859375,0.09765625,0.24609375,0.09765625,"Clement, Ernie"
676393,4,0,0,0,2,0.0,0.0,26,R,0.3076923076923077,0.21153846153846154,0.08173076923076923,0.23557692307692307,0.27586206896551724,0.27586206896551724,0.10454545454545454,0.26363636363636367,0.325,0.25833333333333336,0.20833333333333334,0.20833333333333334,"Leftwich, Jack"
676395,404,121,89,31,115,0.29566831683168315,0.27516671022389666,28,L,0.30357142857142855,0.22023809523809523,0.07837301587301587,0.2728174603174603,0.22666666666666666,0.288,0.12164634146341463,0.1628048780487805,0.509119496855346,0.19528301886792454,0.28773584905660377,0.007861635220125786,"Garcia, Robert"
676424,50,22,18,3,5,0.48100000000000004,0.37131360684385384,26,R,0.36,0.26666666666666666,0.07666666666666666,0.18333333333333332,0.4,0.4,0.061872909698996656,0.1505016722408027,0.6365461847389559,0.22690763052208834,0.08634538152610442,0.050200803212851405,"Bettinger, Alec"
676428,214,57,46,9,44,0.27523364485981305,0.2754165570328537,26,L,0.28343949044585987,0.21656050955414013,0.05573248407643312,0.21178343949044587,0.3466666666666667,0.296,0.08974358974358974,0.13823857302118173,0.5566706021251476,0.3087367178276269,0.11983471074380166,0.01475796930342385,"Hurter, Brant"
676433,2,2,2,0,0,1.075,1.075,25,R,0.3333333333333333,0.23529411764705882,0.08333333333333333,0.22058823529411764,0.37037037037037035,0.37037037037037035,0.105,0.28,0.25,0.25,0.25,0.25,"Brady, Ryan"
676440,1402,410,298,96,353,0.3054921540656205,0.3009168754354174,25,R,0.29427430093209056,0.21304926764314247,0.06957390146471372,0.25,0.38666666666666666,0.328,0.11805060584461867,0.13702779757662154,0.7126033800791083,0.11138079827400216,0.17376842862279757,0.0022473930240920533,"Bibee, Tanner"
676454,18,12,6,6,1,0.6333333333333333,0.6333333333333333,26,L,0.3728813559322034,0.23728813559322035,0.1228813559322034,0.19915254237288135,0.46511627906976744,0.46511627906976744,0.08806818181818182,0.19886363636363635,0.44841269841269843,0.3531746031746032,0.0992063492063492,0.0992063492063492,"Cellucci, Brendan"
676464,1,0,0,0,1,0.0,0.0,25,L,0.31683168316831684,0.21782178217821782,0.08415841584158416,0.23267326732673269,0.3076923076923077,0.3076923076923077,0.105,0.28,0.25,0.25,0.25,0.25,"Swiney, Nick"
676475,13,8,8,0,1,0.6384615384615385,0.5095136363636363,25,L,0.35398230088495575,0.26548672566371684,0.0752212389380531,0.2079646017699115,0.42105263157894735,0.42105263157894735,0.1,0.2482758620689655,0.39473684210526316,0.13157894736842105,0.34210526315789475,0.13157894736842105,"Burleson, Alec"
676477,1098,310,241,61,279,0.29863387978142075,0.2890134688038534,28,R,0.2854757929883139,0.21953255425709517,0.05801335559265442,0.251669449081803,0.32,0.272,0.12774427020506635,0.14644149577804583,0.5708180708180708,0.205006105006105,0.22112332112332111,0.0030525030525030525,"Whitlock, Garrett"
676498,16,11,6,4,3,0.6,0.6,25,L,0.3706896551724138,0.2413793103448276,0.10775862068965517,0.21982758620689655,0.4634146341463415,0.4634146341463415,0.13666666666666666,0.23333333333333334,0.365,0.355,0.155,0.125,"Cornwell, Alex"
676508,64,21,12,9,17,0.28359375,0.2955799091435185,25,R,0.3231707317073171,0.2073170731707317,0.10670731707317073,0.24085365853658536,0.32,0.3258426966292135,0.11517615176151762,0.15176151761517614,0.49686520376175547,0.42476489028213166,0.03918495297805643,0.03918495297805643,"Casparius, Ben"
676510,14,7,4,3,2,0.4857142857142857,0.4857142857142857,27,R,0.34210526315789475,0.22807017543859648,0.10087719298245613,0.2149122807017544,0.38461538461538464,0.38461538461538464,0.105,0.28,0.25,0.25,0.25,0.25,"Hoffman, Nolan"
676515,11,1,0,1,3,0.06363636363636363,0.06363636363636363,24,R,0.2972972972972973,0.1981981981981982,0.08558558558558559,0.22972972972972974,0.25,0.25,0.105,0.28,0.25,0.25,0.25,0.25,"Robinson, Cam"
676520,12,8,4,3,2,0.6541666666666667,0.6541666666666667,27,R,0.35714285714285715,0.23214285714285715,0.10267857142857142,0.21875,0.43243243243243246,0.43243243243243246,0.105,0.28,0.25,0.25,0.25,0.25,"Alvarez, Manuel"
676534,477,166,110,50,117,0.3407756813417191,0.3374365816213093,29,R,0.3431542461005199,0.22876949740034663,0.10138648180242635,0.24176776429809357,0.30666666666666664,0.328,0.10489678348535765,0.13250120019203074,0.6013280865715691,0.3863748155435317,0.006148548942449582,0.006148548942449582,"Faucher, Calvin"
676546,10,6,4,2,1,0.5349999999999999,0.5349999999999999,27,R,0.34545454545454546,0.23636363636363636,0.09545454545454546,0.21363636363636362,0.4,0.4,0.10583941605839416,0.24817518248175183,0.43103448275862066,0.25862068965517243,0.16666666666666666,0.14367816091954022,"Gomez, Michael"
676568,18,3,3,0,1,0.16944444444444443,0.2653333333333333,26,R,0.2966101694915254,0.211864406779661,0.07203389830508475,0.19915254237288135,0.2558139534883721,0.2558139534883721,0.09119496855345911,0.20754716981132076,0.481651376146789,0.2889908256880734,0.11467889908256881,0.11467889908256881,"Vanasco, Ricky"
676570,3,0,0,0,1,0.0,0.0,28,R,0.3106796116504854,0.21359223300970873,0.0825242718446602,0.22815533980582525,0.2857142857142857,0.2857142857142857,0.11467889908256881,0.30275229357798167,0.2457627118644068,0.211864406779661,0.3305084745762712,0.211864406779661,"Wilson, Brooks"
676571,10,3,3,0,2,0.34,0.34,28,L,0.3181818181818182,0.22727272727272727,0.07727272727272727,0.22272727272727272,0.3142857142857143,0.3142857142857143,0.09349593495934959,0.2520325203252033,0.3904109589041096,0.19863013698630136,0.23972602739726026,0.17123287671232876,"Poulin, PJ"
676596,1056,358,269,82,155,0.35056818181818183,0.3301481241690665,28,L,0.3373702422145329,0.2517301038062284,0.07828719723183392,0.15354671280276816,0.32,0.36,0.08852165001281066,0.18575454778375608,0.6518297430573579,0.10316636387230729,0.24175966779133143,0.003244225279003374,"Fleming, Josh"
676600,19,6,3,3,3,0.2894736842105263,0.2894736842105263,25,L,0.31932773109243695,0.21008403361344538,0.09663865546218488,0.21428571428571427,0.3181818181818182,0.3181818181818182,0.1,0.23225806451612904,0.43333333333333335,0.12857142857142856,0.319047619047619,0.11904761904761904,"Lindow, Ethan"
676604,144,53,31,21,31,0.3704861111111111,0.40062095891393823,29,R,0.3483606557377049,0.21721311475409835,0.12090163934426229,0.2192622950819672,0.36,0.384,0.09618208516886931,0.13215859030837004,0.5522979397781299,0.3573692551505547,0.0705229793977813,0.019809825673534072,"Zuber, Tyler"
676606,65,23,16,6,13,0.39384615384615385,0.3600745749393884,26,L,0.3333333333333333,0.23030303030303031,0.08787878787878788,0.21515151515151515,0.37333333333333335,0.34444444444444444,0.07938718662952646,0.17270194986072424,0.6521035598705501,0.24433656957928804,0.06310679611650485,0.040453074433656956,"Margevicius, Nick"
676607,13,4,4,0,4,0.5307692307692308,0.5307692307692308,27,L,0.3185840707964602,0.23008849557522124,0.0752212389380531,0.2345132743362832,0.3157894736842105,0.3157894736842105,0.105,0.28,0.25,0.25,0.25,0.25,"Schryver, Hunter"
676611,6,3,2,1,2,0.4166666666666667,0.4166666666666667,26,L,0.330188679245283,0.22641509433962265,0.08962264150943396,0.23113207547169812,0.3548387096774194,0.3548387096774194,0.105,0.28,0.25,0.25,0.25,0.25,"Roberts, Max"
676614,109,27,16,10,19,0.2697247706422018,0.3194567031364481,29,L,0.2822966507177033,0.18181818181818182,0.08851674641148326,0.19856459330143542,0.30666666666666664,0.272,0.10864978902953587,0.1940928270042194,0.6002358490566038,0.267688679245283,0.10259433962264151,0.0294811320754717,"Sammons, Bryan"
676617,109,46,31,14,25,0.4298165137614679,0.3849502067377711,29,R,0.37320574162679426,0.2535885167464115,0.1076555023923445,0.22727272727272727,0.41333333333333333,0.392,0.11182519280205655,0.17480719794344474,0.4557522123893805,0.443952802359882,0.06342182890855458,0.03687315634218289,"O'Brien, Riley"
676620,21,7,5,2,3,0.4261904761904762,0.4261904761904762,29,L,0.32231404958677684,0.2231404958677686,0.08677685950413223,0.21074380165289255,0.32608695652173914,0.32608695652173914,0.10465116279069768,0.23255813953488375,0.3227848101265823,0.310126582278481,0.2088607594936709,0.15822784810126583,"Weiman, Blake"
676632,4,2,1,1,0,0.675,0.7019075681818183,27,R,0.3269230769230769,0.22115384615384615,0.09134615384615384,0.21634615384615385,0.3448275862068966,0.3448275862068966,0.0945945945945946,0.2612612612612613,0.3524590163934426,0.22131147540983606,0.22131147540983606,0.20491803278688525,"Madris, Bligh"
676637,65,17,13,4,13,0.2692307692307692,0.325090757534875,28,R,0.296969696969697,0.21212121212121213,0.07575757575757576,0.21515151515151515,0.26666666666666666,0.2777777777777778,0.0873015873015873,0.1746031746031746,0.25471698113207547,0.6509433962264151,0.04716981132075472,0.04716981132075472,"Sanders, Phoenix"
676641,105,35,25,9,21,0.3604761904761905,0.28061669206523315,28,R,0.32682926829268294,0.22926829268292684,0.08536585365853659,0.2121951219512195,0.3466666666666667,0.336,0.09314775160599571,0.19914346895074947,0.5551558752997602,0.10191846522781775,0.3129496402877698,0.02997601918465228,"Sulser, Beau"
676660,52,20,12,7,11,0.4096153846153846,0.3124245999775078,26,R,0.34210526315789475,0.2236842105263158,0.10197368421052631,0.22039473684210525,0.36,0.36363636363636365,0.11089494163424124,0.17898832684824903,0.427536231884058,0.4420289855072464,0.07004830917874397,0.06038647342995169,"Solomon, Jared"
676661,67,19,17,2,12,0.32164179104477614,0.32850081682496607,25,R,0.30538922155688625,0.23353293413173654,0.06287425149700598,0.20658682634730538,0.30666666666666664,0.29347826086956524,0.0942622950819672,0.17486338797814208,0.6661392405063291,0.254746835443038,0.03955696202531646,0.03955696202531646,"Lazar, Max"
676664,1847,587,424,131,363,0.3382241472658365,0.3327410072725942,28,L,0.3179250128402671,0.229070364663585,0.07164869029275808,0.19799691833590138,0.3466666666666667,0.32,0.1011402027027027,0.13837274774774774,0.49836971930819396,0.32669407428409414,0.17302239863907004,0.0019138077686419053,"Sears, JP"
676670,4,2,0,2,0,0.35,0.35,26,R,0.3269230769230769,0.21153846153846154,0.10096153846153846,0.21634615384615385,0.3448275862068966,0.3448275862068966,0.105,0.28,0.25,0.25,0.25,0.25,"Molina, Derek"
676680,283,91,56,26,60,0.30000000000000004,0.2838105471236296,28,L,0.32114882506527415,0.20365535248041775,0.09007832898172324,0.2154046997389034,0.38666666666666666,0.392,0.09801587301587301,0.12063492063492064,0.4690082644628099,0.5078512396694215,0.0128099173553719,0.010330578512396695,"Cosgrove, Tom"
676684,979,302,217,74,230,0.30388151174668027,0.3152464442924279,29,R,0.30954587581093607,0.22150139017608897,0.07645968489341984,0.2340129749768304,0.21333333333333335,0.224,0.10441213336675859,0.1436450238154926,0.6015486164001016,0.2738004569687738,0.12147753236862148,0.0031733942625031732,"Vest, Will"
676689,6,2,1,1,0,0.26666666666666666,0.2816505,27,R,0.32075471698113206,0.2169811320754717,0.08962264150943396,0.21226415094339623,0.3225806451612903,0.3225806451612903,0.09055118110236221,0.25196850393700787,0.33116883116883117,0.3051948051948052,0.2012987012987013,0.16233766233766234,"Karcher, Ricky"
676699,10,3,2,1,4,0.36,0.36,26,R,0.3181818181818182,0.21818181818181817,0.08636363636363636,0.2409090909090909,0.3142857142857143,0.3142857142857143,0.11654135338345864,0.24060150375939848,0.3072289156626506,0.3313253012048193,0.21084337349397592,0.15060240963855423,"Nordlin, Seth"
676701,10,4,4,0,1,0.615,0.45246935483870965,27,R,0.32727272727272727,0.23636363636363636,0.07727272727272727,0.21363636363636362,0.34285714285714286,0.34285714285714286,0.092,0.264,0.2733333333333333,0.19333333333333333,0.36666666666666664,0.16666666666666666,"Trejo, Alan"
676702,216,65,51,10,44,0.3238425925925926,0.3161473655070051,28,R,0.3069620253164557,0.2310126582278481,0.058544303797468354,0.21044303797468356,0.3466666666666667,0.312,0.12360178970917227,0.17225950782997762,0.7434834123222749,0.2268957345971564,0.01481042654028436,0.01481042654028436,"Stratton, Hunter"
676707,2,0,0,0,1,0.0,0.0,27,R,0.3137254901960784,0.21568627450980393,0.08333333333333333,0.23039215686274508,0.2962962962962963,0.2962962962962963,0.105,0.28,0.25,0.25,0.25,0.25,"Russell, John"
676709,54,19,12,6,10,0.3305555555555556,0.32737619664903,27,R,0.33116883116883117,0.22077922077922077,0.09415584415584416,0.21103896103896103,0.3466666666666667,0.34177215189873417,0.11054421768707483,0.19047619047619047,0.41598360655737704,0.4651639344262295,0.06762295081967214,0.05122950819672131,"Tice, Ty"
676710,1739,515,374,125,420,0.32124784358826913,0.30838859908226995,28,R,0.2974442631865144,0.21533442088091354,0.07259380097879282,0.2406199021207178,0.3333333333333333,0.328,0.12154997661001092,0.15608919382504288,0.6705170517051705,0.24634606317774635,0.08117240295458117,0.0019644821625019646,"Crawford, Kutter"
676711,3,0,0,0,2,0.0,0.0,27,R,0.3106796116504854,0.21359223300970873,0.0825242718446602,0.23786407766990292,0.2857142857142857,0.2857142857142857,0.105,0.28,0.25,0.25,0.25,0.25,"Gallagher, Nick"
676714,410,134,85,40,110,0.35304878048780486,0.3490595834769113,29,L,0.3254901960784314,0.20980392156862746,0.09509803921568627,0.25980392156862747,0.38666666666666666,0.376,0.1435881998795906,0.177001806140879,0.5229671011793917,0.4546865301055245,0.014587212911235258,0.007759155803848541,"Hughes, Brandon"
676720,51,22,13,9,9,0.5598039215686275,0.5178719066240266,25,R,0.3576158940397351,0.23178807947019867,0.11589403973509933,0.20860927152317882,0.4,0.39473684210526316,0.0979381443298969,0.19931271477663232,0.495850622406639,0.23029045643153526,0.22199170124481327,0.05186721991701245,"Romero, Tommy"
676726,17,5,4,1,4,0.31470588235294117,0.31470588235294117,27,R,0.3162393162393162,0.2222222222222222,0.0811965811965812,0.2264957264957265,0.30952380952380953,0.30952380952380953,0.10927152317880795,0.271523178807947,0.3613861386138614,0.28217821782178215,0.23267326732673269,0.12376237623762376,"Muller, Chris"
676742,19,9,6,3,4,0.4526315789473684,0.4526315789473684,28,R,0.3445378151260504,0.23529411764705882,0.09663865546218488,0.22268907563025211,0.38636363636363635,0.38636363636363635,0.0875,0.23333333333333336,0.4357142857142857,0.20714285714285716,0.17857142857142858,0.17857142857142858,"Sanders, Cam"
676755,53,18,7,10,11,0.27075471698113207,0.3452896729518112,29,R,0.32679738562091504,0.1895424836601307,0.12091503267973856,0.21895424836601307,0.32,0.3333333333333333,0.10307692307692308,0.18769230769230769,0.5872727272727273,0.20909090909090908,0.15818181818181817,0.045454545454545456,"Mattson, Isaac"
676760,534,168,83,68,155,0.2958801498127341,0.2953553211910442,29,R,0.31545741324921134,0.16561514195583596,0.12066246056782334,0.27996845425867506,0.36,0.32,0.12300252312867957,0.1703111858704794,0.48260309278350516,0.1484106529209622,0.36232817869415807,0.00665807560137457,"Marinaccio, Ron"
676766,35,11,5,6,5,0.2585714285714286,0.27621094285714287,27,R,0.31851851851851853,0.2,0.10740740740740741,0.2037037037037037,0.31666666666666665,0.31666666666666665,0.09951456310679611,0.1796116504854369,0.5737179487179487,0.266025641025641,0.08012820512820513,0.08012820512820513,"Snyder, Nick"
676775,431,137,97,30,86,0.33631090487238974,0.34452194943545317,26,R,0.3182674199623352,0.224105461393597,0.07250470809792843,0.20433145009416195,0.32,0.368,0.12539481996209728,0.16361339229311433,0.4399869536855838,0.10013046314416177,0.4517286366601435,0.008153946510110893,"Winn, Keaton"
676785,14,6,4,1,6,0.3821428571428571,0.3821428571428571,29,R,0.3333333333333333,0.22807017543859648,0.08333333333333333,0.25,0.358974358974359,0.358974358974359,0.105,0.28,0.25,0.25,0.25,0.25,"Conley, Bryce"
676831,175,52,28,22,45,0.274,0.30719381947836844,28,R,0.3054545454545455,0.18181818181818182,0.11090909090909092,0.24545454545454545,0.38666666666666666,0.32,0.1336206896551724,0.15270935960591134,0.5216535433070866,0.16863517060367453,0.2933070866141732,0.016404199475065617,"Whitley, Kodi"
676840,453,158,123,34,63,0.36147902869757176,0.31420330991851975,29,R,0.3435804701627486,0.26220614828209765,0.07685352622061482,0.1546112115732369,0.32,0.328,0.08773527625986642,0.11839708561020036,0.6577958672510958,0.25767063243581717,0.07608015028177834,0.008453350031308704,"Peacock, Matt"
676879,790,260,174,75,211,0.3322151898734177,0.2983900834710069,26,L,0.32808988764044944,0.2202247191011236,0.09382022471910112,0.26235955056179777,0.32,0.272,0.12222574508560557,0.15948002536461636,0.3861146907216495,0.4028672680412371,0.20699097938144329,0.004027061855670103,"Ashby, Aaron"
676881,1,0,0,0,0,0.0,0.0,26,L,0.31683168316831684,0.21782178217821782,0.08415841584158416,0.22277227722772278,0.3076923076923077,0.3076923076923077,0.105,0.28,0.25,0.25,0.25,0.25,"Schoenle, Garrett"
676886,128,43,24,15,37,0.357421875,0.3098252147985298,27,R,0.32894736842105265,0.20175438596491227,0.10307017543859649,0.26096491228070173,0.32,0.328,0.14229559748427673,0.17767295597484276,0.5537542662116041,0.2568259385665529,0.1680887372013652,0.021331058020477817,"Beasley, Jeremy"
676898,4,1,0,1,1,0.175,0.175,28,L,0.3173076923076923,0.21153846153846154,0.09134615384615384,0.22596153846153846,0.3103448275862069,0.3103448275862069,0.105,0.28,0.25,0.25,0.25,0.25,"Draper, Zach"
676907,4,0,0,0,1,0.0,0.0,25,R,0.3076923076923077,0.21153846153846154,0.08173076923076923,0.22596153846153846,0.27586206896551724,0.27586206896551724,0.105,0.28,0.25,0.25,0.25,0.25,"Sullivan, Billy"
676917,64,27,20,3,17,0.43828125,0.39463144866071426,24,R,0.3597560975609756,0.25609756097560976,0.0701219512195122,0.24085365853658536,0.44,0.39325842696629215,0.0949367088607595,0.16877637130801687,0.3770053475935829,0.393048128342246,0.16310160427807488,0.06684491978609626,"Cavalli, Cade"
676942,8,3,1,2,1,0.425,0.425,27,R,0.32407407407407407,0.21296296296296297,0.09722222222222222,0.2175925925925926,0.3333333333333333,0.3333333333333333,0.10080645161290322,0.25000000000000006,0.42567567567567566,0.23648648648648649,0.16891891891891891,0.16891891891891891,"Spraker, Graham"
676946,8,2,2,0,1,0.3625,0.3029460227272727,27,R,0.3148148148148148,0.2222222222222222,0.0787037037037037,0.2175925925925926,0.30303030303030304,0.30303030303030304,0.10714285714285714,0.2777777777777778,0.20394736842105263,0.16447368421052633,0.46710526315789475,0.16447368421052633,"Batten, Matthew"
676949,12,7,6,1,0,0.5666666666666667,0.5666666666666667,26,R,0.3482142857142857,0.25,0.08482142857142858,0.20089285714285715,0.40540540540540543,0.40540540540540543,0.10887096774193548,0.24193548387096778,0.22297297297297297,0.4391891891891892,0.16891891891891891,0.16891891891891891,"Hogan, Miller"
676961,47,19,13,6,10,0.4010638297872341,0.4095395216781787,31,R,0.3469387755102041,0.23809523809523808,0.09863945578231292,0.22108843537414966,0.375,0.375,0.098,0.192,0.4975,0.3075,0.1325,0.0625,"Boushley, Caleb"
676962,251,68,46,21,71,0.2679282868525896,0.3096700471817511,25,R,0.2849002849002849,0.19373219373219372,0.08404558404558404,0.26638176638176636,0.29333333333333333,0.256,0.13119072708113805,0.1517386722866175,0.6056729699666296,0.3509454949944383,0.029477196885428252,0.013904338153503892,"Brown, Ben"
676969,305,124,81,30,52,0.3965573770491803,0.36062601675105677,27,R,0.3851851851851852,0.254320987654321,0.09506172839506173,0.18395061728395062,0.37333333333333335,0.408,0.07460840890354493,0.14262159934047816,0.7570937231298366,0.2102321582115219,0.021926053310404127,0.010748065348237317,"de Geus, Brett"
676974,286,93,69,21,57,0.3743006993006993,0.32257072759105115,25,R,0.3238341968911917,0.23575129533678757,0.07642487046632124,0.20595854922279794,0.36,0.368,0.10708333333333334,0.14416666666666667,0.40652173913043477,0.401304347826087,0.18130434782608695,0.010869565217391304,"Meyer, Max"
676979,932,274,192,75,300,0.3013948497854077,0.28210819570553936,25,L,0.29651162790697677,0.20736434108527133,0.0809108527131783,0.3125,0.24,0.28,0.14549071618037135,0.14986737400530503,0.7654569892473119,0.16384408602150538,0.06733870967741935,0.003360215053763441,"Crochet, Garrett"
676987,11,3,1,1,3,0.2409090909090909,0.2409090909090909,29,R,0.3153153153153153,0.2072072072072072,0.08558558558558559,0.22972972972972974,0.3055555555555556,0.3055555555555556,0.09126984126984126,0.24603174603174607,0.48026315789473684,0.17763157894736842,0.17763157894736842,0.16447368421052633,"Naughton, Tim"
677013,3,0,0,0,3,0.0,0.0,29,L,0.3106796116504854,0.21359223300970873,0.0825242718446602,0.24757281553398058,0.2857142857142857,0.2857142857142857,0.14473684210526316,0.2719298245614035,0.2578125,0.2578125,0.2890625,0.1953125,"Gomez, Rio"
677020,121,45,29,15,27,0.3706611570247934,0.3412702199738661,30,L,0.34841628959276016,0.23076923076923078,0.10633484162895927,0.2239819004524887,0.36,0.352,0.12096774193548387,0.17921146953405018,0.5915354330708661,0.33366141732283466,0.05019685039370079,0.024606299212598427,"Walker, Josh"
677053,574,184,121,58,182,0.32935540069686414,0.2797822942260718,26,L,0.32047477744807124,0.21216617210682492,0.09866468842729971,0.3034124629080119,0.29333333333333333,0.296,0.13799355358581789,0.16236905721192588,0.6001233552631579,0.3723273026315789,0.02240953947368421,0.005139802631578948,"Nardi, Andrew"
677066,7,2,1,1,3,0.2785714285714286,0.2785714285714286,24,R,0.3177570093457944,0.21495327102803738,0.08878504672897196,0.2383177570093458,0.3125,0.3125,0.13671875,0.2578125,0.46794871794871795,0.16025641025641027,0.21153846153846154,0.16025641025641027,"Russell, Matt"
677076,46,20,14,5,12,0.5315217391304348,0.4031090997862968,27,L,0.3561643835616438,0.2465753424657534,0.09246575342465753,0.2363013698630137,0.39436619718309857,0.39436619718309857,0.11491935483870967,0.2056451612903226,0.39646464646464646,0.1994949494949495,0.3409090909090909,0.06313131313131314,"Andrews, Clayton"
677124,4,3,0,3,0,0.5249999999999999,0.5249999999999999,24,R,0.33653846153846156,0.21153846153846154,0.11057692307692307,0.21634615384615385,0.3793103448275862,0.3793103448275862,0.105,0.28,0.25,0.25,0.25,0.25,"Morillo, Sergio"
677161,375,121,73,43,81,0.324,0.31842190923164254,29,R,0.32210526315789473,0.2,0.10842105263157895,0.21789473684210525,0.3466666666666667,0.368,0.10500329163923634,0.14088215931533904,0.49727705922396187,0.23655547991831177,0.25629680054458814,0.009870660313138189,"Kelly, Zack"
677185,5,2,2,0,1,0.58,0.58,28,R,0.3238095238095238,0.22857142857142856,0.08095238095238096,0.22380952380952382,0.3333333333333333,0.3333333333333333,0.105,0.28,0.25,0.25,0.25,0.25,"Hardy, Matt"
677352,3,1,0,1,0,0.2333333333333333,0.2333333333333333,25,L,0.32038834951456313,0.21359223300970873,0.09223300970873786,0.21844660194174756,0.32142857142857145,0.32142857142857145,0.105,0.28,0.25,0.25,0.25,0.25,"Watkins, Chase"
677362,6,2,2,0,0,0.3,0.3,26,R,0.32075471698113206,0.22641509433962265,0.08018867924528301,0.21226415094339623,0.3225806451612903,0.3225806451612903,0.09274193548387097,0.23387096774193553,0.41216216216216217,0.25,0.16891891891891891,0.16891891891891891,"Kuzia, Nick"
677369,10,1,1,0,3,0.18,0.18,29,L,0.3,0.20909090909090908,0.07727272727272727,0.2318181818181818,0.2571428571428571,0.2571428571428571,0.105,0.28,0.25,0.25,0.25,0.25,"Warner, Austin"
677415,1,0,0,0,0,0.0,0.0,28,L,0.31683168316831684,0.21782178217821782,0.08415841584158416,0.22277227722772278,0.3076923076923077,0.3076923076923077,0.10096153846153846,0.2692307692307693,0.23148148148148148,0.28703703703703703,0.25,0.23148148148148148,"Scheetz, Kit"
677643,22,10,6,3,6,0.4454545454545455,0.4454545454545455,24,R,0.3442622950819672,0.22950819672131148,0.0942622950819672,0.2336065573770492,0.3829787234042553,0.3829787234042553,0.105,0.28,0.25,0.25,0.25,0.25,"Betances, Jose"
677651,1521,441,315,121,393,0.30535831689677845,0.30239430846530946,27,R,0.2917951881554596,0.20789636027143737,0.0798889574336829,0.256323257248612,0.24,0.312,0.1377714189530382,0.15923245244908266,0.6865557630283483,0.21549821762009846,0.09582413851638091,0.002121880835172297,"Garcia, Luis"
677742,2,0,0,0,0,0.0,0.0,28,R,0.3137254901960784,0.21568627450980393,0.08333333333333333,0.22058823529411764,0.2962962962962963,0.2962962962962963,0.105,0.28,0.25,0.25,0.25,0.25,"Zombro, Tyler"
677865,356,118,80,28,61,0.31797752808988766,0.3155076585201292,27,L,0.32894736842105265,0.2236842105263158,0.0800438596491228,0.18311403508771928,0.36,0.368,0.1101026045777427,0.14127861089187055,0.6922760887428102,0.28718159408381266,0.010271158586688579,0.010271158586688579,"Bruihl, Justin"
677915,5,3,0,3,0,0.41999999999999993,0.41999999999999993,24,R,0.3333333333333333,0.20952380952380953,0.10952380952380952,0.21428571428571427,0.36666666666666664,0.36666666666666664,0.09055118110236221,0.24409448818897642,0.3961038961038961,0.22727272727272727,0.21428571428571427,0.16233766233766234,"Gardea, Dario"
677916,7,2,2,0,2,0.38571428571428573,0.38571428571428573,26,R,0.3177570093457944,0.22429906542056074,0.0794392523364486,0.22897196261682243,0.3125,0.3125,0.105,0.28,0.25,0.25,0.25,0.25,"Gutierrez, Gerardo"
677944,462,150,123,21,89,0.3574675324675325,0.3319167594248341,25,R,0.3238434163701068,0.2580071174377224,0.05249110320284697,0.19839857651245552,0.4,0.376,0.08796296296296297,0.11492374727668846,0.5501119820828667,0.3356662933930571,0.10666293393057111,0.0075587905935050395,"Cecconi, Slade"
677946,2,0,0,0,1,0.0,0.0,23,L,0.3137254901960784,0.21568627450980393,0.08333333333333333,0.23039215686274508,0.2962962962962963,0.2962962962962963,0.1201923076923077,0.2692307692307693,0.3055555555555556,0.23148148148148148,0.23148148148148148,0.23148148148148148,"Harris, Ben"
677955,54,17,10,4,7,0.2981481481481481,0.28604215029522273,25,R,0.3181818181818182,0.2077922077922078,0.08116883116883117,0.19155844155844157,0.32,0.31645569620253167,0.09760956175298804,0.16334661354581673,0.4701492537313433,0.19651741293532338,0.27114427860696516,0.06218905472636816,"Hill, Jaden"
677958,54,19,12,6,14,0.3277777777777778,0.2833869823633157,25,R,0.33116883116883117,0.22077922077922077,0.09415584415584416,0.237012987012987,0.3333333333333333,0.34177215189873417,0.12421383647798742,0.20440251572327045,0.5279850746268657,0.3675373134328358,0.05783582089552239,0.04664179104477612,"Rocker, Kumar"
677960,1101,373,268,92,212,0.35967302452316074,0.33609234096155316,25,L,0.33721898417985013,0.2414654454621149,0.08368026644462948,0.19525395503746878,0.30666666666666664,0.336,0.09162663006177076,0.11988103408830932,0.5654940985882897,0.25052071279796345,0.18109233973617217,0.0028928488775746353,"Weathers, Ryan"
677976,272,95,77,17,34,0.39797794117647056,0.37499478371459477,29,R,0.34139784946236557,0.2661290322580645,0.06854838709677419,0.15188172043010753,0.32,0.312,0.07681297709923664,0.14980916030534353,0.531563126252505,0.3241482965931864,0.1317635270541082,0.012525050100200401,"Dobnak, Randy"
678013,13,4,0,3,7,0.21538461538461537,0.21538461538461537,24,R,0.3185840707964602,0.19469026548672566,0.10176991150442478,0.2610619469026549,0.3157894736842105,0.3157894736842105,0.10267857142857142,0.2857142857142857,0.3629032258064516,0.23387096774193547,0.20161290322580644,0.20161290322580644,"Torres Jr., Lenny"
678020,50,13,8,4,14,0.258,0.26651325582417584,24,R,0.3,0.2,0.08333333333333333,0.24333333333333335,0.28,0.28,0.1254180602006689,0.1505016722408027,0.5040160642570282,0.1827309236947791,0.25903614457831325,0.05421686746987952,"Halvorsen, Seth"
678024,14,6,6,0,3,0.4642857142857143,0.4642857142857143,23,R,0.3333333333333333,0.24561403508771928,0.07456140350877193,0.2236842105263158,0.358974358974359,0.358974358974359,0.105,0.28,0.25,0.25,0.25,0.25,"Vasil, Mike"
678041,6,0,0,0,3,0.0,0.0,28,L,0.3018867924528302,0.20754716981132076,0.08018867924528301,0.24056603773584906,0.25806451612903225,0.25806451612903225,0.10396039603960396,0.27722772277227725,0.2647058823529412,0.24509803921568626,0.24509803921568626,0.24509803921568626,"Nail, Brendan"
678061,269,96,67,24,75,0.37676579925650555,0.3621043209684416,30,L,0.34688346883468835,0.24119241192411925,0.08807588075880758,0.26422764227642276,0.4,0.376,0.14779559118236474,0.1683366733466934,0.505801687763713,0.42457805907172996,0.05643459915611814,0.013185654008438819,"Kerr, Ray"
678149,1,0,0,0,0,0.0,0.0,21,R,0.31683168316831684,0.21782178217821782,0.08415841584158416,0.22277227722772278,0.3076923076923077,0.3076923076923077,0.105,0.28,0.25,0.25,0.25,0.25,"Elliott, Evan"
678184,2,0,0,0,1,0.45,0.45,23,R,0.3137254901960784,0.21568627450980393,0.08333333333333333,0.23039215686274508,0.2962962962962963,0.2962962962962963,0.105,0.28,0.25,0.25,0.25,0.25,"Hawkins, Garrett"
678215,1,0,0,0,0,0.0,0.0,24,R,0.31683168316831684,0.21782178217821782,0.08415841584158416,0.22277227722772278,0.3076923076923077,0.3076923076923077,0.10096153846153846,0.2692307692307693,0.25,0.28703703703703703,0.23148148148148148,0.23148148148148148,"Arias, Luarbert"
678226,107,34,17,15,35,0.2766355140186916,0.27777101047550584,28,R,0.3188405797101449,0.18840579710144928,0.11352657004830918,0.2777777777777778,0.29333333333333333,0.32,0.13850174216027875,0.2038327526132404,0.4131679389312977,0.5391221374045801,0.02385496183206107,0.02385496183206107,"Hernández, Daysbel"
678258,6,4,4,0,2,0.6,0.6,24,R,0.33962264150943394,0.24528301886792453,0.08018867924528301,0.23113207547169812,0.3870967741935484,0.3870967741935484,0.105,0.28,0.25,0.25,0.25,0.25,"Ramirez, Jerson"
678279,3,1,1,0,0,0.3,0.3,25,R,0.32038834951456313,0.22330097087378642,0.0825242718446602,0.21844660194174756,0.32142857142857145,0.32142857142857145,0.0963302752293578,0.27522935779816515,0.2966101694915254,0.2457627118644068,0.2457627118644068,0.211864406779661,"Rodriguez, Miguel"
678316,4,1,0,1,1,0.175,0.175,24,L,0.3173076923076923,0.21153846153846154,0.09134615384615384,0.22596153846153846,0.3103448275862069,0.3103448275862069,0.105,0.28,0.25,0.25,0.25,0.25,"Cruz, Omar"
678368,295,92,69,21,44,0.34508474576271186,0.34873160976941003,24,R,0.3139240506329114,0.23037974683544304,0.07468354430379746,0.16835443037974684,0.32,0.304,0.08417085427135679,0.12646566164154105,0.6105769230769231,0.22945804195804195,0.14903846153846154,0.010926573426573426,"Bellozo, Valente"
678371,14,5,2,2,2,0.32857142857142857,0.32857142857142857,23,R,0.32456140350877194,0.21052631578947367,0.09210526315789473,0.2149122807017544,0.3333333333333333,0.3333333333333333,0.10211267605633803,0.23943661971830985,0.5163043478260869,0.1793478260869565,0.16847826086956522,0.1358695652173913,"Armstrong, Ivan"
678394,1689,566,406,140,356,0.3425399644760213,0.3178151455661248,25,R,0.33426495248742316,0.23923979877026272,0.0830072666294019,0.21157070989379542,0.29333333333333333,0.32,0.11229169851704632,0.15899709524537534,0.5175627792327838,0.22854721922662147,0.25196425820366664,0.0019257433369280542,"Bello, Brayan"
678478,8,2,0,1,3,0.175,0.175,25,R,0.3148148148148148,0.2037037037037037,0.08796296296296297,0.2361111111111111,0.30303030303030304,0.30303030303030304,0.105,0.28,0.25,0.25,0.25,0.25,"Juan, Jorge"
678495,219,68,47,18,53,0.30684931506849317,0.2849056512053959,25,R,0.31347962382445144,0.21630094043887146,0.08307210031347963,0.23667711598746083,0.37333333333333335,0.32,0.13227783452502553,0.1675178753830439,0.5301399354144241,0.39020452099031216,0.06620021528525297,0.013455328310010764,"Rodríguez, Randy"
678576,8,5,2,2,0,0.625,0.625,24,R,0.3425925925925926,0.2222222222222222,0.09722222222222222,0.20833333333333334,0.3939393939393939,0.3939393939393939,0.08992805755395683,0.23741007194244604,0.4887640449438202,0.2303370786516854,0.1404494382022472,0.1404494382022472,"Ramos, Wilkin"
678606,276,88,66,19,51,0.30344202898550726,0.28538510803689066,24,L,0.3191489361702128,0.23404255319148937,0.07313829787234043,0.19547872340425532,0.26666666666666666,0.256,0.08942731277533039,0.14096916299559473,0.7258064516129032,0.04470046082949309,0.21797235023041475,0.01152073732718894,"Ferrer, Jose A."
678620,3,1,1,0,1,0.4166666666666667,0.4166666666666667,23,L,0.32038834951456313,0.22330097087378642,0.0825242718446602,0.22815533980582525,0.32142857142857145,0.32142857142857145,0.105,0.28,0.25,0.25,0.25,0.25,"Townsend, Blake"
678692,140,42,30,8,27,0.315,0.32698435147718347,24,R,0.30833333333333335,0.21666666666666667,0.06875,0.20625,0.3333333333333333,0.304,0.10873287671232877,0.17123287671232876,0.29119850187265917,0.3698501872659176,0.3155430711610487,0.023408239700374533,"Henriquez, Ronny"
678707,6,2,2,0,3,0.35833333333333334,0.35833333333333334,23,R,0.32075471698113206,0.22641509433962265,0.08018867924528301,0.24056603773584906,0.3225806451612903,0.3225806451612903,0.1134453781512605,0.24369747899159666,0.2971014492753623,0.32608695652173914,0.1956521739130435,0.18115942028985507,"Hernandez, Cristian"
678713,5,4,3,1,0,0.6799999999999999,0.6799999999999999,24,R,0.34285714285714286,0.23809523809523808,0.09047619047619047,0.21428571428571427,0.4,0.4,0.09829059829059829,0.27350427350427353,0.39552238805970147,0.23134328358208955,0.1865671641791045,0.1865671641791045,"Contreras, Efrain"
678725,7,1,0,1,4,0.09999999999999999,0.09999999999999999,23,R,0.308411214953271,0.205607476635514,0.08878504672897196,0.24766355140186916,0.28125,0.28125,0.105,0.28,0.25,0.25,0.25,0.25,"Cobos, Franny"
678738,20,7,2,4,5,0.31,0.31,24,L,0.325,0.2,0.10416666666666667,0.22916666666666666,0.3333333333333333,0.3333333333333333,0.09829059829059829,0.25641025641025644,0.291044776119403,0.1865671641791045,0.3358208955223881,0.1865671641791045,"Sanchez, Juan"
678743,6,4,3,1,1,0.625,0.625,24,R,0.33962264150943394,0.2358490566037736,0.08962264150943396,0.22169811320754718,0.3870967741935484,0.3870967741935484,0.105,0.28,0.25,0.25,0.25,0.25,"Cepeda, Felix"
678752,11,5,3,1,2,0.48636363636363633,0.48636363636363633,22,L,0.3333333333333333,0.22522522522522523,0.08558558558558559,0.22072072072072071,0.3611111111111111,0.3611111111111111,0.105,0.28,0.25,0.25,0.25,0.25,"De Avila, Luis"
678821,48,14,7,5,14,0.240625,0.27711837202380957,23,L,0.3108108108108108,0.19594594594594594,0.09121621621621621,0.24662162162162163,0.3013698630136986,0.3013698630136986,0.0800711743772242,0.15658362989323843,0.6471861471861472,0.24025974025974026,0.05844155844155844,0.05411255411255411,"Peralta, Luis"
678868,6,3,2,1,2,0.4166666666666667,0.4166666666666667,22,R,0.330188679245283,0.22641509433962265,0.08962264150943396,0.23113207547169812,0.3548387096774194,0.3548387096774194,0.105,0.28,0.25,0.25,0.25,0.25,"Yean, Eddy"
678870,3,1,1,0,1,0.3,0.3,22,L,0.32038834951456313,0.22330097087378642,0.0825242718446602,0.22815533980582525,0.32142857142857145,0.32142857142857145,0.105,0.28,0.25,0.25,0.25,0.25,"Gonzalez, Jesus"
678906,55,24,15,8,7,0.4127272727272727,0.3954586359118134,26,R,0.36129032258064514,0.23870967741935484,0.1064516129032258,0.19032258064516128,0.38666666666666666,0.4,0.09046052631578948,0.15789473684210525,0.4507874015748031,0.42322834645669294,0.07677165354330709,0.04921259842519685,"Teng, Kai-Wei"
679025,8,3,1,2,4,0.33125,0.33125,23,L,0.32407407407407407,0.21296296296296297,0.09722222222222222,0.24537037037037038,0.3333333333333333,0.3333333333333333,0.10472972972972973,0.21621621621621623,0.4642857142857143,0.18877551020408162,0.2193877551020408,0.12755102040816327,"Martinez, Jordi"
679033,12,6,5,1,1,0.46249999999999997,0.46249999999999997,24,R,0.3392857142857143,0.24107142857142858,0.08482142857142858,0.20982142857142858,0.3783783783783784,0.3783783783783784,0.1016260162601626,0.24390243902439027,0.4452054794520548,0.18493150684931506,0.19863013698630136,0.17123287671232876,"Zapata, Juan"
679052,15,8,4,3,4,0.45,0.45,22,R,0.34782608695652173,0.22608695652173913,0.1,0.23043478260869565,0.4,0.4,0.105,0.28,0.25,0.25,0.25,0.25,"Del Rosario, Joelvis"
679066,4,1,1,0,1,0.3125,0.3125,24,R,0.3173076923076923,0.22115384615384615,0.08173076923076923,0.22596153846153846,0.3103448275862069,0.3103448275862069,0.10869565217391304,0.2521739130434783,0.34615384615384615,0.2692307692307692,0.19230769230769232,0.19230769230769232,"Linarez, Valentin"
679156,111,42,25,15,25,0.3418918918918919,0.3421772174609158,26,L,0.35071090047393366,0.22274881516587677,0.11137440758293839,0.22511848341232227,0.37333333333333335,0.368,0.10348837209302325,0.1813953488372093,0.5460526315789473,0.3881578947368421,0.03289473684210526,0.03289473684210526,"Pennington, Walter"
679346,59,22,17,3,15,0.3796610169491525,0.34805298559959225,25,R,0.33962264150943394,0.24528301886792453,0.07232704402515723,0.2358490566037736,0.3466666666666667,0.35714285714285715,0.082,0.184,0.5275,0.3275,0.0825,0.0625,"Navarro, Edgar"
679358,35,16,9,6,5,0.4857142857142857,0.4326259094339623,27,R,0.35555555555555557,0.22962962962962963,0.10740740740740741,0.2037037037037037,0.4,0.4,0.08375634517766498,0.19796954314720813,0.42517006802721086,0.20068027210884354,0.2891156462585034,0.08503401360544217,"Orze, Eric"
679525,922,311,210,81,216,0.35683297180043383,0.3541574049492509,26,R,0.3356164383561644,0.22700587084148727,0.087573385518591,0.23336594911937378,0.37333333333333335,0.328,0.10921454343602553,0.14626699972245352,0.4802983394314664,0.39558119898677174,0.12060230790880945,0.0035181536729524347,"Marsh, Alec"
679630,1,0,0,0,0,0.0,0.0,26,R,0.31683168316831684,0.21782178217821782,0.08415841584158416,0.22277227722772278,0.3076923076923077,0.3076923076923077,0.10294117647058823,0.2843137254901961,0.27884615384615385,0.2403846153846154,0.2403846153846154,0.2403846153846154,"Schulze, Brett"
679655,4,3,1,2,1,0.6625,0.6625,27,R,0.33653846153846156,0.22115384615384615,0.10096153846153846,0.22596153846153846,0.3793103448275862,0.3793103448275862,0.105,0.28,0.25,0.25,0.25,0.25,"Wilson, Justin"
679693,1,0,0,0,1,0.0,0.0,24,R,0.31683168316831684,0.21782178217821782,0.08415841584158416,0.23267326732673269,0.3076923076923077,0.3076923076923077,0.11165048543689321,0.2718446601941748,0.29245283018867924,0.2358490566037736,0.2358490566037736,0.2358490566037736,"Coleman, Carson"
679702,2,1,1,0,0,1.0,1.0,25,R,0.3235294117647059,0.22549019607843138,0.08333333333333333,0.22058823529411764,0.3333333333333333,0.3333333333333333,0.09813084112149532,0.26168224299065423,0.34210526315789475,0.21929824561403508,0.21929824561403508,0.21929824561403508,"Harper, Daniel"
679777,30,12,9,3,8,0.455,0.455,26,R,0.3384615384615385,0.23846153846153847,0.08846153846153847,0.23461538461538461,0.36363636363636365,0.36363636363636365,0.10384615384615385,0.2307692307692308,0.43125,0.21875,0.19375,0.15625,"Mikolajchak, Nick"
679780,2,0,0,0,0,0.0,0.0,27,L,0.3137254901960784,0.21568627450980393,0.08333333333333333,0.22058823529411764,0.2962962962962963,0.2962962962962963,0.09210526315789473,0.2807017543859649,0.3203125,0.2890625,0.1953125,0.1953125,"Sequeira, Gabriel"
679845,3,1,1,0,0,0.3,0.5126666666666667,26,R,0.32038834951456313,0.22330097087378642,0.0825242718446602,0.21844660194174756,0.32142857142857145,0.32142857142857145,0.09722222222222222,0.26851851851851855,0.3017241379310345,0.2672413793103448,0.21551724137931033,0.21551724137931033,"Loftin, Nick"
679863,6,5,4,1,1,0.8916666666666666,0.8916666666666666,26,R,0.3490566037735849,0.24528301886792453,0.08962264150943396,0.22169811320754718,0.41935483870967744,0.41935483870967744,0.105,0.28,0.25,0.25,0.25,0.25,"Gross, Andrew"
679885,372,125,73,48,109,0.3048387096774194,0.2920839455606016,23,R,0.3326271186440678,0.20127118644067796,0.11970338983050847,0.2786016949152542,0.3333333333333333,0.344,0.13830486202365308,0.16754270696452037,0.5608016304347826,0.21297554347826086,0.21773097826086957,0.008491847826086956,"Martinez, Justin"
679892,4,2,1,1,1,0.675,0.675,26,L,0.3269230769230769,0.22115384615384615,0.09134615384615384,0.22596153846153846,0.3448275862068966,0.3448275862068966,0.11538461538461539,0.23931623931623935,0.3358208955223881,0.291044776119403,0.1865671641791045,0.1865671641791045,"Marquez, Emilio"
679928,8,4,3,1,1,0.46875,0.46875,25,R,0.3333333333333333,0.23148148148148148,0.08796296296296297,0.2175925925925926,0.36363636363636365,0.36363636363636365,0.105,0.28,0.25,0.25,0.25,0.25,"McKendry, Evan"
680089,6,3,1,2,1,0.3833333333333333,0.3833333333333333,25,R,0.330188679245283,0.2169811320754717,0.09905660377358491,0.22169811320754718,0.3548387096774194,0.3548387096774194,0.09545454545454546,0.27272727272727276,0.3416666666666667,0.225,0.225,0.20833333333333334,"Ash, Konnor"
680212,3,1,0,1,0,0.2333333333333333,0.2333333333333333,24,R,0.32038834951456313,0.21359223300970873,0.09223300970873786,0.21844660194174756,0.32142857142857145,0.32142857142857145,0.10087719298245613,0.26315789473684215,0.3203125,0.2421875,0.2421875,0.1953125,"Larkin, Conor"
680223,3,1,0,1,1,0.2333333333333333,0.2333333333333333,26,R,0.32038834951456313,0.21359223300970873,0.09223300970873786,0.22815533980582525,0.32142857142857145,0.32142857142857145,0.105,0.28,0.25,0.25,0.25,0.25,"Virbitsky, Kyle"
680232,24,7,6,1,2,0.26875,0.3554512279411765,24,L,0.31451612903225806,0.22580645161290322,0.07661290322580645,0.1975806451612903,0.30612244897959184,0.30612244897959184,0.07417582417582418,0.2032967032967033,0.375,0.3068181818181818,0.22348484848484848,0.0946969696969697,"Wolf, Jackson"
680423,10,5,3,2,5,0.5549999999999999,0.5549999999999999,27,R,0.33636363636363636,0.22727272727272727,0.09545454545454546,0.25,0.37142857142857144,0.37142857142857144,0.10775862068965517,0.25862068965517243,0.38636363636363635,0.23484848484848486,0.1893939393939394,0.1893939393939394,"McDonald, Cole"
680430,28,9,7,2,3,0.37678571428571433,0.4027857142857143,26,L,0.3203125,0.2265625,0.08203125,0.19921875,0.32075471698113206,0.32075471698113206,0.09728506787330317,0.22624434389140272,0.24853801169590642,0.35964912280701755,0.31871345029239767,0.07309941520467836,"Allgeyer, Nick"
680451,11,5,3,2,0,0.48636363636363633,0.48636363636363633,26,R,0.3333333333333333,0.22522522522522523,0.0945945945945946,0.20270270270270271,0.3611111111111111,0.3611111111111111,0.105,0.28,0.25,0.25,0.25,0.25,"Erla, Mason"
680454,3,0,0,0,3,0.0,0.0,26,L,0.3106796116504854,0.21359223300970873,0.0825242718446602,0.24757281553398058,0.2857142857142857,0.2857142857142857,0.13478260869565217,0.2782608695652174,0.36153846153846153,0.25384615384615383,0.19230769230769232,0.19230769230769232,"Tyranski, Mitchell"
680570,1077,346,251,87,274,0.33221912720519964,0.31746470256857895,25,R,0.3211554800339847,0.23194562446898895,0.08113848768054376,0.25191163976210706,0.32,0.328,0.12863614687649022,0.14854554124940392,0.5095318532818532,0.2701496138996139,0.21730212355212356,0.0030164092664092665,"Rodriguez, Grayson"
680572,3,0,0,0,0,0.0,0.20078787878787882,24,R,0.3106796116504854,0.21359223300970873,0.0825242718446602,0.21844660194174756,0.2857142857142857,0.2857142857142857,0.09130434782608696,0.26086956521739135,0.36153846153846153,0.25384615384615383,0.19230769230769232,0.19230769230769232,"Kloffenstein, Adam"
680573,617,192,136,53,127,0.3125607779578606,0.31927587803505175,24,R,0.3124128312412831,0.2203626220362622,0.08577405857740586,0.20850767085076707,0.44,0.392,0.09628637059724349,0.15007656967840735,0.40807962529274006,0.3881733021077283,0.1988680718188915,0.004879000780640125,"Woods Richardson, Simeon"
680604,3,1,1,0,0,0.3,0.3,26,R,0.32038834951456313,0.22330097087378642,0.0825242718446602,0.21844660194174756,0.32142857142857145,0.32142857142857145,0.09722222222222222,0.2592592592592593,0.3017241379310345,0.23275862068965517,0.25,0.21551724137931033,"Castaño, Blas"
680606,4,2,0,2,1,0.35,0.35,23,R,0.3269230769230769,0.21153846153846154,0.10096153846153846,0.22596153846153846,0.3448275862068966,0.3448275862068966,0.1115702479338843,0.23966942148760334,0.2746478873239437,0.3732394366197183,0.176056338028169,0.176056338028169,"Charle, Cristian"
680622,6,5,2,3,1,0.7083333333333334,0.7083333333333334,25,R,0.3490566037735849,0.22641509433962265,0.10849056603773585,0.22169811320754718,0.41935483870967744,0.41935483870967744,0.10714285714285714,0.24603174603174607,0.2565789473684211,0.4144736842105263,0.16447368421052633,0.16447368421052633,"Gomez, Carlos"
680653,1,0,0,0,1,0.0,0.0,24,L,0.31683168316831684,0.21782178217821782,0.08415841584158416,0.23267326732673269,0.3076923076923077,0.3076923076923077,0.10952380952380952,0.2761904761904762,0.2636363636363636,0.24545454545454545,0.2636363636363636,0.22727272727272727,"Roman, Denny"
680686,1817,610,394,194,416,0.35291689598238857,0.33530190070866844,27,R,0.3348982785602504,0.21700573813249868,0.1056338028169014,0.22874282733437662,0.41333333333333333,0.4,0.11896306818181818,0.1549715909090909,0.48876967095851215,0.4819027181688126,0.027396280400572248,0.0019313304721030042,"Gray, Josiah"
680689,111,41,23,18,18,0.40945945945945944,0.38388037926115626,24,R,0.3459715639810427,0.2132701421800948,0.12559241706161137,0.19194312796208532,0.3466666666666667,0.352,0.07549234135667396,0.16192560175054704,0.4877149877149877,0.18796068796068796,0.2936117936117936,0.030712530712530713,"Richardson, Lyon"
680692,4,4,4,0,0,0.9,0.71875,24,R,0.34615384615384615,0.25,0.08173076923076923,0.21634615384615385,0.41379310344827586,0.41379310344827586,0.1,0.2521739130434783,0.33076923076923076,0.2230769230769231,0.25384615384615383,0.19230769230769232,"Stiever, Jonathan"
680694,1413,428,298,111,351,0.30445859872611464,0.30946012614014407,28,R,0.3040317250495704,0.21150033046926636,0.07898215465961665,0.24686054196959684,0.26666666666666666,0.264,0.10576241134751774,0.1351063829787234,0.4761180679785331,0.4562611806797853,0.0652057245080501,0.002415026833631485,"Bradish, Kyle"
680701,11,5,3,2,3,0.43636363636363634,0.43636363636363634,27,L,0.3333333333333333,0.22522522522522523,0.0945945945945946,0.22972972972972974,0.3611111111111111,0.3611111111111111,0.09829059829059829,0.2478632478632479,0.291044776119403,0.3358208955223881,0.1865671641791045,0.1865671641791045,"Rooney, John"
680704,832,250,138,96,232,0.30204326923076924,0.3037154886249527,27,R,0.30257510729613735,0.17167381974248927,0.11212446351931331,0.273068669527897,0.36,0.36,0.13313609467455623,0.15102845872076642,0.4476993426693341,0.43283795370105743,0.11560445841669048,0.0038582452129179764,"Sandlin, Nick"
680723,187,81,60,21,34,0.46229946524064175,0.3909432935334365,25,L,0.39372822299651566,0.2857142857142857,0.10278745644599303,0.19686411149825783,0.49333333333333335,0.432,0.06615017878426699,0.13230035756853398,0.6584283903675539,0.24271229404309252,0.08301647655259822,0.015842839036755388,"Rom, Drew"
680730,645,199,154,43,133,0.3245736434108527,0.3269284716154895,25,L,0.3100671140939597,0.23624161073825503,0.0691275167785235,0.2087248322147651,0.3466666666666667,0.328,0.10363418530351437,0.1505591054313099,0.48105134474327627,0.3221271393643032,0.1917277913610432,0.005093724531377343,"Parker, Mitchell"
680732,76,19,12,7,22,0.2703947368421053,0.3117286700916043,25,R,0.2897727272727273,0.19318181818181818,0.08806818181818182,0.2528409090909091,0.26666666666666666,0.26732673267326734,0.1234718826405868,0.18337408312958436,0.383008356545961,0.49442896935933145,0.08774373259052924,0.034818941504178275,"Burke, Sean"
680735,166,51,30,19,41,0.29638554216867474,0.3242783208343493,26,L,0.31203007518796994,0.19548872180451127,0.10338345864661654,0.2387218045112782,0.3333333333333333,0.376,0.10545722713864307,0.13716814159292035,0.6457006369426752,0.17436305732484075,0.16003184713375795,0.019904458598726114,"Cox, Austin"
680736,154,51,34,16,26,0.3724025974025974,0.3811648565808238,24,L,0.32677165354330706,0.2204724409448819,0.09645669291338582,0.19094488188976377,0.37333333333333335,0.328,0.09320809248554913,0.1416184971098266,0.588006230529595,0.3263239875389408,0.06619937694704049,0.019470404984423675,"Wrobleski, Justin"
680739,505,160,118,35,94,0.32831683168316833,0.3358146640540532,28,R,0.31735537190082647,0.23140495867768596,0.07190082644628099,0.1925619834710744,0.30666666666666664,0.288,0.10194174757281553,0.1589167092488503,0.3689040377556371,0.4417933927635029,0.18274777136864184,0.006554798112218143,"Winder, Josh"
680742,31,14,11,3,6,0.529032258064516,0.36865070080769036,28,R,0.3511450381679389,0.25190839694656486,0.08778625954198473,0.21755725190839695,0.39285714285714285,0.39285714285714285,0.13169642857142858,0.20089285714285715,0.48563218390804597,0.33620689655172414,0.10632183908045977,0.07183908045977011,"Bowlan, Jonathan"
680744,107,38,26,11,18,0.3429906542056075,0.3321525927530413,24,R,0.33816425120772947,0.2318840579710145,0.09420289855072464,0.1956521739130435,0.38666666666666666,0.352,0.10541044776119403,0.1623134328358209,0.595679012345679,0.22325102880658437,0.15534979423868311,0.0257201646090535,"Madden, Ty"
680758,13,4,4,0,3,0.34615384615384615,0.34615384615384615,27,R,0.3185840707964602,0.23008849557522124,0.0752212389380531,0.22566371681415928,0.3157894736842105,0.3157894736842105,0.105,0.28,0.25,0.25,0.25,0.25,"Byrne, Michael"
680767,397,138,95,42,86,0.335264483627204,0.33587183791143305,25,R,0.3420523138832998,0.23541247484909456,0.10160965794768612,0.21830985915492956,0.37333333333333335,0.344,0.09195742164399763,0.12655233589591958,0.6273613650213284,0.18982327848872638,0.17519804996953078,0.007617306520414382,"Vodnik, Victor"
680802,21,9,3,5,7,0.39523809523809517,0.39523809523809517,27,R,0.33884297520661155,0.2066115702479339,0.1115702479338843,0.24380165289256198,0.3695652173913043,0.3695652173913043,0.10330578512396695,0.23966942148760334,0.33098591549295775,0.31690140845070425,0.176056338028169,0.176056338028169,"Weiss, Ryan"
680863,9,3,2,1,3,0.31666666666666665,0.31666666666666665,23,R,0.3211009174311927,0.22018348623853212,0.0871559633027523,0.23394495412844038,0.3235294117647059,0.3235294117647059,0.10294117647058823,0.27450980392156865,0.27884615384615385,0.2403846153846154,0.2403846153846154,0.2403846153846154,"Mullen, Sean"
680880,83,31,19,9,21,0.32951807228915664,0.2940430522088353,24,R,0.3442622950819672,0.22404371584699453,0.09562841530054644,0.23770491803278687,0.32,0.3611111111111111,0.11862244897959184,0.18877551020408162,0.489766081871345,0.15350877192982457,0.3201754385964912,0.03654970760233918,"Holman, Grant"
680885,498,135,106,23,127,0.2944779116465864,0.2909204757163316,24,R,0.2792642140468227,0.2140468227424749,0.052675585284280936,0.25,0.21333333333333335,0.232,0.1331152491192753,0.16557624559637646,0.5201342281879194,0.34202374806401653,0.1313887454827052,0.006453278265358802,"Schwellenbach, Spencer"
680891,37,14,11,3,8,0.422972972972973,0.40344488426888425,24,R,0.3357664233576642,0.24087591240875914,0.08394160583941605,0.22262773722627738,0.3548387096774194,0.3548387096774194,0.1547085201793722,0.20179372197309417,0.4653179190751445,0.3901734104046243,0.07225433526011561,0.07225433526011561,"Neely, Jack"
680897,211,84,40,43,28,0.3834123222748815,0.38510741129893605,24,R,0.3729903536977492,0.19935691318327975,0.16559485530546625,0.16237942122186494,0.36,0.36,0.10491606714628297,0.15227817745803357,0.4406887755102041,0.43558673469387754,0.10778061224489796,0.01594387755102041,"Nastrini, Nick"
680911,12,6,5,1,0,0.5541666666666667,0.3826287327586207,28,R,0.3392857142857143,0.24107142857142858,0.08482142857142858,0.20089285714285715,0.3783783783783784,0.3783783783783784,0.08394160583941605,0.22627737226277375,0.5689655172413793,0.14367816091954022,0.14367816091954022,0.14367816091954022,"Miller, Owen"
680916,5,2,0,2,1,0.27999999999999997,0.27999999999999997,23,R,0.3238095238095238,0.20952380952380953,0.1,0.22380952380952382,0.3333333333333333,0.3333333333333333,0.105,0.28,0.25,0.25,0.25,0.25,"Aleman, Franco"
680940,16,6,2,4,2,0.35624999999999996,0.35624999999999996,26,R,0.3275862068965517,0.20689655172413793,0.10775862068965517,0.21120689655172414,0.34146341463414637,0.34146341463414637,0.105,0.28,0.25,0.25,0.25,0.25,"Broom, Robert"
680961,11,4,2,2,2,0.5045454545454545,0.5045454545454545,25,R,0.32432432432432434,0.21621621621621623,0.0945945945945946,0.22072072072072071,0.3333333333333333,0.3333333333333333,0.105,0.28,0.25,0.25,0.25,0.25,"Gau, Chris"
680970,25,5,3,2,5,0.16399999999999998,0.16399999999999998,26,L,0.296,0.2,0.084,0.22,0.26,0.26,0.105,0.28,0.25,0.25,0.25,0.25,"Pérez, Andrew"
680983,7,4,2,2,1,0.4571428571428572,0.5093651428571428,23,R,0.3364485981308411,0.22429906542056074,0.09813084112149532,0.21962616822429906,0.375,0.375,0.10661764705882353,0.23529411764705882,0.3313953488372093,0.3081395348837209,0.21511627906976744,0.14534883720930233,"Cáceres, Kelvin"
681006,3,0,0,0,2,0.0,0.0,26,L,0.3106796116504854,0.21359223300970873,0.0825242718446602,0.23786407766990292,0.2857142857142857,0.2857142857142857,0.11842105263157894,0.26315789473684215,0.2578125,0.3515625,0.1953125,0.1953125,"Simpson, Josh"
681025,8,3,3,0,1,0.475,0.475,26,L,0.32407407407407407,0.23148148148148148,0.0787037037037037,0.2175925925925926,0.3333333333333333,0.3333333333333333,0.105,0.28,0.25,0.25,0.25,0.25,"Bentley, Denny"
681035,209,61,47,12,46,0.31602870813397127,0.31307589967378563,25,R,0.30097087378640774,0.22330097087378642,0.06634304207119741,0.22168284789644013,0.36,0.328,0.11046511627906977,0.14376321353065538,0.5161830357142857,0.35658482142857145,0.11328125,0.013950892857142858,"Scott, Christian"
681066,87,37,20,16,11,0.3959770114942529,0.36377715307913483,25,L,0.3689839572192513,0.22459893048128343,0.13101604278074866,0.17914438502673796,0.37333333333333335,0.4017857142857143,0.09228971962616822,0.16822429906542055,0.4748677248677249,0.37433862433862436,0.11772486772486772,0.03306878306878307,"Bush, Ky"
681084,4,3,2,1,1,0.8,0.8,29,R,0.33653846153846156,0.23076923076923078,0.09134615384615384,0.22596153846153846,0.3793103448275862,0.3793103448275862,0.105,0.28,0.25,0.25,0.25,0.25,"Andrews, Tanner"
681085,4,1,1,0,0,0.3125,0.3125,27,R,0.3173076923076923,0.22115384615384615,0.08173076923076923,0.21634615384615385,0.3103448275862069,0.3103448275862069,0.1036036036036036,0.2612612612612613,0.20491803278688525,0.23770491803278687,0.3524590163934426,0.20491803278688525,"Coker, Calvin"
681094,6,1,1,0,1,0.15,0.15,24,L,0.3113207547169811,0.2169811320754717,0.08018867924528301,0.22169811320754718,0.2903225806451613,0.2903225806451613,0.09813084112149532,0.2710280373831776,0.30701754385964913,0.2543859649122807,0.21929824561403508,0.21929824561403508,"Askew, Keyshawn"
681097,6,4,2,1,1,0.7166666666666667,0.7166666666666667,25,R,0.33962264150943394,0.22641509433962265,0.08962264150943396,0.22169811320754718,0.3870967741935484,0.3870967741935484,0.105,0.28,0.25,0.25,0.25,0.25,"Moore, Andrew"
681117,2,1,0,1,0,0.35,0.35,25,L,0.3235294117647059,0.21568627450980393,0.09313725490196079,0.22058823529411764,0.3333333333333333,0.3333333333333333,0.0945945945945946,0.2612612612612613,0.319672131147541,0.27049180327868855,0.20491803278688525,0.20491803278688525,"Taylor, Evan"
681145,23,14,12,2,6,0.591304347826087,0.591304347826087,28,R,0.37398373983739835,0.2764227642276423,0.08536585365853659,0.23170731707317074,0.4583333333333333,0.4583333333333333,0.105,0.28,0.25,0.25,0.25,0.25,"Ueckert, Cayne"
681154,14,5,2,2,2,0.2785714285714286,0.2785714285714286,28,L,0.32456140350877194,0.21052631578947367,0.09210526315789473,0.2149122807017544,0.3333333333333333,0.3333333333333333,0.10504201680672269,0.2521008403361345,0.3115942028985507,0.2826086956521739,0.2246376811594203,0.18115942028985507,"Killgore, Keylan"
681168,19,8,4,4,3,0.4526315789473684,0.4526315789473684,24,R,0.33613445378151263,0.2184873949579832,0.10504201680672269,0.21428571428571427,0.36363636363636365,0.36363636363636365,0.10384615384615385,0.2307692307692308,0.35625,0.33125,0.15625,0.15625,"Curvelo, Luis"
681185,18,5,5,0,3,0.3194444444444444,0.3194444444444444,25,R,0.3135593220338983,0.2288135593220339,0.07203389830508475,0.21610169491525424,0.3023255813953488,0.3023255813953488,0.105,0.28,0.25,0.25,0.25,0.25,"Silven, Yoelvin"
681190,622,215,153,52,103,0.34598070739549835,0.36140500579484763,26,R,0.34210526315789475,0.24238227146814403,0.08379501385041552,0.17382271468144045,0.36,0.344,0.07969602494154326,0.1445830085736555,0.5936009538950715,0.2768282988871224,0.12460254372019078,0.004968203497615262,"Vásquez, Randy"
681217,422,138,92,43,104,0.35533175355450236,0.3509322875408978,24,R,0.32567049808429116,0.21839080459770116,0.09865900383141762,0.24233716475095785,0.29333333333333333,0.312,0.11578044596912522,0.15494568324757005,0.5235432607416127,0.2616244849911713,0.20747498528546204,0.0073572689817539725,"Silseth, Chase"
681252,7,3,3,0,0,0.6714285714285715,0.6714285714285715,24,R,0.32710280373831774,0.2336448598130841,0.0794392523364486,0.2102803738317757,0.34375,0.34375,0.11788617886178862,0.24390243902439027,0.2808219178082192,0.3082191780821918,0.23972602739726026,0.17123287671232876,"Anderson, Jack"
681256,16,7,6,0,1,0.446875,0.446875,23,R,0.33620689655172414,0.2413793103448276,0.07327586206896551,0.2025862068965517,0.36585365853658536,0.36585365853658536,0.105,0.28,0.25,0.25,0.25,0.25,"Mejia, Ian"
681259,12,4,3,1,2,0.2833333333333333,0.2833333333333333,26,R,0.32142857142857145,0.22321428571428573,0.08482142857142858,0.21875,0.32432432432432434,0.32432432432432434,0.105,0.28,0.25,0.25,0.25,0.25,"Pinto, Aaron"
681293,642,215,141,67,174,0.3356697819314642,0.31428820156936615,24,R,0.3328840970350404,0.2196765498652291,0.10175202156334232,0.26482479784366575,0.32,0.352,0.1225453172205438,0.13746223564954682,0.5994996150885297,0.30619707467282525,0.0894919168591224,0.00481139337952271,"Arrighetti, Spencer"
681320,6,2,0,2,1,0.2333333333333333,0.2333333333333333,23,L,0.32075471698113206,0.20754716981132076,0.09905660377358491,0.22169811320754718,0.3225806451612903,0.3225806451612903,0.11057692307692307,0.2692307692307693,0.28703703703703703,0.25,0.23148148148148148,0.23148148148148148,"Lavender, Nate"
681322,3,1,1,0,0,0.3,0.3,24,R,0.32038834951456313,0.22330097087378642,0.0825242718446602,0.21844660194174756,0.32142857142857145,0.32142857142857145,0.10964912280701754,0.2543859649122807,0.2890625,0.2890625,0.2265625,0.1953125,"Grace, Regi"
681343,5,2,2,0,1,0.76,0.76,24,R,0.3238095238095238,0.22857142857142856,0.08095238095238096,0.22380952380952382,0.3333333333333333,0.3333333333333333,0.0992063492063492,0.22222222222222224,0.40131578947368424,0.26973684210526316,0.16447368421052633,0.16447368421052633,"Smith, Shane"
681347,20,5,2,3,4,0.25,0.27028750714285715,25,R,0.30833333333333335,0.2,0.09583333333333334,0.22083333333333333,0.28888888888888886,0.28888888888888886,0.10483870967741936,0.21505376344086022,0.44485294117647056,0.23161764705882354,0.23161764705882354,0.09191176470588236,"Burrows, Mike"
681391,1,0,0,0,0,0.0,0.0,25,L,0.31683168316831684,0.21782178217821782,0.08415841584158416,0.22277227722772278,0.3076923076923077,0.3076923076923077,0.105,0.28,0.25,0.25,0.25,0.25,"Laws, Holden"
681401,6,5,3,1,1,0.8583333333333334,0.8583333333333334,28,R,0.3490566037735849,0.2358490566037736,0.08962264150943396,0.22169811320754718,0.41935483870967744,0.41935483870967744,0.105,0.28,0.25,0.25,0.25,0.25,"Green, Josh"
681402,233,85,59,24,58,0.3587982832618026,0.3189626978972667,28,R,0.35135135135135137,0.24324324324324326,0.09759759759759759,0.24174174174174173,0.3333333333333333,0.328,0.11116910229645094,0.12943632567849686,0.5203744493392071,0.40473568281938327,0.06112334801762115,0.013766519823788546,"Varland, Gus"
681407,2,1,1,0,1,0.45,0.45,28,R,0.3235294117647059,0.22549019607843138,0.08333333333333333,0.23039215686274508,0.3333333333333333,0.3333333333333333,0.105,0.28,0.25,0.25,0.25,0.25,"Whitney, Blake"
681432,151,53,24,24,43,0.3039735099337748,0.31473278233303403,24,L,0.3386454183266932,0.18326693227091634,0.1294820717131474,0.26095617529880477,0.32,0.344,0.10944206008583691,0.13304721030042918,0.6540832049306625,0.2981510015408321,0.028505392912172575,0.01926040061633282,"Little, Luke"
681464,40,19,13,6,7,0.4875,0.4183032770053476,26,R,0.36428571428571427,0.25,0.10357142857142858,0.21071428571428572,0.4153846153846154,0.4153846153846154,0.07336956521739131,0.20108695652173914,0.5261194029850746,0.27238805970149255,0.10820895522388059,0.09328358208955224,"German, Frank"
681473,15,7,4,2,3,0.4633333333333333,0.4633333333333333,27,R,0.3391304347826087,0.22608695652173913,0.09130434782608696,0.2217391304347826,0.375,0.375,0.10550458715596331,0.26605504587155965,0.2966101694915254,0.2457627118644068,0.2457627118644068,0.211864406779661,"McKay, Tyler"
681484,2,1,1,0,0,0.8,0.8,26,R,0.3235294117647059,0.22549019607843138,0.08333333333333333,0.22058823529411764,0.3333333333333333,0.3333333333333333,0.105,0.28,0.25,0.25,0.25,0.25,"Cohen, Chase"
681485,6,3,3,0,0,0.5666666666666667,0.5666666666666667,26,R,0.330188679245283,0.2358490566037736,0.08018867924528301,0.21226415094339623,0.3548387096774194,0.3548387096774194,0.08677685950413223,0.2479338842975207,0.4295774647887324,0.21830985915492956,0.176056338028169,0.176056338028169,"Craft, Derek"
681493,13,7,6,1,0,0.6653846153846155,0.6653846153846155,27,R,0.34513274336283184,0.24778761061946902,0.084070796460177,0.19911504424778761,0.39473684210526316,0.39473684210526316,0.105,0.28,0.25,0.25,0.25,0.25,"Demurias, Eddy"
681501,1,0,0,0,1,0.0,0.0,25,R,0.31683168316831684,0.21782178217821782,0.08415841584158416,0.23267326732673269,0.3076923076923077,0.3076923076923077,0.13106796116504854,0.29126213592233013,0.2358490566037736,0.29245283018867924,0.2358490566037736,0.2358490566037736,"Fernander, Chavez"
681517,221,65,46,17,40,0.2945701357466063,0.3336366703018627,27,R,0.30218068535825543,0.2118380062305296,0.0794392523364486,0.19470404984423675,0.29333333333333333,0.272,0.11165048543689321,0.15318230852211434,0.44070695553021666,0.45438996579247437,0.09064994298745724,0.014253135689851768,"Leahy, Kyle"
681544,4,0,0,0,3,0.0,0.0,25,R,0.3076923076923077,0.21153846153846154,0.08173076923076923,0.24519230769230768,0.27586206896551724,0.27586206896551724,0.12385321100917432,0.26605504587155965,0.3644067796610169,0.211864406779661,0.211864406779661,0.211864406779661,"Olds, Wyatt"
681555,20,5,3,2,3,0.205,0.205,27,R,0.30833333333333335,0.20833333333333334,0.0875,0.2125,0.28888888888888886,0.28888888888888886,0.10736196319018405,0.2331288343558282,0.42920353982300885,0.3495575221238938,0.11061946902654868,0.11061946902654868,"Politi, Andrew"
681571,10,4,2,2,2,0.355,0.355,24,R,0.32727272727272727,0.21818181818181817,0.09545454545454546,0.22272727272727272,0.34285714285714286,0.34285714285714286,0.14772727272727273,0.2727272727272727,0.4451219512195122,0.25,0.1524390243902439,0.1524390243902439,"Sharpe, Davis"
681584,3,1,0,1,0,0.2333333333333333,0.38930099999999995,26,R,0.32038834951456313,0.21359223300970873,0.09223300970873786,0.21844660194174756,0.32142857142857145,0.32142857142857145,0.09722222222222222,0.2592592592592593,0.35344827586206895,0.21551724137931033,0.21551724137931033,0.21551724137931033,"Villar, David"
681603,18,7,5,2,4,0.4694444444444444,0.4694444444444444,25,R,0.3305084745762712,0.2288135593220339,0.08898305084745763,0.2245762711864407,0.3488372093023256,0.3488372093023256,0.09322033898305085,0.1864406779661017,0.468503937007874,0.3346456692913386,0.0984251968503937,0.0984251968503937,"Garcia, Carlos"
681643,11,4,3,0,1,0.5227272727272727,0.5227272727272727,24,R,0.32432432432432434,0.22522522522522523,0.07657657657657657,0.21171171171171171,0.3333333333333333,0.3333333333333333,0.09504132231404959,0.23140495867768598,0.34507042253521125,0.2605633802816901,0.21830985915492956,0.176056338028169,"Pacheco, Freddy"
681676,299,97,63,32,72,0.3093645484949833,0.3060768371190837,26,R,0.3233082706766917,0.21303258145363407,0.10150375939849623,0.23684210526315788,0.3333333333333333,0.368,0.13831417624521072,0.17471264367816092,0.5111553784860557,0.4681274900398406,0.0099601593625498,0.010756972111553785,"Fernandez, Ryan"
681738,10,5,2,3,2,0.425,0.425,25,R,0.33636363636363636,0.21818181818181817,0.10454545454545454,0.22272727272727272,0.37142857142857144,0.37142857142857144,0.10283687943262411,0.23404255319148937,0.33516483516483514,0.34615384615384615,0.1813186813186813,0.13736263736263737,"Colon, Jeffrey"
681739,5,1,1,0,1,0.25,0.25,23,R,0.3142857142857143,0.21904761904761905,0.08095238095238096,0.22380952380952382,0.3,0.3,0.09545454545454546,0.26363636363636367,0.325,0.20833333333333334,0.25833333333333336,0.20833333333333334,"Cornielly, Joshua"
681744,7,1,1,0,2,0.1285714285714286,0.1285714285714286,23,R,0.308411214953271,0.21495327102803738,0.0794392523364486,0.22897196261682243,0.28125,0.28125,0.09689922480620156,0.24031007751937988,0.4240506329113924,0.25949367088607594,0.15822784810126583,0.15822784810126583,"Santos, Junior"
681753,24,12,7,3,5,0.48333333333333334,0.48333333333333334,24,R,0.3548387096774194,0.23387096774193547,0.09274193548387097,0.2217741935483871,0.40816326530612246,0.40816326530612246,0.10606060606060606,0.2,0.2826086956521739,0.15217391304347827,0.45652173913043476,0.10869565217391304,"Hernandez, Adrian"
681792,32,14,10,4,4,0.5046875,0.5046875,27,L,0.3484848484848485,0.24242424242424243,0.0946969696969697,0.20075757575757575,0.38596491228070173,0.38596491228070173,0.105,0.28,0.25,0.25,0.25,0.25,"Scott, Adam"
681799,177,65,46,17,42,0.3692090395480226,0.34322811807090803,27,R,0.35018050541516244,0.24548736462093862,0.09205776173285199,0.2328519855595668,0.32,0.344,0.10053262316910785,0.14380825565912117,0.4643366619115549,0.5,0.01783166904422254,0.01783166904422254,"Roberts, Ethan"
681803,33,14,9,5,5,0.3954545454545455,0.3954545454545455,26,R,0.3458646616541353,0.23308270676691728,0.10150375939849623,0.20676691729323307,0.3793103448275862,0.3793103448275862,0.09259259259259259,0.21481481481481485,0.4176470588235294,0.28823529411764703,0.14705882352941177,0.14705882352941177,"Riley, Trey"
681806,526,158,99,53,132,0.30855513307984794,0.3161930311762825,29,R,0.3035143769968051,0.19329073482428116,0.09824281150159744,0.24680511182108625,0.37333333333333335,0.336,0.12552991050400378,0.14413565708902495,0.6775205016883743,0.2506029908345393,0.0658465991316932,0.00602990834539315,"Wantz, Andrew"
681807,26,11,10,1,0,0.5134615384615384,0.5437926614192904,28,R,0.3412698412698413,0.25396825396825395,0.07539682539682539,0.17857142857142858,0.37254901960784315,0.37254901960784315,0.06686046511627906,0.22674418604651161,0.569672131147541,0.10245901639344263,0.22540983606557377,0.10245901639344263,"Fry, David"
681808,8,4,3,0,2,0.55625,0.46399999999999997,26,R,0.3333333333333333,0.23148148148148148,0.0787037037037037,0.22685185185185186,0.36363636363636365,0.36363636363636365,0.11261261261261261,0.2702702702702703,0.2540983606557377,0.319672131147541,0.22131147540983606,0.20491803278688525,"Vallimont, Chris"
681810,241,72,53,18,48,0.2975103734439834,0.30723071210226705,28,R,0.30498533724340177,0.21994134897360704,0.07771260997067449,0.20674486803519063,0.32,0.296,0.09831460674157304,0.1393258426966292,0.5434523809523809,0.40535714285714286,0.03630952380952381,0.01488095238095238,"Warren, Austin"
681835,1,0,0,0,1,0.0,0.0,28,R,0.31683168316831684,0.21782178217821782,0.08415841584158416,0.23267326732673269,0.3076923076923077,0.3076923076923077,0.105,0.28,0.25,0.25,0.25,0.25,"Quezada, Jose"
681841,2,0,0,0,0,0.0,0.0,27,R,0.3137254901960784,0.21568627450980393,0.08333333333333333,0.22058823529411764,0.2962962962962963,0.2962962962962963,0.1,0.2666666666666667,0.3,0.24545454545454545,0.22727272727272727,0.22727272727272727,"Strong, Alan"
681856,11,5,4,1,1,0.5909090909090909,0.5909090909090909,25,R,0.3333333333333333,0.23423423423423423,0.08558558558558559,0.21171171171171171,0.3611111111111111,0.3611111111111111,0.105,0.28,0.25,0.25,0.25,0.25,"Ponticelli, Thomas"
681857,941,267,193,68,216,0.2951115834218916,0.31561839786219503,25,R,0.287223823246878,0.20653218059558118,0.07348703170028818,0.22910662824207492,0.30666666666666664,0.32,0.12474411463664278,0.17528147389969292,0.4568429237947123,0.34616381544841884,0.19375324002073613,0.0032400207361327114,"Olson, Reese"
681867,652,214,159,44,121,0.3392638036809816,0.316874681235451,28,R,0.3271276595744681,0.24069148936170212,0.06981382978723404,0.1908244680851064,0.3466666666666667,0.328,0.07410990712074303,0.14976780185758515,0.4698105761641673,0.3020915548539858,0.22316495659037094,0.004932912391475927,"Criswell, Cooper"
681869,249,89,57,29,60,0.3506024096385542,0.31747573070530244,29,R,0.3467048710601719,0.22636103151862463,0.10744985673352435,0.23638968481375358,0.29333333333333333,0.336,0.10206834532374101,0.14388489208633093,0.5795668549905838,0.2528248587570621,0.15583804143126176,0.011770244821092278,"Dubin, Shawn"
681870,74,18,10,8,28,0.2385135135135135,0.23133031507823612,27,L,0.28735632183908044,0.1839080459770115,0.09482758620689655,0.29022988505747127,0.28,0.26262626262626265,0.12407862407862408,0.15724815724815724,0.4943977591036415,0.43557422969187676,0.0350140056022409,0.0350140056022409,"Sabrowski, Erik"
681871,24,7,5,2,3,0.3520833333333333,0.4186194730597936,27,R,0.31451612903225806,0.21774193548387097,0.0846774193548387,0.2056451612903226,0.30612244897959184,0.30612244897959184,0.09635416666666667,0.25,0.41901408450704225,0.25704225352112675,0.23591549295774647,0.0880281690140845,"Villalobos, Eli"
681882,141,52,32,19,35,0.3375886524822695,0.34346079807708235,27,R,0.34854771784232363,0.22406639004149378,0.11410788381742738,0.23858921161825727,0.37333333333333335,0.344,0.1086286594761171,0.1617873651771957,0.4699499165275459,0.48831385642737896,0.020868113522537562,0.020868113522537562,"Selby, Colin"
681885,46,17,9,7,9,0.32173913043478264,0.3536137013747865,25,L,0.3356164383561644,0.21232876712328766,0.10616438356164383,0.21575342465753425,0.352112676056338,0.352112676056338,0.07735849056603773,0.16226415094339622,0.45813953488372094,0.37906976744186044,0.10465116279069768,0.05813953488372093,"Lee, Evan"
681886,8,7,7,0,0,1.24375,1.24375,26,L,0.3611111111111111,0.26851851851851855,0.0787037037037037,0.20833333333333334,0.45454545454545453,0.45454545454545453,0.084,0.24000000000000002,0.35333333333333333,0.31333333333333335,0.16666666666666666,0.16666666666666666,"Smith, Julian"
681890,2,1,1,0,0,0.45,0.45,27,R,0.3235294117647059,0.22549019607843138,0.08333333333333333,0.22058823529411764,0.3333333333333333,0.3333333333333333,0.10454545454545454,0.26363636363636367,0.275,0.30833333333333335,0.20833333333333334,0.20833333333333334,"Watson, Troy"
681891,9,1,1,0,4,0.1,0.1,26,R,0.30275229357798167,0.21100917431192662,0.0779816513761468,0.24311926605504589,0.2647058823529412,0.2647058823529412,0.125,0.24193548387096778,0.34459459459459457,0.25,0.23648648648648649,0.16891891891891891,"Greene, Zach"
681892,227,81,50,25,56,0.35308370044052867,0.3299502543871359,28,L,0.345565749235474,0.22018348623853212,0.10244648318042814,0.2400611620795107,0.3466666666666667,0.4,0.11061061061061062,0.14014014014014015,0.636986301369863,0.30505795574288724,0.044783983140147525,0.013171759747102213,"Funderburk, Kody"
681895,24,12,8,3,4,0.47500000000000003,0.47500000000000003,27,L,0.3548387096774194,0.24193548387096775,0.09274193548387097,0.21370967741935484,0.40816326530612246,0.40816326530612246,0.08680555555555555,0.2152777777777778,0.4627659574468085,0.22872340425531915,0.17553191489361702,0.13297872340425532,"Sisk, Evan"
681897,10,1,0,1,5,0.06999999999999999,0.06999999999999999,25,R,0.3,0.2,0.08636363636363636,0.25,0.2571428571428571,0.2571428571428571,0.11068702290076336,0.23664122137404583,0.41358024691358025,0.2777777777777778,0.15432098765432098,0.15432098765432098,"Barger, Alec"
681902,8,3,2,1,2,0.35625,0.35625,28,R,0.32407407407407407,0.2222222222222222,0.08796296296296297,0.22685185185185186,0.3333333333333333,0.3333333333333333,0.12385321100917432,0.25688073394495414,0.3135593220338983,0.2288135593220339,0.2457627118644068,0.211864406779661,"Case, Brad"
681911,964,278,160,110,311,0.279149377593361,0.2781944152779695,28,L,0.29135338345864664,0.17105263157894737,0.11137218045112782,0.31343984962406013,0.26666666666666666,0.272,0.1437282229965157,0.1408661025385764,0.6543598790322581,0.2912046370967742,0.051285282258064516,0.0031502016129032256,"Vesia, Alex"
681924,7,3,2,1,2,0.5142857142857143,0.5142857142857143,25,R,0.32710280373831774,0.22429906542056074,0.08878504672897196,0.22897196261682243,0.34375,0.34375,0.1,0.2521739130434783,0.3923076923076923,0.2230769230769231,0.19230769230769232,0.19230769230769232,"Dabovich, R.J."
681938,4,1,1,0,2,0.3125,0.3125,27,R,0.3173076923076923,0.22115384615384615,0.08173076923076923,0.23557692307692307,0.3103448275862069,0.3103448275862069,0.13596491228070176,0.2894736842105263,0.3203125,0.2734375,0.2109375,0.1953125,"Reyes, Angel"
681948,5,2,0,2,1,0.27999999999999997,0.27999999999999997,27,R,0.3238095238095238,0.20952380952380953,0.1,0.22380952380952382,0.3333333333333333,0.3333333333333333,0.10504201680672269,0.23529411764705885,0.35507246376811596,0.26811594202898553,0.1956521739130435,0.18115942028985507,"Evans, Justin"
681958,19,10,7,3,3,0.5,0.5,26,R,0.35294117647058826,0.24369747899159663,0.09663865546218488,0.21428571428571427,0.4090909090909091,0.4090909090909091,0.09541984732824428,0.22900763358778628,0.4012345679012346,0.2777777777777778,0.16666666666666666,0.15432098765432098,"Conn, Devin"
681982,289,104,77,25,60,0.3773356401384083,0.33712653090753886,27,R,0.3496143958868895,0.2544987146529563,0.08611825192802057,0.2120822622107969,0.37333333333333335,0.352,0.09276206322795341,0.13643926788685523,0.4839409722222222,0.4370659722222222,0.0681423611111111,0.010850694444444444,"Anderson, Grant"
681987,5,2,2,0,1,0.36,0.23559999999999998,27,R,0.3238095238095238,0.22857142857142856,0.08095238095238096,0.22380952380952382,0.3333333333333333,0.3333333333333333,0.10245901639344263,0.26229508196721313,0.3819444444444444,0.22916666666666666,0.2152777777777778,0.1736111111111111,"Eaton, Nate"
681989,11,3,2,0,4,0.29090909090909095,0.29090909090909095,27,R,0.3153153153153153,0.21621621621621623,0.07657657657657657,0.23873873873873874,0.3055555555555556,0.3055555555555556,0.1326530612244898,0.21768707482993196,0.4072164948453608,0.29381443298969073,0.17010309278350516,0.12886597938144329,"Roach, Dalton"
682002,4,2,2,0,1,0.5375,0.5375,25,R,0.3269230769230769,0.23076923076923078,0.08173076923076923,0.22596153846153846,0.3448275862068966,0.3448275862068966,0.105,0.28,0.25,0.25,0.25,0.25,"Workman, Blake"
682010,105,38,29,9,22,0.3323809523809524,0.29685323048530415,27,R,0.34146341463414637,0.24878048780487805,0.08536585365853659,0.21707317073170732,0.41333333333333333,0.36,0.10340909090909091,0.16590909090909092,0.4576923076923077,0.4782051282051282,0.03205128205128205,0.03205128205128205,"Ramsey, Lane"
682016,15,5,3,1,2,0.2733333333333333,0.23318293333333334,24,R,0.3217391304347826,0.21739130434782608,0.08260869565217391,0.21304347826086956,0.325,0.325,0.10305343511450382,0.24427480916030533,0.46296296296296297,0.22839506172839505,0.15432098765432098,0.15432098765432098,"Woods, William"
682023,12,7,5,2,1,0.6124999999999999,0.6124999999999999,27,L,0.3482142857142857,0.24107142857142858,0.09375,0.20982142857142858,0.40540540540540543,0.40540540540540543,0.11440677966101695,0.24576271186440682,0.21323529411764705,0.2426470588235294,0.3602941176470588,0.18382352941176472,"Dye, Josh"
682027,12,2,1,1,5,0.13333333333333333,0.10391666666666666,27,L,0.30357142857142855,0.20535714285714285,0.08482142857142858,0.24553571428571427,0.2702702702702703,0.2702702702702703,0.11654135338345864,0.2556390977443609,0.3072289156626506,0.3674698795180723,0.1746987951807229,0.15060240963855423,"Alldred, Cam"
682044,9,3,1,2,1,0.25555555555555554,0.25555555555555554,26,R,0.3211009174311927,0.21100917431192662,0.0963302752293578,0.21559633027522937,0.3235294117647059,0.3235294117647059,0.10583941605839416,0.21167883211678834,0.39655172413793105,0.29310344827586204,0.16666666666666666,0.14367816091954022,"Boyle, Sean"
682051,377,136,80,48,64,0.3649867374005305,0.37366431625789887,27,R,0.3522012578616352,0.2138364779874214,0.11844863731656184,0.18134171907756813,0.4266666666666667,0.416,0.08586818757921419,0.13561470215462612,0.574934554973822,0.2994109947643979,0.1174738219895288,0.008180628272251309,"Hill, Garrett"
682052,104,34,20,10,16,0.3379807692307692,0.33762970847268675,26,L,0.3235294117647059,0.20588235294117646,0.09068627450980392,0.18872549019607843,0.32,0.32,0.10227272727272728,0.1921487603305785,0.5195852534562212,0.3099078341013825,0.14170506912442396,0.02880184331797235,"Lopez, Jacob"
682073,10,4,2,1,0,0.445,0.3671123,28,R,0.32727272727272727,0.21818181818181817,0.08636363636363636,0.20454545454545456,0.34285714285714286,0.34285714285714286,0.0992063492063492,0.25396825396825395,0.4934210526315789,0.17763157894736842,0.16447368421052633,0.16447368421052633,"Hensley, David"
682087,2,1,1,0,0,0.45,0.45,23,R,0.3235294117647059,0.22549019607843138,0.08333333333333333,0.22058823529411764,0.3333333333333333,0.3333333333333333,0.105,0.28,0.25,0.25,0.25,0.25,"Knowles, Antonio"
682106,6,2,0,2,0,0.2333333333333333,0.2333333333333333,28,L,0.32075471698113206,0.20754716981132076,0.09905660377358491,0.21226415094339623,0.3225806451612903,0.3225806451612903,0.105,0.28,0.25,0.25,0.25,0.25,"Briggs, Austin"
682120,463,144,90,45,123,0.2890928725701944,0.31058458684876084,28,L,0.31261101243339257,0.1989342806394316,0.09502664298401421,0.25843694493783304,0.30666666666666664,0.296,0.12231638418079097,0.15875706214689267,0.41075581395348837,0.5747093023255814,0.007267441860465116,0.007267441860465116,"Herrin, Tim"
682130,2,0,0,0,0,0.0,0.0,26,R,0.3137254901960784,0.21568627450980393,0.08333333333333333,0.22058823529411764,0.2962962962962963,0.2962962962962963,0.0963302752293578,0.25688073394495414,0.2966101694915254,0.2457627118644068,0.2457627118644068,0.211864406779661,"Carr, Tyler"
682143,4,1,0,1,0,0.175,0.175,27,L,0.3173076923076923,0.21153846153846154,0.09134615384615384,0.21634615384615385,0.3103448275862069,0.3103448275862069,0.105,0.28,0.25,0.25,0.25,0.25,"Costanzo, Michael"
682171,363,92,60,28,102,0.2515151515151515,0.2606758915519462,29,R,0.2678185745140389,0.1771058315334773,0.07883369330453564,0.2688984881209503,0.28,0.296,0.11549601737871108,0.1774076755973932,0.46318557475582267,0.5180315552216379,0.009391435011269721,0.009391435011269721,"Murfee, Penn"
682175,151,63,40,14,27,0.4145695364238411,0.3472695408214352,29,L,0.3784860557768924,0.24701195219123506,0.08964143426294821,0.19721115537848605,0.4266666666666667,0.424,0.0768595041322314,0.14545454545454545,0.5936936936936937,0.3396396396396396,0.044144144144144144,0.02252252252252252,"Jacques, Joe"
682199,5,2,1,1,3,0.39,0.39,26,R,0.3238095238095238,0.21904761904761905,0.09047619047619047,0.24285714285714285,0.3333333333333333,0.3333333333333333,0.105,0.28,0.25,0.25,0.25,0.25,"Gross, Ben"
682200,1,0,0,0,0,0.0,0.0,25,L,0.31683168316831684,0.21782178217821782,0.08415841584158416,0.22277227722772278,0.3076923076923077,0.3076923076923077,0.105,0.28,0.25,0.25,0.25,0.25,"Drury, Austin"
682201,4,2,2,0,0,0.725,0.725,28,R,0.3269230769230769,0.23076923076923078,0.08173076923076923,0.21634615384615385,0.3448275862068966,0.3448275862068966,0.09375,0.25000000000000006,0.33064516129032256,0.2661290322580645,0.20161290322580644,0.20161290322580644,"Ross, Austin"
682227,616,200,141,55,121,0.3508928571428572,0.3491322026625916,26,L,0.3240223463687151,0.2276536312849162,0.08868715083798882,0.20041899441340782,0.30666666666666664,0.328,0.09084967320261438,0.1272331154684096,0.6643652561247216,0.15701559020044542,0.1730512249443207,0.005567928730512249,"Williamson, Brandon"
682240,14,7,4,2,1,0.6285714285714287,0.6285714285714287,26,R,0.34210526315789475,0.22807017543859648,0.09210526315789473,0.20614035087719298,0.38461538461538464,0.38461538461538464,0.09398496240601503,0.2706766917293233,0.4397590361445783,0.22289156626506024,0.18674698795180722,0.15060240963855423,"Jones, Stephen"
682243,1294,355,268,77,299,0.2889876352395672,0.31773536826484683,26,R,0.2776183644189383,0.20803443328550933,0.06133428981348637,0.2306312769010043,0.25333333333333335,0.264,0.11105577689243028,0.1346613545816733,0.6326961770623742,0.24215291750503018,0.12243460764587526,0.002716297786720322,"Miller, Bryce"
682254,37,11,6,5,17,0.29324324324324325,0.2953907824693995,24,L,0.31386861313868614,0.20437956204379562,0.09854014598540146,0.28832116788321166,0.3064516129032258,0.3064516129032258,0.19186046511627908,0.19767441860465115,0.6129807692307693,0.2668269230769231,0.06009615384615385,0.06009615384615385,"Montgomery, Mason"
682255,4,2,1,1,1,0.4,0.4,23,R,0.3269230769230769,0.22115384615384615,0.09134615384615384,0.22596153846153846,0.3448275862068966,0.3448275862068966,0.105,0.28,0.25,0.25,0.25,0.25,"Mayberry, Seth"
682448,3,1,0,1,2,0.2333333333333333,0.2333333333333333,29,R,0.32038834951456313,0.21359223300970873,0.09223300970873786,0.23786407766990292,0.32142857142857145,0.32142857142857145,0.11946902654867257,0.24778761061946905,0.30952380952380953,0.29365079365079366,0.1984126984126984,0.1984126984126984,"Rees, Jackson"
682489,15,1,1,0,8,0.060000000000000005,0.060000000000000005,29,R,0.28695652173913044,0.2,0.07391304347826087,0.26521739130434785,0.225,0.225,0.12184873949579832,0.2605042016806723,0.3115942028985507,0.3115942028985507,0.1956521739130435,0.18115942028985507,"Record, Joe"
682528,3,3,1,2,0,0.7666666666666666,0.7666666666666666,22,L,0.33980582524271846,0.22330097087378642,0.10194174757281553,0.21844660194174756,0.39285714285714285,0.39285714285714285,0.105,0.28,0.25,0.25,0.25,0.25,"Chang, Danny"
682607,9,4,1,3,1,0.3333333333333333,0.3333333333333333,23,L,0.3302752293577982,0.21100917431192662,0.10550458715596331,0.21559633027522937,0.35294117647058826,0.35294117647058826,0.0946969696969697,0.23484848484848486,0.42073170731707316,0.25,0.17682926829268292,0.1524390243902439,"Jimenez, Antonio"
682610,379,136,89,42,70,0.4072559366754617,0.39335783477106,24,R,0.35073068893528186,0.23173277661795408,0.10542797494780794,0.1931106471816284,0.44,0.408,0.09810725552050473,0.14384858044164037,0.6889250814332247,0.20488599348534203,0.09804560260586319,0.008143322475570033,"Muñoz, Roddery"
682615,9,4,3,1,2,0.5,0.5,28,R,0.3302752293577982,0.22935779816513763,0.0871559633027523,0.22477064220183487,0.35294117647058826,0.35294117647058826,0.11440677966101695,0.25423728813559326,0.3014705882352941,0.27205882352941174,0.2426470588235294,0.18382352941176472,"O'Reilly, John"
682726,3,3,1,2,0,1.1333333333333335,1.1333333333333335,20,L,0.33980582524271846,0.22330097087378642,0.10194174757281553,0.21844660194174756,0.39285714285714285,0.39285714285714285,0.105,0.28,0.25,0.25,0.25,0.25,"Aquino, Jose"
682791,6,5,3,2,0,0.6833333333333332,0.6833333333333332,23,R,0.3490566037735849,0.2358490566037736,0.09905660377358491,0.21226415094339623,0.41935483870967744,0.41935483870967744,0.105,0.28,0.25,0.25,0.25,0.25,"Jackson, Gabriel"
682842,218,73,35,37,59,0.2899082568807339,0.3044377474713436,24,R,0.330188679245283,0.1792452830188679,0.1430817610062893,0.2562893081761006,0.38666666666666666,0.384,0.10494505494505495,0.14065934065934066,0.6436046511627908,0.32732558139534884,0.014534883720930232,0.014534883720930232,"Uribe, Abner"
682847,1063,342,225,104,189,0.3253998118532455,0.3451031814133562,25,R,0.32158211521926056,0.2123817712811694,0.09673258813413585,0.18185726569217542,0.26666666666666666,0.296,0.09447174447174447,0.13464373464373464,0.6356965174129353,0.29564676616915425,0.06529850746268656,0.0033582089552238806,"Ortiz, Luis"
682915,4,2,1,1,0,0.4,0.4,21,R,0.3269230769230769,0.22115384615384615,0.09134615384615384,0.21634615384615385,0.3448275862068966,0.3448275862068966,0.105,0.28,0.25,0.25,0.25,0.25,"De La Rosa, Luis"
682967,71,27,17,6,16,0.4169014084507042,0.40748831838313526,27,R,0.34502923976608185,0.22807017543859648,0.0847953216374269,0.22514619883040934,0.38666666666666666,0.3645833333333333,0.10207612456747404,0.1972318339100346,0.42887029288702927,0.2405857740585774,0.27824267782426776,0.05230125523012552,"Sweet, Devin"
682989,53,26,15,10,9,0.4339622641509434,0.4170954875313366,23,R,0.3790849673202614,0.24183006535947713,0.12091503267973856,0.20588235294117646,0.44,0.4358974358974359,0.08608058608058608,0.17216117216117216,0.5044843049327354,0.33856502242152464,0.10089686098654709,0.05605381165919283,"Mederos, Victor"
682990,494,174,123,45,77,0.3673076923076923,0.35007766125860584,24,R,0.3468013468013468,0.2441077441077441,0.09006734006734007,0.1675084175084175,0.3333333333333333,0.32,0.10285563194077207,0.1496562665256478,0.47718631178707227,0.3957088538837588,0.12031504617055948,0.006789788158609452,"Priester, Quinn"
683003,538,161,112,44,141,0.3187732342007435,0.3093070979815117,23,R,0.30250783699059564,0.21003134796238246,0.0822884012539185,0.256269592476489,0.36,0.336,0.14152744630071598,0.15274463007159905,0.48484107579462105,0.43936430317848413,0.06968215158924206,0.006112469437652812,"Jones, Jared"
683004,203,75,51,21,40,0.4022167487684729,0.3806459355267373,24,R,0.35313531353135313,0.24092409240924093,0.09735973597359736,0.20627062706270627,0.32,0.32,0.12158647594278284,0.14564369310793238,0.5166898470097357,0.39429763560500697,0.07162726008344923,0.017385257301808066,"Leiter, Jack"
683021,5,2,1,0,0,0.32,0.48143840000000004,28,R,0.3238095238095238,0.21904761904761905,0.08095238095238096,0.21428571428571427,0.3333333333333333,0.3333333333333333,0.1,0.2521739130434783,0.4076923076923077,0.2076923076923077,0.19230769230769232,0.19230769230769232,"Stefanic, Michael"
683065,3,2,0,2,0,0.4666666666666666,0.4666666666666666,27,R,0.3300970873786408,0.21359223300970873,0.10194174757281553,0.21844660194174756,0.35714285714285715,0.35714285714285715,0.105,0.28,0.25,0.25,0.25,0.25,"Haberer, Jake"
683068,20,8,3,4,3,0.3275,0.3469358,27,L,0.3333333333333333,0.20833333333333334,0.10416666666666667,0.2125,0.35555555555555557,0.35555555555555557,0.11021505376344086,0.20430107526881722,0.3786764705882353,0.24632352941176472,0.28308823529411764,0.09191176470588236,"Penrod, Zach"
683101,3,0,0,0,0,0.3,0.3,24,R,0.3106796116504854,0.21359223300970873,0.0825242718446602,0.21844660194174756,0.2857142857142857,0.2857142857142857,0.11160714285714286,0.25892857142857145,0.3951612903225806,0.20161290322580644,0.20161290322580644,0.20161290322580644,"Goss, JJ"
683155,590,184,142,29,99,0.34771186440677965,0.3337463971697069,23,R,0.3130434782608696,0.23768115942028986,0.05434782608695652,0.17608695652173914,0.41333333333333333,0.376,0.0975130890052356,0.13961605584642234,0.5515165031222123,0.32493309545049065,0.1179750223015165,0.005575379125780553,"Estes, Joey"
683165,2,1,0,1,0,0.35,0.35,23,R,0.3235294117647059,0.21568627450980393,0.09313725490196079,0.22058823529411764,0.3333333333333333,0.3333333333333333,0.0963302752293578,0.25688073394495414,0.2796610169491525,0.2627118644067797,0.2457627118644068,0.211864406779661,"King, Joseph"
683175,96,32,18,13,26,0.3484375,0.32699596505700684,22,R,0.32653061224489793,0.20408163265306123,0.1096938775510204,0.24744897959183673,0.30666666666666664,0.3305785123966942,0.0945945945945946,0.1496881496881497,0.5881670533642691,0.3422273781902552,0.04060324825986079,0.029002320185614848,"Phillips, Connor"
683232,498,168,109,57,136,0.33232931726907633,0.29867850520513284,28,R,0.33444816053511706,0.21906354515050167,0.10953177257525083,0.26505016722408026,0.28,0.264,0.12130455185358986,0.14687939934303143,0.6018740989908697,0.3846708313310908,0.007448342143200384,0.006006727534839019,"Mears, Nick"
683409,133,42,31,10,28,0.34812030075187966,0.3401446006282441,22,R,0.31759656652360513,0.22746781115879827,0.07939914163090128,0.2167381974248927,0.32,0.32,0.1769983686786297,0.21533442088091354,0.4005328596802842,0.18738898756660746,0.38809946714031973,0.023978685612788632,"Chivilli, Angel"
683522,4,1,1,0,0,0.3125,0.3125,23,R,0.3173076923076923,0.22115384615384615,0.08173076923076923,0.21634615384615385,0.3103448275862069,0.3103448275862069,0.09745762711864407,0.23728813559322037,0.3897058823529412,0.21323529411764705,0.21323529411764705,0.18382352941176472,"Arias, Michael"
683565,4,2,1,0,0,0.4875,0.4875,21,R,0.3269230769230769,0.22115384615384615,0.08173076923076923,0.21634615384615385,0.3448275862068966,0.3448275862068966,0.105,0.28,0.25,0.25,0.25,0.25,"Morillo, David"
683568,30,11,3,8,6,0.30666666666666664,0.3247080102564103,23,R,0.33076923076923076,0.19230769230769232,0.12692307692307692,0.21923076923076923,0.34545454545454546,0.34545454545454546,0.09071729957805907,0.17721518987341772,0.4037433155080214,0.3609625668449198,0.16844919786096257,0.06684491978609626,"Iriarte, Jairo"
683618,42,16,10,6,8,0.3666666666666667,0.331603807105877,22,R,0.3380281690140845,0.22535211267605634,0.10211267605633803,0.2147887323943662,0.3582089552238806,0.3582089552238806,0.10474308300395258,0.18972332015810275,0.7019704433497537,0.1748768472906404,0.06157635467980296,0.06157635467980296,"Henriquez, Edgardo"
683627,286,106,80,24,42,0.36818181818181817,0.38309969063507304,22,R,0.35751295336787564,0.26424870466321243,0.08419689119170984,0.16709844559585493,0.3333333333333333,0.32,0.07819103972950127,0.1242603550295858,0.48676081200353044,0.2758164165931156,0.2263901147396293,0.011032656663724626,"Molina, Anthony"
683769,568,156,110,37,124,0.2936619718309859,0.29200161830673926,26,R,0.281437125748503,0.19760479041916168,0.06811377245508982,0.21931137724550898,0.3466666666666667,0.304,0.1025,0.1340909090909091,0.40488372093023256,0.40813953488372096,0.1811627906976744,0.005813953488372093,"Gaddis, Hunter"
683822,33,9,6,3,6,0.296969696969697,0.31664430303030305,30,R,0.3082706766917293,0.21052631578947367,0.08646616541353383,0.21428571428571427,0.29310344827586204,0.29310344827586204,0.09567901234567901,0.24691358024691357,0.29910714285714285,0.16517857142857142,0.42410714285714285,0.11160714285714286,"Uwasawa, Naoyuki"
684007,713,189,157,29,180,0.29887798036465635,0.29464844371822624,31,L,0.27183271832718325,0.2201722017220172,0.046125461254612546,0.24907749077490776,0.28,0.248,0.14386536373507058,0.16757148027506333,0.5387025433099889,0.11260597124953925,0.34408403980833024,0.0046074456321415404,"Imanaga, Shota"
684128,6,4,0,4,1,0.4666666666666666,0.4666666666666666,23,R,0.33962264150943394,0.20754716981132076,0.1179245283018868,0.22169811320754718,0.3870967741935484,0.3870967741935484,0.105,0.28,0.25,0.25,0.25,0.25,"Sena, Reidis"
684320,385,122,76,43,88,0.3119480519480519,0.3072500590752052,27,R,0.31752577319587627,0.2020618556701031,0.10618556701030928,0.22783505154639175,0.32,0.296,0.10592185592185592,0.15384615384615385,0.5078715365239295,0.3857052896725441,0.09792191435768262,0.00850125944584383,"Rodríguez, Yariel"
684483,10,1,1,0,3,0.09,0.09,24,L,0.3,0.20909090909090908,0.07727272727272727,0.2318181818181818,0.2571428571428571,0.2571428571428571,0.11261261261261261,0.2702702702702703,0.3524590163934426,0.23770491803278687,0.20491803278688525,0.20491803278688525,"Juarez, Daniel"
684544,17,8,4,4,2,0.5058823529411764,0.5058823529411764,24,R,0.3418803418803419,0.2222222222222222,0.10683760683760683,0.2094017094017094,0.38095238095238093,0.38095238095238093,0.08823529411764706,0.2222222222222222,0.4320388349514563,0.32524271844660196,0.12135922330097088,0.12135922330097088,"Endersby, Jimmy"
684604,4,1,1,0,1,0.5,0.5,27,R,0.3173076923076923,0.22115384615384615,0.08173076923076923,0.22596153846153846,0.3103448275862069,0.3103448275862069,0.0992063492063492,0.23015873015873017,0.4276315789473684,0.20394736842105263,0.20394736842105263,0.16447368421052633,"Ochsenbein, Aaron"
684665,10,5,3,1,3,0.625,0.625,25,R,0.33636363636363636,0.22727272727272727,0.08636363636363636,0.2318181818181818,0.37142857142857144,0.37142857142857144,0.10964912280701754,0.26315789473684215,0.3203125,0.2734375,0.2109375,0.1953125,"Murphy, Luke"
684871,11,5,2,3,2,0.38636363636363635,0.38636363636363635,26,R,0.3333333333333333,0.21621621621621623,0.1036036036036036,0.22072072072072071,0.3611111111111111,0.3611111111111111,0.11231884057971014,0.2536231884057971,0.3465909090909091,0.3465909090909091,0.16477272727272727,0.14204545454545456,"Mejia, Enmanuel"
684876,3,0,0,0,2,0.0,0.0,24,R,0.3106796116504854,0.21359223300970873,0.0825242718446602,0.23786407766990292,0.2857142857142857,0.2857142857142857,0.13596491228070176,0.2807017543859649,0.3359375,0.2734375,0.1953125,0.1953125,"Florencio, Adrian"
684937,4,1,1,0,1,0.225,0.225,25,R,0.3173076923076923,0.22115384615384615,0.08173076923076923,0.22596153846153846,0.3103448275862069,0.3103448275862069,0.09913793103448276,0.25000000000000006,0.29545454545454547,0.26515151515151514,0.25,0.1893939393939394,"McMahon, Hunter"
684946,1,0,0,0,0,0.0,0.0,27,R,0.31683168316831684,0.21782178217821782,0.08415841584158416,0.22277227722772278,0.3076923076923077,0.3076923076923077,0.10294117647058823,0.2843137254901961,0.27884615384615385,0.2403846153846154,0.2403846153846154,0.2403846153846154,"Fraze, Nick"
684949,3,0,0,0,2,0.0,0.0,27,R,0.3106796116504854,0.21359223300970873,0.0825242718446602,0.23786407766990292,0.2857142857142857,0.2857142857142857,0.10087719298245613,0.24561403508771934,0.3203125,0.2890625,0.1953125,0.1953125,"Leigh, Zac"
684974,1,0,0,0,1,0.0,0.0,25,R,0.31683168316831684,0.21782178217821782,0.08415841584158416,0.23267326732673269,0.3076923076923077,0.3076923076923077,0.105,0.28,0.25,0.25,0.25,0.25,"Yoho, Craig"
685001,2,1,0,1,0,0.35,0.35,24,L,0.3235294117647059,0.21568627450980393,0.09313725490196079,0.22058823529411764,0.3333333333333333,0.3333333333333333,0.09292035398230089,0.25663716814159293,0.35714285714285715,0.24603174603174602,0.1984126984126984,0.1984126984126984,"Jozwiak, Chandler"
685095,15,6,4,1,3,0.35666666666666663,0.35666666666666663,24,R,0.33043478260869563,0.22608695652173913,0.08260869565217391,0.2217391304347826,0.35,0.35,0.11637931034482758,0.25862068965517243,0.32575757575757575,0.26515151515151514,0.2196969696969697,0.1893939393939394,"Abney, Alaska"
685107,70,24,18,5,15,0.39071428571428574,0.33143329063026405,27,L,0.32941176470588235,0.23529411764705882,0.07941176470588235,0.22058823529411764,0.3333333333333333,0.3368421052631579,0.12216624685138538,0.16876574307304787,0.4423631123919308,0.38472622478386165,0.13688760806916425,0.03602305475504323,"Veneziano, Anthony"
685116,51,22,19,3,6,0.4823529411764706,0.3438533099304238,27,L,0.3576158940397351,0.271523178807947,0.076158940397351,0.18874172185430463,0.4,0.39473684210526316,0.06076388888888889,0.17708333333333334,0.46008403361344535,0.30462184873949577,0.18277310924369747,0.052521008403361345,"Kitchen, Austin"
685124,5,2,0,2,0,0.27999999999999997,0.27999999999999997,23,R,0.3238095238095238,0.20952380952380953,0.1,0.21428571428571427,0.3333333333333333,0.3333333333333333,0.105,0.28,0.25,0.25,0.25,0.25,"Burns, Nathan"
685125,6,4,2,2,1,0.5916666666666667,0.5916666666666667,24,L,0.33962264150943394,0.22641509433962265,0.09905660377358491,0.22169811320754718,0.3870967741935484,0.3870967741935484,0.105,0.28,0.25,0.25,0.25,0.25,"Chamberlain, Christian"
685126,47,14,10,4,7,0.3053191489361702,0.330740969942587,26,L,0.3129251700680272,0.21768707482993196,0.08503401360544217,0.20068027210884354,0.3055555555555556,0.3055555555555556,0.09649122807017543,0.18947368421052632,0.39361702127659576,0.3680851063829787,0.1851063829787234,0.05319148936170213,"Eisert, Brandon"
685299,158,61,53,6,26,0.4401898734177215,0.3684028775037551,27,R,0.36046511627906974,0.29069767441860467,0.0562015503875969,0.187984496124031,0.4533333333333333,0.36,0.09264497878359264,0.16124469589816123,0.4786910197869102,0.3066971080669711,0.19558599695585996,0.01902587519025875,"Gordon, Tanner"
685314,97,36,15,20,11,0.31958762886597936,0.37596340106514337,27,L,0.34517766497461927,0.18781725888324874,0.1446700507614213,0.1700507614213198,0.41333333333333333,0.36065573770491804,0.12148337595907928,0.22762148337595908,0.532258064516129,0.3944281524926686,0.036656891495601175,0.036656891495601175,"Saalfrank, Andrew"
685401,10,4,2,2,0,0.43,0.43,25,R,0.32727272727272727,0.21818181818181817,0.09545454545454546,0.20454545454545456,0.34285714285714286,0.34285714285714286,0.09574468085106383,0.22695035460992907,0.46703296703296704,0.2032967032967033,0.19230769230769232,0.13736263736263737,"Gragg, Logan"
685410,146,46,34,12,27,0.339041095890411,0.37273073850096344,26,R,0.3170731707317073,0.22764227642276422,0.08333333333333333,0.20121951219512196,0.3333333333333333,0.328,0.1175115207373272,0.17665130568356374,0.8044925124792013,0.11896838602329451,0.05574043261231281,0.020798668885191347,"Battenfield, Peyton"
685461,11,5,4,1,1,0.5545454545454546,0.5545454545454546,26,R,0.3333333333333333,0.23423423423423423,0.08558558558558559,0.21171171171171171,0.3611111111111111,0.3611111111111111,0.10648148148148148,0.2592592592592593,0.31896551724137934,0.23275862068965517,0.23275862068965517,0.21551724137931033,"Gomez, Cesar"
685464,7,4,0,4,1,0.39999999999999997,0.39999999999999997,24,R,0.3364485981308411,0.205607476635514,0.11682242990654206,0.21962616822429906,0.375,0.375,0.08712121212121213,0.2272727272727273,0.3719512195121951,0.17682926829268292,0.29878048780487804,0.1524390243902439,"Winquest, Cade"
685503,308,123,90,26,39,0.44545454545454544,0.4199359562565949,30,R,0.3799019607843137,0.27450980392156865,0.08455882352941177,0.15073529411764705,0.49333333333333335,0.432,0.08516707416462918,0.15810920945395274,0.5467289719626168,0.1898895497026338,0.2527612574341546,0.010620220900594732,"Arihara, Kohei"
685801,81,26,19,7,28,0.3117283950617284,0.3196728209704526,26,R,0.32044198895027626,0.2265193370165746,0.0856353591160221,0.27900552486187846,0.30666666666666664,0.32075471698113206,0.15450121654501217,0.18248175182481752,0.538781163434903,0.39196675900277006,0.03462603878116344,0.03462603878116344,"Bigge, Hunter"
686218,266,80,50,28,68,0.3174812030075188,0.29971214561728576,24,R,0.30601092896174864,0.19672131147540983,0.09972677595628415,0.24726775956284153,0.3333333333333333,0.296,0.13519134775374375,0.16555740432612312,0.5872395833333334,0.23046875,0.1714409722222222,0.010850694444444444,"Sheehan, Emmet"
686228,6,4,2,2,0,0.7416666666666667,0.7416666666666667,25,R,0.33962264150943394,0.22641509433962265,0.09905660377358491,0.21226415094339623,0.3870967741935484,0.3870967741935484,0.105,0.28,0.25,0.25,0.25,0.25,"Burgos, Juan"
686294,121,47,37,9,16,0.4272727272727273,0.39972199904099903,26,R,0.3574660633484163,0.2669683257918552,0.07918552036199095,0.17420814479638008,0.3466666666666667,0.368,0.09552495697074011,0.18244406196213425,0.635593220338983,0.2947269303201507,0.046139359698681735,0.023540489642184557,"Willingham, Amos"
686433,1,0,0,0,0,0.0,0.0,23,R,0.31683168316831684,0.21782178217821782,0.08415841584158416,0.22277227722772278,0.3076923076923077,0.3076923076923077,0.10849056603773585,0.26415094339622647,0.3125,0.22321428571428573,0.24107142857142858,0.22321428571428573,"Velasquez, Luis"
686449,3,0,0,0,1,0.0,0.0,26,R,0.3106796116504854,0.21359223300970873,0.0825242718446602,0.22815533980582525,0.2857142857142857,0.2857142857142857,0.105,0.28,0.25,0.25,0.25,0.25,"McAvene, Michael"
686463,2,1,1,0,1,0.625,0.625,25,R,0.3235294117647059,0.22549019607843138,0.08333333333333333,0.23039215686274508,0.3333333333333333,0.3333333333333333,0.10504201680672269,0.2857142857142857,0.4420289855072464,0.1956521739130435,0.18115942028985507,0.18115942028985507,"Schultz, Thomas"
686539,381,134,91,36,88,0.33661417322834647,0.3112171549797815,27,R,0.34511434511434513,0.23492723492723494,0.09251559251559252,0.22972972972972974,0.29333333333333333,0.344,0.11045296167247387,0.13240418118466898,0.4732851985559567,0.5086642599277978,0.009025270758122744,0.009025270758122744,"Cronin, Declan"
686563,553,178,133,41,97,0.33634719710669075,0.32608949833952144,24,R,0.3215926493108729,0.23736600306278713,0.07580398162327719,0.18300153139356815,0.28,0.288,0.09234022556390978,0.15554511278195488,0.5868623676612127,0.2187199230028874,0.18840230991337825,0.006015399422521655,"Cannon, Jonathan"
686580,227,58,47,9,58,0.2718061674008811,0.2805747975181374,27,R,0.27522935779816515,0.21100917431192662,0.053516819571865444,0.24617737003058104,0.26666666666666666,0.264,0.13690476190476192,0.18181818181818182,0.6424485125858124,0.32894736842105265,0.014302059496567507,0.014302059496567507,"Slaten, Justin"
686585,9,4,2,2,1,0.35555555555555557,0.35555555555555557,24,R,0.3302752293577982,0.22018348623853212,0.0963302752293578,0.21559633027522937,0.35294117647058826,0.35294117647058826,0.105,0.28,0.25,0.25,0.25,0.25,"Chaidez, Adrian"
686594,2,1,1,0,1,1.0,1.0,25,R,0.3235294117647059,0.22549019607843138,0.08333333333333333,0.23039215686274508,0.3333333333333333,0.3333333333333333,0.105,0.28,0.25,0.25,0.25,0.25,"Farmer, Garrett"
686608,25,7,5,2,5,0.278,0.278,26,R,0.312,0.216,0.084,0.22,0.3,0.3,0.0860655737704918,0.2540983606557377,0.3958333333333333,0.2569444444444444,0.1736111111111111,0.1736111111111111,"Wallace, Jacob"
686610,831,294,195,86,175,0.36654632972322504,0.3347771886562928,25,L,0.3501611170784103,0.23308270676691728,0.10150375939849623,0.2121374865735768,0.30666666666666664,0.296,0.11223260018077734,0.14462187405845134,0.5431324564086877,0.29014989293361887,0.16289385133068215,0.0038237993270113183,"Waldichuk, Ken"
686613,1593,500,351,135,415,0.31782799748901447,0.2994514415929273,26,R,0.3142350856467809,0.22031896042528057,0.08476077968103958,0.2584170112226816,0.26666666666666666,0.272,0.10248154546882363,0.14056855662007225,0.689963590311857,0.22296976412854203,0.08508785816051924,0.0019787873990818427,"Brown, Hunter"
686642,101,31,18,12,26,0.29356435643564355,0.3104632727289951,27,L,0.31343283582089554,0.19900497512437812,0.10199004975124377,0.24129353233830847,0.30666666666666664,0.304,0.10244360902255639,0.15413533834586465,0.6773858921161826,0.23340248962655602,0.06327800829875518,0.025933609958506226,"Ellard, Fraser"
686651,69,31,21,10,10,0.43478260869565216,0.36313291838291384,26,R,0.3727810650887574,0.25443786982248523,0.10946745562130178,0.19230769230769232,0.37333333333333335,0.4148936170212766,0.08796296296296297,0.1728395061728395,0.43613138686131386,0.41058394160583944,0.10766423357664233,0.04562043795620438,"Stoudt, Levi"
686654,91,23,19,4,16,0.3543956043956044,0.3680362126793387,27,R,0.2879581151832461,0.21465968586387435,0.06544502617801047,0.20157068062827224,0.3333333333333333,0.2672413793103448,0.09796437659033079,0.17557251908396945,0.4650145772594752,0.4620991253644315,0.03644314868804665,0.03644314868804665,"Adcock, Ty"
686730,474,169,130,34,92,0.39082278481012656,0.3386365503039815,27,R,0.3501742160278746,0.26480836236933797,0.0740418118466899,0.1994773519163763,0.4,0.392,0.09434447300771208,0.13470437017994857,0.6277044854881266,0.23984168865435357,0.1258575197889182,0.006596306068601583,"Spiers, Carson"
686747,229,72,51,14,46,0.31244541484716154,0.31586823956344484,26,L,0.3161094224924012,0.22188449848024316,0.06838905775075987,0.20820668693009117,0.32,0.304,0.08109559613319012,0.12137486573576799,0.55788876276958,0.31838819523269013,0.10953461975028377,0.014188422247446084,"La Sorsa, Joe"
686751,18,11,8,3,0,0.6166666666666667,0.5068598947990544,26,R,0.3644067796610169,0.2542372881355932,0.09745762711864407,0.1906779661016949,0.4418604651162791,0.4418604651162791,0.10443037974683544,0.20253164556962025,0.375,0.3287037037037037,0.18055555555555555,0.11574074074074074,"Johnson, Seth"
686752,995,295,184,96,261,0.30266331658291457,0.30352549535433493,27,R,0.29863013698630136,0.18812785388127853,0.0954337899543379,0.2589041095890411,0.29333333333333333,0.328,0.12420705404719615,0.15097690941385436,0.5447185813415575,0.19262400411205347,0.25944487278334616,0.0032125417630429194,"Pepiot, Ryan"
686753,308,99,66,31,75,0.31477272727272726,0.34456699903134475,26,R,0.32107843137254904,0.21568627450980393,0.09681372549019608,0.23897058823529413,0.32,0.328,0.12490332559938129,0.1500386697602475,0.582059533386967,0.2932421560740145,0.11464199517296862,0.01005631536604988,"Jameson, Drey"
686762,6,4,3,1,0,0.625,0.625,26,R,0.33962264150943394,0.2358490566037736,0.08962264150943396,0.21226415094339623,0.3870967741935484,0.3870967741935484,0.10194174757281553,0.28155339805825247,0.25471698113207547,0.27358490566037735,0.2358490566037736,0.2358490566037736,"Roberts, Austin"
686768,6,3,3,0,2,0.6333333333333333,0.6333333333333333,25,L,0.330188679245283,0.2358490566037736,0.08018867924528301,0.23113207547169812,0.3548387096774194,0.3548387096774194,0.105,0.28,0.25,0.25,0.25,0.25,"Smith, Ryan"
686790,10,1,0,1,1,0.06999999999999999,0.2031131,23,R,0.3,0.2,0.08636363636363636,0.21363636363636362,0.2571428571428571,0.2571428571428571,0.08273381294964029,0.23741007194244604,0.3651685393258427,0.3089887640449438,0.1853932584269663,0.1404494382022472,"McDonald, Trevor"
686796,96,35,20,12,20,0.36874999999999997,0.35063687862863996,23,L,0.34183673469387754,0.21428571428571427,0.10459183673469388,0.21683673469387754,0.3466666666666667,0.35537190082644626,0.08690744920993228,0.16027088036117382,0.5050890585241731,0.28880407124681934,0.1743002544529262,0.031806615776081425,"Walston, Blake"
686799,265,86,68,10,25,0.33849056603773586,0.344328297493383,24,R,0.3232876712328767,0.2465753424657534,0.050684931506849315,0.13013698630136986,0.25333333333333335,0.264,0.07559958289885298,0.1386861313868613,0.7574257425742574,0.18756875687568758,0.041254125412541254,0.013751375137513752,"Kochanowicz, Jack"
686819,1,0,0,0,0,0.0,0.0,24,L,0.31683168316831684,0.21782178217821782,0.08415841584158416,0.22277227722772278,0.3076923076923077,0.3076923076923077,0.10396039603960396,0.27722772277227725,0.2647058823529412,0.24509803921568626,0.24509803921568626,0.24509803921568626,"Wright, Chris"
686826,397,126,78,42,61,0.3094458438287154,0.35464752580291103,27,R,0.317907444668008,0.2012072434607646,0.10160965794768612,0.16800804828973842,0.32,0.328,0.09469200524246396,0.13761467889908258,0.5748644986449865,0.2774390243902439,0.13922764227642276,0.008468834688346883,"Jarvis, Bryce"
686827,3,0,0,0,1,0.0,0.0,26,R,0.3106796116504854,0.21359223300970873,0.0825242718446602,0.22815533980582525,0.2857142857142857,0.2857142857142857,0.105,0.28,0.25,0.25,0.25,0.25,"Rinehart, Logan"
686831,7,2,0,2,1,0.19999999999999998,0.19999999999999998,24,R,0.3177570093457944,0.205607476635514,0.09813084112149532,0.21962616822429906,0.3125,0.3125,0.09349593495934959,0.2520325203252033,0.4315068493150685,0.22602739726027396,0.17123287671232876,0.17123287671232876,"White, Colby"
686839,190,65,43,16,48,0.33868421052631575,0.3248017270841244,26,R,0.33448275862068966,0.22413793103448276,0.08448275862068966,0.24310344827586206,0.37333333333333335,0.344,0.1300251256281407,0.17336683417085427,0.39343163538873993,0.5636729222520107,0.02613941018766756,0.01675603217158177,"White, Brendan"
686842,47,23,13,7,6,0.4776595744680851,0.39954308510638303,25,R,0.3741496598639456,0.23809523809523808,0.1054421768707483,0.19387755102040816,0.4305555555555556,0.4305555555555556,0.10560344827586207,0.1810344827586207,0.4642857142857143,0.3269230769230769,0.1401098901098901,0.06868131868131869,"Moore, McKinley"
686924,4,2,2,0,1,0.8125,0.8125,25,R,0.3269230769230769,0.23076923076923078,0.08173076923076923,0.22596153846153846,0.3448275862068966,0.3448275862068966,0.105,0.28,0.25,0.25,0.25,0.25,"Myrick, Tyler"
686933,15,6,4,2,2,0.3333333333333333,0.3333333333333333,27,R,0.33043478260869563,0.22608695652173913,0.09130434782608696,0.21304347826086956,0.35,0.35,0.1016260162601626,0.2520325203252033,0.2671232876712329,0.3767123287671233,0.18493150684931506,0.17123287671232876,"Stumpo, Mitchell"
686972,44,19,13,6,8,0.44659090909090904,0.3454322713317384,25,R,0.3541666666666667,0.24305555555555555,0.10069444444444445,0.21180555555555555,0.391304347826087,0.391304347826087,0.08736059479553904,0.17843866171003717,0.5958904109589042,0.2899543378995434,0.05707762557077625,0.05707762557077625,"Waites, Cole"
686973,673,228,178,42,147,0.37184249628528976,0.3512897704046384,27,R,0.33635187580853815,0.258732212160414,0.06532988357050452,0.21927554980595085,0.37333333333333335,0.376,0.11374673141576391,0.12738139708629062,0.4566044918157594,0.4219642177388656,0.11667301103920823,0.00475827940616673,"Varland, Louis"
686993,31,10,9,1,8,0.36129032258064514,0.26280791788856306,28,R,0.32061068702290074,0.2366412213740458,0.07251908396946564,0.23282442748091603,0.32142857142857145,0.32142857142857145,0.125,0.20121951219512196,0.6447368421052632,0.13596491228070176,0.10964912280701754,0.10964912280701754,"Sterner, Justin"
687014,105,34,24,8,29,0.3609523809523809,0.35183496246046153,27,R,0.32195121951219513,0.22439024390243903,0.08048780487804878,0.25121951219512195,0.3333333333333333,0.32,0.11194029850746269,0.1880597014925373,0.6929824561403509,0.21929824561403508,0.043859649122807015,0.043859649122807015,"Avila, Nick"
687095,3,1,1,0,1,0.3,0.3,27,L,0.32038834951456313,0.22330097087378642,0.0825242718446602,0.22815533980582525,0.32142857142857145,0.32142857142857145,0.0945945945945946,0.2792792792792793,0.27049180327868855,0.319672131147541,0.20491803278688525,0.20491803278688525,"Rice, Jake"
687134,147,56,35,20,20,0.3850340136054422,0.385943523294292,24,R,0.3562753036437247,0.23076923076923078,0.11538461538461539,0.1720647773279352,0.4,0.408,0.0897239263803681,0.13803680981595093,0.4908637873754153,0.31976744186046513,0.1669435215946844,0.022425249169435217,"Blalock, Bradley"
687145,51,28,14,12,9,0.45294117647058824,0.35547764705882356,26,L,0.3973509933774834,0.23841059602649006,0.1357615894039735,0.20860927152317882,0.4666666666666667,0.47368421052631576,0.06435643564356436,0.16831683168316833,0.66600790513834,0.23517786561264822,0.04940711462450593,0.04940711462450593,"Justice, Evan"
687159,1,0,0,0,1,0.0,0.0,25,R,0.31683168316831684,0.21782178217821782,0.08415841584158416,0.23267326732673269,0.3076923076923077,0.3076923076923077,0.105,0.28,0.25,0.25,0.25,0.25,"Morreale, Nick"
687166,9,3,2,1,4,0.2777777777777778,0.2777777777777778,26,R,0.3211009174311927,0.22018348623853212,0.0871559633027523,0.24311926605504589,0.3235294117647059,0.3235294117647059,0.105,0.28,0.25,0.25,0.25,0.25,"Pope, Austin"
687205,9,5,2,3,1,0.43333333333333335,0.43333333333333335,29,R,0.3394495412844037,0.22018348623853212,0.10550458715596331,0.21559633027522937,0.38235294117647056,0.38235294117647056,0.105,0.28,0.25,0.25,0.25,0.25,"Hall, Charles"
687209,4,1,0,1,2,0.175,0.175,23,R,0.3173076923076923,0.21153846153846154,0.09134615384615384,0.23557692307692307,0.3103448275862069,0.3103448275862069,0.105,0.28,0.25,0.25,0.25,0.25,"Maxwell, Zach"
687258,1,0,0,0,0,0.0,0.0,26,R,0.31683168316831684,0.21782178217821782,0.08415841584158416,0.22277227722772278,0.3076923076923077,0.3076923076923077,0.105,0.28,0.25,0.25,0.25,0.25,"Ray, Johnny"
687271,2,1,0,1,1,0.35,0.35,26,R,0.3235294117647059,0.21568627450980393,0.09313725490196079,0.23039215686274508,0.3333333333333333,0.3333333333333333,0.105,0.28,0.25,0.25,0.25,0.25,"Ford, Kasey"
687280,3,1,0,1,0,0.2333333333333333,0.2333333333333333,23,L,0.32038834951456313,0.21359223300970873,0.09223300970873786,0.21844660194174756,0.32142857142857145,0.32142857142857145,0.105,0.28,0.25,0.25,0.25,0.25,"Gilbert, Geoffrey"
687287,15,5,3,2,3,0.36666666666666664,0.36666666666666664,27,L,0.3217391304347826,0.21739130434782608,0.09130434782608696,0.2217391304347826,0.325,0.325,0.109375,0.20625,0.4772727272727273,0.1590909090909091,0.25,0.11363636363636363,"Monteverde, Patrick"
687312,9,1,1,0,4,0.1,0.1,22,R,0.30275229357798167,0.21100917431192662,0.0779816513761468,0.24311926605504589,0.2647058823529412,0.2647058823529412,0.1213235294117647,0.22058823529411767,0.47093023255813954,0.22674418604651161,0.1569767441860465,0.14534883720930233,"Hughes, Gabriel"
687330,599,164,122,26,136,0.2848914858096828,0.28752254119922704,27,R,0.2804005722460658,0.20600858369098712,0.04935622317596566,0.22675250357653792,0.24,0.216,0.09233749461902711,0.1308652604390874,0.6443026836779586,0.34469863616366037,0.005499340079190497,0.005499340079190497,"Kelly, Kevin"
687344,1,1,1,0,0,0.9,0.9,24,R,0.32673267326732675,0.22772277227722773,0.08415841584158416,0.22277227722772278,0.34615384615384615,0.34615384615384615,0.10396039603960396,0.27722772277227725,0.2647058823529412,0.24509803921568626,0.24509803921568626,0.24509803921568626,"Milam, Kevin"
687362,32,9,4,5,8,0.24375,0.2918426986034799,27,R,0.3106060606060606,0.19696969696969696,0.10227272727272728,0.23106060606060605,0.2982456140350877,0.2982456140350877,0.09873949579831932,0.18907563025210083,0.5345744680851063,0.1675531914893617,0.23138297872340424,0.06648936170212766,"Gillispie, Connor"
687377,23,13,10,2,3,0.5521739130434782,0.37775886956521737,26,R,0.36585365853658536,0.2601626016260163,0.08536585365853659,0.2073170731707317,0.4375,0.4375,0.12944162436548223,0.20812182741116753,0.391156462585034,0.21428571428571427,0.30952380952380953,0.08503401360544217,"Ribalta, Orlando"
687396,130,45,29,12,35,0.38153846153846155,0.35228048214479574,27,L,0.3347826086956522,0.2217391304347826,0.0891304347826087,0.25,0.37333333333333335,0.368,0.10932721712538226,0.1620795107033639,0.5190397350993378,0.3832781456953642,0.07698675496688742,0.020695364238410598,"Headrick, Brent"
687397,5,0,0,0,0,0.36,0.36,26,R,0.3047619047619048,0.20952380952380953,0.08095238095238096,0.21428571428571427,0.26666666666666666,0.26666666666666666,0.09051724137931035,0.25000000000000006,0.3409090909090909,0.2803030303030303,0.1893939393939394,0.1893939393939394,"Matthews, John"
687423,10,6,2,4,0,0.495,0.495,28,L,0.34545454545454546,0.21818181818181817,0.11363636363636363,0.20454545454545456,0.4,0.4,0.105,0.28,0.25,0.25,0.25,0.25,"Polley, Triston"
687424,97,33,22,11,15,0.31443298969072164,0.2937127771609834,26,R,0.3299492385786802,0.2233502538071066,0.09898477157360407,0.19035532994923857,0.3466666666666667,0.3360655737704918,0.1346153846153846,0.18778280542986425,0.3788265306122449,0.5548469387755102,0.03443877551020408,0.03188775510204082,"Maldonado, Anthony"
687437,4,1,0,1,0,0.175,0.175,24,R,0.3173076923076923,0.21153846153846154,0.09134615384615384,0.21634615384615385,0.3103448275862069,0.3103448275862069,0.10294117647058823,0.29411764705882354,0.27884615384615385,0.2403846153846154,0.2403846153846154,0.2403846153846154,"Mraz, Spencer"
687460,2,0,0,0,0,0.0,0.0,25,L,0.3137254901960784,0.21568627450980393,0.08333333333333333,0.22058823529411764,0.2962962962962963,0.2962962962962963,0.105,0.28,0.25,0.25,0.25,0.25,"Phillips, Zack"
687473,8,2,1,1,6,0.2,0.2,25,R,0.3148148148148148,0.21296296296296297,0.08796296296296297,0.2638888888888889,0.30303030303030304,0.30303030303030304,0.105,0.28,0.25,0.25,0.25,0.25,"Gusto, Ryan"
687481,13,4,2,2,4,0.24615384615384617,0.24615384615384617,25,R,0.3185840707964602,0.21238938053097345,0.09292035398230089,0.2345132743362832,0.3157894736842105,0.3157894736842105,0.10661764705882353,0.2058823529411765,0.38953488372093026,0.31976744186046513,0.14534883720930233,0.14534883720930233,"Nahas, Joe"
687498,15,7,5,2,2,0.6366666666666667,0.6366666666666667,25,L,0.3391304347826087,0.23478260869565218,0.09130434782608696,0.21304347826086956,0.375,0.375,0.10130718954248366,0.20915032679738563,0.45145631067961167,0.19902912621359223,0.22815533980582525,0.12135922330097088,"Marconi, Brian"
687589,16,7,6,1,2,0.678125,0.678125,25,R,0.33620689655172414,0.2413793103448276,0.08189655172413793,0.21120689655172414,0.36585365853658536,0.36585365853658536,0.08709677419354839,0.22580645161290322,0.48095238095238096,0.2619047619047619,0.1380952380952381,0.11904761904761904,"Hamel, Dom"
687607,8,1,0,1,1,0.0875,0.0875,24,L,0.3055555555555556,0.2037037037037037,0.08796296296296297,0.2175925925925926,0.2727272727272727,0.2727272727272727,0.105,0.28,0.25,0.25,0.25,0.25,"Barclay, Edgar"
687765,673,222,169,47,133,0.3409361069836553,0.31588318154407635,26,R,0.32858990944372574,0.24708926261319533,0.07179818887451488,0.20116429495472185,0.36,0.368,0.10663868752384587,0.16901945822205267,0.5357837417347335,0.4432127576818359,0.01575262543757293,0.005250875145857643,"Spence, Mitch"
687792,380,115,76,36,106,0.30276315789473685,0.2860095549910994,23,L,0.30625,0.20416666666666666,0.09270833333333334,0.2677083333333333,0.3333333333333333,0.288,0.1278173190984579,0.1465005931198102,0.5333129584352079,0.21363080684596578,0.2454156479217604,0.007640586797066014,"Herz, DJ"
687798,183,61,48,13,44,0.366120218579235,0.3234263374451806,26,R,0.3286219081272085,0.24734982332155478,0.07597173144876325,0.23498233215547704,0.32,0.32,0.12483130904183536,0.16734143049932523,0.4956584659913169,0.20477568740955138,0.28147612156295226,0.01808972503617945,"Robertson, Nick"
687817,8,4,2,1,3,0.58125,0.58125,24,R,0.3333333333333333,0.2222222222222222,0.08796296296296297,0.2361111111111111,0.36363636363636365,0.36363636363636365,0.12184873949579832,0.2689075630252101,0.2391304347826087,0.39855072463768115,0.18115942028985507,0.18115942028985507,"Marrero, Andrew"
687825,1,0,0,0,1,0.0,0.0,26,R,0.31683168316831684,0.21782178217821782,0.08415841584158416,0.23267326732673269,0.3076923076923077,0.3076923076923077,0.105,0.28,0.25,0.25,0.25,0.25,"Santana, Tyler"
687830,82,22,14,8,26,0.29634146341463413,0.2467368714345182,26,R,0.2967032967032967,0.1978021978021978,0.09065934065934066,0.2664835164835165,0.28,0.2803738317757009,0.14564220183486237,0.20871559633027523,0.41321243523316065,0.30958549222797926,0.24481865284974094,0.03238341968911917,"Gipson-Long, Sawyer"
687840,1,0,0,0,1,0.0,0.0,26,R,0.31683168316831684,0.21782178217821782,0.08415841584158416,0.23267326732673269,0.3076923076923077,0.3076923076923077,0.105,0.28,0.25,0.25,0.25,0.25,"Kubo, Trayson"
687847,31,10,5,4,10,0.2806451612903226,0.2813548387096774,23,R,0.32061068702290074,0.20610687022900764,0.09541984732824428,0.2480916030534351,0.32142857142857145,0.32142857142857145,0.10869565217391304,0.2521739130434783,0.3,0.3153846153846154,0.19230769230769232,0.19230769230769232,"Church, Marc"
687849,10,4,2,2,0,0.39,0.39,24,R,0.32727272727272727,0.21818181818181817,0.09545454545454546,0.20454545454545456,0.34285714285714286,0.34285714285714286,0.105,0.28,0.25,0.25,0.25,0.25,"Kent, Zak"
687856,11,4,3,1,3,0.44090909090909086,0.44090909090909086,28,R,0.32432432432432434,0.22522522522522523,0.08558558558558559,0.22972972972972974,0.3333333333333333,0.3333333333333333,0.11904761904761904,0.2761904761904762,0.2818181818181818,0.2636363636363636,0.22727272727272727,0.22727272727272727,"Bash, Andrew"
687863,175,44,21,22,56,0.22657142857142856,0.2679087140345369,23,R,0.27636363636363637,0.15636363636363637,0.11090909090909092,0.28545454545454546,0.25333333333333335,0.248,0.13188976377952755,0.14304461942257218,0.5849719101123596,0.3672752808988764,0.030196629213483147,0.0175561797752809,"Hodge, Porter"
687866,18,3,3,0,6,0.21944444444444444,0.21944444444444444,26,R,0.2966101694915254,0.211864406779661,0.07203389830508475,0.24152542372881355,0.2558139534883721,0.2558139534883721,0.10648148148148148,0.2592592592592593,0.35344827586206895,0.21551724137931033,0.21551724137931033,0.21551724137931033,"Yeager, Justin"
687871,6,0,0,0,2,0.15,0.15,26,R,0.3018867924528302,0.20754716981132076,0.08018867924528301,0.23113207547169812,0.25806451612903225,0.25806451612903225,0.13025210084033614,0.2689075630252101,0.34057971014492755,0.2536231884057971,0.2246376811594203,0.18115942028985507,"McGinness, Clayton"
687879,2,1,0,1,0,0.35,0.35,27,R,0.3235294117647059,0.21568627450980393,0.09313725490196079,0.22058823529411764,0.3333333333333333,0.3333333333333333,0.09813084112149532,0.26168224299065423,0.30701754385964913,0.23684210526315788,0.23684210526315788,0.21929824561403508,"Quiñones, Luis"
687888,106,40,32,7,16,0.3872641509433962,0.3244580342033942,27,L,0.34951456310679613,0.2621359223300971,0.07524271844660194,0.18689320388349515,0.37333333333333335,0.352,0.07849462365591398,0.15698924731182795,0.572289156626506,0.22771084337349398,0.16987951807228915,0.030120481927710843,"Walter, Brandon"
687911,117,36,21,12,36,0.27564102564102566,0.2775602792022792,28,L,0.31336405529953915,0.19815668202764977,0.0944700460829493,0.2695852534562212,0.32,0.312,0.10511363636363637,0.14204545454545456,0.547071129707113,0.4006276150627615,0.02615062761506276,0.02615062761506276,"King, Bryan"
687922,99,41,27,13,18,0.41010101010101013,0.33440487062519325,28,L,0.36683417085427134,0.24623115577889448,0.10804020100502512,0.20351758793969849,0.4,0.3951612903225806,0.0860323886639676,0.1720647773279352,0.6677927927927928,0.2195945945945946,0.08445945945945946,0.028153153153153154,"Lucas, Easton"
687924,140,47,30,12,19,0.3664285714285714,0.3402363200625753,23,R,0.32916666666666666,0.21666666666666667,0.08541666666666667,0.17291666666666666,0.3333333333333333,0.352,0.08492063492063492,0.14761904761904762,0.5146551724137931,0.26982758620689656,0.1939655172413793,0.021551724137931036,"Aguiar, Julian"
687938,3,1,0,1,1,0.2333333333333333,0.2333333333333333,26,R,0.32038834951456313,0.21359223300970873,0.09223300970873786,0.22815533980582525,0.32142857142857145,0.32142857142857145,0.105,0.28,0.25,0.25,0.25,0.25,"DiValerio, Jordan"
687953,1,0,0,0,0,0.0,0.0,26,L,0.31683168316831684,0.21782178217821782,0.08415841584158416,0.22277227722772278,0.3076923076923077,0.3076923076923077,0.1,0.2666666666666667,0.2636363636363636,0.2818181818181818,0.22727272727272727,0.22727272727272727,"Minnick, Matt"
687956,8,3,0,2,3,0.26249999999999996,0.26249999999999996,25,R,0.32407407407407407,0.2037037037037037,0.09722222222222222,0.2361111111111111,0.3333333333333333,0.3333333333333333,0.11261261261261261,0.2612612612612613,0.30327868852459017,0.22131147540983606,0.27049180327868855,0.20491803278688525,"Francisco, Carlos A."
688010,11,3,1,2,1,0.20909090909090908,0.2651352727272727,26,L,0.3153153153153153,0.2072072072072072,0.0945945945945946,0.21171171171171171,0.3055555555555556,0.3055555555555556,0.09666666666666666,0.23333333333333334,0.365,0.315,0.195,0.125,"Fisher, Nate"
688107,140,45,36,5,22,0.3228571428571429,0.3126580918856506,25,L,0.32083333333333336,0.24166666666666667,0.05625,0.18541666666666667,0.29333333333333333,0.304,0.10721442885771543,0.15430861723446893,0.5044543429844098,0.3129175946547884,0.15478841870824053,0.02783964365256125,"Gasser, Robert"
688125,4,2,2,0,0,1.0,1.0,24,R,0.3269230769230769,0.23076923076923078,0.08173076923076923,0.21634615384615385,0.3448275862068966,0.3448275862068966,0.10454545454545454,0.2545454545454546,0.375,0.20833333333333334,0.20833333333333334,0.20833333333333334,"Spain, Dylan"
688230,7,1,0,1,3,0.09999999999999999,0.09999999999999999,27,L,0.308411214953271,0.205607476635514,0.08878504672897196,0.2383177570093458,0.28125,0.28125,0.10194174757281553,0.28155339805825247,0.27358490566037735,0.25471698113207547,0.2358490566037736,0.2358490566037736,"Alford, Peyton"
688274,7,4,1,3,1,0.47857142857142854,0.47857142857142854,26,R,0.3364485981308411,0.21495327102803738,0.10747663551401869,0.21962616822429906,0.375,0.375,0.105,0.28,0.25,0.25,0.25,0.25,"Seig, Hayden"
688297,162,55,32,19,35,0.3268518518518519,0.299403044794822,27,R,0.3320610687022901,0.20610687022900764,0.1049618320610687,0.21946564885496184,0.3333333333333333,0.336,0.09410919540229885,0.16235632183908047,0.7484520123839009,0.21284829721362228,0.01934984520123839,0.01934984520123839,"Roycroft, Chris"
688427,30,13,8,5,7,0.48333333333333334,0.40010873015873016,27,L,0.34615384615384615,0.23076923076923078,0.10384615384615385,0.22692307692307692,0.38181818181818183,0.38181818181818183,0.1175,0.195,0.5166666666666667,0.2833333333333333,0.11666666666666667,0.08333333333333333,"Ingram, Kolton"
688497,5,0,0,0,1,0.0,0.0,28,R,0.3047619047619048,0.20952380952380953,0.08095238095238096,0.22380952380952382,0.26666666666666666,0.26666666666666666,0.105,0.28,0.25,0.25,0.25,0.25,"Rashi, Taylor"
688642,4,2,2,0,0,0.5375,0.5375,24,R,0.3269230769230769,0.23076923076923078,0.08173076923076923,0.21634615384615385,0.3448275862068966,0.3448275862068966,0.09210526315789473,0.24561403508771934,0.3671875,0.2265625,0.2109375,0.1953125,"Agnos, Zach"
688703,3,2,2,0,0,0.9666666666666667,0.9666666666666667,24,R,0.3300970873786408,0.23300970873786409,0.0825242718446602,0.21844660194174756,0.35714285714285715,0.35714285714285715,0.105,0.28,0.25,0.25,0.25,0.25,"Brewer, Michael"
688753,3,2,1,1,1,0.5333333333333333,0.5333333333333333,26,R,0.3300970873786408,0.22330097087378642,0.09223300970873786,0.22815533980582525,0.35714285714285715,0.35714285714285715,0.105,0.28,0.25,0.25,0.25,0.25,"Gates, Evan"
688857,9,1,1,0,4,0.1,0.1,27,R,0.30275229357798167,0.21100917431192662,0.0779816513761468,0.24311926605504589,0.2647058823529412,0.2647058823529412,0.105,0.28,0.25,0.25,0.25,0.25,"Branche, Stevie"
688873,3,0,0,0,0,0.0,0.0,27,R,0.3106796116504854,0.21359223300970873,0.0825242718446602,0.21844660194174756,0.2857142857142857,0.2857142857142857,0.105,0.28,0.25,0.25,0.25,0.25,"Mullenbach, Matt"
688896,9,3,3,0,2,0.4166666666666667,0.4166666666666667,27,R,0.3211009174311927,0.22935779816513763,0.0779816513761468,0.22477064220183487,0.3235294117647059,0.3235294117647059,0.1059322033898305,0.23728813559322037,0.41911764705882354,0.19852941176470587,0.19852941176470587,0.18382352941176472,"Courtney, Justin"
688953,15,5,2,3,1,0.3333333333333333,0.3333333333333333,27,R,0.3217391304347826,0.20869565217391303,0.1,0.20434782608695654,0.325,0.325,0.105,0.28,0.25,0.25,0.25,0.25,"Brigden, Trevor"
688984,4,2,2,0,0,0.45,0.45,27,R,0.3269230769230769,0.23076923076923078,0.08173076923076923,0.21634615384615385,0.3448275862068966,0.3448275862068966,0.10454545454545454,0.27272727272727276,0.275,0.275,0.24166666666666667,0.20833333333333334,"Kwiatkowski, Robert"
689017,319,91,66,22,74,0.31630094043887147,0.32367553159863804,27,R,0.2935560859188544,0.2100238663484487,0.07279236276849642,0.23031026252983294,0.3333333333333333,0.344,0.09746376811594203,0.13768115942028986,0.4537593984962406,0.38533834586466165,0.15150375939849625,0.009398496240601503,"Knack, Landon"
689042,8,2,1,1,4,0.2,0.2,24,R,0.3148148148148148,0.21296296296296297,0.08796296296296297,0.24537037037037038,0.30303030303030304,0.30303030303030304,0.12313432835820895,0.26119402985074625,0.35119047619047616,0.20833333333333334,0.2916666666666667,0.1488095238095238,"Karros, Jared"
689147,313,97,65,24,90,0.29440894568690096,0.2867120659316722,23,R,0.31234866828087166,0.2106537530266344,0.07869249394673124,0.27239709443099275,0.3333333333333333,0.28,0.11138613861386139,0.13932107496463933,0.4153225806451613,0.5663489736070382,0.009164222873900294,0.009164222873900294,"Kerkering, Orion"
689167,28,8,4,4,1,0.26607142857142857,0.3177888635235732,27,R,0.3125,0.203125,0.09765625,0.18359375,0.3018867924528302,0.3018867924528302,0.08883248730964467,0.19796954314720813,0.46598639455782315,0.2891156462585034,0.1598639455782313,0.08503401360544217,"Lindgren, Jeff"
689172,4,1,1,0,0,0.5,0.68221,24,R,0.3173076923076923,0.22115384615384615,0.08173076923076923,0.21634615384615385,0.3103448275862069,0.3103448275862069,0.1036036036036036,0.2702702702702703,0.28688524590163933,0.20491803278688525,0.30327868852459017,0.20491803278688525,"Wisely, Brett"
689185,2,1,1,0,0,0.45,0.45,23,R,0.3235294117647059,0.22549019607843138,0.08333333333333333,0.22058823529411764,0.3333333333333333,0.3333333333333333,0.105,0.28,0.25,0.25,0.25,0.25,"Hazelwood, Everhett"
689225,837,249,174,72,173,0.30280764635603347,0.3202870157103714,26,R,0.29989327641408753,0.20917822838847386,0.08591248665955176,0.20864461045891142,0.18666666666666668,0.256,0.09868421052631579,0.14883040935672515,0.5526706231454006,0.1980712166172107,0.24554896142433236,0.00370919881305638,"Brieske, Beau"
689254,12,7,5,2,3,0.7041666666666666,0.7041666666666666,23,L,0.3482142857142857,0.24107142857142858,0.09375,0.22767857142857142,0.40540540540540543,0.40540540540540543,0.09765625,0.23437500000000003,0.36538461538461536,0.3141025641025641,0.16025641025641027,0.16025641025641027,"Fluharty, Mason"
689266,229,89,69,19,31,0.40829694323144106,0.3939926372046754,26,L,0.3677811550151976,0.2765957446808511,0.08358662613981763,0.16261398176291794,0.3333333333333333,0.376,0.0876068376068376,0.14387464387464388,0.5191717791411042,0.2799079754601227,0.18174846625766872,0.019171779141104295,"Dodd, Dylan"
689337,1,0,0,0,1,0.0,0.0,27,R,0.31683168316831684,0.21782178217821782,0.08415841584158416,0.23267326732673269,0.3076923076923077,0.3076923076923077,0.1,0.2761904761904762,0.3,0.24545454545454545,0.22727272727272727,0.22727272727272727,"Bowman, Kaleb"
689379,3,0,0,0,0,0.0,0.0,25,R,0.3106796116504854,0.21359223300970873,0.0825242718446602,0.21844660194174756,0.2857142857142857,0.2857142857142857,0.10648148148148148,0.2870370370370371,0.3017241379310345,0.2672413793103448,0.21551724137931033,0.21551724137931033,"Anderson, Aidan"
689434,3,2,0,1,1,0.4666666666666666,0.4666666666666666,25,R,0.3300970873786408,0.21359223300970873,0.09223300970873786,0.22815533980582525,0.35714285714285715,0.35714285714285715,0.10176991150442478,0.25663716814159293,0.3412698412698413,0.2619047619047619,0.1984126984126984,0.1984126984126984,"Tolhurst, Anders"
689520,6,4,3,1,0,0.625,0.625,24,R,0.33962264150943394,0.2358490566037736,0.08962264150943396,0.21226415094339623,0.3870967741935484,0.3870967741935484,0.105,0.28,0.25,0.25,0.25,0.25,"Laweryson, Cody"
689672,208,68,45,22,27,0.36250000000000004,0.3731290315337691,24,R,0.3246753246753247,0.21753246753246752,0.09902597402597403,0.16071428571428573,0.37333333333333335,0.32,0.10414129110840438,0.15712545676004872,0.446822308690013,0.188715953307393,0.34824902723735407,0.01621271076523995,"Thorpe, Drew"
689690,76,17,10,4,26,0.23289473684210527,0.2753480233918129,26,R,0.2784090909090909,0.18181818181818182,0.07102272727272728,0.2755681818181818,0.26666666666666666,0.24752475247524752,0.12891566265060242,0.17590361445783131,0.4945205479452055,0.18493150684931506,0.2863013698630137,0.03424657534246575,"Jacob, Alek"
689701,4,1,0,1,1,0.175,0.175,26,R,0.3173076923076923,0.21153846153846154,0.09134615384615384,0.22596153846153846,0.3103448275862069,0.3103448275862069,0.105,0.28,0.25,0.25,0.25,0.25,"Horrell, Michael"
689958,44,9,2,7,10,0.16022727272727272,0.2697083011760966,24,R,0.2847222222222222,0.16666666666666666,0.1076388888888889,0.22569444444444445,0.2463768115942029,0.2463768115942029,0.12962962962962962,0.18855218855218855,0.5931174089068826,0.305668016194332,0.05060728744939271,0.05060728744939271,"Walters, Andrew"
689981,81,24,15,9,18,0.2777777777777778,0.3071871913045802,26,R,0.30939226519337015,0.20441988950276244,0.09668508287292818,0.22375690607734808,0.29333333333333333,0.3018867924528302,0.10759493670886076,0.1620253164556962,0.49130434782608695,0.36376811594202896,0.10869565217391304,0.036231884057971016,"Ryan, River"
690086,9,3,2,1,3,0.37777777777777777,0.37777777777777777,25,R,0.3211009174311927,0.22018348623853212,0.0871559633027523,0.23394495412844038,0.3235294117647059,0.3235294117647059,0.105,0.28,0.25,0.25,0.25,0.25,"Stivors, Tristan"
690103,6,2,2,0,1,0.35833333333333334,0.35833333333333334,27,R,0.32075471698113206,0.22641509433962265,0.08018867924528301,0.22169811320754718,0.3225806451612903,0.3225806451612903,0.105,0.28,0.25,0.25,0.25,0.25,"Jefferson, Chris"
690206,1,0,0,0,0,0.0,0.0,26,R,0.31683168316831684,0.21782178217821782,0.08415841584158416,0.22277227722772278,0.3076923076923077,0.3076923076923077,0.105,0.28,0.25,0.25,0.25,0.25,"Simonelli, Anthony"
690281,4,1,1,0,2,0.3125,0.3125,27,R,0.3173076923076923,0.22115384615384615,0.08173076923076923,0.23557692307692307,0.3103448275862069,0.3103448275862069,0.105,0.28,0.25,0.25,0.25,0.25,"Denlinger, Theo"
690344,2,1,1,0,0,0.45,0.45,26,L,0.3235294117647059,0.22549019607843138,0.08333333333333333,0.22058823529411764,0.3333333333333333,0.3333333333333333,0.105,0.28,0.25,0.25,0.25,0.25,"Jeans, Trey"
690345,16,5,3,2,4,0.278125,0.278125,28,R,0.31896551724137934,0.21551724137931033,0.09051724137931035,0.22844827586206898,0.3170731707317073,0.3170731707317073,0.10869565217391304,0.2521739130434783,0.3153846153846154,0.2846153846153846,0.2076923076923077,0.19230769230769232,"Garcia, Pedro"
690440,12,5,4,1,3,0.4166666666666667,0.4166666666666667,24,R,0.33035714285714285,0.23214285714285715,0.08482142857142858,0.22767857142857142,0.35135135135135137,0.35135135135135137,0.105,0.28,0.25,0.25,0.25,0.25,"Hanner, Bradley"
690544,106,39,28,11,20,0.4066037735849057,0.3892160648999748,26,L,0.3446601941747573,0.24271844660194175,0.09466019417475728,0.20631067961165048,0.37333333333333335,0.352,0.10049627791563276,0.13647642679900746,0.3243626062322946,0.6048158640226629,0.03541076487252125,0.03541076487252125,"Horn, Bailey"
690736,9,4,2,2,1,0.47777777777777775,0.47777777777777775,26,L,0.3302752293577982,0.22018348623853212,0.0963302752293578,0.21559633027522937,0.35294117647058826,0.35294117647058826,0.1,0.2695652173913044,0.3,0.2846153846153846,0.2230769230769231,0.19230769230769232,"McGough, Trey"
690829,212,72,38,27,50,0.28891509433962265,0.2996468889302754,24,R,0.3333333333333333,0.19230769230769232,0.11378205128205128,0.23237179487179488,0.32,0.288,0.1239620403321471,0.13997627520759193,0.7711223203026482,0.1708701134930643,0.04224464060529634,0.015762925598991173,"Joyce, Ben"
690916,96,29,21,8,12,0.2791666666666667,0.30268819641354017,25,R,0.3112244897959184,0.2193877551020408,0.08418367346938775,0.1760204081632653,0.30666666666666664,0.30578512396694213,0.07799145299145299,0.17094017094017094,0.4126794258373206,0.4150717703349282,0.1423444976076555,0.029904306220095694,"Fitts, Richard"
690925,50,17,12,4,11,0.37200000000000005,0.3607919533333333,26,R,0.32666666666666666,0.22666666666666666,0.08333333333333333,0.22333333333333333,0.3333333333333333,0.3333333333333333,0.1373873873873874,0.22072072072072071,0.5261627906976745,0.3226744186046512,0.07848837209302326,0.07267441860465117,"Beeter, Clayton"
690953,7,1,0,1,2,0.09999999999999999,0.09999999999999999,22,R,0.308411214953271,0.205607476635514,0.08878504672897196,0.22897196261682243,0.28125,0.28125,0.105,0.28,0.25,0.25,0.25,0.25,"Abel, Mick"
690986,720,235,165,58,164,0.34069444444444447,0.3426056787757122,23,L,0.325609756097561,0.2280487804878049,0.08109756097560976,0.2274390243902439,0.36,0.336,0.09526391901663052,0.13304410701373826,0.5830265095729014,0.23287923416789397,0.1794918998527246,0.004602356406480118,"Harrison, Kyle"
691004,1,0,0,0,0,0.0,0.0,23,R,0.31683168316831684,0.21782178217821782,0.08415841584158416,0.22277227722772278,0.3076923076923077,0.3076923076923077,0.10096153846153846,0.2692307692307693,0.3055555555555556,0.23148148148148148,0.23148148148148148,0.23148148148148148,"Nixon, Aaron"
691012,7,0,0,0,1,0.1285714285714286,0.1285714285714286,22,R,0.29906542056074764,0.205607476635514,0.0794392523364486,0.21962616822429906,0.25,0.25,0.105,0.28,0.25,0.25,0.25,0.25,"Santos II, Alex"
691032,11,5,1,4,4,0.5,0.5,25,R,0.3333333333333333,0.2072072072072072,0.11261261261261261,0.23873873873873874,0.3611111111111111,0.3611111111111111,0.10064935064935066,0.19480519480519481,0.3894230769230769,0.3701923076923077,0.1201923076923077,0.1201923076923077,"Moreno, Luis"
691068,6,2,1,1,1,0.26666666666666666,0.26666666666666666,26,R,0.32075471698113206,0.2169811320754717,0.08962264150943396,0.22169811320754718,0.3225806451612903,0.3225806451612903,0.105,0.28,0.25,0.25,0.25,0.25,"Stryffeler, Michael"
691094,23,7,5,1,2,0.35000000000000003,0.41705160359929927,30,R,0.3170731707317073,0.21951219512195122,0.07723577235772358,0.1991869918699187,0.3125,0.3125,0.12152777777777778,0.2361111111111111,0.35638297872340424,0.26063829787234044,0.25,0.13297872340425532,"Wynne, Randy"
691109,5,1,0,1,1,0.13999999999999999,0.13999999999999999,27,R,0.3142857142857143,0.20952380952380953,0.09047619047619047,0.22380952380952382,0.3,0.3,0.09829059829059829,0.2478632478632479,0.4253731343283582,0.20149253731343283,0.1865671641791045,0.1865671641791045,"Vennaro, Zach"
691172,69,23,15,7,20,0.3239130434782609,0.2886004688402767,26,R,0.3254437869822485,0.21893491124260356,0.09171597633136094,0.2514792899408284,0.3466666666666667,0.32978723404255317,0.07901554404145078,0.16580310880829016,0.6026785714285714,0.3169642857142857,0.043154761904761904,0.03720238095238095,"Zulueta, Yosver"
691441,15,7,4,3,2,0.5266666666666667,0.4626113851851852,22,R,0.3391304347826087,0.22608695652173913,0.1,0.21304347826086956,0.375,0.375,0.11470588235294117,0.2411764705882353,0.37916666666666665,0.3458333333333333,0.17083333333333334,0.10416666666666667,"Mena, Cristian"
691526,1,0,0,0,0,0.0,0.0,27,R,0.31683168316831684,0.21782178217821782,0.08415841584158416,0.22277227722772278,0.3076923076923077,0.3076923076923077,0.105,0.28,0.25,0.25,0.25,0.25,"Stockton, Spencer"
691548,3,1,1,0,0,0.3,0.3,24,R,0.32038834951456313,0.22330097087378642,0.0825242718446602,0.21844660194174756,0.32142857142857145,0.32142857142857145,0.105,0.28,0.25,0.25,0.25,0.25,"Muñoz, Rolddy"
691587,387,110,76,32,111,0.31266149870801035,0.29948974190987093,20,R,0.2915811088295688,0.20123203285420946,0.08316221765913757,0.2741273100616016,0.32,0.304,0.15318772136953956,0.1717827626918536,0.44799270072992703,0.43704379562043794,0.10736009732360097,0.0076034063260340635,"Pérez, Eury"
691602,4,2,2,0,0,0.625,0.625,21,R,0.3269230769230769,0.23076923076923078,0.08173076923076923,0.21634615384615385,0.3448275862068966,0.3448275862068966,0.105,0.28,0.25,0.25,0.25,0.25,"Cruz, Stiven"
691828,14,5,3,1,1,0.46071428571428574,0.46071428571428574,22,R,0.32456140350877194,0.21929824561403508,0.08333333333333333,0.20614035087719298,0.3333333333333333,0.3333333333333333,0.10576923076923077,0.21794871794871795,0.419811320754717,0.14622641509433962,0.3160377358490566,0.1179245283018868,"Robberse, Sem"
691951,67,27,15,10,10,0.4022388059701492,0.3310148410208526,23,L,0.3532934131736527,0.2215568862275449,0.11077844311377245,0.19461077844311378,0.37333333333333335,0.3804347826086957,0.08850931677018634,0.14906832298136646,0.5091911764705882,0.2261029411764706,0.21875,0.04595588235294118,"Aldegheri, Sam"
692230,56,22,19,3,9,0.4205357142857143,0.38130710997732425,23,R,0.34615384615384615,0.26282051282051283,0.07371794871794872,0.20192307692307693,0.37333333333333335,0.37037037037037035,0.09759759759759759,0.18618618618618618,0.5176678445229682,0.26325088339222613,0.17491166077738515,0.044169611307420496,"Rodriguez, Carlos"
692285,44,11,8,3,11,0.24431818181818182,0.2907618033714253,24,R,0.2986111111111111,0.20833333333333334,0.0798611111111111,0.2326388888888889,0.2753623188405797,0.2753623188405797,0.13018867924528302,0.2,0.4116279069767442,0.27209302325581397,0.25813953488372093,0.05813953488372093,"Guerrero, Luis"
692983,4,0,0,0,3,0.0,0.0,29,L,0.3076923076923077,0.21153846153846154,0.08173076923076923,0.24519230769230768,0.27586206896551724,0.27586206896551724,0.1036036036036036,0.2612612612612613,0.28688524590163933,0.28688524590163933,0.22131147540983606,0.20491803278688525,"Montilla, Emailin"
693312,274,99,58,36,64,0.32901459854014603,0.3192423953219405,25,R,0.3502673796791444,0.21390374331550802,0.11898395721925134,0.23128342245989306,0.44,0.384,0.11822033898305084,0.14915254237288136,0.5393805309734513,0.43849557522123894,0.011061946902654867,0.011061946902654867,"Nicolas, Kyle"
693388,12,6,3,2,3,0.4875,0.4875,27,R,0.3392857142857143,0.22321428571428573,0.09375,0.22767857142857142,0.3783783783783784,0.3783783783783784,0.105,0.28,0.25,0.25,0.25,0.25,"Tomioka, Shohei"
693433,850,227,172,44,196,0.28047058823529414,0.27457895441492614,24,R,0.27263157894736845,0.20421052631578948,0.05526315789473684,0.23,0.30666666666666664,0.288,0.11963848039215687,0.1323529411764706,0.7142190416925949,0.21141879278158057,0.07047293092719353,0.0038892345986309895,"Woo, Bryan"
693759,1,0,0,0,0,0.0,0.0,22,R,0.31683168316831684,0.21782178217821782,0.08415841584158416,0.22277227722772278,0.3076923076923077,0.3076923076923077,0.10194174757281553,0.2718446601941748,0.25471698113207547,0.27358490566037735,0.2358490566037736,0.2358490566037736,"Montero, Euri"
693821,1223,395,273,108,229,0.32555192150449713,0.3259312128164345,25,R,0.32275132275132273,0.22297808012093726,0.08805744520030234,0.19009826152683296,0.3333333333333333,0.32,0.1017503163222269,0.16005904681568958,0.5333546462063086,0.32960358056265987,0.1343776641091219,0.0026641091219096334,"Elder, Bryce"
694037,201,71,41,27,52,0.32363184079601987,0.325520385566894,24,R,0.34219269102990035,0.20930232558139536,0.11794019933554817,0.24750830564784054,0.37333333333333335,0.376,0.1266044340723454,0.14469078179696615,0.637546468401487,0.2905824039653036,0.0563816604708798,0.015489467162329617,"Palencia, Daniel"
694053,6,5,3,2,1,0.7416666666666667,0.7416666666666667,26,R,0.3490566037735849,0.2358490566037736,0.09905660377358491,0.22169811320754718,0.41935483870967744,0.41935483870967744,0.105,0.28,0.25,0.25,0.25,0.25,"Bain, Max"
694297,1307,399,319,73,319,0.33515684774292276,0.30983634350754247,26,R,0.30632551528073915,0.24235963041933192,0.05792466240227434,0.24271499644633973,0.29333333333333333,0.36,0.11771300448430494,0.1443130860171219,0.5526153212520593,0.3227965403624382,0.12139621087314663,0.0031919275123558485,"Pfaadt, Brandon"
694298,4,1,0,1,1,0.175,0.175,25,L,0.3173076923076923,0.21153846153846154,0.09134615384615384,0.22596153846153846,0.3103448275862069,0.3103448275862069,0.10683760683760683,0.25641025641025644,0.3358208955223881,0.291044776119403,0.1865671641791045,0.1865671641791045,"Dombkowski, Nick"
694312,10,4,1,3,2,0.3,0.3,25,R,0.32727272727272727,0.20909090909090908,0.10454545454545454,0.22272727272727272,0.34285714285714286,0.34285714285714286,0.09931506849315068,0.2671232876712329,0.3697916666666667,0.2552083333333333,0.24479166666666666,0.13020833333333334,"Workman, Logan"
694331,3,0,0,0,2,0.0,0.0,24,R,0.3106796116504854,0.21359223300970873,0.0825242718446602,0.23786407766990292,0.2857142857142857,0.2857142857142857,0.12831858407079647,0.26548672566371684,0.30952380952380953,0.2777777777777778,0.21428571428571427,0.1984126984126984,"Mattison, Tyler"
694335,6,1,1,0,1,0.15,0.15,25,R,0.3113207547169811,0.2169811320754717,0.08018867924528301,0.22169811320754718,0.2903225806451613,0.2903225806451613,0.10869565217391304,0.26086956521739135,0.34615384615384615,0.2692307692307692,0.19230769230769232,0.19230769230769232,"Svanson, Matt"
694350,28,12,9,3,4,0.45535714285714285,0.4206315693581781,25,R,0.34375,0.2421875,0.08984375,0.20703125,0.37735849056603776,0.37735849056603776,0.10049019607843138,0.22058823529411764,0.4577922077922078,0.237012987012987,0.22402597402597402,0.08116883116883117,"Brzykcy, Zach"
694357,23,7,4,3,6,0.32608695652173914,0.32608695652173914,22,L,0.3170731707317073,0.21138211382113822,0.09349593495934959,0.23170731707317074,0.3125,0.3125,0.10372340425531915,0.19680851063829788,0.40942028985507245,0.31521739130434784,0.18478260869565216,0.09057971014492754,"Tiedemann, Ricky"
694361,44,21,14,7,9,0.4375,0.42155574242424243,25,R,0.3680555555555556,0.25,0.1076388888888889,0.21875,0.42028985507246375,0.42028985507246375,0.09040590405904059,0.14760147601476015,0.5180995475113123,0.36877828054298645,0.05656108597285068,0.05656108597285068,"Klein, Will"
694363,620,212,141,68,96,0.33911290322580645,0.3413136576663161,26,L,0.3388888888888889,0.2263888888888889,0.10625,0.16458333333333333,0.29333333333333333,0.328,0.09826974267968057,0.13842058562555457,0.4253629764065336,0.301043557168784,0.2679219600725953,0.0056715063520871144,"Shuster, Jared"
694381,15,5,4,0,4,0.5066666666666666,0.5066666666666666,25,R,0.3217391304347826,0.22608695652173913,0.07391304347826087,0.23043478260869565,0.325,0.325,0.11490683229813664,0.2236024844720497,0.46396396396396394,0.19369369369369369,0.22972972972972974,0.11261261261261261,"McLoughlin, Trey"
694436,8,3,2,1,1,0.35625,0.35625,25,L,0.32407407407407407,0.2222222222222222,0.08796296296296297,0.2175925925925926,0.3333333333333333,0.3333333333333333,0.10775862068965517,0.24137931034482762,0.38636363636363635,0.2196969696969697,0.20454545454545456,0.1893939393939394,"Strickland, Samuel"
694462,36,18,9,8,3,0.5263888888888889,0.3748694384057971,22,R,0.36764705882352944,0.22794117647058823,0.1213235294117647,0.1875,0.4262295081967213,0.4262295081967213,0.09227467811158799,0.19313304721030042,0.35792349726775957,0.25956284153005466,0.31420765027322406,0.06830601092896176,"Waldrep, Hurston"
694496,1,0,0,0,0,0.0,0.0,26,R,0.31683168316831684,0.21782178217821782,0.08415841584158416,0.22277227722772278,0.3076923076923077,0.3076923076923077,0.10396039603960396,0.28712871287128716,0.24509803921568626,0.2647058823529412,0.24509803921568626,0.24509803921568626,"Stankiewicz, John"
694536,19,8,5,2,3,0.42368421052631583,0.42368421052631583,26,R,0.33613445378151263,0.226890756302521,0.08823529411764706,0.21428571428571427,0.36363636363636365,0.36363636363636365,0.092,0.24800000000000003,0.34,0.22,0.2733333333333333,0.16666666666666666,"Baker, Trent"
694553,7,4,2,2,1,0.4571428571428572,0.4571428571428572,25,L,0.3364485981308411,0.22429906542056074,0.09813084112149532,0.21962616822429906,0.375,0.375,0.105,0.28,0.25,0.25,0.25,0.25,"Guerrero, Tyson"
694559,5,1,1,0,3,0.36,0.36,25,L,0.3142857142857143,0.21904761904761905,0.08095238095238096,0.24285714285714285,0.3,0.3,0.105,0.28,0.25,0.25,0.25,0.25,"Jones, Nick"
694642,4,1,1,0,2,0.225,0.225,27,R,0.3173076923076923,0.22115384615384615,0.08173076923076923,0.23557692307692307,0.3103448275862069,0.3103448275862069,0.105,0.28,0.25,0.25,0.25,0.25,"Hasler, Kent"
694646,36,14,11,3,8,0.4041666666666666,0.42466092553017276,26,R,0.3382352941176471,0.2426470588235294,0.08455882352941177,0.22426470588235295,0.36065573770491804,0.36065573770491804,0.11263736263736264,0.22527472527472528,0.3522727272727273,0.3371212121212121,0.2159090909090909,0.0946969696969697,"McDermott, Chayce"
694650,2,1,0,1,0,0.35,0.35,26,R,0.3235294117647059,0.21568627450980393,0.09313725490196079,0.22058823529411764,0.3333333333333333,0.3333333333333333,0.105,0.28,0.25,0.25,0.25,0.25,"Cotter, Cameron"
694738,235,74,43,30,54,0.28574468085106386,0.3012504067863993,26,R,0.3164179104477612,0.19402985074626866,0.11492537313432835,0.22835820895522388,0.3466666666666667,0.296,0.09880834160873883,0.15690168818272096,0.41327063740856845,0.47074190177638453,0.10188087774294671,0.014106583072100314,"Roupp, Landen"
694813,761,241,186,51,150,0.3317345597897503,0.3227971668795125,26,R,0.3170731707317073,0.2415795586527294,0.06910569105691057,0.20034843205574912,0.25333333333333335,0.24,0.12103796586555207,0.1685823754789272,0.5347394540942928,0.1813186813186813,0.27951081176887627,0.004431052818149593,"Stone, Gavin"
694833,4,1,1,0,0,0.225,0.225,22,L,0.3173076923076923,0.22115384615384615,0.08173076923076923,0.21634615384615385,0.3103448275862069,0.3103448275862069,0.105,0.28,0.25,0.25,0.25,0.25,"Britton, Rio"
694851,13,5,5,0,1,0.37307692307692303,0.37307692307692303,24,R,0.3274336283185841,0.23893805309734514,0.0752212389380531,0.2079646017699115,0.34210526315789475,0.34210526315789475,0.105,0.28,0.25,0.25,0.25,0.25,"Hoffmann, Andrew"
694887,3,0,0,0,0,0.0,0.0,26,R,0.3106796116504854,0.21359223300970873,0.0825242718446602,0.21844660194174756,0.2857142857142857,0.2857142857142857,0.09905660377358491,0.26415094339622647,0.29464285714285715,0.25892857142857145,0.22321428571428573,0.22321428571428573,"Schoff, Tyler"
694973,514,132,94,32,170,0.25564202334630354,0.24945128806625294,22,R,0.2671009771986971,0.18892508143322476,0.06596091205211727,0.3135179153094462,0.21333333333333335,0.264,0.13101123595505618,0.15865168539325844,0.3891954022988506,0.2696551724137931,0.3354022988505747,0.005747126436781609,"Skenes, Paul"
695026,5,2,0,2,1,0.27999999999999997,0.27999999999999997,25,L,0.3238095238095238,0.20952380952380953,0.1,0.22380952380952382,0.3333333333333333,0.3333333333333333,0.11328125,0.2578125,0.27564102564102566,0.391025641025641,0.17307692307692307,0.16025641025641027,"Wu-Yelland, Jeremy"
695071,1,0,0,0,0,0.0,0.0,25,R,0.31683168316831684,0.21782178217821782,0.08415841584158416,0.22277227722772278,0.3076923076923077,0.3076923076923077,0.105,0.28,0.25,0.25,0.25,0.25,"Barnes, Zach"
695076,139,46,29,16,25,0.2992805755395684,0.3491526980261944,22,R,0.3263598326359833,0.21338912133891214,0.10251046025104603,0.19874476987447698,0.32,0.304,0.08946488294314381,0.14046822742474915,0.5063868613138686,0.270985401459854,0.19981751824817517,0.02281021897810219,"Lowder, Rhett"
695229,4,0,0,0,3,0.0,0.0,22,R,0.3076923076923077,0.21153846153846154,0.08173076923076923,0.24519230769230768,0.27586206896551724,0.27586206896551724,0.105,0.28,0.25,0.25,0.25,0.25,"Minacci, Camden"
695243,414,109,66,39,154,0.2515700483091788,0.24452139369401127,26,R,0.27431906614785995,0.17120622568093385,0.09241245136186771,0.3433852140077821,0.28,0.256,0.1629438717067583,0.17010309278350516,0.6388561320754716,0.3086674528301887,0.0451061320754717,0.007370283018867925,"Miller, Mason"
695296,7,4,4,0,3,0.6714285714285715,0.6714285714285715,24,R,0.3364485981308411,0.24299065420560748,0.0794392523364486,0.2383177570093458,0.375,0.375,0.105,0.28,0.25,0.25,0.25,0.25,"Olsen, Mat"
695365,7,1,1,0,1,0.1285714285714286,0.1285714285714286,23,R,0.308411214953271,0.21495327102803738,0.0794392523364486,0.21962616822429906,0.28125,0.28125,0.07777777777777778,0.23703703703703705,0.37058823529411766,0.2529411764705882,0.22941176470588234,0.14705882352941177,"Leatherman, Ian"
695405,3,0,0,0,2,0.0,0.0,23,R,0.3106796116504854,0.21359223300970873,0.0825242718446602,0.23786407766990292,0.2857142857142857,0.2857142857142857,0.105,0.28,0.25,0.25,0.25,0.25,"Leonard, Cameron"
695445,14,4,2,2,5,0.2285714285714286,0.2285714285714286,25,R,0.3157894736842105,0.21052631578947367,0.09210526315789473,0.2412280701754386,0.3076923076923077,0.3076923076923077,0.105,0.28,0.25,0.25,0.25,0.25,"Lee, Chase"
695549,27,8,6,1,2,0.33148148148148143,0.3029749259259259,22,R,0.31496062992125984,0.2204724409448819,0.07480314960629922,0.19291338582677164,0.3076923076923077,0.3076923076923077,0.09210526315789473,0.18421052631578946,0.46785714285714286,0.23214285714285715,0.21071428571428572,0.08928571428571429,"Jobe, Jackson"
695769,4,2,1,0,0,0.675,0.675,20,R,0.3269230769230769,0.22115384615384615,0.08173076923076923,0.21634615384615385,0.3448275862068966,0.3448275862068966,0.105,0.28,0.25,0.25,0.25,0.25,"McCarty, D.J."
695935,6,3,0,3,2,0.3499999999999999,0.3499999999999999,24,R,0.330188679245283,0.20754716981132076,0.10849056603773585,0.23113207547169812,0.3548387096774194,0.3548387096774194,0.105,0.28,0.25,0.25,0.25,0.25,"Timpanelli, Vin"
696098,9,2,1,1,1,0.4,0.4,23,R,0.3119266055045872,0.21100917431192662,0.0871559633027523,0.21559633027522937,0.29411764705882354,0.29411764705882354,0.09689922480620156,0.2170542635658915,0.41139240506329117,0.2721518987341772,0.15822784810126583,0.15822784810126583,"Romero, Jose"
696131,168,64,46,15,31,0.3880952380952381,0.37101924044164736,25,R,0.3582089552238806,0.2537313432835821,0.08768656716417911,0.19962686567164178,0.37333333333333335,0.344,0.07404980340760157,0.15465268676277852,0.6023842917251052,0.3387096774193548,0.04137447405329593,0.01753155680224404,"Black, Mason"
696136,400,134,97,35,75,0.358375,0.3325957153824337,25,L,0.332,0.238,0.087,0.195,0.4,0.368,0.10586319218241043,0.17850162866449512,0.5686868686868687,0.14983164983164984,0.27306397306397306,0.008417508417508417,"Wicks, Jordan"
696147,91,36,21,13,18,0.34505494505494505,0.3539708877964141,24,R,0.35602094240837695,0.225130890052356,0.112565445026178,0.21204188481675393,0.3466666666666667,0.3793103448275862,0.11177884615384616,0.16346153846153846,0.36475409836065575,0.5532786885245902,0.04781420765027322,0.03415300546448088,"Bachman, Sam"
696150,3,0,0,0,1,0.0,0.0,22,R,0.3106796116504854,0.21359223300970873,0.0825242718446602,0.22815533980582525,0.2857142857142857,0.2857142857142857,0.105,0.28,0.25,0.25,0.25,0.25,"Silva, Eric"
696263,5,3,0,3,1,0.41999999999999993,0.41999999999999993,24,R,0.3333333333333333,0.20952380952380953,0.10952380952380952,0.22380952380952382,0.36666666666666664,0.36666666666666664,0.105,0.28,0.25,0.25,0.25,0.25,"Thornton, Tyler"
696275,6,3,1,2,1,0.5666666666666667,0.5666666666666667,25,R,0.330188679245283,0.2169811320754717,0.09905660377358491,0.22169811320754718,0.3548387096774194,0.3548387096774194,0.10465116279069768,0.2558139534883721,0.44936708860759494,0.1962025316455696,0.1962025316455696,0.15822784810126583,"Petit, RJ"
696522,12,3,3,0,4,0.31666666666666665,0.31666666666666665,24,R,0.3125,0.22321428571428573,0.07589285714285714,0.23660714285714285,0.2972972972972973,0.2972972972972973,0.09,0.22,0.495,0.225,0.155,0.125,"Juenger, Hayden"
697813,4,4,2,1,0,0.8,0.8,24,R,0.34615384615384615,0.23076923076923078,0.09134615384615384,0.21634615384615385,0.41379310344827586,0.41379310344827586,0.0945945945945946,0.2522522522522523,0.38524590163934425,0.20491803278688525,0.20491803278688525,0.20491803278688525,"Brock, T.J."
698785,1,0,0,0,1,0.0,0.0,20,R,0.31683168316831684,0.21782178217821782,0.08415841584158416,0.23267326732673269,0.3076923076923077,0.3076923076923077,0.105,0.28,0.25,0.25,0.25,0.25,"Wynyard, Kai"
699479,11,4,3,1,3,0.3409090909090909,0.3409090909090909,25,R,0.32432432432432434,0.22522522522522523,0.08558558558558559,0.22972972972972974,0.3333333333333333,0.3333333333333333,0.0945945945945946,0.2612612612612613,0.319672131147541,0.27049180327868855,0.20491803278688525,0.20491803278688525,"Broadway, Taylor"
699499,10,5,1,4,3,0.48,0.48,29,R,0.33636363636363636,0.20909090909090908,0.11363636363636363,0.2318181818181818,0.37142857142857144,0.37142857142857144,0.1054421768707483,0.20408163265306126,0.42783505154639173,0.211340206185567,0.23195876288659795,0.12886597938144329,"Adams, Mike"
699911,3,0,0,0,1,0.0,0.0,27,R,0.3106796116504854,0.21359223300970873,0.0825242718446602,0.22815533980582525,0.2857142857142857,0.2857142857142857,0.1036036036036036,0.2792792792792793,0.319672131147541,0.22131147540983606,0.2540983606557377,0.20491803278688525,"Darnell, Dugan"
700072,1,0,0,0,0,0.0,0.0,21,R,0.31683168316831684,0.21782178217821782,0.08415841584158416,0.22277227722772278,0.3076923076923077,0.3076923076923077,0.105,0.28,0.25,0.25,0.25,0.25,"Rivera, Yaqui"
700177,1,0,0,0,1,0.0,0.0,25,R,0.31683168316831684,0.21782178217821782,0.08415841584158416,0.23267326732673269,0.3076923076923077,0.3076923076923077,0.105,0.28,0.25,0.25,0.25,0.25,"Holt, Owen"
700183,18,8,4,4,5,0.375,0.375,26,R,0.3389830508474576,0.22033898305084745,0.1059322033898305,0.2330508474576271,0.37209302325581395,0.37209302325581395,0.105,0.28,0.25,0.25,0.25,0.25,"Holub, Blake"
700187,96,27,18,8,28,0.3078125,0.28306152459753414,23,R,0.3010204081632653,0.20408163265306123,0.08418367346938775,0.2576530612244898,0.30666666666666664,0.2892561983471074,0.11175115207373272,0.16820276497695852,0.53515625,0.38671875,0.045572916666666664,0.032552083333333336,"Taylor, Troy"
700241,86,19,16,2,18,0.23546511627906977,0.2963781103728313,24,R,0.27419354838709675,0.20430107526881722,0.056451612903225805,0.21774193548387097,0.25333333333333335,0.24324324324324326,0.10097323600973236,0.17274939172749393,0.6052631578947368,0.25069252077562326,0.10941828254847645,0.03462603878116344,"McGreevy, Michael"
700249,352,117,80,34,69,0.3482954545454545,0.31621323122796036,24,L,0.32964601769911506,0.22566371681415928,0.09402654867256637,0.20243362831858408,0.24,0.248,0.10040295500335795,0.13700470114170585,0.5548992355802641,0.3227936066712995,0.11362056984016679,0.008686587908269632,"Povich, Cade"
700270,119,39,27,12,19,0.32899159663865546,0.3479464045022375,24,R,0.3242009132420091,0.2237442922374429,0.09360730593607305,0.18949771689497716,0.32,0.344,0.08347978910369068,0.13005272407732865,0.5520231213872833,0.39980732177263967,0.024084778420038536,0.024084778420038536,"Díaz, Yilber"
700287,11,3,1,2,2,0.20909090909090908,0.20909090909090908,24,R,0.3153153153153153,0.2072072072072072,0.0945945945945946,0.22072072072072071,0.3055555555555556,0.3055555555555556,0.11904761904761904,0.2761904761904762,0.2818181818181818,0.22727272727272727,0.2636363636363636,0.22727272727272727,"Zarraga, Alfredo"
700363,190,62,39,20,39,0.3576315789473684,0.34609917856309985,22,R,0.32413793103448274,0.2103448275862069,0.09827586206896552,0.2120689655172414,0.37333333333333335,0.344,0.09382871536523929,0.15365239294710328,0.519489247311828,0.3125,0.15120967741935484,0.016801075268817203,"Smith-Shawver, AJ"
700412,5,2,1,1,1,0.32,0.32,22,R,0.3238095238095238,0.21904761904761905,0.09047619047619047,0.22380952380952382,0.3333333333333333,0.3333333333333333,0.10964912280701754,0.24561403508771934,0.3359375,0.2421875,0.2265625,0.1953125,"Haase, Aaron"
700669,31,9,7,2,6,0.3290322580645161,0.3388660731238872,24,R,0.31297709923664124,0.22137404580152673,0.08015267175572519,0.21755725190839695,0.30357142857142855,0.30357142857142855,0.1048780487804878,0.22439024390243903,0.3580645161290323,0.31290322580645163,0.24838709677419354,0.08064516129032258,"Graceffo, Gordon"
700675,3,0,0,0,1,0.0,0.0,24,R,0.3106796116504854,0.21359223300970873,0.0825242718446602,0.22815533980582525,0.2857142857142857,0.2857142857142857,0.105,0.28,0.25,0.25,0.25,0.25,"Kingsbury, Jimmy"
700728,7,5,4,0,0,1.0785714285714285,1.0785714285714285,22,R,0.34579439252336447,0.24299065420560748,0.0794392523364486,0.2102803738317757,0.40625,0.40625,0.105,0.28,0.25,0.25,0.25,0.25,"Arejula, Luis"
700794,11,5,5,0,1,0.5045454545454545,0.5045454545454545,25,R,0.3333333333333333,0.24324324324324326,0.07657657657657657,0.21171171171171171,0.3611111111111111,0.3611111111111111,0.0963302752293578,0.25688073394495414,0.3135593220338983,0.2627118644067797,0.211864406779661,0.211864406779661,"Scalzo Jr., Frankie"
700832,1,0,0,0,0,0.0,0.0,26,R,0.31683168316831684,0.21782178217821782,0.08415841584158416,0.22277227722772278,0.3076923076923077,0.3076923076923077,0.105,0.28,0.25,0.25,0.25,0.25,"DeLabio, Jacob"
701121,4,2,0,2,0,0.35,0.35,25,R,0.3269230769230769,0.21153846153846154,0.10096153846153846,0.21634615384615385,0.3448275862068966,0.3448275862068966,0.09829059829059829,0.2478632478632479,0.3358208955223881,0.26119402985074625,0.21641791044776118,0.1865671641791045,"VanWey, Logan"
701151,35,11,10,1,5,0.36428571428571427,0.36428571428571427,28,L,0.31851851851851853,0.23703703703703705,0.07037037037037037,0.2037037037037037,0.31666666666666665,0.31666666666666665,0.12874251497005987,0.20958083832335328,0.5427350427350427,0.19230769230769232,0.1581196581196581,0.10683760683760683,"McSteen, Jake"
701288,8,2,1,1,2,0.2,0.2,25,R,0.3148148148148148,0.21296296296296297,0.08796296296296297,0.22685185185185186,0.30303030303030304,0.30303030303030304,0.108,0.256,0.3,0.22,0.31333333333333335,0.16666666666666666,"Webb, Jacob"
701316,2,1,0,1,0,0.35,0.35,27,R,0.3235294117647059,0.21568627450980393,0.09313725490196079,0.22058823529411764,0.3333333333333333,0.3333333333333333,0.105,0.28,0.25,0.25,0.25,0.25,"Wright, Jarod"
701487,4,1,1,0,1,0.225,0.225,23,R,0.3173076923076923,0.22115384615384615,0.08173076923076923,0.22596153846153846,0.3103448275862069,0.3103448275862069,0.105,0.28,0.25,0.25,0.25,0.25,"Ohl, Pierson"
701533,6,3,2,1,0,0.6,0.6,27,R,0.330188679245283,0.22641509433962265,0.08962264150943396,0.21226415094339623,0.3548387096774194,0.3548387096774194,0.09745762711864407,0.24576271186440682,0.33088235294117646,0.2426470588235294,0.2426470588235294,0.18382352941176472,"Stanley, Hunter"
701539,7,1,1,0,2,0.17857142857142858,0.17857142857142858,24,L,0.308411214953271,0.21495327102803738,0.0794392523364486,0.22897196261682243,0.28125,0.28125,0.105,0.28,0.25,0.25,0.25,0.25,"Torres, Eric"
701542,145,55,42,12,34,0.4213793103448276,0.3462637442525083,25,R,0.3551020408163265,0.2612244897959184,0.0836734693877551,0.23061224489795917,0.41333333333333333,0.376,0.09300476947535771,0.17488076311605724,0.5880829015544041,0.2651122625215889,0.12521588946459414,0.02158894645941278,"Warren, Will"
701552,6,1,0,1,3,0.11666666666666665,0.11666666666666665,23,R,0.3113207547169811,0.20754716981132076,0.08962264150943396,0.24056603773584906,0.2903225806451613,0.2903225806451613,0.1115702479338843,0.23966942148760334,0.33098591549295775,0.24647887323943662,0.24647887323943662,0.176056338028169,"Granillo, Andre"
701566,14,10,7,2,2,0.725,0.725,25,R,0.3684210526315789,0.2543859649122807,0.09210526315789473,0.2149122807017544,0.46153846153846156,0.46153846153846156,0.1174496644295302,0.2348993288590604,0.3888888888888889,0.3282828282828283,0.15656565656565657,0.12626262626262627,"Cooke, Connor"
701568,4,1,0,1,1,0.175,0.175,25,R,0.3173076923076923,0.21153846153846154,0.09134615384615384,0.22596153846153846,0.3103448275862069,0.3103448275862069,0.10887096774193548,0.25000000000000006,0.27702702702702703,0.3716216216216216,0.18243243243243243,0.16891891891891891,"Meis, Justin"
701581,277,87,62,23,77,0.3256317689530686,0.31379304621380805,24,R,0.3156498673740053,0.22281167108753316,0.08355437665782493,0.2639257294429708,0.37333333333333335,0.352,0.12718932443703085,0.17347789824854046,0.39556135770234985,0.31462140992167104,0.2789382071366406,0.010879025239338555,"Festa, David"
701603,14,6,3,2,1,0.34285714285714286,0.34285714285714286,25,R,0.3333333333333333,0.21929824561403508,0.09210526315789473,0.20614035087719298,0.358974358974359,0.358974358974359,0.07142857142857142,0.1925465838509317,0.5,0.20270270270270271,0.18468468468468469,0.11261261261261261,"Stuart, Tyler"
701619,5,2,0,2,3,0.27999999999999997,0.27999999999999997,22,L,0.3238095238095238,0.20952380952380953,0.1,0.24285714285714285,0.3333333333333333,0.3333333333333333,0.1220472440944882,0.2362204724409449,0.3961038961038961,0.2662337662337662,0.17532467532467533,0.16233766233766234,"Ruiz, Alfredo"
701643,195,68,40,20,35,0.3425641025641025,0.3225146522045963,27,R,0.3389830508474576,0.21016949152542372,0.09661016949152543,0.19491525423728814,0.32,0.36,0.0847750865051903,0.15455594002306805,0.6138310893512852,0.3127294981640147,0.05813953488372093,0.015299877600979192,"Hartwig, Grant"
701719,8,2,0,2,2,0.175,0.175,25,L,0.3148148148148148,0.2037037037037037,0.09722222222222222,0.22685185185185186,0.30303030303030304,0.30303030303030304,0.10069444444444445,0.20833333333333337,0.4521276595744681,0.2712765957446808,0.14361702127659576,0.13297872340425532,"Samaniego, Tyler"
701803,1,0,0,0,0,0.0,0.0,27,R,0.31683168316831684,0.21782178217821782,0.08415841584158416,0.22277227722772278,0.3076923076923077,0.3076923076923077,0.10194174757281553,0.28155339805825247,0.25471698113207547,0.27358490566037735,0.2358490566037736,0.2358490566037736,"Griffin, David"
701856,1,0,0,0,0,0.0,0.0,25,R,0.31683168316831684,0.21782178217821782,0.08415841584158416,0.22277227722772278,0.3076923076923077,0.3076923076923077,0.105,0.28,0.25,0.25,0.25,0.25,"Halligan, Patrick"
701951,3,3,0,3,0,0.6999999999999998,0.6999999999999998,22,R,0.33980582524271846,0.21359223300970873,0.11165048543689321,0.21844660194174756,0.39285714285714285,0.39285714285714285,0.105,0.28,0.25,0.25,0.25,0.25,"Mercedes, Abel"
702129,11,4,3,1,4,0.3409090909090909,0.3409090909090909,25,R,0.32432432432432434,0.22522522522522523,0.08558558558558559,0.23873873873873874,0.3333333333333333,0.3333333333333333,0.11785714285714285,0.24285714285714285,0.4388888888888889,0.22777777777777777,0.19444444444444445,0.1388888888888889,"Pham, Alex"
702303,7,1,0,1,3,0.09999999999999999,0.09999999999999999,26,L,0.308411214953271,0.205607476635514,0.08878504672897196,0.2383177570093458,0.28125,0.28125,0.10074626865671642,0.20895522388059704,0.3392857142857143,0.3630952380952381,0.1488095238095238,0.1488095238095238,"Martin, Riley"
702352,226,71,57,13,39,0.3413716814159292,0.3355594027422726,30,R,0.3159509202453988,0.24233128834355827,0.06595092024539877,0.18865030674846625,0.32,0.312,0.07776497695852534,0.13018433179723501,0.5996332518337408,0.24266503667481662,0.14242053789731052,0.015281173594132029,"Bivens, Spencer"
702355,12,5,4,1,3,0.4166666666666667,0.4166666666666667,25,R,0.33035714285714285,0.23214285714285715,0.08482142857142858,0.22767857142857142,0.35135135135135137,0.35135135135135137,0.1099290780141844,0.2553191489361702,0.4340659340659341,0.22527472527472528,0.2032967032967033,0.13736263736263737,"Pilarski, Jake"
702464,6,3,3,0,1,0.8166666666666668,0.8166666666666668,19,R,0.330188679245283,0.2358490566037736,0.08018867924528301,0.22169811320754718,0.3548387096774194,0.3548387096774194,0.105,0.28,0.25,0.25,0.25,0.25,"Alfonso, Michael"
702477,5,2,1,0,2,0.39,0.39,20,R,0.3238095238095238,0.21904761904761905,0.08095238095238096,0.23333333333333334,0.3333333333333333,0.3333333333333333,0.105,0.28,0.25,0.25,0.25,0.25,"Montalvo, Joseph"
702674,64,29,18,10,9,0.48125,0.4162332554268648,21,R,0.3719512195121951,0.24390243902439024,0.11280487804878049,0.19207317073170732,0.4,0.4157303370786517,0.10947712418300654,0.17320261437908496,0.509765625,0.322265625,0.119140625,0.048828125,"Dana, Caden"
702785,2,1,0,0,0,0.35,0.35,24,R,0.3235294117647059,0.21568627450980393,0.08333333333333333,0.22058823529411764,0.3333333333333333,0.3333333333333333,0.105,0.28,0.25,0.25,0.25,0.25,"Otano, Peniel"
702795,13,3,2,1,1,0.21923076923076923,0.14249958741258742,25,R,0.30973451327433627,0.21238938053097345,0.084070796460177,0.2079646017699115,0.2894736842105263,0.2894736842105263,0.09931506849315068,0.22602739726027396,0.3489583333333333,0.3802083333333333,0.140625,0.13020833333333334,"Loutos, Ryan"
702911,9,4,2,2,3,0.35555555555555557,0.35555555555555557,26,L,0.3302752293577982,0.22018348623853212,0.0963302752293578,0.23394495412844038,0.35294117647058826,0.35294117647058826,0.17832167832167833,0.2517482517482518,0.2956989247311828,0.1989247311827957,0.3709677419354839,0.13440860215053763,"Garnett, Tristan"
703106,4,4,2,2,0,0.8,0.8,24,R,0.34615384615384615,0.23076923076923078,0.10096153846153846,0.21634615384615385,0.41379310344827586,0.41379310344827586,0.105,0.28,0.25,0.25,0.25,0.25,"Velez, Ricardo"
703231,4,2,1,1,0,0.4,0.44753275,29,R,0.3269230769230769,0.22115384615384615,0.09134615384615384,0.21634615384615385,0.3448275862068966,0.3448275862068966,0.09051724137931035,0.24137931034482762,0.4015151515151515,0.2196969696969697,0.1893939393939394,0.1893939393939394,"Meeker, James"
703710,5,2,2,0,1,0.43,0.43,29,L,0.3238095238095238,0.22857142857142856,0.08095238095238096,0.22380952380952382,0.3333333333333333,0.3333333333333333,0.10330578512396695,0.25619834710743805,0.33098591549295775,0.31690140845070425,0.176056338028169,0.176056338028169,"Thompson, Darrell"
800049,158,63,40,21,22,0.40601265822784816,0.36588506482353644,23,R,0.3682170542635659,0.24031007751937986,0.11434108527131782,0.17248062015503876,0.4,0.376,0.07383040935672515,0.13304093567251463,0.4187697160883281,0.4471608832807571,0.11435331230283911,0.01971608832807571,"Mazur, Adam"
800723,5,2,1,0,1,0.54,0.54,27,R,0.3238095238095238,0.21904761904761905,0.08095238095238096,0.22380952380952382,0.3333333333333333,0.3333333333333333,0.10504201680672269,0.2689075630252101,0.38405797101449274,0.2536231884057971,0.18115942028985507,0.18115942028985507,"Michael, Trevin"
801216,10,2,1,1,5,0.16,0.16,25,R,0.3090909090909091,0.20909090909090908,0.08636363636363636,0.25,0.2857142857142857,0.2857142857142857,0.15948275862068967,0.29310344827586204,0.3106060606060606,0.2803030303030303,0.2196969696969697,0.1893939393939394,"Montes De Oca, Christian"
801389,9,5,4,1,1,0.7222222222222222,0.7222222222222222,25,R,0.3394495412844037,0.23853211009174313,0.0871559633027523,0.21559633027522937,0.38235294117647056,0.38235294117647056,0.10975609756097561,0.2682926829268293,0.3356164383561644,0.2945205479452055,0.19863013698630136,0.17123287671232876,"Snyder, Jack"
801412,1,0,0,0,1,0.0,0.0,24,L,0.31683168316831684,0.21782178217821782,0.08415841584158416,0.23267326732673269,0.3076923076923077,0.3076923076923077,0.10952380952380952,0.2761904761904762,0.2636363636363636,0.2818181818181818,0.22727272727272727,0.22727272727272727,"Mabrey, Will"
801434,4,1,1,0,1,0.225,0.225,24,R,0.3173076923076923,0.22115384615384615,0.08173076923076923,0.22596153846153846,0.3103448275862069,0.3103448275862069,0.1,0.26086956521739135,0.34615384615384615,0.2692307692307692,0.19230769230769232,0.19230769230769232,"Gervase, Paul"
801505,1,0,0,0,0,0.0,0.0,25,R,0.31683168316831684,0.21782178217821782,0.08415841584158416,0.22277227722772278,0.3076923076923077,0.3076923076923077,0.10096153846153846,0.27884615384615385,0.26851851851851855,0.23148148148148148,0.26851851851851855,0.23148148148148148,"Thompson, Paxton"
801682,1,0,0,0,0,0.0,0.0,27,R,0.31683168316831684,0.21782178217821782,0.08415841584158416,0.22277227722772278,0.3076923076923077,0.3076923076923077,0.10294117647058823,0.27450980392156865,0.27884615384615385,0.2403846153846154,0.2403846153846154,0.2403846153846154,"Boyer, Ryan"
802180,6,3,2,0,1,0.47500000000000003,0.47500000000000003,25,R,0.330188679245283,0.22641509433962265,0.08018867924528301,0.22169811320754718,0.3548387096774194,0.3548387096774194,0.10416666666666667,0.275,0.32142857142857145,0.32142857142857145,0.17857142857142858,0.17857142857142858,"Bourassa, Ryan"
802363,16,4,3,1,3,0.3125,0.3125,25,R,0.3103448275862069,0.21551724137931033,0.08189655172413793,0.21982758620689655,0.2926829268292683,0.2926829268292683,0.0880281690140845,0.22535211267605634,0.45108695652173914,0.24456521739130435,0.16847826086956522,0.1358695652173913,"Geber, Jordan"
802402,3,0,0,0,0,0.0,0.0,27,L,0.3106796116504854,0.21359223300970873,0.0825242718446602,0.21844660194174756,0.2857142857142857,0.2857142857142857,0.105,0.28,0.25,0.25,0.25,0.25,"Hennen, Ryan"
802408,3,0,0,0,3,0.0,0.0,22,L,0.3106796116504854,0.21359223300970873,0.0825242718446602,0.24757281553398058,0.2857142857142857,0.2857142857142857,0.11946902654867257,0.2920353982300885,0.2777777777777778,0.30952380952380953,0.21428571428571427,0.1984126984126984,"Mautz, Brycen"
802686,6,4,3,1,2,0.7416666666666667,0.7416666666666667,25,L,0.33962264150943394,0.2358490566037736,0.08962264150943396,0.23113207547169812,0.3870967741935484,0.3870967741935484,0.105,0.28,0.25,0.25,0.25,0.25,"Harris, Hayden"
804922,7,2,0,2,1,0.19999999999999998,0.19999999999999998,24,R,0.3177570093457944,0.205607476635514,0.09813084112149532,0.21962616822429906,0.3125,0.3125,0.105,0.28,0.25,0.25,0.25,0.25,"Vogel, Tyler"
805257,10,4,3,1,3,0.375,0.375,23,L,0.32727272727272727,0.22727272727272727,0.08636363636363636,0.2318181818181818,0.34285714285714286,0.34285714285714286,0.105,0.28,0.25,0.25,0.25,0.25,"Choate, Jack"
805437,14,3,3,0,4,0.19285714285714287,0.19285714285714287,26,R,0.30701754385964913,0.21929824561403508,0.07456140350877193,0.2324561403508772,0.28205128205128205,0.28205128205128205,0.12719298245614036,0.2894736842105263,0.3203125,0.2734375,0.2109375,0.1953125,"Middendorf, Ryan"
805673,177,64,51,11,43,0.4019774011299435,0.37126721802644036,24,R,0.34657039711191334,0.26353790613718414,0.0703971119133574,0.2364620938628159,0.36,0.368,0.11321909424724602,0.15177478580171358,0.5677966101694916,0.32529335071707954,0.09061277705345502,0.016297262059973925,"Matthews, Zebby"
805728,1,0,0,0,0,0.0,0.0,26,R,0.31683168316831684,0.21782178217821782,0.08415841584158416,0.22277227722772278,0.3076923076923077,0.3076923076923077,0.09905660377358491,0.26415094339622647,0.29464285714285715,0.25892857142857145,0.22321428571428573,0.22321428571428573,"Stevens, Kevin"
805829,1,0,0,0,1,0.0,0.0,26,R,0.31683168316831684,0.21782178217821782,0.08415841584158416,0.23267326732673269,0.3076923076923077,0.3076923076923077,0.105,0.28,0.25,0.25,0.25,0.25,"Snider, Duncan"
806185,313,104,57,43,88,0.32220447284345044,0.33553387781158933,23,R,0.32929782082324455,0.19128329297820823,0.12469733656174334,0.2675544794188862,0.32,0.32,0.1159274193548387,0.15188172043010753,0.43915159944367177,0.36543810848400554,0.18671766342141863,0.008692628650904033,"Birdsong, Hayden"
806288,5,2,1,1,2,0.32,0.32,23,R,0.3238095238095238,0.21904761904761905,0.09047619047619047,0.23333333333333334,0.3333333333333333,0.3333333333333333,0.105,0.28,0.25,0.25,0.25,0.25,"Raeth, Stefan"
807744,9,3,1,1,1,0.25555555555555554,0.25555555555555554,23,R,0.3211009174311927,0.21100917431192662,0.0871559633027523,0.21559633027522937,0.3235294117647059,0.3235294117647059,0.105,0.28,0.25,0.25,0.25,0.25,"Cummings, Ty"
808820,1,0,0,0,1,0.0,0.0,24,L,0.31683168316831684,0.21782178217821782,0.08415841584158416,0.23267326732673269,0.3076923076923077,0.3076923076923077,0.105,0.28,0.25,0.25,0.25,0.25,"Fogell, Zach"
808967,441,120,90,28,120,0.28582766439909296,0.2963644686125012,26,R,0.2809611829944547,0.20702402957486138,0.06746765249537892,0.2634011090573013,0.25333333333333335,0.272,0.11966504592112372,0.15883306320907617,0.49389228206551916,0.27068295391449193,0.22848417545807884,0.00694058856191005,"Yamamoto, Yoshinobu"
808970,7,4,3,1,1,0.6142857142857142,0.6142857142857142,26,R,0.3364485981308411,0.2336448598130841,0.08878504672897196,0.21962616822429906,0.375,0.375,0.09328358208955224,0.2537313432835821,0.44642857142857145,0.25595238095238093,0.1488095238095238,0.1488095238095238,"Go, Woo-Suk"
810921,2,0,0,0,0,0.0,0.0,25,R,0.3137254901960784,0.21568627450980393,0.08333333333333333,0.22058823529411764,0.2962962962962963,0.2962962962962963,0.105,0.28,0.25,0.25,0.25,0.25,"Rund, Aaron"
814005,54,19,16,3,11,0.42685185185185187,0.3638206340185286,23,R,0.33116883116883117,0.24675324675324675,0.07467532467532467,0.21753246753246752,0.3333333333333333,0.34177215189873417,0.11094674556213018,0.20414201183431951,0.4184027777777778,0.4288194444444444,0.109375,0.043402777777777776,"Bloss, Jake"
814088,4,2,0,1,0,0.35,0.35,22,R,0.3269230769230769,0.21153846153846154,0.09134615384615384,0.21634615384615385,0.3448275862068966,0.3448275862068966,0.0945945945945946,0.2522522522522523,0.3360655737704918,0.2540983606557377,0.20491803278688525,0.20491803278688525,"Strickland, Austin"
814217,5,3,2,1,1,0.5,0.5,27,R,0.3333333333333333,0.22857142857142856,0.09047619047619047,0.22380952380952382,0.36666666666666664,0.36666666666666664,0.10330578512396695,0.2644628099173554,0.33098591549295775,0.31690140845070425,0.176056338028169,0.176056338028169,"Gardner, Sam"
814280,1,0,0,0,0,0.0,0.0,24,R,0.31683168316831684,0.21782178217821782,0.08415841584158416,0.22277227722772278,0.3076923076923077,0.3076923076923077,0.11165048543689321,0.2718446601941748,0.27358490566037735,0.25471698113207547,0.2358490566037736,0.2358490566037736,"Tomkins, Landon"
815084,8,1,1,0,1,0.15625,0.15625,22,R,0.3055555555555556,0.21296296296296297,0.0787037037037037,0.2175925925925926,0.2727272727272727,0.2727272727272727,0.10074626865671642,0.2462686567164179,0.4226190476190476,0.22023809523809523,0.20833333333333334,0.1488095238095238,"Simon, Ben"
